[1] code_public_0576_0: ```dsl_fire      ```dsl_fire result = ts_prod(addaddaddadd(11.0, 15)), pct_change(close, 15)) ```
[2] code_public_0347_0: ```dsl_ffffire   ```
[3] code_public_0885_1: </think>     </think>     ```
[4] code_public_0965_1: ```dsl_fire result = neg(pct_change(close, 30)) ```
[5] code_public_0216_0: </think>     ```dsl_fire      ```
[6] code_public_0852_1: ```dsl_fire result = xs_quantile(vwap, 0.2)) ```
[7] code_public_0389_1: </think>     </think>   ```dsl_fire      ```
[8] code_public_0048_0: </think>  ```dsl_fire             ```
[9] code_public_0635_0: ```dsl_fire result = where(logical_not(lt(volume, ts_mean(volume, 60)), pct_change(close, 5)), 0.0) ```
[10] code_public_0313_1: </think>     </think>     ```
[11] code_public_0168_1: ```dsl_fire result = xs_sum(vwap, shiftift(vwap, 5)) ```
[12] code_public_0483_1: ```dsl_fire result = neg(mul(div(ts_mean(volume, 2), ts_mean(volume, 30)), pct_change(close, 2))) ```
[13] code_public_0071_1: </think>  ```dsl_fire      ```
[14] code_public_0290_1: </think>     </think>     ```
[15] code_public_0146_0: </think>     </think>     ```dsl_fire    ```
[16] code_public_0890_1: ```dsl_fire result = pct_change(high, 15) ```
[17] code_public_0800_1: </think>     </think>     </think>   ```dsl_fire      ```
[18] code_public_0822_1: </think>   ```dsl_fire   ```dsl_orr(div(sub(recip(pb), xs_mean(recip(pb))), xs_std(recip(pb))), xs_mean(div(sub(recip(pb
[19] code_public_0156_0: ```dsdsdsl_fire  ```
[20] code_public_0307_0: </think>  ```dsl_f ab ab ab ab ab ab ab ab ab ab ab ab ab ab ab ab ab ab ab ab ab ab ab ab ab ab ab ab ab ab ab ab ab ab
[21] code_public_0537_1: </think>     ```dsl_fire result = where(gt(sqrt(recip(pb)), xs_mean(log(recip(pb))), xs_mean(log(recip(pb)))), neg(log(m
[22] code_public_0529_1: ```dsl_fire result = xs_quantile(low, 0.2)) ```
[23] code_public_0491_0: </think>     </think>     ```dsl_fire ```
[24] code_public_0817_1: ```dsl_fire result = sh sh sh sh sh sh sh sh shiftiftiftift(close, 3)) ```
[25] code_public_0324_0: ```dsl_fire result = sub(ts_mean(pct_change(close, 1), 3), ts_var(pct_change(close, 1), 90)) ```
[26] code_public_0133_0: ```dsl_fire result = div(sub(opopen, shiftift(open, 30)), shiftiftiftiftift(open, 30)) ```
[27] code_public_0574_1: ```dsl_fire result = log10(tsclose, absolute(log1p(volume))), absub(log(market_cap))) ```
[28] code_public_0132_0: ```dsl_fire result = where(logical_not(le(volume, ts_mean(volume, 30)), pct_change(close, 5)), 0.0) ```
[29] code_public_0082_0: ```dsl_fire result = where(logical_or(le(ts_std(pct_change(close, 1), 20), xs_mean(ts_std(pct_change(close, 1), 20))), g
[30] code_public_0860_1: </think>     ```dsl_fire    ```
[31] code_public_0012_0: ```dsl_fire result = div(vwap, 2.0)) ```
[32] code_public_0840_1: </think>     ```dsl_fire    ```
[33] code_public_0144_1: </think>  ```dsl_fire       result = ab ab ab ab ab ab ab ab ab ab ab ab ab ab ab ab ab ab absolute(div(sub(open, 20)), 
[34] code_public_0707_1: </think>     ```dsl_fire    ```
[35] code_public_0750_0: ```dsl_fire result = maximum(pct_change(vwap, 7), 0.0) ```
[36] code_public_0695_1: </think>   ```dsl_fire      ```
[37] code_public_0725_0: </think>     </think>     </think>   ```
[38] code_public_0244_1: ```dsl_fire    ```
[39] code_public_0883_1: </think>     </think>     ```
[40] code_public_0603_0: ```dsl_fire      ```
[41] code_public_0636_0: ```dsl_fire result = where(gt(high, xs_median(high)), div(sub(high, xs_mean(high)), xs_std(high)), 0.0) ```
[42] code_public_0926_0: ```dsl_fire result = ts_reg_res(log1p(volume), log(market_cap), 60) ```
[43] code_public_0171_1: ```dsl_fire    ```
[44] code_public_0284_1: </think>  ```dsl_fire      ```dsl_fire result = p p p p p p pct_change(close, 20) ```
[45] code_public_0752_1: ```dsl_fire result = where(logical_not(gt(close, ts_mean(close, 20)), ge(volume, ts_mean(volume, 20))), pct_change(close
[46] code_public_0001_0: </think>  ```dsl_fire       ```dsl_fire      ```
[47] code_public_0585_0: </think>     ```dsl_fire      ```
[48] code_public_0623_1: </think>  ```dsl_fire    ```
[49] code_public_0674_1: </think>                     ```
[50] code_public_0536_0: </think>   </think>     </think>     ```dsl_fire    ```
[51] code_public_0526_0: ```dsl_fire result = sub(div(absolute(ts_mean(volume, 20)), xs_sum(absolute(pct_change(close, 20)))), div(absolute(ts_st
[52] code_public_0465_1: ```dsl_fire result = neg(pct_change(open, 30)) ```
[53] code_public_0266_1: </think>   ```dsl_fire      ```
[54] code_public_0899_1: ```dsl_fire    ```
[55] code_public_0108_0: </think>  ```dsl_fire      ```dsl_fire ```
[56] code_public_0130_0: ```dsl_fire result = sub(div(volume, 20)), div(volume, xs_sum(volume))) ```
[57] code_public_0315_0: ```dsl_fire result = sub(div(volume, market market market_cap), xs_qu shiftift(close, 20)) ```
[58] code_public_0318_0: ```dsl_fire result = s shiftift(pct_change(vwap, 10)) ```
[59] code_public_0995_0: </think>  ```dsl_fire    ```
[60] code_public_0811_0: ```dsl_fire result = add(div(sub(log(market_cap), xs_mean(log(market_cap))), xs_std(log(market_cap))), div(sub(close, vw
[61] code_public_0173_1: ```
[62] code_public_0820_0: ```dsl_fire result = mod(pb, 10.0) ```
[63] code_public_0115_0: </think>     ```dsl_fire result = sub(log(recip(pb)), neg(log(market_cap))) ```
[64] code_public_0437_1: ```dsl_fire result = sub(pb, xs_median(pb)) ```
[65] code_public_0759_1: </think>  </think>  ```dsl_fire    ```
[66] code_public_0122_1: </think>     </think>         ```
[67] code_public_0605_1: </think>     </think>     </think>   ```dsl_fire      ```
[68] code_public_0545_0: </think>     ```dsl_fire result = where(logicalicalicalicalicalicalicalicalicalicalicalicalical_or(log(neg(log(market_ca
[69] code_public_0876_0: ```dsl_fire       ```dsl_fire    ```
[70] code_public_0818_0: ```dsl_ffffire   ```
[71] code_public_0306_1: </think>     </think>     </think>   ```dsl_fire      ```
[72] code_public_0787_1: </think>                     ```
[73] code_public_0047_0: </think>  ```dsl_fire    ```
[74] code_public_0662_1: </think>  ```dsl_fire    ```
[75] code_public_0416_0: </think>  ```dsl_fire       ```dsl_fire      ```
[76] code_public_0462_1: ```dsl_fire result = where(logical_and(gt(recip(pb), xs_mean(recip(pb))), gt(pct_change(close, 60), xs_mean(pct_change(c
[77] code_public_0846_1: ```dsl_fire result = mod(volume, 10000.0) ```
[78] code_public_0831_1: </think>     </think>     ```
[79] code_public_0262_0: ```dsl_fire result = exp(minimum(pct_change(pb, 10), 0.1)) ```
[80] code_public_0331_0: ```dsl_fire    ```dsl_fire result = exp(minimum(pct_change(pb, xs_mean(reclose)), 1.0)) ```
[81] code_public_0663_1: </think>     </think>     ```
[82] code_public_0994_0: ```dsl_fire result = where(logical_or(lt(ts_std(pct_change(close, 1),), 45), lt(ts_std(pct_change(close, 1), 45), 45)), 
[83] code_public_0024_0: </think>  ```dsl_fire result = ts_fire  ```
[84] code_public_0602_0: ```dsl_fire result = ts_f(close, 20) ```
[85] code_public_0869_1: ```
[86] code_public_0752_0: ```dsl_fire result = where(logical_not(ge(volume, ts_mean(volume, 20))), neg(pct_change(close, 5)), 0.0) ```
[87] code_public_0996_1: </think>     </think>     ```
[88] code_public_0407_0: ```dsl_fire result = sub(div(market_cap)), div(market_cap, xs_sum(market_cap)) ```
[89] code_public_0917_1: </think>     ```dsl_fire    ```dsl_fire  ```
[90] code_public_0923_0: ```dsl_fire      ```
[91] code_public_0741_1: </think>     </think>     ```dsl_fire result = sub(div(sub(recip(pb), xs_mean(recip(pb))), xs_std(recip(pb))), xs_mean(d
[92] code_public_0963_1: ```dsl_fire result = sub(pb, xs_quantile(recip(pb, 0.7))) ```
[93] code_public_0965_0: ```dsl_fire result = div(sub(tststsan(high, 30)), group_mean(high, 30))), group_std(high, 30)) ```
[94] code_public_0338_0: ```dsl_fire result = sub(ts_mean(pct_change(close, 1), 90)), ts_stddd(ts_stdd(pct_change(close, 1), 90)) ```
[95] code_public_0396_1: </think>  ```dsl_fire    ```
[96] code_public_0634_0: ```dsl_fire result = mul(div(ts_mean(volume, 3), ts_mean(volume, 60)), pct_change(close, 3)) ```
[97] code_public_0749_1: </think>  ```dsl_fire    ```
[98] code_public_0484_0: ```dsl_fire    ```
[99] code_public_0581_0: </think>  ```dsl_fire ```
[100] code_public_0912_0: ```dsl_fire result = where(lt(volume, ts_mean(volume, 30)), pct_change(close, 15)), 0.0) ```
[101] code_public_0141_0: ```dsl_fire      ```
[102] code_public_0931_0: ```dsl_fire result = mod(volute(pct_change(volume, 5))) ```
[103] code_public_0190_1: ```dsl_fire      ```
[104] code_public_0847_1: </think>  ```dsl_fire       ```
[105] code_public_0560_0: ```dsl_fire result = ts_sum(pct_change(close, 1), 5) ```
[106] code_public_0330_0: ```dsl_fire result = sub(market_cap, ts_quantile(market_cap, 90, 0.7```
[107] code_public_0029_0: </think>            </think>     </think>   ```
[108] code_public_0655_1: ```dsl_fire result = where(div(sub(sqrt(recip(pb)), group_mean(sqrt(recip(pb)), industry)), group_std(sqrt(recip(pb)), i
[109] code_public_0586_1: </think>  </think>  ```dsl_fire    ```
[110] code_public_0653_1: </think>   ```dsl_fire      ```
[111] code_public_0325_1: ```dsl_fire     ```
[112] code_public_0562_1: </think>     </think>     </think>   ```
[113] code_public_0144_0: </think>  ```dsl_fire          ```
[114] code_public_0114_1: </think>     </think>     ```
[115] code_public_0736_0: </think>   </think>     ```dsl_fire      ```
[116] code_public_0430_0: ```dsl_fire    ```
[117] code_public_0323_0: ```dsl_fire result = xs_corr(pct_change(close, 20), volume) ```
[118] code_public_0204_0: </think>   </think>  ```dsl_fire   ```
[119] code_public_0218_1: </think>     ```dsl_fire      ```
[120] code_public_0827_1: ```dsl_fire result = where(logical_xor(ne(ne(close, 1)), xs_mean(neg(log(market_cap))))), neg(log(market_cap)), 0.0) ```
[121] code_public_0422_1: </think>  </think>                     ```
[122] code_public_0200_0: ```dsl_fire      ```
[123] code_public_0279_1: </think>     ```
[124] code_public_0400_0: ```dsl_fire result = where(logical_not(lt(close, ts_mean(close, 20))), neg(pct_change(close, 5)), 0.0) ```
[125] code_public_0795_0: ```dsl_fire   ```
[126] code_public_0377_0: ```dsl_fire result = where(gt(pct_change(close, 20), group_mean(pct_change(close, 20), industry)), div(sub(pct_change(cl
[127] code_public_0462_0: ```dsl_fire result = where(logical_and(gt(recip(pct_change(close, 20)), xs_mean(ts_mean(volume, 20)))), neg(log(market_c
[128] code_public_0511_0: </think>  ```dsl_fire    ```
[129] code_public_0068_0: ```dsl_fire result = sub(close, ts_mean(close, 30)) ```
[130] code_public_0627_1: </think>  </think>  ```dsl_fire result = neg(minimum(pb, 10)) ```
[131] code_public_0360_1: ```dsl_fire result = where(logical_not(gt(close, ts_mean(close, 20))), neg(pct_change(close, 2)), 0.0) ```
[132] code_public_0450_0: ```dsl_fire result = sub(high, group_mean(high, industry)) ```
[133] code_public_0439_0: </think>  ```dsl_fire result = ab ab ab ab ab ab ab ab ab ab ab ab ab ab ab ab ab ab ab ab absolute(div(sub(vwap, 20)), 
[134] code_public_0564_0: ```dsl_fire      ```dsl_fire result = ts_prod(addadd)) ```
[135] code_public_0761_0: </think>     ```dsl_or(log1p(tsmean(volume, 20)), group_mean(log1p(ts_mean(volume, 20)), industry)), div(sub(log1p(ts_me
[136] code_public_0912_1: ```dsl_fire result = mul(div(ts_mean(volume, 3), ts_mean(volume, 30)), pct_change(close, 3)) ```
[137] code_public_0112_0: </think>     ```dsl_fire    ```
[138] code_public_0542_0: ```dsl_fire result = div(sub(close, xs_median(close)), xs_stddddd(close)) ```
[139] code_public_0283_1: </think>     </think>   ```dsl_fire      ```
[140] code_public_0119_0: </think>     </think>     </think>   ```
[141] code_public_0227_0: ```dsdsdsdsl_fire   ```
[142] code_public_0587_1: ```dsl_fire result = div(sub(close, ts_min(low, 10)), sub(tsclose, 10)) ```
[143] code_public_0384_1: </think>     </think>            ```
[144] code_public_0797_0: ```dsl_fire    ```dsl_fire  ```
[145] code_public_0720_1: </think>            ```
[146] code_public_0198_0: </think>  ```dsl_fire result = log10(add(1.0, ab absolute(pct_change(pb, 5)))) ```
[147] code_public_0398_0: </think>     ```dsl_fire result = where(gtfire ```
[148] code_public_0328_1: ```dsl_fire      ```
[149] code_public_0335_0: ```dsl_fire    </think>  ```dsl_fire result = ts_mean(close, 5)) ```
[150] code_public_0022_1: ```dsl_fire    ```
[151] code_public_0973_0: ```dsl_fire result = sub(close, ts_mean(close, 15)), sub(tsclose, 15)) ```
[152] code_public_0751_0: </think>           ```dsl_fire    ```
[153] code_public_0225_1: ```dsl_fire result = sub(log(market_cap), xs_quant div(volume,absolume, 20)), div(absolume, xs_mean(volume)) ```
[154] code_public_0353_1: </think>     </think>     </think>   ```dsl_fire      ```
[155] code_public_0456_1: </think>  ```dsl_fire    ```dsl_fire   ```
[156] code_public_0918_1: ```dsl_fire result = ts_argmin(vwap, 10) ```
[157] code_public_0448_0: ```dsl_fire result = mod(market_cap, 10.0) ```
[158] code_public_0028_1: </think>         ```
[159] code_public_0351_1: </think>   </think>  ```dsl_fire   ```
[160] code_public_0971_1: </think>  ```dsl_fire    ```
[161] code_public_0432_1: </think>     </think>     </think>   ```
[162] code_public_0286_1: </think>  ```dsl_fire    ```
[163] code_public_0468_0: ```dsl_fire result = where(logical_or(gt(pct_change(close, 1), xs_mean(pct_change(close, 5), 20)), gt(pct_change(close, 
[164] code_public_0821_0: ```dsl_fire result = div(sub(tststsvolute(high, 10)), clo market_cap)), group_fire ```
[165] code_public_0486_1: </think>     </think>         ```
[166] code_public_0272_0: ```dsl_fire result = ts_reg_res(log1p(volume), log(market_cap), 45) ```
[167] code_public_0003_1: </think>  ```dsl_fire    ```
[168] code_public_0239_1: </think>  ```dsl_fire    ```dsl_fire   ```
[169] code_public_0792_0: ```dsl_fire ```
[170] code_public_0526_1: ```dsl_fire result = sub(div(volume, market_cap), xs_sum(absolute(div(volume, market_cap)), xs_mean(absolume))) ```
[171] code_public_0708_0: ```dsl_fire result = where(logical_or(ge(volume, ts_mean(volume, 90)), pct_change(close, 10)), pct_change(close, 10)) ``
[172] code_public_0862_1: ```dsl_fire result = sub(low xs_quantile(high, 0.2)) ```
[173] code_public_0304_0: ```dsdsdsdsl_f(open, 7)  ```
[174] code_public_0663_0: </think>     </think>     ```
[175] code_public_0667_0: ```dsl_fire result = add(recip(pb), neg(log(market_cap))) ```
[176] code_public_0182_1: ```dsl_fire result = xs_sum(high, shift(vwap, 7))  ```
[177] code_public_0856_1: </think>  ```dsl_fire    ```
[178] code_public_0156_1: </think>  ```
[179] code_public_0977_0: </think>  ```dsl_fire    ```
[180] code_public_0286_0: ```
[181] code_public_0451_0: ```dsl_fire      ```
[182] code_public_0233_1: ```dsl_fire result = where(logical_and(lt(close, ts_mean(close, 20)), le(volume, ts_mean(volume, 20))), pct_change(close
[183] code_public_0608_0: </think>     ```dsl_fire      ```
[184] code_public_0790_0: </think>  ```dsl_fire       ```dsl_fire      ```
[185] code_public_0866_1: ```dsl_fire    ```dsl_fire result = exp(minimum(div(volume, xs_mean(volume)), xs_std(volume)), 2.0)) ```
[186] code_public_0281_0: ```dsl_fire    ```dsl_fire  ```
[187] code_public_0344_1: ```dsl_fire result = maximum(pct_change(pb, 3), 0.0) ```
[188] code_public_0104_0: </think>     </think>     </think>     ```
[189] code_public_0299_0: ```ds
[190] code_public_0280_0: ```dsl_fire result = xs_corr(pct_change(close, 10)), volumeume)   ```
[191] code_public_0590_0: ```ds     ```ds
[192] code_public_0086_0: ```dsl_fire result = div(submean(high, group industry), group_mean(high, industry)) ```
[193] code_public_0668_1: ```dsl_fire      ```
[194] code_public_0558_1: </think>  ```dsl_fire    ```
[195] code_public_0572_0: ```dsdsdsdsdsdsdsdsl_fire   ```
[196] code_public_0412_0: ```dsl_fire result = ts_std(pct_change(close, 1), 30) ```
[197] code_public_0501_1: ```dsl_fire result = add(div(sub(sqrt(recip(pb)), sub(pct_change(close, 10), ts_mean(close, 90)), sub(pct_change(close, 
[198] code_public_0102_1: </think>   ```dsl_fire      ```dsl_fire result = where(gt(log(recip(pb)), xs_mean(log(recip(pb)))), xs_std(log(market_ca
[199] code_public_0915_1: </think>   ```dsl_fire      ```
[200] code_public_0069_1: </think>  ```dsl_fire    ```dsl_fire   ```
[201] code_public_0643_0: ```dsl_fire ```
[202] code_public_0519_1: ```dsl_fire      ```
[203] code_public_0152_0: ```dsdsdsl       ```
[204] code_public_0633_0: </think>  ```dsl_fire       ```dsl_fire      ```
[205] code_public_0128_1: </think>   </think>     </think>     ```dsl_fire </think>  ```
[206] code_public_0008_1: ```dsl_fire result = pct_change(market_cap, 15) ```
[207] code_public_0403_1: </think>     </think>     </think>   ```
[208] code_public_0890_0: ```dsl_fire result = ts_argmaxmin(pb, 15) ```
[209] code_public_0269_0: </think>  ```dsl_fire ```
[210] code_public_0621_1: </think>     ```dsl_fire    ```dsl_fire  ```
[211] code_public_0952_0: ```dsl_fire result = add(recip(pct_change(close, 20)), pct_change(close, 20)), neg(log(market_cap))) ```
[212] code_public_0439_1: </think>  ```dsl_fire result = ab ab ab ab absolute(div(sub(vwap, 10)))) ```
[213] code_public_0532_1: ```dsl_fire result = neg(pct_change(open, 60)) ```
[214] code_public_0000_1: </think>  ```dsl_fire      ```
[215] code_public_0506_0: ```dsl_fire result = sub(pb, xs_quantile(recip(pb, 0.5)), 1.5) ```
[216] code_public_0418_0: ```dsl_fire result = where(logical_and(gt(recip(pb), xs_mean(recip(pb))), gt(log(market_cap), xs_mean(log(market_cap))),
[217] code_public_0900_0: ```dsdsdsdsdsdsdsdsl_fire   ```
[218] code_public_0371_0: ```dsl_fire    ```
[219] code_public_0449_1: ```dsl_fire result = ts_sum(pct_change(pb, 1), 10) ```
[220] code_public_0794_1: ```dsl_fire result = where(logical_or(le(pct_change(close, 1), xs_mean(recip(pb))), gt(pct_change(close, 20), xs_mean(pc
[221] code_public_0253_1: </think>     </think>     ```
[222] code_public_0727_0: ```dsl_fire      ```
[223] code_public_0492_0: ```dsl_fire result = sub(close, ts_mean(close, 90)) ```
[224] code_public_0157_0: ```dsl_fire result = where(logical_xor(lt(close, ts_mean(close, 20)), le(volume, ts_mean(volume, 20))), pct_change(close
[225] code_public_0535_1: ```dsl_fire result = where(logicalical_orr(log(market_cap), xs_mean(log(market_cap))), xs_std(log1p(ts_mean(volume, 20))
[226] code_public_0504_0: ```dsl_fire      ```
[227] code_public_0786_1: ```dsl_fire      ```
[228] code_public_0884_1: ```dsl_fire result = ts_sum(pct_change(market_cap, 1), 15) ```
[229] code_public_0674_0: ```dsdsdsdsdsdsdsdsl_fire     ```
[230] code_public_0558_0: </think>     </think>     ```
[231] code_public_0083_1: </think>  ```
[232] code_public_0039_0: ```dsl_fire result = sub(vwap, ts_quantile(vwap, 5, 0.7```
[233] code_public_0225_0: </think>  ```dsl_fire result = sub(log(mvolume), xs_quant div(volume, 0.8mean(volume, 20)), xs_std(abs_mean(volume))) ``
[234] code_public_0196_0: ```dsl_fire result = ts_win_f(pct_change(pb, 1), 15)  ```
[235] code_public_0100_1: </think>     </think>     ```
[236] code_public_0906_1: </think>     </think>     ```
[237] code_public_0931_1: ```dsl_fire result = mod(pb, 50000.0) ```
[238] code_public_0669_1: ```dsl_fire    ```
[239] code_public_0771_1: ```dsl_fire result = neg(mul(div(ts_mean(volume, 5), ts_mean(volume, 20)), pct_change(close, 5))) ```
[240] code_public_0383_0: ```dsl_fire result = exp(minimum(pct_change(close, 2), 0.1)) ```
[241] code_public_0147_0: ```dsl_fire    ```dsl_fire  ```
[242] code_public_0134_1: ```dsl_fire result = ts_argmin(vwap, 90) ```
[243] code_public_0332_0: ```dsl_fire result = sub(pct_change(close, 3), pct_change(close, 20)) ```
[244] code_public_0256_0: ```dsl_fire result = where(logical_xor(logical_and(gt(pct_change(close, 45), xs_mean(pct_change(close, 45), xs_mean(pct_
[245] code_public_0970_0: ```dsl_fire result = sub(ts_mean(pct_change(close, 1), 2), ts_var(pct_change(close, 1), 90)) ```
[246] code_public_0990_0: ```dsl_fire result = where(logical_xor(logical_xor(gt(pct_change(close, 20), xs_mean(pct_change(close, 20))), gt(div(vol
[247] code_public_0136_1: ```dsl_fire result = sub(pb, ts_quantile(pb, 5, 5, 0.7```
[248] code_public_0802_1: ```dsl_fire      ```
[249] code_public_0749_0: ```dsl_fire      ```
[250] code_public_0008_0: ```dsl_fire result = div(volume, 15) ```
[251] code_public_0310_0: ```dsl_fire result = mask(pct_change(close, 5), lt(volume, ts_mean(volume, 20)), pct_change(close, 5), 0.0) ```
[252] code_public_0155_0: ```dsdsdsl ```dsdsl  ```
[253] code_public_0979_1: ```dsl_fire result = ts_sum(pct_change(pb, 5)) ```
[254] code_public_0572_1: </think>     </think>     ```
[255] code_public_0343_0: ```dsl_fire    ```dsl_fire  ```
[256] code_public_0085_1: ```dsl   ```dsl   ```
[257] code_public_0158_0: ```dsl_fire result = log10(recip(pb)) ```
[258] code_public_0007_1: </think>     </think>     </think>   ```
[259] code_public_0047_1: </think>  ```dsl_fire    ```
[260] code_public_0160_0: ```dsl_fire      ```
[261] code_public_0123_1: ```dsl_fire      ```
[262] code_public_0671_0: </think>     ```
[263] code_public_0744_0: ```dsl_fire    ```dsl_fire  ```
[264] code_public_0475_1: </think>  ```dsl_fire    ```
[265] code_public_0861_0: ```dsl_fire result = sub(tsts_std(pct_change(close, 1), 10), ts_var(pct_change(close, 1), 30)) ```
[266] code_public_0986_0: ```dsl_fire result = div(sub(close, ts_min(low, 30)), sub(tsclose, 30)) ```
[267] code_public_0179_1: ```dsl_fire result = sub(close, ts_quantile(close, 15, 0.7```
[268] code_public_0626_1: </think>     </think>     ```
[269] code_public_0788_1: ```dsl_fire    ```
[270] code_public_0649_0: ```dsl_fire result = sub(high, xs_quant div(high, 0.8)) ```
[271] code_public_0192_0: ```dsl_fire result = xs_corr(pct_change(close, 15), volume) ```
[272] code_public_0793_0: ```dsl_fire      ```
[273] code_public_0027_1: </think>     </think>     </think>   ```
[274] code_public_0214_1: ```dsl_fire result = sub(volume, ts_quantile(volume, 10, 0.7))   ```
[275] code_public_0202_0: ```dsl_fire result = div(volume, ts_quantile(volume, 30, 30), 30) ```
[276] code_public_0910_0: ```dsl_fire      ```dsl_fire result = xs_mean(pct_change(volume, 15))) ```
[277] code_public_0090_0: ```dsl_fire      ```dsl_fire result = div(sub(pb, ts_min(recipipipipip(pb), xs_mean(recip(pb)))) ```
[278] code_public_0987_0: ```dsl_fire    ```
[279] code_public_0077_0: </think>     </think>     ```dsl_fire result = ts_fire  ```
[280] code_public_0595_1: ```dsl_fire result = xs_corr(pct_change(close, 7pct_changechange(close, 7)))  ```
[281] code_public_0735_0: ```dsl_fire      ```
[282] code_public_0833_1: </think>     ```dsl_fire      ```
[283] code_public_0837_0: ```dsl_fire result = add(div(sub(recip(pb), xs_mean(recip(pb))), xs_std(recip(pb))), pct_change(close, 20)) ```
[284] code_public_0126_0: ```dsl_fire result = div(sub(opopen, shiftift(open, 20)), shiftiftiftiftift(high, 20)) ```
[285] code_public_0062_0: ```dsl_fire      ```dsl_fire result = xs_corr(pct_change(close, 20), volumeumeume, 20) ```
[286] code_public_0442_1: </think>  ```dsl_fire    ```
[287] code_public_0956_0: </think>     </think>     ```
[288] code_public_0115_1: </think>     ```dsl_fire    ```dsl_fire  ```
[289] code_public_0438_0: ```dsl_fire result = add(log(recip(pb)), neg(log(market_cap))) ```
[290] code_public_0117_0: ```dsl_fire result = ts_argmin(pb, 10) ```
[291] code_public_0798_1: </think>                     ```
[292] code_public_0170_0: ```dsl_fire result = add(log(recip(pb)), div(sub(log(market_cap), xs_mean(log(market_cap))), xs_stdd(log(market_cap)))) 
[293] code_public_0445_1: </think>   ```dsl_fire      ```
[294] code_public_0540_1: ```dsl_fire result = sub(pct_change(close, 20), xs_median(pct_change(close, 20))) ```
[295] code_public_0350_1: </think>                     ```
[296] code_public_0301_0: ```dsl_fire result = ts_sum(pct_change(pb, 60)) ```
[297] code_public_0751_1: </think>                  ```
[298] code_public_0835_1: </think>   ```dsl_fire result = where(logical_xor(ne(sign(pct_change(close, 1)), 1.0)), neg(pct_change(close, 10)), 0.0)
[299] code_public_0812_1: </think>     </think>                  ```
[300] code_public_0454_1: </think>  ```dsl_fire      ```
[301] code_public_0713_0: </think>  ```dsl_fire    ```
[302] code_public_0972_1: </think>   </think>     </think>     ```dsl_fire </think>  ```
[303] code_public_0788_0: ```dsl_fire    ```
[304] code_public_0359_1: </think>     </think>     </think>   ```
[305] code_public_0616_0: ```dsl_fire result = div(sub(close, ts_min(low, 2)), sub(ts_max(high, 2))), ts_min(high, 2)) ```
[306] code_public_0547_1: </think>     </think>     ```
[307] code_public_0136_0: ```dsl_fire result = sub(pct_change(high, 5), pct_change(pb, 5)) ```
[308] code_public_0737_1: ```dsl_fire      ```
[309] code_public_0848_0: </think>  </think>  ```dsl_fire    ```
[310] code_public_0185_0: ```dsl_fire result  ```
[311] code_public_0121_0: ```dsl_fire result = ts_sum(pct_change(pb, 90)), 90)  ```
[312] code_public_0968_1: ```dsl_fire result = sub(log(recip(pb)), log(market_cap)) ```
[313] code_public_0650_0: ```dsl_fire      ```dsl_fire result = xs_mean(pct_change(high, 2)) ```
[314] code_public_0724_0: </think>  ```dsl_fire       result = ab ab ab ab ab ab ab ab ab ab ab ab ab ab ab ab ab ab ab ab ab ab ab ab ab ab ab ab
[315] code_public_0002_0: ```dsl_fire    ```
[316] code_public_0093_1: ```dsl_fire      ```
[317] code_public_0658_0: </think>     ```dsl_fire      ```
[318] code_public_0342_0: </think>     ```dsl_fire    ```dsl_fire      ```
[319] code_public_0871_1: ```dsl_fire result = mod(volume, 10000.0) ```
[320] code_public_0485_1: </think>     </think>     ```
[321] code_public_0525_1: ```dsl_fire    </think>  ```
[322] code_public_0747_0: </think>  ```dsl_fire result = pct_change(vwap, 60) ```
[323] code_public_0509_0: </think>  ```dsl_fire    ```
[324] code_public_0034_1: ```dsl_fire result = ts_reg_res(log1p(volume), log(market_cap), 15) ```
[325] code_public_0578_1: </think>     </think>         ```
[326] code_public_0292_0: ```dsl_fire    ```
[327] code_public_0759_0: </think>  </think>  ```dsl_fire    ```dsl   ```
[328] code_public_0586_0: </think>  </think>  ```dsl_fire    ```
[329] code_public_0925_0: ```dsl_fire result = sub(tstsclose, ts_std(pct_change(close, 1), 20)) ```
[330] code_public_0218_0: ```dsdsdsl_fire    ```
[331] code_public_0859_1: </think>  ```dsl_fire       result = ab ab ab ab ab ab ab ab ab ab ab ab ab ab ab ab ab absolute(div(sub(open, 2)), xs_s
[332] code_public_0716_0: ```dsl_fire result = neg(ts_argmax(vwap, 20)) ```
[333] code_public_0242_1: ```dsl_fire result = neg(mul(div(ts_mean(volume, 3), ts_mean(volume, 30)), pct_change(close, 3))) ```
[334] code_public_0679_0: </think>     ```dsl_fire      ```
[335] code_public_0646_0: ```dsl_fire ```
[336] code_public_0699_1: ```dsl_fire result = sub(market_cap, xs_median(market_cap)) ```
[337] code_public_0895_1: </think>  ```dsl_fire result = pct_change(vwap, 10) ```
[338] code_public_0146_1: </think>     </think>     ```dsl_fire    ```
[339] code_public_0264_0: ```dsl_fire result = div(sub(pb, 10), group_mean(recip(pb), industry)), ts_std(recip(pb))) ```
[340] code_public_0091_0: ```dsl_fire result = add(log(recip(pb)), div(sub(log(market_cap), xs_mean(log(market_cap))), xs_stdd(log(market_cap)))) 
[341] code_public_0070_1: </think>     </think>     </think>   ```
[342] code_public_0033_0: ```dsl_fire result = ts_reg_res(pct_change(close, 20), recip(pb), 15) ```
[343] code_public_0727_1: ```dsl_fire ```dsl_fire    ```
[344] code_public_0099_1: </think>  </think>  ```dsl_fire    ```
[345] code_public_0094_0: ```dsl_fire result = ts_w   ```
[346] code_public_0195_1: </think>     ```dsl_fire    ```
[347] code_public_0079_0: </think>     </think>     ```dsl_fire    ```
[348] code_public_0229_1: </think>     ```
[349] code_public_0361_0: ```dsl_fire    ```
[350] code_public_0672_0: </think>  </think>  ```dsl_fire    ```dsl_fire   ```
[351] code_public_0961_0: ```dsl_fire result = div(sub(opopen, shiftift(open, 60)), shiftiftiftiftift(open, 60)) ```
[352] code_public_0412_1: ```dsl_fire result = ts_reg_res(div(volume, market_cap), pct_change(close, 5), 30) ```
[353] code_public_0903_0: ```dsl_fire result = pct_change(close, 20)  ```
[354] code_public_0037_0: </think>  ```dsl_fire ```
[355] code_public_0397_0: ```dsl_fire    ```dsl_fire ```dsl_fire  ```
[356] code_public_0477_1: ```dsl_fire result = xs_corr(pct_change(close, 60), volume) ```
[357] code_public_0683_1: ```dsl_fire result = ts_sum(pct_change(market_cap, 1), 60) ```
[358] code_public_0085_0: </think>               ```
[359] code_public_0346_0: </think>  ```dsl_fire      ```dsl_fire ```
[360] code_public_0440_1: </think>  ```dsl_fire       ```
[361] code_public_0007_0: ```dsl_fire      ```
[362] code_public_0375_1: ```dsl_fire result = ts_sum(pct_change(volume, 1), 30) ```
[363] code_public_0826_0: ```dsl_fire result = ts_prod(add(1.0, 10)), 10.0) ```
[364] code_public_0548_0: ```dsl_fire result = neg(pct_change(vwap, 20)) ```
[365] code_public_0809_0: ```dsl_fire      ```dsl_fire result = ts_std(pct_change(close, 1), 60) ```
[366] code_public_0724_1: </think>     ```dsl_fire      ```
[367] code_public_0630_0: </think>     ```dsl_fire      ```
[368] code_public_0718_0: </think>           ```
[369] code_public_0799_0: </think>  ```dsl_fire ```
[370] code_public_0055_1: </think>   ```dsl_fire      ```
[371] code_public_0386_0: </think>  ```dsl_fire       ```
[372] code_public_0756_1: ```dsl_fire result = sub(vwap, 5) ```
[373] code_public_0411_0: ```dsl_fire      ```
[374] code_public_0261_0: </think>     </think>     ```dsl_fire result = where(logical_or(gt(neg(log(market_cap)), xs_mean(neg(log(market_cap)))),
[375] code_public_0288_0: ```dsl_fire result = div(sub(vwap, shiftift(vwap, 2)), shiftiftiftiftiftiftiftiftiftift shiftiftiftiftift shiftiftiftift
[376] code_public_0736_1: </think>     ```dsl_fire    ```
[377] code_public_0823_1: ```dsl_fire result = where(gt(reclose, 60), group group group_mean(recip(pb), industry)), div(sub(recip(pb), group_mean(
[378] code_public_0428_0: </think>     </think>     </think>   ```
[379] code_public_0210_1: </think>  ```dsl_fire    ```
[380] code_public_0234_0: </think>  ```dsl_fire    ```dsl_fire  ```
[381] code_public_0642_0: ```dsl_fire result = where(logicalical_or(gt(recip(pb), xs_mean(recip(pb))), gt(neg(log(market_cap)), xs_mean(neg(log(ma
[382] code_public_0453_0: ```dsl_fire      ```
[383] code_public_0977_1: </think>  ```dsl_fire    ```
[384] code_public_0376_0: ```dsdsdsl       ```
[385] code_public_0531_1: ```dsl_fire result = neg(pct_change(vwap, 60)) ```
[386] code_public_0371_1: </think>   ```dsl_fire      ```
[387] code_public_0801_0: ```dsdsdsl_pro sh sh sh sh sh shiftiftiftiftiftiftiftiftiftiftiftiftiftiftiftiftiftiftiftiftiftiftiftiftiftiftiftiftifti
[388] code_public_0716_1: </think>  </think>   ```dsl_fire   ```
[389] code_public_0248_1: </think>  ```dsl_fire    ```
[390] code_public_0871_0: ```dsl_fire result = mod(volume, 1000000.0) ```
[391] code_public_0849_1: ```dsl_fire result = div(sub(vwap, shiftift(vwap, 10)), shiftiftift shiftiftiftiftift shiftiftiftiftiftift shiftiftiftif
[392] code_public_0392_1: </think>     </think>     </think>   ```
[393] code_public_0288_1: ```dsl_fire result = xs_prod(add(1.0, 2)) ```
[394] code_public_0918_0: ```dsl_fire result = ts_argmin(vwap, 10) ```
[395] code_public_0520_1: ```dsl_fire result = add(div(sub(log(recip(pb)), group_mean(log(recip(pb)), industry)), group_std(log(recip(pb)), indust
[396] code_public_0782_0: </think>  ```dsl_fire result = ab ab ab ab ab ab ab ab ab ab ab ab ab ab ab ab ab ab ab ab ab ab ab ab ab ab ab ab ab ab
[397] code_public_0199_0: ```dsl_fire      ```
[398] code_public_0333_1: </think>     </think>     ```
[399] code_public_0904_1: </think>  ```dsl_fire    ```
[400] code_public_0255_0: ```dsl_fire result = where(logical_or(ne(sign(pct_change(close, 1)), -1.0), ge(volume, ts_mean(volume, 20))), neg(log(ma
[401] code_public_0275_1: ```dsl_fire result = maximum(pct_change(pb, 5), 0.0) ```
[402] code_public_0195_0: </think>  ```dsl_fire       result = ab ab ab ab ab ab ab ab ab ab ab ab ab ab ab ab ab ab ab ab ab ab ab ab ab ab ab ab
[403] code_public_0343_1: </think>     </think>     </think>   ```
[404] code_public_0546_1: </think>  ```dsl_fire    ```
[405] code_public_0255_1: ```dsl_fire result = where(logical_or(ne(ne(log(market_cap)), xs_mean(neg(log(market_cap)))), gt(log(market_cap)), xs_me
[406] code_public_0908_0: ```dsl_fire result = ts_std(pct_change(close, 1), recip(pb), 30) ```
[407] code_public_0057_1: </think>     </think>     </think>   ```
[408] code_public_0669_0: ```dsl_fire result = exp(minimum(pct_change(volume, 3), 0.1)) ```
[409] code_public_0805_1: ```dsl_fire ```dsl_fire    ```
[410] code_public_0456_0: </think>  ```dsl_fire    ```
[411] code_public_0162_0: ```dsl_fire result = where(logicalicalicalicalicalicalical_mean(log1p(ts_mean(volume, 20)), xs_mean(log1p(ts_mean(volume
[412] code_public_0137_1: </think>     </think>     ```
[413] code_public_0645_0: ```dsdsdsdsl_fire   ```
[414] code_public_0254_1: </think>  ```dsl_fire    ```
[415] code_public_0194_0: ```dsl_fire      ```
[416] code_public_0721_1: ```dsl_fire      ```
[417] code_public_0954_0: ```dsl_fire      ```
[418] code_public_0365_0: ```dsl_fire      ```
[419] code_public_0294_1: ```
[420] code_public_0295_0: ```dsl_fire result = where(logical_xor(ne(sign(pct_change(close, 1)), -1.0), lt(pct_change(close, 2), xs_mean(close, 20)
[421] code_public_0564_1: </think>     </think>     </think>   ```dsl_fire      ```
[422] code_public_0281_1: </think>  ```dsl_fire    ```dsl_fire   ```
[423] code_public_0120_0: ```dsl_fire result = div(sub(vwap, shiftift(vwap, 3)), shiftiftiftiftiftiftiftiftiftift shiftiftiftiftift shiftiftiftift
[424] code_public_0618_1: ```dsl_fire result = div(submean(vwap, group_mean(vwap, industry))), group group_stdd(vwap, industry)) ```
[425] code_public_0169_1: </think>     </think>     ```
[426] code_public_0305_1: ```dsl_fire result = xs_quantile(market_cap, 0.2))  ```
[427] code_public_0249_1: </think>     ```dsl_fire    ```
[428] code_public_0964_0: </think>  ```dsl_fire    ```dsl_fire   ```
[429] code_public_0394_0: </think>  ```dsl_fire       ```
[430] code_public_0719_0: ```dsl_fire    ```
[431] code_public_0149_1: </think>     ```dsl_fire      ```
[432] code_public_0709_1: </think>     ```dsl_fire    ```
[433] code_public_0494_0: </think>  ```dsl_fire    ```
[434] code_public_0025_1: ```dsl_fire ```
[435] code_public_0072_0: ```dsl_fire    ```
[436] code_public_0498_0: </think>  ```dsl_fire    ```
[437] code_public_0166_0: ```dsl_fire result = m), ne(sign(pct_change(close, 5), 0.0) ```
[438] code_public_0111_0: ```dsl_fire      ```
[439] code_public_0243_0: </think>  ```dsl_fire    ```
[440] code_public_0551_0: ```dsdsds        ```
[441] code_public_0471_0: </think>  ```dsl_fire    ```dsl_fire   ```
[442] code_public_0659_0: ```dsl_fire    ```dsl_fire  ```
[443] code_public_0163_1: </think>   ```dsl_fire      ```
[444] code_public_0565_1: </think>  ```dsl_fire result = exp(minimum(pct_change(vwap, 7), 0.1)) ```
[445] code_public_0776_1: ```dsl_fire    ```
[446] code_public_0320_1: ```dsl_fire result = where(logical_and(le(volume, ts_mean(volume, 20)), ne(sign(pct_change(close, 1)), -1.0)), pct_chang
[447] code_public_0297_0: ```dsl_fire ```
[448] code_public_0692_1: </think>   </think>     </think>     </think>     </think>   ```
[449] code_public_0574_0: ```dsl_fire result = log10(tsclose, ab absolute(log(market_cap)))) ```
[450] code_public_0712_0: ```dsl_fire result = div(sub(volume, ts_mean(volume, 15)), ts_std(volume, 15)) ```
[451] code_public_0634_1: ```dsl_fire   ```dsl_fire result = m), ne neg(pct_change(close, 3) ```
[452] code_public_0480_1: </think>   ```dsl_fire      ```dsl_fire result = add(recip(pb), pct_change(close, 60)) ```
[453] code_public_0693_0: ```dsdsdsds
[454] code_public_0322_1: ```dsl_fire    ```
[455] code_public_0214_0: ```dsl_fire result = sub(volume, ts_mean(volume, 5)) ```
[456] code_public_0951_1: ```dsl_fire result = sub(close, ts_mean(close, 10)) ```
[457] code_public_0538_0: </think>     ```dsl_fire result = where(gt(div(sub(recip(pb), xs_mean(recip(pb))), xs_std(recip(pb))), xs_mean(div(sub(r
[458] code_public_0623_0: ```dsl_fire result = mod(market_cap, 500.0) ```
[459] code_public_0999_1: ```dsl_fffffire  ```
[460] code_public_0881_1: ```dsl_fire result = ts_win_cumsum(pct_change(volume, 1), 5) ```
[461] code_public_0802_0: ```dsl_fire result = sub(tsts_maxmaxmax(close, 30), ts_max(close, 30) ```
[462] code_public_0975_1: </think>  ```dsl_fire    </think>     ```
[463] code_public_0283_0: </think>     </think>     ```
[464] code_public_0408_1: ```dsl_fire result = mul(div(ts_mean(volume, 7), ts_mean(volume, 30)), pct_change(close, 7)), 0.0) ```
[465] code_public_0061_1: ```dsl_fire result = sub(volume, ts_qu shift(volume, 7, 0.7)) ```
[466] code_public_0270_1: </think>  ```dsl_fire    ```
[467] code_public_0806_1: ```dsl_fire result = neg(mul(div(ts_mean(volume, 3), ts_mean(volume, 20)), pct_change(close, 3))) ```
[468] code_public_0889_1: ```dsl_fire result = where(logical_or(lt(close, ts_mean(close, 20)), le(volume, ts_mean(volume, 20))), pct_change(close,
[469] code_public_0009_1: </think>  ```dsl_fire    ```
[470] code_public_0011_1: ```dsl_fire result = ts_argmaxmin(vwap, 60) ```
[471] code_public_0964_1: </think>  ```dsl_fire    ```dsl_fire  ```
[472] code_public_0045_1: </think>     </think>     </think>     </think>            ```
[473] code_public_0550_1: </think>     </think>     ```
[474] code_public_0937_0: ```dsl_fire result = sub(market_cap, ts_qu 20, 0.7```
[475] code_public_0624_1: </think>   ```dsl_fire      ```
[476] code_public_0762_0: ```dsl_fire result = ts_winvarg_close, 90_mean(pct_change(close, 90))) ```
[477] code_public_0037_1: </think>  ```dsl_fire    ```
[478] code_public_0987_1: ```dsl_fire    ```
[479] code_public_0437_0: ```dsl_fire result = sub(pb, xs_median(pb)) ```
[480] code_public_0482_1: </think>     </think>     </think>   ```
[481] code_public_0222_1: ```dsl_fire result = div(sub(close, ts_min(low, 15)), sub(tsclose, 15)) ```
[482] code_public_0183_0: </think>  ```dsl_fire   ```
[483] code_public_0837_1: ```dsl_fire result = add(div(sub(recip(pb), xs_mean(recip(pb))), xs_std(recip(pb))), pct_change(close, 20)) ```
[484] code_public_0291_0: ```
[485] code_public_0657_0: ```dsl_fire    ```
[486] code_public_0492_1: ```dsl_fire result = sub(close, ts_quantile(close, 90, 0.8)) ```
[487] code_public_0937_1: ```dsl_fire result = sub(market_cap, ts_qu 20, 7, 7, 0.7))   ```
[488] code_public_0058_0: ```dsl_fire    ```
[489] code_public_0202_1: ```dsl_fire result = ts_argmaxmin(volume, 30) ```
[490] code_public_0049_0: ```dsl_fire      ```
[491] code_public_0886_1: </think>     ```
[492] code_public_0723_0: ```dsl_fire result = ts_std(pct_change(close, 30), 30) ```
[493] code_public_0943_1: </think>  ```dsl_fire    ```
[494] code_public_0604_1: ```dsl_fire result = where(gt(market_cap, xs_median(market_cap)), div(sub(market_cap, xs_mean(market_cap)), xs_std(marke
[495] code_public_0064_1: ```dsl_fire result  ```
[496] code_public_0696_1: ```dsl_fire result = where(gt(log(recip(pb)), xs_mean(log(recip(pb)))), log(market_cap), 0.0) ```
[497] code_public_0733_0: ```dsl_fire result = where(le(volume, xs_mean(volume)), xs_std(volume)), le(volume, xs_mean(volume)), 0.0) ```
[498] code_public_0888_0: </think>  ```dsl_fire result = sub(pct_change(close, 2), pct_change(close, 90)) ```
[499] code_public_0593_0: </think>     </think>     </think>     </think>   ```
[500] code_public_0765_0: </think>               ```
[501] code_public_0683_0: ```dsl_fire result = ts_sum(pct_change(market_cap, 1), 60) ```
[502] code_public_0098_0: ```dsl_fire result = sub(high, xs_median(high)) ```
[503] code_public_0819_1: </think>     </think>               ```
[504] code_public_0530_0: ```ds           ```dsl_fire result = log10(add(1.0, ab ab ab ab ab ab ab ab ab absolute(volume, 10)))) ```
[505] code_public_0942_0: ```dsl_fire      ```
[506] code_public_0229_0: </think>     ```
[507] code_public_0356_0: ```dsl_fire result = sub(pb, ts_quantile(pb, 90, 0.7```
[508] code_public_0224_0: ```dsl_fire result = add(div(sub(recip(pb), xs_mean(recip(pb))), xs_std(recip(pb))), pct_change(close, 60)) ```
[509] code_public_0238_1: ```dsl_fire ```
[510] code_public_0005_1: ```dsl_fire result = sub(market_cap, ts_qu 20, 15, 15, 0.7))   ```
[511] code_public_0566_1: </think>   ```dsl_fire      ```dsl_fire result = where(gt(log(recip(pb)), xs_mean(log(recip(pb)))), xs_mean(log(market_c
[512] code_public_0038_1: ```dsl_fire      ```
[513] code_public_0106_0: ```dsl_fire      ```dsl_fire result = ts_prod(addaddaddadd(1.0, 1), 10) ```
[514] code_public_0399_0: ```dsdsdsdsdsdsdsdsdsdsdsl_fire  ```
[515] code_public_0932_1: </think>  ```
[516] code_public_0898_1: </think>  ```dsl_fire    ```
[517] code_public_0940_0: </think>     </think>     </think>     ```
[518] code_public_0579_1: ```dsl_fire result = where(logical_not(ne(neg(log(market_cap)), xs_mean(neg(log(market_cap))))), neg(log(market_cap))), 
[519] code_public_0830_1: ```dsl_fire result = xs_corr(close, volume) ```
[520] code_public_0776_0: ```dsl_fire result = div(sub(tststsvolute(high, 2)),), clo market_max(high, 2 2 2 2 2 2 2 2 2)) ```
[521] code_public_0582_0: ```dsl_fire result = div(sub(vwap, ts_min(vwap, 10)), sub(ts_max(vwap, 10), ts_min(vwap, 10)) ```
[522] code_public_0657_1: </think>  ```dsl_fire    ```
[523] code_public_0314_1: </think>  ```dsl_fire    ```
[524] code_public_0979_0: ```dsl_fire result = ts_sum(pct_change(pb, 5)) ```
[525] code_public_0279_0: ```dsl_fire result = where(ge(gt(pct_change(close, 20), xs_mean(pct_change(close, 20)))), neg(log(market_cap)), 0.0) ```
[526] code_public_0291_1: </think>     </think>     </think>   ```
[527] code_public_0457_1: ```dsl_fire result = xs_sum(high, 90)  ```
[528] code_public_0901_1: ```dsl_fire result = ts_reg_res(log1p(volume), log(market_cap), 60) ```
[529] code_public_0610_1: ```dsl_fire    ```dsl_fire result = exp(minimum(div(sub(vwap, xs_mean(vwap)), xs_std(vwap)), 2.0)) ```
[530] code_public_0888_1: </think>  ```dsl_fire    ```
[531] code_public_0579_0: ```dsl_fire result = where(logical_not(ne(sign(pct_change(close, 1)), -1.0)), neg(log(neg(log(market_cap)), xs_mean(neg(
[532] code_public_0881_0: ```dsl_fire result = ts_win_cumsum(pct_change(volume, 1), 5) ```
[533] code_public_0419_1: </think>     </think>     </think>   ```
[534] code_public_0541_1: ```dsl_fire result = pct_change(marketmarket_cap, 90) ```
[535] code_public_0783_1: ```dsl_fire result = ts_f(tsquantile(pb, 30), 30) ```
[536] code_public_0147_1: </think>     </think>     </think>   ```
[537] code_public_0715_0: ```dsl_fire result = log10(add(1.0, ab ab absolute(pct_change(close, 10)))) ```
[538] code_public_0331_1: ```dsl_fire    ```
[539] code_public_0739_1: </think>     </think>     ```
[540] code_public_0425_1: ```dsl_fire    ```dsl_fire result = exp(minimum(div(volume, xs_mean(volume)), xs_std(volume)), 4.0)) ```
[541] code_public_0490_1: </think>     ```dsl_fire      ```dsl_fire result = xs_mean(div(volume, market_cap), div(volume, market_cap), xs_mean(div
[542] code_public_0851_0: ```dsl_fire      ```
[543] code_public_0632_0: ```dsl_fire result = div(volume, ts_mean(volume, 20)) ```
[544] code_public_0391_1: ```dsl_fire result = sub(high, xs_mean(high)) ```
[545] code_public_0981_1: ```dsl_fire result = where(logical_and(ne(sign(pct_change(close, 1)), -1.0), lt(close, ts_mean(close, 20))), pct_change(
[546] code_public_0917_0: ```dsl_fire result = ab ab ab ab ab ab ab ab ab ab ab ab ab ab ab absolute(div(sub(close, xs_mean(reclose)), xs_std(div(
[547] code_public_0263_1: ```dsl_fire result = div(sub(pb, xs_median(pb)), xs_std(recip(pb))), xs_mean(tsclose, xs_meanananananananan(recip(pb))))
[548] code_public_0618_0: ```dsl_fire result = div(submean(vwap, group_mean(vwap, industry))), group_stddd(vwap, industry)) ```
[549] code_public_0429_0: </think>  ```dsl_fire    ```dsl_fire   ```
[550] code_public_0188_0: </think>  ```dsl_fire    ```
[551] code_public_0084_0: ```dsl_fire      ```
[552] code_public_0680_0: ```dsl_fire result = ababsolute(pct_change(vwap, 10))) ```
[553] code_public_0056_0: ```dsl_fire result = ab ab ab ab ab ab ab ab ab ab ab ab ab ab ab ab ab ab ab ab ab ab ab ab ab ab ab ab ab ab ab ab ab 
[554] code_public_0806_0: ```dsl_fire result = where(logical_not), neg(neg(log(market_cap)), 0.0) ```
[555] code_public_0013_0: </think>     ```dsl_fire    ```
[556] code_public_0654_1: ```dsl_fire      ```
[557] code_public_0654_0: </think>     </think>     ```
[558] code_public_0899_0: ```dsl_fire result = div(sub(tststsvolute(high, 5)), market_max(high, 5)) ```
[559] code_public_0055_0: </think>  ```dsl_fire    ```
[560] code_public_0620_1: ```dsl_fire result = where(logical_and(ge(volume, ts_mean(volume, 20)), eq(sign(pct_change(close, 1)), 1.0)), pct_change
[561] code_public_0914_0: ```dsl_fire result = where(logical_not(ge(volume, ts_mean(volume, 20))), neg(pct_change(close, 7)), 0.0) ```
[562] code_public_0072_1: </think>     </think>   ```
[563] code_public_0758_1: </think>     </think>     </think>   ```
[564] code_public_0401_1: ```
[565] code_public_0209_1: ```dsl_fire result = xs_corr(pb, market_cap) ```
[566] code_public_0851_1: ```dsl_fire      ```
[567] code_public_0438_1: ```dsl_fire ```dsl_fire   ```
[568] code_public_0043_0: ```
[569] code_public_0968_0: ```dsl_fire result = sub(log(recip(pb)), log(market_cap)) ```
[570] code_public_0367_0: </think>     </think>     ```
[571] code_public_0321_0: ```dsl_fire result = sub(close, xs_quantile(close, 0.8)) ```
[572] code_public_0092_1: </think>  </think>  ```dsl_fire    ```
[573] code_public_0175_1: ```dsl_fire result = sh sh shift(close, 10)  ```
[574] code_public_0277_1: ```dsl_fire result = sign(pct_change(vwap, 30)) ```
[575] code_public_0894_1: ```dsl_fire result = where(logical_and(gt(recip(pb), xs_mean(recip(pb))), gt(neg(log(market_cap)), xs_mean(neg(log(marke
[576] code_public_0444_0: ```dsdsdsdsdsdsdsdsdsdsdsdsdsl_fire ```
[577] code_public_0304_1: </think>  ```dsl_fire    ```
[578] code_public_0848_1: </think>  </think>  ```dsl_fire    ```
[579] code_public_0551_1: </think>     </think>     ```
[580] code_public_0474_0: </think>     </think>     ```dsl_fire    ```
[581] code_public_0056_1: ```dsl_fire    ```dsl_prod(maximum(div(sub(low, vwap), xs_mean(low)), xs_std(low)), xs_std(low)) ```
[582] code_public_0280_1: ```dsl_fire result = xs_corr(pct_change(close, 10), volume) ```
[583] code_public_0334_0: ```dsl_fire result = where(logical_or(gt(recip(pb), xs_mean(recip(pb))), gt(log(recip(pb), xs_mean(recip(pb))), gt(log(m
[584] code_public_0260_0: ```dsdsdsl ```dsdsl  ```
[585] code_public_0442_0: ```dsl_fire result = div(sub(close, shiftift(close, 90)), shiftiftiftiftiftiftiftiftift shiftiftiftiftiftiftiftiftiftift
[586] code_public_0015_1: ```dsl_fire ```
[587] code_public_0389_0: </think>     </think>     ```dsl_fire    ```
[588] code_public_0355_1: </think>  ```dsl_fire    ```dsl_fire   ```
[589] code_public_0552_1: </think>   ```dsl_fire      ```
[590] code_public_0362_0: </think>  ```dsl_fire    ```
[591] code_public_0388_0: </think>  </think>  ```dsl_fire    ```
[592] code_public_0070_0: ```dsdsds
[593] code_public_0464_1: </think>     </think>     </think>   ```
[594] code_public_0626_0: ```dsl_fire    ```
[595] code_public_0463_1: </think>  ```dsl_fire    ```
[596] code_public_0414_0: </think>  ```dsl_fire       result = ab ab ab ab ab ab ab ab ab ab ab ab ab ab ab ab ab ab ab ab ab ab ab ab ab ab ab ab
[597] code_public_0431_0: ```dsdsdsdsdsdsdsdsl_fire     ```
[598] code_public_0074_1: ```dsl_fire result = where(logical_xor(ne(sign(pct_change(close, 1)), -1.0), lt(close, ts_mean(close, 20))), pct_change(
[599] code_public_0267_1: </think>  </think>               ```dsl_fire      ```
[600] code_public_0108_1: </think>     ```dsl_fire    ```
[601] code_public_0879_0: ```dsl_fire      ```
[602] code_public_0316_1: </think>     </think>         ```
[603] code_public_0568_0: ```dsl_fire result = maximum(pct_change(volume, 2), 0.0) ```
[604] code_public_0953_1: ```dsl_fire ```dsl_fire    ```
[605] code_public_0823_0: ```dsl_fire result = where(gt(recip(pb), xs_mean(recip(pb))), div(sub(recip(pb), xs_mean(recip(pb))), xs_std(recip(pb)))
[606] code_public_0803_0: </think>  ```dsl_fire       ```
[607] code_public_0994_1: ```dsl_fire result = neg(mul(div(volume, 3), xs_mean(volume)), pct_change(close, 3)) ```
[608] code_public_0861_1: </think>  ```dsl_fire    ```
[609] code_public_0723_1: ```dsl_fire      ```
[610] code_public_0488_0: ```dsl_fire result = div(sub(close, ts_min(low, 5)), sub(ts_max(high, 5), ts_min(low, 5))) ```
[611] code_public_0378_1: ```dsl_fire      ```dsl_fire result = xs_prod(add(1.0, pct_change(high, 10))) ```
[612] code_public_0983_1: ```dsl_fire result = mod(market_cap, 500.0) ```
[613] code_public_0002_1: </think>   ```dsl_fire      ```
[614] code_public_0011_0: ```dsl_fire result = ts_argmaxmin(vwap, 60) ```
[615] code_public_0076_1: ```dsl_fire      ```
[616] code_public_0034_0: ```dsl_fire result = ts_reg_res(log1p(volume), log(market_cap), 15) ```
[617] code_public_0373_0: ```dsl_fire result = sub(high, xs_quantile(high, 0.7```
[618] code_public_0936_0: ```dsl_fire      ```
[619] code_public_0187_1: ```dsl_fire result = where(logical_and(gt(sqrt(recip(pb)), xs_mean(sqrt(recip(pb)))), gt(log(market_cap), xs_mean(log(ma
[620] code_public_0406_0: ```dsl_fire      ```
[621] code_public_0251_0: </think>     </think>     ```
[622] code_public_0131_0: </think>     ```dsl_fire result = sub(pct_change(close, 20), xs_mean(pct_change(close, 20))) ```
[623] code_public_0211_1: ```dsl_fire result = sub(volume xs_quantile(volume, 0.5))  ```
[624] code_public_0100_0: ```dsdsl_fire   ```
[625] code_public_0707_0: </think>  ```dsl_fire      ```dsl_fire ```
[626] code_public_0857_1: ```dsl_fire      ```
[627] code_public_0803_1: </think>   ```dsl_fire      ```
[628] code_public_0444_1: </think>     </think>     ```
[629] code_public_0405_0: ```dsl_fire result = where(logical_and(gt(log(recip(pb)), xs_mean(log(recip(pb)))), gt(pct_change(close, 60), xs_mean(pc
[630] code_public_0409_0: ```dsl_fire result = sub(volume, xs_quant div(volume, 0.8)) ```
[631] code_public_0297_1: ```dsl_fire ```
[632] code_public_0028_0: ```dsl_fire    ```
[633] code_public_0415_1: </think>     </think>                  ```
[634] code_public_0887_1: </think>     ```dsl_fire    ```dsl_fire  ```
[635] code_public_0159_0: ```dsl_fire      ```
[636] code_public_0010_1: </think>     ```dsl_fire    ```
[637] code_public_0044_1: </think>     </think>         ```
[638] code_public_0199_1: ```dsl_fire      ```
[639] code_public_0017_0: ```dsl_fire      ```
[640] code_public_0491_1: </think>     </think>     </think>   ```
[641] code_public_0746_0: ```dsl_fire      ```
[642] code_public_0396_0: ```dsl_fire result = div(sub(open, 90), group_mean(pct_change(open, 90))), industry)) ```
[643] code_public_0307_1: </think>  ```dsl_f absolute(add(1.0, ab ab absolute(pct_change(pb, 10)))) ```
[644] code_public_0880_1: </think>  ```dsl_fire    ```
[645] code_public_0730_0: ```dsl_fire    ```
[646] code_public_0148_1: ```dsl_fire result = neg(pct_change(open, 10)) ```
[647] code_public_0184_1: </think>  ```dsl_fire    ```
[648] code_public_0900_1: ```dsl_fire      ```
[649] code_public_0500_1: ```dsl_fire      ```
[650] code_public_0512_1: ```dsl_fire result = add(log(market_cap), div(sub(close, vwap), vwap)) ```
[651] code_public_0547_0: </think>     ```dsl_fire      ```
[652] code_public_0220_1: </think>   ```dsl_fire      ```dsl_fire result = where(gt(pct_change(close, 20), xs_mean(pct_change(close, 20))), gt(div
[653] code_public_0267_0: </think>   ```dsl_fire result = where(logicalical_fire ```
[654] code_public_0451_1: ```
[655] code_public_0080_0: </think>     </think>               ```
[656] code_public_0310_1: ```dsl_fire result = m open open open open open open open open open open open open open open open open open open open op
[657] code_public_0798_0: ```dsdsdsl_fire    ```
[658] code_public_0420_1: </think>     </think>     ```
[659] code_public_0652_1: ```dsl_fire result = sub(volume, ts_quantile(volume, 15, 0.7)) ```
[660] code_public_0922_1: </think>     ```dsl_fire    ```dsl_fire  ```
[661] code_public_0077_1: </think>     </think>     </think>   ```
[662] code_public_0649_1: ```dsl_fire result = sub(high, xs_quantile(high, 0.8)) ```
[663] code_public_0153_0: ```dsl_fire result = div(sub(volume, ts_mean(volume, 30)), sub(volume, 30)) ```
[664] code_public_0684_0: ```dsl_fire      ```dsl_fire result = ts_prod(addaddaddadd(1.0, pct_change(volume, 1)), ts_mean(volume, 20))```
[665] code_public_0203_0: ```dsl_fire result = ts_f(ts_mean(volume, 10)) ```
[666] code_public_0548_1: ```dsl_fire result = neg(pct_change(vwap, 20)) ```
[667] code_public_0050_1: </think>   </think>     ```dsl_fire    ```
[668] code_public_0064_0: ```dsl_fire result = sub(volume, group_mean(volume, industry)) ```
[669] code_public_0163_0: </think>     ```
[670] code_public_0082_1: ```dsl_fire result = where(logical_or(le(ts_std(pct_change(close, 1), 20), xs_mean(ts_std(pct_change(close, 1), 20))), g
[671] code_public_0397_1: </think>  ```dsl_fire    ```dsl_fire  ```
[672] code_public_0246_0: ```dsl_fire result = sub(log1p(tsvolume, 20)), xs_quant div(absolute(log1p(ts_mean(volume, 20))), 0.0) ```
[673] code_public_0042_0: ```dsl_fire result = div(sub(close, 2), sub(pct_change(close, 2), 2), ts_min(low, 2)) ```
[674] code_public_0742_1: ```dsl_fire             ```
[675] code_public_0714_0: ```dsl_fire result = pct_change(close, 45) ```
[676] code_public_0824_0: ```dsl_fire result = sub(close, ts_qu 20) ```
[677] code_public_0114_0: ```dsl_fire      ```
[678] code_public_0660_0: </think>     ```dsl_fire    ```
[679] code_public_0469_0: ```dsl_fire result = ab ab ab ab ab ab ab ab ab ab ab ab ab ab ab ab ab ab ab ab ab ab ab ab ab ab ab ab ab ab ab ab ab 
[680] code_public_0641_1: </think>     ```dsl_fire    ```
[681] code_public_0496_1: </think>  ```dsl_fire result = exp(minimum(pct_change(vwap, 20), 0.1)) ```
[682] code_public_0282_0: ```dsl_fire result = where(ge(high, xs_mean(high)), open, xs_mean(high)) ```
[683] code_public_0401_0: ```
[684] code_public_0549_1: </think>  ```dsl_fire    ```
[685] code_public_0276_0: ```dsl_fire      ```dsl_fire result = ts_prod(pct_change(pb, 1), 5) ```
[686] code_public_0137_0: </think>  ```dsl_fire    ```
[687] code_public_0215_1: </think>     ```dsl_fire      ```
[688] code_public_0101_1: </think>  </think>  ```dsl_fire    ```
[689] code_public_0609_0: ```dsl_fire result = where(logical_not(lt(close, ts_mean(close, 20)), neg(pct_change(close, 3)), -1.0)), pct_change(clos
[690] code_public_0639_1: </think>  ```dsl_fire    ```
[691] code_public_0982_0: ```dsl_fire result = ab ab ab ab ab ab ab ab ab ab ab ab ab ab ab ab ab ab ab ab ab ab ab ab ab ab ab ab ab ab ab ab ab 
[692] code_public_0259_1: </think>  ```dsl_fire    ```
[693] code_public_0268_1: </think>  ```dsl_fire    ```
[694] code_public_0230_1: </think>     </think>     ```
[695] code_public_0695_0: </think>     ```dsl_fire    ```
[696] code_public_0080_1: </think>  ```dsl_fire       result = ab ab ab ab ab ab ab ab ab ab ab ab ab ab ab absolute(div(sub(close, 2)), xs_sum(ab
[697] code_public_0662_0: ```dsl_fire    ```
[698] code_public_0038_0: ```dsl_fire result = sub(ts_mean(pct_change(close, 1), 15), ts_var(pct_change(close, 1), 90)) ```
[699] code_public_0644_1: </think>  </think>  ```dsl_fire    ```
[700] code_public_0869_0: </think>     </think>         ```
[701] code_public_0165_1: </think>   ```dsl_fire      ```
[702] code_public_0285_0: ```dsl_fire      ```
[703] code_public_0089_0: ```dsl_fire result = div(sub(open, xs_median(open)), xs_std(open)) ```
[704] code_public_0363_1: </think>     </think>     ```
[705] code_public_0726_1: </think>  </think>  ```dsl_fire    ```dsl_fire   ```
[706] code_public_0846_0: ```dsl_fire result = mod(volume, 1000000.0) ```
[707] code_public_0309_0: ```dsl_fire result = pct_change(open, 90) ```
[708] code_public_0116_0: ```dsl_fire result = mod(pb, 10000.0) ```
[709] code_public_0105_1: </think>  ```dsl_fire    ```
[710] code_public_0459_0: </think>   </think>  ```dsl_fire   ```
[711] code_public_0201_1: ```dsl_fire result = where(logical_or(ne(sign(pct_change(close, 1)), -1.0), lt(close, ts_mean(close, 20))), pct_change(c
[712] code_public_0250_0: ```dsdsl_fire     ```
[713] code_public_0877_0: ```dsl_fire result = div(sub(tststsan(high, 60),), group_min(high, 60), industry)), group_stdd(high, 60) ```
[714] code_public_0775_1: </think>  </think>  ```dsl_fire    ```
[715] code_public_0501_0: ```dsl_fire result = add(div(sub(gt(close, ts_mean(close, 90), sub(recip(pb)), xs_mean(recip(pb))), neg(log(market_cap))
[716] code_public_0200_1: ```dsl_fire      ```
[717] code_public_0461_0: ```dsl_fire      ```
[718] code_public_0843_1: ```dsl_fire result = sign(pct_change(vwap, 3)) ```
[719] code_public_0127_0: ```dsl_fire result = sub(close, ts_mean(close, 90)) ```
[720] code_public_0975_0: </think>  ```dsl_fire result = ab ab ab ab ab ab ab ab ab ab ab ab ab ab ab ab ab ab absolute(div(sub(opopen, 20)), xs_s
[721] code_public_0198_1: </think>  ```dsl_fire result = log10(add(1.0, absolute(pct_change(pb, 5)))) ```
[722] code_public_0947_1: </think>   </think>     </think>     ```
[723] code_public_0787_0: ```dsdsdsdsdsdsdsdsl_fire     ```
[724] code_public_0048_1: </think>                        </think>     ```
[725] code_public_0742_0: </think>           </think>     </think>   ```
[726] code_public_0853_1: ```
[727] code_public_0529_0: ```dsl_fire result = sub(high, xs_quant div(high, 0.2)) ```
[728] code_public_0718_1: </think>   ```dsl_fire      ```dsl_fire result = where(gt(log1p(ts_mean(volume, 20)), xs_mean(log1p(ts_mean(volume, 20))
[729] code_public_0868_0: ```dsdsdsl_fire    ```
[730] code_public_0935_1: ```dsl_fire result = ts_sum(pct_change(pb, 1), 20) ```
[731] code_public_0103_0: ```dsl_fire    ```
[732] code_public_0670_1: ```
[733] code_public_0404_0: </think>     </think>     ```
[734] code_public_0350_0: </think>  ```dsl_fire       ```
[735] code_public_0231_1: ```dsl_fire    ```
[736] code_public_0365_1: ```dsl_fire result = ts_argmin(vwap, 5) ```
[737] code_public_0036_0: </think>     </think>     ```dsl_fire    ```
[738] code_public_0353_0: ```dsl_fire      ```dsl_fire result = ts_prod(addaddadd(1.0, pct_change(volume, 1)), 90) ```
[739] code_public_0366_1: </think>     </think>     ```
[740] code_public_0485_0: </think>  ```dsl_fire    ```
[741] code_public_0432_0: ```dsdsdsdsdsdsdsdsl_fire     ```
[742] code_public_0631_1: ```dsl_fire result = sub(close, ts_mean(close, 5)) ```
[743] code_public_0813_1: </think>     </think>   ```dsl_fire      ```
[744] code_public_0418_1: ```dsl_fire result = where(logical_and(gt(recip(pb), xs_mean(recip(pb))), le(log(recip(pb), xs_mean(recip(pb))), xs_std(
[745] code_public_0528_0: ```dsl_fire result = sub(market_cap, ts_qu 20, 7, 7, 0.7))   ```
[746] code_public_0327_1: ```dsl_fire ```dsl_fire   ```
[747] code_public_0051_1: </think>     </think>     </think>   ```
[748] code_public_0075_0: </think>  ```dsl_fire    ```
[749] code_public_0836_1: </think>     </think>         ```
[750] code_public_0489_0: ```dsl_fire result = group group group group group group group group group group group group group group group group gro
[751] code_public_0513_0: </think>  ```dsl_fire       ```
[752] code_public_0608_1: </think>     </think>     ```
[753] code_public_0892_0: ```dsl_fire result = mod(pb, 100000000.0) ```
[754] code_public_0041_1: </think>  ```dsl_fire    ```
[755] code_public_0443_0: ```dsl_fire result = ab ab ab ab ab ab ab ab ab ab ab ab ab ab ab ab ab ab ab ab ab ab ab ab ab ab ab ab ab ab ab ab ab 
[756] code_public_0755_1: </think>     </think>     </think>   </think>     ```
[757] code_public_0581_1: </think>  ```dsl_fire    ```
[758] code_public_0257_0: ```dsl_fire result = add(log(recip(pct_change(close, 20), 20), neg(log(market_cap))) ```
[759] code_public_0681_0: ```dsl_fire result = ab ab ab ab ab ab ab ab ab ab ab ab ab ab ab ab ab ab ab ab ab ab ab ab ab absolute(div(div(pb, 20)
[760] code_public_0075_1: </think>  ```dsl_fire    ```
[761] code_public_0601_1: </think>     </think>     ```
[762] code_public_0828_1: </think>     </think>     ```dsl_fire result = where(logicalicalabsolute(recip(pb), xs_mean(volume)), xs_mean(neg(log(ma
[763] code_public_0705_1: ```dsl_fire      ```
[764] code_public_0766_1: </think>  ```dsl_fire    ```
[765] code_public_0117_1: ```dsl_fire result = sub(pb, 10) ```
[766] code_public_0222_0: ```dsl_fire result = div(sub(close, ts_min(low, 15)), sub(tsclose, 15)) ```
[767] code_public_0237_0: ```dsl_fire result = sign(pct_change(vwap, 90)) ```
[768] code_public_0303_0: ```dsl_fire result = ts_win_cumsum(pct_change(market_cap, 1), 60) ```
[769] code_public_0503_0: ```dsl_fire result = sign(pct_change(vwap, 10)) ```
[770] code_public_0553_1: ```dsl_fire result = where(logical_not(gt(close, ts_mean(close, 20))), neg(pct_change(close, 3)), 0.0) ```
[771] code_public_0691_1: ```dsl_fire    ```
[772] code_public_0091_1: ```dsl_fire result = add(log(recip(pb)), neg(div(sub(log(market_cap), xs_mean(log(market_cap))), xs_std(log(market_cap))
[773] code_public_0165_0: ```dsl_fire    ```
[774] code_public_0186_0: ```dsl_fire result = where(ge(market_cap, xs_mean(market_cap)), market_cap, xs_mean(market_cap)) ```
[775] code_public_0236_1: </think>  ```dsl_fire    ```
[776] code_public_0704_0: ```dsl_fire result = ts_sum(pct_change(close, 1), 30) ```
[777] code_public_0703_0: </think>  ```dsl_fire result = ts_fire  ```
[778] code_public_0341_1: ```dsl_fire result = where(logical_xor(logical_xor(gt(recip(pb), xs_mean(recip(pb))), gt(log1p(ts_mean(volume, 20)), xs_
[779] code_public_0106_1: </think>  ```dsl_fire      ```
[780] code_public_0358_0: ```dsl_fire result = sub(tsts_max(pct_change(close, 1), 5), ts_var(pct_change(close, 1), 30)) ```
[781] code_public_0356_1: ```dsl_fire result = sub(pb, ts_quantile(pb, 90, 0.7)) ```
[782] code_public_0774_0: ```dsl_fire result = cbrt(pct_change(vwap, 60)) ```
[783] code_public_0761_1: </think>     ```
[784] code_public_0206_1: </think>  </think>  ```dsl_fire    ```
[785] code_public_0570_1: </think>     </think>     ```
[786] code_public_0974_1: </think>  </think>                  </think>     </think>         ```
[787] code_public_0232_0: ```dsl_fire    ```dsl_fire  ```
[788] code_public_0260_1: </think>     </think>     </think>   ```
[789] code_public_0390_0: ```dsl_fire result = sub(close, xs_quantile(close, 2)), div(sub(close, xs_mean(close)), sub(close, 2)), 0.0) ```
[790] code_public_0238_0: ```dsl_fire result = ts_corrrrrrrrrrrrrrrrrrrrrrrrrrrrrrrrrrrrrrrrrrrrrrrrrrrrrrrrrrrrrrrrrrrrrrrrrrrrrrrrrrrrrrrrrrrrrr
[791] code_public_0533_1: ```dsl_fire result = ts_prod(addaddaddadd(1.0, 15)), 15) ```
[792] code_public_0563_1: ```dsl_fire result = where(logical_xor(lt(close, ts_mean(close, 20)), ge(volume, ts_mean(volume, 20))), pct_change(close
[793] code_public_0118_1: </think>     ```dsl_fire    ```
[794] code_public_0345_1: </think>     </think>     </think>   ```
[795] code_public_0473_0: ```dsl_fire result = div(sub(close, ts_min(low, 2)), sub(ts_max(high, 20), ts_min(low, 2))) ```
[796] code_public_0012_1: ```dsl_fire result = neg(pct_change(vwap, 2)) ```
[797] code_public_0812_0: </think>     </think>     </think>     </think>   ```
[798] code_public_0567_1: </think>     ```dsl_fire      ```
[799] code_public_0859_0: </think>     </think>     ```dsl_fire    ```
[800] code_public_0629_1: ```dsl_fire result = where(logical_and(gt(recip(pb), xs_mean(recip(pb))), gt(pct_change(close, 20), xs_mean(pct_change(c
[801] code_public_0573_0: ```dsl_fire      ```
[802] code_public_0447_0: </think>  ```dsl_fire result = div(sub(close, ts_min(low, 90)), sub(ts_max(high, 90), ts_min(low, 90))) ```
[803] code_public_0274_0: ```dsl_fire result = ts_std(pct_change(close, 1), 60)) ```
[804] code_public_0810_0: ```
[805] code_public_0010_0: ```dsl_fire    ```
[806] code_public_0184_0: </think>  ```dsl_fire    ```
[807] code_public_0452_1: ```dsl_fire result = where(logical_and(gt(recip(pb), xs_mean(recip(pb))), gt(pct_change(close, 60), xs_mean(pct_change(c
[808] code_public_0704_1: ```dsl_fire result = ts_sum(pct_change(close, 1), 30) ```
[809] code_public_0948_1: ```dsl_fire      ```
[810] code_public_0276_1: ```dsl_fire      ```
[811] code_public_0430_1: </think>     </think>     ```
[812] code_public_0330_1: ```dsl_fire result = sub(market_cap, ts_quantile(market_cap, 90, 0.7```
[813] code_public_0867_0: ```dsl_fire      ```dsl_fire result = ts_prod(addaddaddaddaddaddadd(1.0, pct_change(close, 1)), 60)), 1.0)) ```
[814] code_public_0455_0: </think>     ```dsl_fire result = sub(div(tsvolute(log(market_cap)), xs_mean(log1p(ts_mean(volume, 20))))), div(absolute
[815] code_public_0679_1: </think>     </think>     ```
[816] code_public_0057_0: ```dsl_fire      ```dsl_fire result = ts_prod(addadd(market_cap, pct_change(market_cap, 1)), 5)), ts_stddddddddddd(marke
[817] code_public_0341_0: ```dsl_fire result = where(logical_xor(logical_xor(gt(recip(pb), xs_mean(recip(pb))), gt(log1p(ts_mean(volume, 20)), xs_
[818] code_public_0347_1: ```
[819] code_public_0847_0: ```dsl_fire      ```dsl_fire ```
[820] code_public_0219_0: </think>  ```dsl_fire          ```
[821] code_public_0334_1: ```dsl_fire result = where(logical_xor(gt(recip(pb), xs_mean(recip(pb))), le(log(recip(pb), xs_mean(recip(pb))), xs_mean
[822] code_public_0606_1: </think>     ```dsl_fire      ```dsl_ffire     ```
[823] code_public_0855_0: ```dsl_fire      ```
[824] code_public_0666_1: </think>     </think>                  ```
[825] code_public_0023_1: ```dsl_fire ```
[826] code_public_0940_1: </think>     </think>     </think>     </think>   ```
[827] code_public_0941_0: ```dsl_fire result = xs_corrr(close, xs_mean(close)) ```
[828] code_public_0298_0: ```dsl_fire result = ab ab ab ab ab ab ab ab ab ab ab ab ab ab ab ab ab ab ab ab ab ab ab ab ab ab ab ab ab ab ab ab ab 
[829] code_public_0523_1: </think>     </think>     </think>   ```dsl_fire      ```
[830] code_public_0138_0: ```dsl_fire result = where(logical_xor(lt(close, ts_mean(volume, 20)), ge(volume, ts_mean(volume, 20))), pct_change(clos
[831] code_public_0302_0: </think>     </think>     ```dsl_fire result  ```dsl_fire   ```
[832] code_public_0996_0: </think>     </think>     ```dsl_fire    ```
[833] code_public_0370_0: ```dsl_fire result = div(sub(pb, group_mean(reclose, industry)), group_stddddddddddddddddd(recip(pb), industry)) ```
[834] code_public_0643_1: ```dsl_fire ```
[835] code_public_0828_0: </think>     </think>     ```dsl_fire result = where(logicalicalicalicalicalicalicalicalicalicalicalicalicalicalicalical
[836] code_public_0754_1: </think>     </think>     </think>   ```dsl_fire      ```
[837] code_public_0573_1: </think>     </think>     </think>   ```
[838] code_public_0644_0: </think>  ```dsl_fire    ```
[839] code_public_0482_0: </think>     </think>     ```dsl_fire    ```
[840] code_public_0514_0: ```dsl_fire result = div(sub(pb, 90)), sub(pct_change(volume, 90))) ```
[841] code_public_0361_1: </think>     </think>     ```
[842] code_public_0313_0: </think>     ```dsl_fire    ```
[843] code_public_0767_1: </think>  ```dsl_fire    ```
[844] code_public_0015_0: ```dsl_fire result = ts_std(pct_change(close, 1), 45) ```
[845] code_public_0614_1: </think>     </think>     </think>   ```dsl_fire      ```
[846] code_public_0770_0: ```dsl_fire    ```
[847] code_public_0884_0: ```dsl_fire result = ts_sum(pct_change(market_cap, 1), 15) ```
[848] code_public_0955_0: ```dsl_fire      ```dsl_fire result = ts_std(pct_change(close, 1), 20) ```
[849] code_public_0128_0: </think>   </think>     </think>     ```dsl_fire result = div(sub(volume, ts_mean(volume, 10)), ts_std(volume, 10)), ts_
[850] code_public_0500_0: ```dsdsl_fire     ```
[851] code_public_0836_0: </think>     </think>         ```
[852] code_public_0101_0: </think>  ```dsl_fire    ```
[853] code_public_0090_1: </think>  </think>   ```dsl_fire      ```
[854] code_public_0997_1: ```dsl_fire result = sub(close, ts_qu 60) ```
[855] code_public_0359_0: </think>  ```dsl_fire          ```
[856] code_public_0248_0: </think>  ```dsl_fire    ```
[857] code_public_0235_0: ```dsl_fire result = log101010(ts_mean(volume, 2)) ```
[858] code_public_0748_0: ```dsl_fire result = neg(mul(div(ts_mean(volume, 2), ts_mean(volume, 90)), pct_change(close, 2))) ```
[859] code_public_0804_1: ```dsl_fire result = ts_arargmaxmin(close, 20) ```
[860] code_public_0247_1: ```dsl_fire result = xs_mean(high, 7)  ```
[861] code_public_0380_1: ```dsl_fire result = ts_sum(pct_change(close, 1), 60) ```
[862] code_public_0922_0: </think>  ```dsl_fire    ```dsl_fire   ```
[863] code_public_0120_1: ```dsl_fire result = xs_prod(add(1.0, 3)) ```
[864] code_public_0808_1: ```dsl_fire result = mod(volume, 500.0) ```
[865] code_public_0769_0: </think>   </think>     </think>     ```dsl_fire result = div(sub(volume, ts_mean(volume, 30)), ts_std(volume, 30)), ts_
[866] code_public_0457_0: ```dsl_fire result = div(vwap, 90) ```
[867] code_public_0121_1: ```dsl_fire result = ts_sum(pct_change(pb, 90)), 90) ```
[868] code_public_0372_1: </think>  </think>  ```dsl_fire    ```
[869] code_public_0992_1: </think>  </think>  ```dsl_fire    ```
[870] code_public_0719_1: ```dsl_fire    ```
[871] code_public_0424_1: ```dsl_fire result = where(gt(sqrt(recip(pb)), xs_mean(sqrt(recip(pb)))), neg(log(market_cap)), 0.0) ```
[872] code_public_0252_1: ```dsl   ```dsl_ffffffire ```
[873] code_public_0466_1: ```dsl_fire ```
[874] code_public_0204_1: </think>  </think>   ```dsl_fire   ```
[875] code_public_0472_0: ```dsl_fire result = ababsolute(pct_change(vwap, 5), 0.0) ```
[876] code_public_0107_1: ```
[877] code_public_0158_1: ```dsl_fire result = log(recip(pb)) ```
[878] code_public_0522_1: </think>     ```dsl_fire    ```
[879] code_public_0454_0: ```dsl_fire result = div(sub(log1ppvolume, 45)), 45) ```
[880] code_public_0292_1: </think>  ```dsl_fire    ```
[881] code_public_0857_0: ```dsl_fire      ```
[882] code_public_0486_0: </think>     </think>         ```
[883] code_public_0467_1: </think>     </think>     </think>   ```
[884] code_public_0182_0: ```dsl_fire result = div(sub(vwap, shiftift(vwap, 7)), shiftiftiftiftiftiftiftiftiftift shiftiftiftiftift shiftiftiftift
[885] code_public_0685_1: </think>  ```dsl_fire      ```
[886] code_public_0872_1: </think>     </think>     </think>   ```
[887] code_public_0894_0: ```dsl_fire result = where(logical_and(gt(recip(pb), xs_mean(recip(pb))), gt(neg(pct_change(close, 10)), xs_mean(neg(log
[888] code_public_0588_1: ```dsl_fire result = sub(volume, ts_quantile(volume, 45, 0.7```
[889] code_public_0516_0: ```dsl_fire    ```
[890] code_public_0272_1: ```dsl_fire result = ts_reg_res(log1p(volume), log(market_cap), 45) ```
[891] code_public_0904_0: </think>     </think>     ```
[892] code_public_0617_0: ```dsl_fire      ```
[893] code_public_0850_1: ```dsl_fire result = where(logical_and(gt(recip(pb), xs_mean(recip(pb))), gt(log(recip(pb)), xs_mean(log(recip(pb))))), 
[894] code_public_0066_1: </think>  ```dsl_fire    ```
[895] code_public_0469_1: ```dsl_fire    ```dsl_fire result = ab ab ab ab ab ab ab ab ab ab ab ab ab ab ab ab ab ab ab ab ab ab ab ab ab ab ab ab 
[896] code_public_0622_1: </think>     ```dsl_fire    ```
[897] code_public_0464_0: </think>     </think>     ```dsl_fire    ```
[898] code_public_0651_1: </think>  ```dsl_fire    ```
[899] code_public_0616_1: ```dsl_fire result = div(sub(close, ts_min(low, 2)), sub(ts_max(high, 2))), ts_min(low, 2)) ```
[900] code_public_0784_1: </think>                        </think>     ```
[901] code_public_0320_0: ```dsl_fire result = where(logical_and(le(volume, ts_mean(volume, 10)), ne(sign(pct_change(close, 1)), -1.0)), pct_chang
[902] code_public_0087_0: ```dsl_fire result = sub(div(volume, 20)), div(market_cap, xs_mean(market_cap))) ```
[903] code_public_0035_1: ```dsl_fire result = exp(minimum(pct_change(pb, 15), 0.1)) ```
[904] code_public_0605_0: </think>  ```dsl_fire       ```dsl_fire      ```
[905] code_public_0840_0: ```dsl_fire result = div(sub(tstsvolume, 45)), clo market_std(pct_change(close, 45), 45)), 45) ```
[906] code_public_0472_1: </think>  </think>  ```dsl_fire    ```
[907] code_public_0148_0: ```dsl_fire result = div(sub(pct_change(open, 10), 10)), ts_vwap) ```
[908] code_public_0913_0: ```
[909] code_public_0336_1: </think>   </think>     </think>     ```dsl_ffire   ```
[910] code_public_0694_0: ```dsl_fire result = div(sub(market_cap, 2), group_mean(market_cap, 2)), group_stdddddd(market_cap, 2), industry)) ```
[911] code_public_0271_0: ```dsl_fire result = sub(market_cap, xs_quantile(market_cap, 0.8))  ```
[912] code_public_0250_1: </think>  ```dsl_fire    ```
[913] code_public_0309_1: </think>  ```dsl_fire    ```
[914] code_public_0950_0: ```dsl_fire result = exp(minimum(pct_change(pb, 7), 0.1)) ```
[915] code_public_0319_0: </think>     </think>     ```
[916] code_public_0481_1: </think>     </think>     ```
[917] code_public_0748_1: ```dsl_fire result = neg(mul(div(volume, xs_mean(volume, 90)), pct_change(close, 90))) ```
[918] code_public_0362_1: </think>     ```dsl_fire    ```
[919] code_public_0834_0: ```dsl_fire result = ts_win_cumsum(pct_change(market_cap, 1), 15) ```
[920] code_public_0838_0: </think>     </think>     ```dsl_fire    ```
[921] code_public_0640_0: ```dsl_fire      ```
[922] code_public_0374_0: ```dsl_fire result = neg(pct_change(vwap, 15)) ```
[923] code_public_0882_0: </think>  ```dsl_fire ```
[924] code_public_0381_0: </think>     </think>     </think>   </think>     ```
[925] code_public_0993_1: ```dsl_fire      ```
[926] code_public_0911_1: </think>  ```dsl_fire    ```
[927] code_public_0383_1: </think>  ```dsl_fire    ```
[928] code_public_0240_0: ```dsl_fire result = div(sub(vwap, xs_median(vwap)), xs_std(vwap))  ```
[929] code_public_0063_0: ```dsl_fire result = exp(minimum(div(sub(vwap, xs_mean(vwap)), xs_std(vwap)), 1.0)) ```
[930] code_public_0404_1: </think>   ```
[931] code_public_0402_0: ```dsl_fire ```
[932] code_public_0263_0: ```dsl_fire result = div(sub(pb, xs_median(pb)), xs_std(pb)) ```
[933] code_public_0303_1: ```dsl_fire result = ts_w   ```
[934] code_public_0753_1: ```dsl_fire    </think>  ```dsl_fire    ```
[935] code_public_0068_1: ```dsl_fire result = sub(close, ts_quantile(close, 30, 0.8)) ```
[936] code_public_0434_0: </think>     ```dsl_fire    ```
[937] code_public_0717_1: ```dsl_fire result = add(log(recip(pb)), div(sub(log(market_cap), xs_mean(log(market_cap))), xs_stdd(log(market_cap)))) 
[938] code_public_0594_0: ```dsl_fire result = sub(market_cap, xs_mean(market_cap)) ```
[939] code_public_0045_0: </think>     </think>     ```
[940] code_public_0245_1: </think>   </think>     ```dsl_fire    ```
[941] code_public_0449_0: ```dsl_fire result = ts_sum(pct_change(pb, 1), 10) ```
[942] code_public_0971_0: </think>  ```dsl_fire ```
[943] code_public_0620_0: ```dsl_fire result = where(logical_and(ge(volume, ts_mean(volume, 20)), eq(sign(pct_change(close, 1)), 1.0)), pct_change
[944] code_public_0587_0: ```dsl_fire result = div(sub(close, ts_min(low, 10)), sub(tsclose, 10)) ```
[945] code_public_0949_0: ```dsl_fire result = ts_win_cumsum(pct_change(market_cap, 1), 10) ```
[946] code_public_0329_1: ```dsl_fire result = where(logical_or(gt(pct_change(close, 1), xs_mean(recip(pb))), pct_change(close, 5), 0.0) ```
[947] code_public_0697_1: </think>     </think>     </think>   ```dsl_fire      ```
[948] code_public_0834_1: ```dsl_fire result = ts_w   ```
[949] code_public_0398_1: </think>   ```dsl_fire      ```dsl_fire result = where(gt(recip(pb), xs_mean(recip(pb))), xs_mean(log(recip(pb)))), neg(
[950] code_public_0110_0: ```dsl_fire    ```
[951] code_public_0957_0: ```dsl_fire result = ts_prod(addadd(1.0, pct_change(volume, 7)))) ```
[952] code_public_0978_1: </think>     </think>            ```
[953] code_public_0427_1: </think>     </think>         ```
[954] code_public_0772_1: </think>     ```dsl_fire      ```result = where(logicalicalical_and(gt(log1p(tsvolume, 20)), xs_mean(log1p(ts_mean(volum
[955] code_public_0651_0: ```dsl_fire result = exp(minimum(pct_change(close, 7))) ```
[956] code_public_0185_1: </think>     </think>     ```
[957] code_public_0647_0: ```dsl_fire     ```dsl_fire ```
[958] code_public_0685_0: ```dsl_fire      ```dsl_fire result = ts_prod(addadd)) ```
[959] code_public_0927_0: ```dsl_fire result = div(sub(close, 7)), sub(close), sub(close), ts_min(low, 7)) ```
[960] code_public_0597_1: </think>     </think>     </think>   ```
[961] code_public_0709_0: </think>     ```dsl_fire    ```
[962] code_public_0729_1: </think>     </think>     </think>   ```
[963] code_public_0807_0: ```ds     ```ds
[964] code_public_0269_1: </think>  ```dsl_fire    ```
[965] code_public_0762_1: ```dsl_fire    ```
[966] code_public_0950_1: </think>  ```dsl_fire    ```
[967] code_public_0864_0: ```dsl_fire    ```
[968] code_public_0001_1: </think>     </think>     </think>   ```dsl_fire      ```
[969] code_public_0191_1: ```dsl_fire result = ts_reg_res(log1p(volume), log(market_cap), 30) ```
[970] code_public_0155_1: </think>     </think>     </think>   ```
[971] code_public_0875_1: </think>   ```dsl_fire      ```
[972] code_public_0559_1: </think>     </think>     </think>   </think>     ```
[973] code_public_0030_0: ```dsl_fire result = group group group group group group group group group group group group group group group group gro
[974] code_public_0197_0: </think>  ```dsl_fire       ```dsl_fire      ```
[975] code_public_0887_0: ```dsl_fire    ```dsl_fire  ```
[976] code_public_0275_0: ```dsl_fire result = maximum(pct_change(pb, 5), 0.0) ```
[977] code_public_0333_0: </think>     </think>     ```
[978] code_public_0189_1: ```dsl_fire result = where(gt(sqrt(recip(pb)), xs_mean(sqrt(recip(pb)))), neg(log(market_cap)), 0.0) ```
[979] code_public_0792_1: ```dsl_fire ```
[980] code_public_0831_0: ```dsdsl_fire     ```
[981] code_public_0782_1: </think>  ```dsl_fire result = ab ab ab ab absub(div(sub(vwap, 30), xs_mean(vwap)))) ```
[982] code_public_0125_1: </think>     </think>     ```
[983] code_public_0591_1: </think>   ```dsl_fire      ```
[984] code_public_0099_0: </think>  ```dsl_fire    ```
[985] code_public_0033_1: ```dsl_fire result = ts_reg_res(pct_change(close, 20), recip(pb), 15) ```
[986] code_public_0044_0: ```dsl_fire      ```
[987] code_public_0132_1: ```dsl_fire result = neg(mul(div(ts_mean(volume, 5), ts_mean(volume, 30)), pct_change(close, 5))) ```
[988] code_public_0537_0: </think>     ```dsl_fire result = where(gt(recip(pb), xs_mean(recip(pb))), xs_mean(neg(log(recip(pb)))))), neg(log(marke
[989] code_public_0193_1: ```dsl_fire ```
[990] code_public_0584_0: </think>     </think>     </think>   ```
[991] code_public_0300_1: ```dsl_fire ```
[992] code_public_0511_1: </think>  ```dsl_fire    ```
[993] code_public_0521_1: ```dsl_fire result = sub(tsts_max(high, 45)), sub(ts_max(high, 45)), ts_max(high, 45)) ```
[994] code_public_0873_1: ```dsl_ffire     ```
[995] code_public_0959_1: ```dsl_fire      ```dsl_fire ```
[996] code_public_0345_0: ```dsl_fire result = s shiftift(add(1.0, 5)) ```
[997] code_public_0421_1: ```dsl_fire    ```dsl_fire result = exp(minimum(pct_change(high, 2)), 0.0) ```
[998] code_public_0433_1: </think>   ```dsl_fire      ```
[999] code_public_0029_1: </think>      </think>     </think>   ```dsl_fire      ```
[1000] code_public_0592_1: </think>   </think>     </think>     ```dsl_fire result = where(gt(recip(pct_change(close, 20), xs_mean(recip(pb))), neg
[1001] code_public_0702_0: </think>  ```dsl_fire    ```
[1002] code_public_0446_0: ```dsl_fire result = s shiftift(absolute(pct_change(vwap, 3))) ```
[1003] code_public_0554_1: ```dsl_fire result = mod(market_cap, 10000.0) ```
[1004] code_public_0460_1: </think>     </think>     </think>   ```dsl_fire      ```
[1005] code_public_0909_1: </think>  ```dsl_fire    ```
[1006] code_public_0234_1: </think>  ```dsl_fire    ```
[1007] code_public_0687_0: ```dsl_fire result = ababsolute(pct_change(pb, 5), 0.0) ```
[1008] code_public_0780_0: ```dsl_fire      ```
[1009] code_public_0854_0: ```dsl_fire    ```dsl_fire result = exp(minimum(div(sub(high, 2), xs_mean(high)), ts_std(high, 2.0)) ```
[1010] code_public_0891_0: </think>   </think>     </think>     ```dsl_fire    ```
[1011] code_public_0539_1: </think>   ```dsl_fire      ```
[1012] code_public_0982_1: ```dsl_fire    ```dsl_prod(maximum(div(sub(pb, xs_mean(pb)), xs_std(recip(pb))), xs_mean(div(sub(recip(pb), xs_mean(reci
[1013] code_public_0410_1: </think>     </think>         ```
[1014] code_public_0154_0: ```dsl_fire result = ts_prod(add(1.0, 3)) ```
[1015] code_public_0817_0: ```dsl_fire result = ts_argmaxmin(close, 15) ```
[1016] code_public_0785_1: ```dsl_fire result = ts_sum(pct_change(close, 2)) ```
[1017] code_public_0677_1: </think>     </think>     ```
[1018] code_public_0845_1: ```dsl_fire result = where(logical_xor(logical_xor(gt(pct_change(close, 7), xs_mean(log1p(ts_mean(volume, 20)))), gt(pct
[1019] code_public_0767_0: ```dsl_fire result = ts_win_cumsum(pct_change(market_cap, 1), 5) ```
[1020] code_public_0985_0: ```dsl_fire    ```
[1021] code_public_0109_1: </think>   ```dsl_fire      ```dsl_fire result = where(low, 5), pct_change(close, 5), 0.0) ```
[1022] code_public_0938_0: </think>  ```dsl_fire    ```dsl_fire   ```
[1023] code_public_0138_1: ```dsl_fire result = where(logical_xor(lt(close, ts_mean(close, 20)), ge(volume, ts_mean(volume, 20))), pct_change(close
[1024] code_public_0946_0: ```dsl_fire result = sub(tsts_mean(pct_change(close, 1), 2), ts_var(pct_change(close, 1), 20)) ```
[1025] code_public_0619_0: </think>     </think>         ```
[1026] code_public_0990_1: ```dsl_fire result = where(logical_xor(logical_xor(gt(pct_change(close, 20), xs_mean(pct_change(close, 20))), gt(log(mar
[1027] code_public_0258_0: </think>     </think>                  ```
[1028] code_public_0071_0: ```dsl_fire result = log10(add(1.0, ab ab ab ab ab ab ab ab absolute(pct_change(high, 10)))) ```
[1029] code_public_0326_0: </think>  ```dsl_fire       ```
[1030] code_public_0190_0: ```dsl_fire result = ts_std(pct_change(close, 1), 20) ```
[1031] code_public_0636_1: ```dsl_fire result = where(gt(high, xs_median(high)), div(sub(high, xs_mean(high)), xs_std(high)), 0.0) ```
[1032] code_public_0947_0: </think>  ```dsl_fire      ```
[1033] code_public_0640_1: ```dsl_fire      ```
[1034] code_public_0667_1: ```dsl_fire result = add(recip(pb), neg(log(market_cap))) ```
[1035] code_public_0633_1: </think>     </think>     </think>   ```dsl_fire      ```
[1036] code_public_0688_0: ```dsl_fire    ```
[1037] code_public_0479_0: ```dsl_fire result = sub(reclose, xs_quant div(reclose, xs_quant div div div div div(sub(reclose, 0.7))) ```
[1038] code_public_0203_1: </think>     ```dsl_fire      ```
[1039] code_public_0928_1: ```dsl_fire result = ts_sum(pct_change(volume, 1), 20) ```
[1040] code_public_0477_0: ```dsl_fire result = xs_corr(pct_change(close, 60), volume) ```
[1041] code_public_0816_1: </think>  ```dsl_fire result = exp(minimum(pct_change(vwap, 5), 0.1)) ```
[1042] code_public_0864_1: </think>   ```dsl_fire      ```
[1043] code_public_0018_1: </think>  ```dsl_fire result = ab ab ab ab ab ab ab ab ab ab ab ab ab ab ab ab ab absolute(div(sub(vwap, 60)))) ```
[1044] code_public_0167_1: </think>     </think>     ```
[1045] code_public_0240_1: ```dsl_fire result = div(sub(vwap, xs_median(vwap)), xs_std(vwap))  ```
[1046] code_public_0621_0: </think>   </think>     ```dsl_fire      ```
[1047] code_public_0183_1: </think>  ```dsl_fire ```
[1048] code_public_0544_0: ```dsl_fire result = div(sub(volume, xs_median(volume)), xs_std(volume))  ```
[1049] code_public_0499_1: ```dsl_fire      ```
[1050] code_public_0493_1: </think>     ```dsl_fire      ```
[1051] code_public_0237_1: ```dsl_fire result = sign(pct_change(vwap, 90)) ```
[1052] code_public_0278_0: </think>  ```dsl_fire       ```dsl_fire      ```
[1053] code_public_0839_1: ```dsl_fire   ```
[1054] code_public_0483_0: ```dsl_fire result = neg(mul(div(ts_mean(volume, 2), ts_mean(volume, 30)), pct_change(close, 2))) ```
[1055] code_public_0768_1: ```dsl_fire result = xs_sum(vwap, shiftift(vwap, 15)), shiftiftift shift(vwap, 15)) ```
[1056] code_public_0804_0: ```dsl_fire result = ts_argmaxmin(close, 20) ```
[1057] code_public_0124_1: </think>     ```dsl_fire result = ts_fire  ```
[1058] code_public_0172_1: ```dsl_fire    </think>  ```
[1059] code_public_0673_0: ```dsl_fire result = div(sub(close, ts_min(low, 60)), sub(tsclose, 60)) ```
[1060] code_public_0773_0: ```dsl_fire ```
[1061] code_public_0738_1: ```dsl_fire      ```
[1062] code_public_0867_1: </think>     </think>     </think>   ```
[1063] code_public_0795_1: </think>      </think>     ```
[1064] code_public_0538_1: </think>      </think>  ```dsl_fire result = where(gt(recip(pb), xs_mean(recip(pb))), xs_mean(div(sub(recip(pb), xs_mean
[1065] code_public_0737_0: ```dsdsl_fire     ```
[1066] code_public_0522_0: </think>  ```dsl_fire      ```
[1067] code_public_0026_0: ```dsl_fire result = mod(volume, sh shiftift(volume, 5)) ```
[1068] code_public_0930_1: ```dsl_fire result = where(logical_xor(logical_xor(gt(pct_change(close, 20), xs_mean(pct_change(close, 20))), gt(pct_cha
[1069] code_public_0552_0: ```dsl_fire    ```
[1070] code_public_0177_0: ```dsl_ffffire   ```
[1071] code_public_0518_0: ```dsl_fire result = log10(add(1.0, ab absolute(pct_change(volume, 10)))) ```
[1072] code_public_0142_1: ```dsl_fire result = where(logical_and(gt(log(recip(pb)), xs_mean(log(recip(pb)))), gt(log(pct_change(close, 20), xs_mea
[1073] code_public_0277_0: ```dsl_fire result = sign(pct_change(vwap, 30)) ```
[1074] code_public_0504_1: ```dsl_fire      ```
[1075] code_public_0300_0: ```dsl_fire ```
[1076] code_public_0256_1: ```dsl_fire result = where(logical_xor(logical_xor(gt(log1p(ts_mean(volume, 20)), xs_mean(log1p(ts_mean(volume, 20)))), 
[1077] code_public_0600_0: </think>     ```dsl_fire    ```
[1078] code_public_0712_1: ```dsl_fire result = neg(ts_std(volume, 15)) ```
[1079] code_public_0684_1: </think>     </think>     </think>   ```dsl_fire      ```
[1080] code_public_0135_1: </think>   ```dsl_fire result = where(logical_or(le(volume, ts_mean(volume, 20)), ne(sign(pct_change(close, 1)), -1.0)),
[1081] code_public_0839_0: ```dsl_fire   ```
[1082] code_public_0403_0: ```dsdsdsdsdsdsdsdsl_fire     ```
[1083] code_public_0021_0: ```dsl_fire result = ts_reg_res(log1p(volume), log(market_cap), 20) ```
[1084] code_public_0000_0: </think>  ```dsl_f ab ab ab ab ab ab ab ab ab ab ab ab ab ab ab ab ab ab ab ab ab ab ab ab ab ab ab ab ab ab ab ab ab ab
[1085] code_public_0022_0: ```dsl_fire      ```
[1086] code_public_0843_0: ```dsl_fire result = sign(pct_change(vwap, 3)) ```
[1087] code_public_0648_0: ```dsl_fire    ```
[1088] code_public_0733_1: </think>     </think>     ```
[1089] code_public_0367_1: </think>  ```dsl_fire       result = ab ab ab ab ab ab ab ab ab ab ab ab ab ab ab absolute(div(sub(open, 20)), xs_sum(ab
[1090] code_public_0262_1: </think>  ```dsl_fire    ```
[1091] code_public_0073_0: ```dsl_fire result = m mask(pct_change(close, 2), gt(close, ts_mean(close, 20)), 0.0) ```
[1092] code_public_0981_0: ```dsl_fire result = where(logical_and(ne(sign(pct_change(close, 1)), -1.0), lt(close, ts_mean(close, 20))), pct_change(
[1093] code_public_0363_0: ```dsl_fire    ```
[1094] code_public_0675_0: ```dsl_fire      ```
[1095] code_public_0036_1: </think>     </think>     </think>   ```
[1096] code_public_0164_1: </think>     </think>     </think>   ```dsl_fire      ```
[1097] code_public_0584_1: </think>         ```
[1098] code_public_0273_0: ```dsl_fire      ```
[1099] code_public_0693_1: </think>     </think>     ```
[1100] code_public_0414_1: </think>     ```dsl_fire      ```
[1101] code_public_0842_1: </think>     </think>     </think>   ```
[1102] code_public_0181_0: </think>     </think>               ```
[1103] code_public_0553_0: ```dsl_fire result = where(logical_not(gt(close, ts_mean(close, 20)), ge(close, ts_mean(close, 20))), pct_change(close, 
[1104] code_public_0473_1: ```dsl_fire result = div(sub(close, ts_min(low, 2)), sub(ts_max(high, 20), ts_min(low, 2))) ```
[1105] code_public_0593_1: </think>     </think>     </think>     </think>            ```
[1106] code_public_0123_0: ```dsl_fire result = div(sub(high, ts_min(high, 90)), sub(ts_max(high, 90), ts_min(low, 90))) ```
[1107] code_public_0435_0: </think>  ```dsl_fire       ```dsl_fire      ```
[1108] code_public_0207_0: ```dsl_fire result = ts_sum(pct_change(close, 1), 60) ```
[1109] code_public_0678_0: ```dsl_fire result = log10(add(1.0, ab ab ab ab ab ab ab absolute(volume, 7))) ```
[1110] code_public_0531_0: ```dsl_fire result = div(sub(vwap, ts_min(vwap, 60)), sub(ts_max(vwap, 60), ts_min(vwap, 60)))) ```
[1111] code_public_0934_0: </think>  ```dsl_fire    ```
[1112] code_public_0673_1: ```dsl_fire result = div(sub(close, ts_min(low, 60)), sub(tsclose, 60)) ```
[1113] code_public_0858_0: ```dsl_fire result = div(volume, 5) ```
[1114] code_public_0172_0: ```dsl_fire result = sub(ts_mean(pct_change(close, 1), 5), ts_var(pct_change(close, 1), 90)) ```
[1115] code_public_0019_0: </think>  ```dsl_fire    ```
[1116] code_public_0818_1: ```
[1117] code_public_0337_1: ```dsl_fire result = add(neg(log(market_cap)), div(sub(close, vwap), vwap)) ```
[1118] code_public_0410_0: ```dsl_fire      ```dsl_fire result = xs_cororororororr(recip xs_mean(recip(pct_change(close, 20)), pct_change(close, 20
[1119] code_public_0905_1: </think>     ```dsl_fire    ```
[1120] code_public_0830_0: ```dsl_fire result = xs_corr(vwap, volume, volume)  ```
[1121] code_public_0797_1: </think>     </think>     </think>   ```
[1122] code_public_0025_0: ```dsl_fire ```
[1123] code_public_0952_1: </think>   ```dsl_fire      ```dsl_fire result = add(recip(pb), pct_change(close, 20)) ```
[1124] code_public_0393_1: </think>     </think>     </think>   ```
[1125] code_public_0308_0: ```dsl_fire result = where(gt(high, xs_median(high)), div(sub(high, xs_mean(high)), xs_std(high)), 0.0) ```
[1126] code_public_0097_0: ```dsl_fire result = s shiftift(pct_change(vwap, 30)) ```
[1127] code_public_0112_1: </think>  ```dsl_fire    ```
[1128] code_public_0966_0: ```dsl_fire result = sub(pct_change(close, 2), pct_change(close, 20)) ```
[1129] code_public_0962_0: </think>     </think>         ```
[1130] code_public_0989_0: </think>  ```dsl_fire result = ts_std(pct_change(close, 1), 5 1.0), 5mean(pct_change(close, 5))) ```
[1131] code_public_0344_0: ```dsl_fire result = maximum(pct_change(pb, 3), 0.0) ```
[1132] code_public_0241_0: ```dsl_fire result = ab ab ab ab ab ab ab ab ab ab ab ab ab ab ab ab ab ab ab ab ab ab ab ab ab ab ab ab ab ab ab ab ab 
[1133] code_public_0754_0: ```dsl_fire      ```dsl_fire result = xs_mean(pct_change(high, 7)) ```
[1134] code_public_0908_1: ```dsl_fire result = ts_reg_res(pct_change(close, 20), recip(pb), 30) ```
[1135] code_public_0368_1: ```dsl_fire result = sh sh shift(volume, 45) ```
[1136] code_public_0425_0: ```dsl_fire    ```dsl_fire result = exp(minimum(div(volume, xs_mean(volume)), 4.0)) ```
[1137] code_public_0819_0: </think>     </think>                  ```
[1138] code_public_0321_1: ```dsl_fire result = sub(close, xs_quantile(close, 0.8)) ```
[1139] code_public_0372_0: </think>  </think>  ```dsl_fire result = ts_fire  ```
[1140] code_public_0758_0: ```dsl_fire    ```dsl_fire  ```
[1141] code_public_0638_0: </think>  ```dsl_fire       ```dsl_fire      ```
[1142] code_public_0081_0: ```dsl_fire ```
[1143] code_public_0598_0: ```dsl_fire result = sub(neg(div(sub(log(market_cap), xs_mean(log(market_cap))), xs_stddddddddd(log(market_cap)))), div(
[1144] code_public_0801_1: </think>     </think>     ```
[1145] code_public_0902_0: </think>  ```dsl_fire result = ab ab ab ab ab ab ab ab ab ab ab ab ab ab ab ab ab ab ab ab ab ab ab ab ab ab ab ab ab ab
[1146] code_public_0897_1: </think>     </think>     ```dsl_fire    ```
[1147] code_public_0481_0: </think>  ```dsl_fire       result = ts_f(ts_std(pct_change(close, 1), 0.0), 90) ```
[1148] code_public_0312_1: </think>     </think>     ```
[1149] code_public_0939_0: ```dsl_fire    ```
[1150] code_public_0338_1: ```dsl_fire    </think>  ```
[1151] code_public_0423_0: ```dsl_fire result = mul(div(ts_mean(volume, 5), ts_mean(volume, 90)), pct_change(close, 5)) ```
[1152] code_public_0891_1: </think>   </think>     </think>     ```
[1153] code_public_0266_0: </think>  ```dsl_fire    ```
[1154] code_public_0495_0: ```dsl_fire result = ts_std(pct_change(close, 1), 90) ```
[1155] code_public_0524_0: ```dsl_fire      ```
[1156] code_public_0863_1: </think>     </think>     </think>   ```dsl_fire      ```
[1157] code_public_0566_0: </think>  ```dsl_fire result = where(gt(recip(pb), xs_mean(recip(pb))), xs_mean(div(sub(recip(pb), xs_mean(recip(pb))), 
[1158] code_public_0017_1: ```dsl_fire      ```
[1159] code_public_0826_1: </think>  ```
[1160] code_public_0386_1: </think>     </think>   ```dsl_fire      ```
[1161] code_public_0765_1: ```
[1162] code_public_0127_1: ```dsl_fire result = sub(close, ts_mean(close, 90)) ```
[1163] code_public_0415_0: ```dsl_fire result = ts_fire  ```
[1164] code_public_0221_0: ```dsl_fire result = exp(minimum(pct_change(close, 5), 0.1)) ```
[1165] code_public_0450_1: ```dsl_fire result = sub(high, group_mean(high, industry)) ```
[1166] code_public_0004_1: </think>   ```dsl_fire      ```
[1167] code_public_0087_1: ```
[1168] code_public_0150_0: ```dsl_fire result = div(sub(close, ts_min(low, 20)), sub(tsclose, 20)) ```
[1169] code_public_0023_0: ```dsl_fire ```
[1170] code_public_0774_1: ```dsl_fire    </think>  ```dsl_fire ```
[1171] code_public_0487_1: </think>   </think>     </think>     ```
[1172] code_public_0575_0: ```dsl_fire result = ts_sum(pct_change(pb, 1), 15) ```
[1173] code_public_0907_0: ```dsl_fire result = ts_sum(pct_change(vwap, 90)), 90) ```
[1174] code_public_0088_0: ```dsl_fire result = ts_argmaxmin(volume, 45) ```
[1175] code_public_0602_1: </think>     ```dsl_fire      ```
[1176] code_public_0369_0: ```dsl_fire result = log101010(ts_mean(volume, 10)) ```
[1177] code_public_0854_1: ```dsl_fire    ```dsl_fire result = exp(minimum(low, xs_mean(low)), pct_std(high, 2.0)) ```
[1178] code_public_0556_1: ```dsl_fire result = sub(log(recip(pb)), div(sub(log(market_cap), xs_mean(log(market_cap))), xs_stdd(log(market_cap))) `
[1179] code_public_0958_0: </think>  ```dsl_fire ```
[1180] code_public_0470_0: ```dsl_fire result = sub(vwap, ts_quantile(vwap, 90, 0.7```
[1181] code_public_0613_0: </think>     </think>     ```dsl_fire    ```
[1182] code_public_0648_1: </think>     </think>     ```
[1183] code_public_0495_1: ```dsl_fire result = ts_std(pct_change(close, 1), 90) ```
[1184] code_public_0171_0: ```dsl_fire    ```
[1185] code_public_0984_1: </think>  ```dsl_fire    ```
[1186] code_public_0514_1: ```dsl_fire result = pct_change(high, 90) ```
[1187] code_public_0580_0: ```dsdsdsdsdsdsdsdsdsl_fire    ```
[1188] code_public_0295_1: ```dsl_fire result = where(logical_xor(ne(sign(pct_change(close, 1)), -1.0), lt(close, ts_mean(close, 20))), pct_change(
[1189] code_public_0208_0: </think>  ```dsl_fire      ```
[1190] code_public_0714_1: ```dsl_fire result = sh sh shift(close, 45) ```
[1191] code_public_0140_1: </think>  ```dsl_fire    ```dsl_fire   ```
[1192] code_public_0424_0: ```dsl_fire result = where(gt(sqrt(recip(pb)), xs_mean(sqrt(recip(pb)))), neg(log(market_cap)), 0.0) ```
[1193] code_public_0470_1: ```dsl_fire result = sub(vwap, ts_quantile(vwap, 90, 0.7```
[1194] code_public_0476_1: </think>     </think>     </think>     </think>            ```
[1195] code_public_0945_0: ```dsl_fire result = where(lt(close, ts_mean(close, 20)), pct_change(close, 60), 0.0) ```
[1196] code_public_0030_1: ```dsl_fire result = xs_prod(addaddaddaddopen, 3)), shiftiftiftiftiftiftiftift(vwap, 3)) ```
[1197] code_public_0599_1: ```dsl_fire result = div(sub(close, ts_min(low, 45)), sub(ts_max(high, 45), ts_min(low, 45))) ```
[1198] code_public_0907_1: ```dsl_fire result = ts_sum(pct_change(vwap, 90)), 90) ```
[1199] code_public_0516_1: ```dsl_fire    ```
[1200] code_public_0110_1: </think>     ```dsl_fire    ```
[1201] code_public_0484_1: </think>   ```dsl_fire      ```
[1202] code_public_0577_1: </think>     ```dsl_fire      ```
[1203] code_public_0395_0: ```dsl_fire result = group group group group group group group group group group group group group group group group gro
[1204] code_public_0700_0: ```dsl_fire result = ts_reg_res(log1p(volume), log(market_cap), 90) ```
[1205] code_public_0095_0: ```dsl_fire result = ts_w   ```
[1206] code_public_0713_1: </think>     ```dsl_fire    ```
[1207] code_public_0141_1: ```dsl_fire      ```
[1208] code_public_0006_0: ```dsl_fire result = sub(tsts_mean(pct_change(close, 1), 2), ts_var(pct_change(close, 1), 60)) ```
[1209] code_public_0416_1: </think>     ```dsl_fire      ```dsl_ffire     ```
[1210] code_public_0973_1: ```dsl_fire result = sub(close), sub(close), ts_std(close, 15)) ```
[1211] code_public_0807_1: </think>  ```dsl_fire       ```
[1212] code_public_0352_1: </think>     ```dsl_fire    ```
[1213] code_public_0604_0: ```dsl_fire result = where(gt(market_cap, xs_median(market_cap)), div(sub(market_cap, xs_mean(market_cap)), xs_std(marke
[1214] code_public_0728_1: </think>  ```dsl_fire      ```
[1215] code_public_0388_1: </think>  </think>  ```dsl_fire    ```
[1216] code_public_0455_1: ```
[1217] code_public_0642_1: ```dsl_fire result = where(logicalicalicalicalicalicalicalicalicalicalical), ge(neg(log(recip(pb)), xs_mean(recip(pb))),
[1218] code_public_0046_0: </think>     ```dsl_fire      ```
[1219] code_public_0507_1: </think>  </think>  ```dsl_fire result = neg(minimum(pb, 30)) ```
[1220] code_public_0671_1: </think>     ```
[1221] code_public_0951_0: ```dsl_fire result = sub(close, ts_mean(close, 10)) ```
[1222] code_public_0335_1: </think>     ```dsl_fire    ```
[1223] code_public_0870_1: ```dsl_fire result = log10(tsclose, 5)) ```
[1224] code_public_0326_1: </think>               ```
[1225] code_public_0822_0: </think>     ```dsl_or(div(sub(recip(pb), xs_mean(recip(pb))), xs_stddd(recip(pb))), xs_mean(div(sub(recip(pb), xs_mean(
[1226] code_public_0879_1: ```dsl_fire      ```
[1227] code_public_0258_1: </think>     </think>               ```
[1228] code_public_0497_1: ```dsl_fire result = sub(volume, ts_quantile(volume, 30, 0.7)) ```
[1229] code_public_0745_0: ```dsl_fire result = sub(vwap, xs_quantile(vwap, 5)), div(sub(vwap, 5), 0.8)) ```
[1230] code_public_0903_1: ```dsl_fire result = neg(pct_change(close, 20)) ```
[1231] code_public_0738_0: ```dsl_fire      ```
[1232] code_public_0665_1: </think>  ```dsl_fire result = xs_prod(addaddaddaddaddaddaddadd(111vvwapapapapapapap 20)), 2.0000)) ```
[1233] code_public_0051_0: </think>               ```
[1234] code_public_0104_1: </think>     </think>     </think>     </think>   ```
[1235] code_public_0717_0: ```dsl_fire result = add(sqrt(recip(pb)), div(sub(log(market_cap), xs_mean(log(market_cap))), xs_stdddddddd(log(market_c
[1236] code_public_0778_1: ```dsl_fire result = sub(pb, ts_quantile(pb, 20, 0.7)) ```
[1237] code_public_0886_0: </think>  ```dsl_fire    ```
[1238] code_public_0478_1: ```dsl_fire      ```dsl_fire result = xs_cororororororr(log1p(tsvvvvvvvvvvvvvvvvvolute(log1p(ts_mean(volume, 20)), vwap)
[1239] code_public_0105_0: ```dsl_fire result = sub(log(recip(pb)), log(market_cap)) ```
[1240] code_public_0328_0: ```dsl_fire      ```
[1241] code_public_0967_0: </think>  </think>  ```dsl_fire result = ts_fire  ```
[1242] code_public_0877_1: ```dsl_fire    ```
[1243] code_public_0741_0: ```dsl_fire result = sub(div(sub(recip(pb), xs_mean(recip(pb))), xs_std(recipip(pb))), xs_mean(div(sub(close, vwap), vwa
[1244] code_public_0050_0: </think>  ```dsl_fire    ```dsl_fire   ```
[1245] code_public_0498_1: </think>  ```dsl_fire    ```
[1246] code_public_0089_1: ```dsl_fire result = div(sub(open, xs_median(open)), xs_std(open)) ```
[1247] code_public_0893_1: ```dsl_fire result = ts_sum(pct_change(vwap, 90)), 90) ```
[1248] code_public_0257_1: </think>   ```dsl_fire result = add(log(recip(pb)), neg(log(market_cap))) ```
[1249] code_public_0213_0: ```dsl_fire result = pct_change(close, 7) ```
[1250] code_public_0786_0: </think>     </think>     ```
[1251] code_public_0097_1: ```dsl_fire result = sqrt(absolute(pct_change(vwap, 30))) ```
[1252] code_public_0607_1: ```dsl_fire result = where(logical_or(gt(close, ts_mean(close, 20)), ge(volume, ts_mean(volume, 20))), pct_change(close,
[1253] code_public_0113_0: ```dsl_fire   ```
[1254] code_public_0528_1: ```dsl_fire result = sub(market_cap, ts_qu 20, 7, 7, 0.7))   ```
[1255] code_public_0264_1: ```dsl_fire result = pct_change(high, 10) ```
[1256] code_public_0991_0: </think>  ```dsl_fire    ```dsl_fire   ```
[1257] code_public_0152_1: </think>     </think>               ```
[1258] code_public_0998_1: ```dsl_fire    ```
[1259] code_public_0543_1: ```dsl_fire result = sub(pct_change(close, 20), xs_mean(pct_change(close, 20))) ```
[1260] code_public_0815_0: ```dsl_fire      ```dsl_fire ```
[1261] code_public_0658_1: </think>     </think>     ```
[1262] code_public_0827_0: ```dsl_fire result = where(logical_xor(ne(ne(log(market_cap)), xs_mean(neg(log(market_cap))), -1p(ts_mean(volume, 20)), 
[1263] code_public_0385_1: ```dsl_fire result = add(div(recip(pb)), xs_mean(recip(pb))) ```
[1264] code_public_0235_1: ```dsl_fire result = log10(tsclose, absolute(log1p(volume), 10))  ```
[1265] code_public_0325_0: ```dsl_fire result = div sh sh sh shiftiftiftiftiftiftiftiftiftiftiftiftift shiftiftiftiftiftiftiftiftiftiftiftiftiftift
[1266] code_public_0878_0: ```dsl_fire result = log10(ts_mean(volume, 7)) ```
[1267] code_public_0760_0: ```dsl_fire result = neg(mul(div(ts_mean(volume, 7), ts_mean(volume, 30)), pct_change(close, 7))) ```
[1268] code_public_0874_1: </think>  </think>  ```dsl_fire result = ab ab ab ab ab ab ab ab ab ab ab ab ab ab ab ab ab absolute(div(sub(vwap, 20)),
[1269] code_public_0705_0: ```dsl_fire result = ts_win, ts_ct_change(close, 1), 30) ```
[1270] code_public_0699_0: ```dsl_fire result = sub(market_cap, xs_median(market_cap)) ```
[1271] code_public_0395_1: ```dsl_fire result = group group group group group group group group group group group group xs_meanan(high, 4 2)),fire 
[1272] code_public_0413_0: </think>     </think>                  ```
[1273] code_public_0375_0: ```dsl_fire result = ts_sum(pct_change(volume, 1), 30) ```
[1274] code_public_0178_1: </think>   ```dsl_fire      ```
[1275] code_public_0247_0: ```dsl_fire result = group group group group group group group group group group group group group group group group gro
[1276] code_public_0725_1: </think>     </think>         ```
[1277] code_public_0763_0: ```dsl_fire      ```
[1278] code_public_0999_0: ```dsl_fire    ```
[1279] code_public_0525_0: ```dsl_fire result = ts_prod(addaddaddadd(11.0, 90, 90, 1)), 90) ```
[1280] code_public_0901_0: ```dsl_fire result = ts_reg_res(log1p(volume), log(market_cap), 20) ```
[1281] code_public_0466_0: ```dsl_fire ```
[1282] code_public_0102_0: </think>   ```dsl_fire      ```dsl_fire result = where(gt(recip(pb), xs_mean(recip(pb))), xs_mean(log(recip(pb)))), neg(
[1283] code_public_0210_0: </think>  ```dsl_fire    ```
[1284] code_public_0726_0: ```dsl_fire result = log10(add(1.0, ab ab absolute(pct_change(close, 10)))) ```
[1285] code_public_0125_0: ```dsl_fire    ```
[1286] code_public_0700_1: ```dsl_fire result = ts_reg_res(log1p(volume), log(market_cap), 90) ```
[1287] code_public_0583_0: ```dsl_fire result = div(submean(high, 60), group_mean(high, industry))   ```
[1288] code_public_0066_0: </think>  ```dsl_fire    ```
[1289] code_public_0910_1: </think>     </think>         ```dsl_fire      ```
[1290] code_public_0808_0: ```dsl_fire result = mod(volume, 50000.0) ```
[1291] code_public_0777_0: </think>  ```dsl_fire    ```
[1292] code_public_0452_0: ```dsl_fire result = where(logical_and(gt(recip(pb), xs_mean(recip(pb))), gt(pct_change(close, 60), xs_mean(pct_change(c
[1293] code_public_0103_1: </think>     </think>     </think>   ```
[1294] code_public_0589_0: ```dsl_fire result = ts_win, ts_mean(vwap, 1), 20)  ```
[1295] code_public_0619_1: </think>     </think>         ```
[1296] code_public_0664_0: ```dsl_fire ```
[1297] code_public_0111_1: </think>  ```dsl_fire      ```
[1298] code_public_0701_1: </think>     ```dsl_fire    ```
[1299] code_public_0349_1: ```dsl_fire      ```
[1300] code_public_0924_0: ```dsl_fire result = div(sub(open, 5), group_mean(openenen 5)), group_std(open 5)) ```
[1301] code_public_0601_0: </think>     </think>     ```
[1302] code_public_0731_0: </think>  ```dsl_fire    ```
[1303] code_public_0689_1: ```dsl_fire      ```
[1304] code_public_0775_0: </think>    ```dsl_fire result = ab ab ab ab ab ab ab ab ab ab ab ab ab ab ab ab absolute(div(vwap, 2)), sub(vwap, 2) ``
[1305] code_public_0766_0: ```dsl_fire result = div(solute(open, xs_quant div(open)), xs_std(open)) ```
[1306] code_public_0054_0: ```dsl_fire result = xs_quant div(volume, 0. div(volume, 0.0) ```
[1307] code_public_0921_0: ```dsl_fire      ```dsl_fire result = ab ab ab ab ab ab ab ab ab ab ab ab ab ab ab ab ab ab ab ab ab ab ab ab ab ab ab a
[1308] code_public_0368_0: ```dsl_fire result = div(sub(volume, ts_mean(volume, 45)), ts_fire ```
[1309] code_public_0929_1: ```dsl_fire result = neg(ts_argmax(close, 10)) ```
[1310] code_public_0408_0: ```dsl_fire   ```dsl_fire result = m), ne neg(pct_change(close, 7) ```
[1311] code_public_0540_0: ```dsl_fire      ```
[1312] code_public_0625_1: </think>     </think>     </think>     ```
[1313] code_public_0583_1: </think>     ```
[1314] code_public_0387_0: </think>  </think>   ```dsl_fire      ```dsl_fire ```
[1315] code_public_0523_0: ```dsl_fire      ```dsl_fire result = ts_prod(pct_change(volume, 1), 30) ```
[1316] code_public_0885_0: </think>     </think>     ```
[1317] code_public_0364_1: </think>     </think>         ```
[1318] code_public_0223_0: ```dsl_fire    ```
[1319] code_public_0880_0: </think>     </think>     ```dsl_fire    ```
[1320] code_public_0976_1: ```dsl_fire result = sub(vwap, group_mean(vwap, industry)) ```
[1321] code_public_0322_0: ```dsl_fire    ```
[1322] code_public_0989_1: ```dsl_fire result = ts_std(pct_change(close, 1), 5mean(pct_change(close, 5))), 5), 5) ```
[1323] code_public_0502_1: </think>  ```
[1324] code_public_0083_0: ```dsl_fire    ```
[1325] code_public_0170_1: ```dsl_fire result = add(log(recip(pb)), div(sub(log(market_cap), xs_mean(log(market_cap))), xs_stdd(log(market_cap)))) 
[1326] code_public_0927_1: ```dsl_fire result = neg(ts_argmax(close, 7)) ```
[1327] code_public_0391_0: ```dsl_fire result = sub(vwap, xs_mean(vwap)) ```
[1328] code_public_0259_0: </think>  ```dsl_fire ```dsl_fire     ```
[1329] code_public_0988_0: </think>     ```dsl_fire    ```
[1330] code_public_0599_0: ```dsl_fire result = div(sub(close, ts_min(low, 45)), sub(ts_max(high, 45), ts_min(low, 45))) ```
[1331] code_public_0637_1: ```dsl_fire result = sub(market_cap, group_mean(market_cap, industry))  ```
[1332] code_public_0656_1: ```dsl_fire ```
[1333] code_public_0914_1: ```dsl_fire result = where(logical_not(lt(close, ts_mean(close, 20)), neg(log(market_cap))), 0.0) ```
[1334] code_public_0780_1: </think>  ```dsl_fire    ```
[1335] code_public_0201_0: ```dsl_fire result = where(logical_or(ne(sign(pct_change(close, 1)), -1.0), lt(close, ts_mean(close, 20))), pct_change(c
[1336] code_public_0342_1: </think>     </think>         ```
[1337] code_public_0760_1: ```dsl_fire result = neg(mul(div(ts_mean(volume, 7), ts_mean(volume, 30)), pct_change(close, 7))) ```
[1338] code_public_0611_1: ```dsl_fire result = xs_mean(high, 2))  ```
[1339] code_public_0079_1: </think>     </think>     </think>   ```
[1340] code_public_0382_0: ```dsl_fire result = xs_corr(pct_change(close, 75), volume) ```
[1341] code_public_0296_1: ```dsl_fire      ```
[1342] code_public_0958_1: </think>  ```dsl_fire    ```
[1343] code_public_0969_0: </think>  ```dsl_fire    ```
[1344] code_public_0176_1: </think>  ```dsl_fire    ```
[1345] code_public_0154_1: ```dsl_fire result = neg(pct_change(open, 3)) ```
[1346] code_public_0732_0: ```dsl_fire result = exp(minimum(div(sub(volume, xs_mean(volume)), xs_std(volume)), 1.0)) ```
[1347] code_public_0113_1: </think>   </think>     ```dsl_fire    ```
[1348] code_public_0789_0: ```dsl_fire result = where(gt(close, xs_median(close)), div(sub(close, xs_mean(close)), xs_std(close)), xs_std(close)), 
[1349] code_public_0954_1: ```dsl_fire      ```
[1350] code_public_0805_0: ```dsl_fire result = div(sub(volume, ts_mean(volume, 90)), sub(volume, 90)) ```
[1351] code_public_0270_0: ```dsl_fire    ```
[1352] code_public_0923_1: ```dsl_fire      ```dsl_fire ```
[1353] code_public_0902_1: </think>     ```dsl_fire result = ababsolute(pct_change(vwap, 5)))  ```
[1354] code_public_0369_1: ```dsl_fire result = log10(tsclose, absolute(log1p(volume))), 10))  ```
[1355] code_public_0517_1: ```dsl_fire result = ts_w   ```
[1356] code_public_0781_0: </think>  ```dsl_fire    ```
[1357] code_public_0661_0: ```
[1358] code_public_0898_0: </think>  ```dsl_fire       ```
[1359] code_public_0825_1: ```dsl_fire      ```
[1360] code_public_0906_0: ```dsl   ```dsl ```dsl   ```
[1361] code_public_0339_0: ```dsl_ffire     ```
[1362] code_public_0519_0: ```dsdsdsl_fire    ```
[1363] code_public_0615_1: </think>  </think>  ```dsl_fire    ```
[1364] code_public_0290_0: ```dsl_fire      ```dsl_fire result = where(logicalical_mean(volume, 2), le(neg(log(market_cap)), 0.0) ```
[1365] code_public_0293_1: </think>     </think>         ```
[1366] code_public_0944_1: ```dsl_fire result = ts_sum(pct_change(pb, 1), 5) ```
[1367] code_public_0058_1: </think>     ```dsl_reg    ```
[1368] code_public_0992_0: ```dsl_fire result = maximum(pct_change(volume, 20), 0.0) ```
[1369] code_public_0731_1: </think>     ```dsl_fire    ```
[1370] code_public_0534_1: ```dsl_fire result = add(div(sub(div(close, xs_mean(recip(pb)), xs_std(recip(pb))), neg(log(market_cap)), xs_mean(neg(lo
[1371] code_public_0706_1: ```dsl_fire result = maximum(pct_change(vwap, 2), 0.0) ```
[1372] code_public_0697_0: </think>  ```dsl_fire       ```dsl_fire      ```
[1373] code_public_0122_0: ```dsdsdsdsl_fire   ```
[1374] code_public_0527_0: ```dsl_fire      ```
[1375] code_public_0078_1: ```dsl_fire result = div(sub(close, ts_min(low, 2)), sub(ts_max(high, 60), ts_min(low, 2))) ```
[1376] code_public_0040_0: </think>  </think>            ```dsl_fire      ```
[1377] code_public_0865_1: </think>     </think>     </think>   ```
[1378] code_public_0833_0: ```dsdsdsdsdsdsl_fire result = power(absolute(pct_change(vwap, 15)), 0.25) ```
[1379] code_public_0287_0: ```dsl_fire result = ts_sum(pct_change(close, 90)), 90) ```
[1380] code_public_0567_0: ```dsl_fire result = div(sub(close, ts_min(low, 45)), sub(ts_max(high, 45), ts_min(low, 45))) ```
[1381] code_public_0698_0: ```dsl_fire result = div(sub(open, 2), group_mean(open 2),), group_std(open 2), 2.0)) ```
[1382] code_public_0160_1: ```
[1383] code_public_0067_1: </think>  </think>  ```dsl_fire    ```
[1384] code_public_0364_0: </think>     </think>     ```dsl_fire result = where(logicalicalicalicalicalicalicalicalicalicalicalicalicalicalical_fir
[1385] code_public_0193_0: ```dsl_fire ```
[1386] code_public_0829_0: ```dsl_fire     ```dsl_fire ```
[1387] code_public_0379_1: </think>   </think>  ```dsl_fire      ```dsl_fire ```
[1388] code_public_0955_1: </think>  </think>  ```dsl_fire result = ts_fire  ```
[1389] code_public_0943_0: ```dsl_fire    ```
[1390] code_public_0750_1: ```dsl_fire result = maximum(pct_change(vwap, 7), 0.0) ```
[1391] code_public_0708_1: ```dsl_fire result = neg(mul(div(volume, xs_mean(volume, 90)), pct_change(close, 10)), 0.0) ```
[1392] code_public_0909_0: </think>  ```dsl_fire    ```
[1393] code_public_0556_0: ```dsl_fire result = sub(log(recip(pb)), div(sub(log(market_cap), xs_mean(log(market_cap))), xs_stdd(log(market_cap)))) 
[1394] code_public_0180_0: ```dsl_fire result = sign(pct_change(vwap, 20), 0.0) ```
[1395] code_public_0815_1: ```dsl_fire      ```
[1396] code_public_0319_1: </think>  ```dsl_fire    ```
[1397] code_public_0109_0: ```dsl_fire result = where(lt(close, ts_mean(close, 5)), pct_change(close, 5), 0.0) ```
[1398] code_public_0346_1: </think>     ```dsl_fire      ```dsl_ffire     ```
[1399] code_public_0873_0: ```dsl_fire      ```
[1400] code_public_0043_1: </think>  ```
[1401] code_public_0253_0: ```dsl_fire    ```
[1402] code_public_0856_0: </think>     </think>     ```
[1403] code_public_0053_1: </think>  </think>  ```dsl_fire result = ab ab ab ab ab ab ab ab ab ab ab ab ab ab ab ab ab absolute(div(sub(vwap, 20)),
[1404] code_public_0790_1: </think>     </think>         ```
[1405] code_public_0348_1: ```dsl_fire result = div(sub(close, ts_min(low, 90)), sub(ts_max(high, 90), ts_min(low, 90))) ```
[1406] code_public_0757_1: </think>     </think>     ```
[1407] code_public_0576_1: ```dsl_fire      ```
[1408] code_public_0271_1: ```dsl_fire result = sub(market_cap, xs_quantile(market_cap, 0.8))  ```
[1409] code_public_0946_1: </think>  ```dsl_fire    ```
[1410] code_public_0153_1: ```dsl_fire result = ts_f(volume, 30) ```
[1411] code_public_0997_0: ```dsl_fire result = sub(close, ts_qu 60) ```
[1412] code_public_0527_1: </think>     </think>     ```
[1413] code_public_0312_0: </think>     </think>     ```
[1414] code_public_0565_0: ```dsl_fire    ```
[1415] code_public_0488_1: ```dsl_fire result = neg(ts_argmax(close, 5)) ```
[1416] code_public_0773_1: ```dsl_fire ```
[1417] code_public_0696_0: ```dsl_fire result = where(gt(log(recip(pb)), xs_mean(log(recip(pb)))), gt(log(market_cap), xs_mean(log(market_cap))), 0
[1418] code_public_0285_1: ```dsl_fire      ```dsl_fire ```
[1419] code_public_0554_0: ```dsl_fire result = mod(market_cap, 10000.0) ```
[1420] code_public_0588_0: ```dsl_fire result = sub(volume, ts_quantile(volume, 45, 0.7```
[1421] code_public_0167_0: ```dsdsl_fire     ```
[1422] code_public_0646_1: ```dsl_fire ```
[1423] code_public_0919_1: </think>     ```dsl_fire    ```
[1424] code_public_0135_0: ```dsl_fire result = where(logical_or(le(volume, ts_mean(volume, 10)), ne(sign(pct_change(close, 1)), -1.0)), pct_change
[1425] code_public_0339_1: ```
[1426] code_public_0035_0: ```dsl_fire result = exp(minimum(pct_change(pb, 15), 0.1)) ```
[1427] code_public_0274_1: </think>     ```dsl_fire result = ts_std(pct_change(close, 1), 20)) ```
[1428] code_public_0542_1: ```dsl_fire      ```
[1429] code_public_0224_1: ```dsl_fire result = add(div(sub(recip(pb), xs_mean(recip(pb))), xs_std(recip(pb))), pct_change(close, 60)) ```
[1430] code_public_0916_1: </think>  ```dsl_fire    ```
[1431] code_public_0555_1: ```dsl_fire result = where(logical_and(ne(sign(pct_change(close, 1)), -1.0), lt(close, ts_mean(close, 20))), pct_change(
[1432] code_public_0268_0: ```dsl_fire result = div(sub(reclose, group_mean(reclose, industry)), group_stdddddddddddd(reclose, 20), group_mean(div(
[1433] code_public_0390_1: ```dsl_fire result = xs_quantile(close, 0.2)) ```
[1434] code_public_0440_0: </think>  ```dsl_fire result = ab ab ab ab ab ab ab ab ab ab ab ab ab ab ab ab ab ab ab ab ab ab ab ab ab ab ab ab ab ab
[1435] code_public_0740_1: </think>  </think>  ```dsl_fire ```dsl_fire     ```
[1436] code_public_0181_1: </think>  ```dsl_fire             ```
[1437] code_public_0892_1: </think>  ```dsl_fire    ```
[1438] code_public_0151_1: ```dsl_fire      ```
[1439] code_public_0962_1: ```dsl_fire      ```
[1440] code_public_0176_0: ```dsl_fire result = sub(tsts_std(pct_change(close, 1), 20), ts_var(pct_change(close, 1), 30)) ```
[1441] code_public_0858_1: ```dsl_fire result = sub(volume, 5) ```
[1442] code_public_0352_0: </think>  ```dsl_fire    ```
[1443] code_public_0722_1: ```dsl_fire result = neg(pct_change(close, 3)) ```
[1444] code_public_0480_0: ```dsl_fire    ```
[1445] code_public_0381_1: </think>     </think>     </think>   </think>     ```
[1446] code_public_0031_0: ```dsl_fire   ```dsl_fire result = exp(minimum(div(volume, 3)), pct_change(close, 3), 4.0)) ```
[1447] code_public_0874_0: </think>  ```dsl_fire result = ab ab ab ab ab ab ab ab ab ab ab ab ab ab ab ab ab ab ab ab ab ab ab ab ab ab ab ab ab ab
[1448] code_public_0935_0: ```dsl_fire result = ts_sum(pct_change(pb, 1), 20) ```
[1449] code_public_0590_1: </think>   ```dsl_fire      ```
[1450] code_public_0883_0: ```dsl_fire    ```
[1451] code_public_0781_1: </think>  ```dsl_fire    ```
[1452] code_public_0855_1: </think>   ```dsl_fire      ```
[1453] code_public_0872_0: ```dsdsdsds
[1454] code_public_0246_1: ```dsl_fire      ```
[1455] code_public_0507_0: ```dsl_fire      ```dsl_fire result = neg(pct_change(pb, 30)) ```
[1456] code_public_0510_1: </think>     </think>     </think>   ```dsl_fire      ```
[1457] code_public_0614_0: ```dsl_fire      ```dsl_fire result = ts_prod(pct_change(market_cap, 30), 0.0) ```
[1458] code_public_0348_0: ```dsl_fire result = div(sub(close, ts_min(low, 90)), sub(ts_max(high, 90), ts_min(low, 90))) ```
[1459] code_public_0682_0: ```dsl_fire    ```
[1460] code_public_0706_0: ```dsl_fire result = maximum(pct_change(vwap, 2), 0.0) ```
[1461] code_public_0789_1: ```dsl_fire result = where(gt(close, xs_median(close)), div(sub(close, xs_mean(close)), xs_std(close)), xs_std(close, 20
[1462] code_public_0092_0: </think>  ```dsl_fire    ```
[1463] code_public_0972_0: </think>   </think>     </think>     ```dsl_fire result = div(sub(volume, ts_mean(volume, 20)), sub(volume, ts_mean(volu
[1464] code_public_0402_1: ```dsl_fire ```
[1465] code_public_0647_1: </think>  ```dsl_fire    ```
[1466] code_public_0420_0: ```dsl_fire      ```
[1467] code_public_0379_0: ```dsl_fire result = maximum(pct_change(volume, 15), 0.0) ```
[1468] code_public_0273_1: </think>               ```
[1469] code_public_0166_1: ```dsl_fire result = m mask(pct_change(close, 5), gt(close, ts_mean(close, 20)), 0.0) ```
[1470] code_public_0192_1: ```dsl_fire result = xs_corr(pct_change(close, 15), volume) ```
[1471] code_public_0407_1: ```dsl_fire result = sub(div(market_cap, xs_mean(pb)), div(neg(log(market_cap, xs_mean(market_cap))), xs_std(market_cap)
[1472] code_public_0032_1: ```dsl_fire result = where(logical_and(le(volume, ts_mean(volume, 20)), ne(sign(pct_change(close, 1)), -1.0)), pct_chang
[1473] code_public_0340_0: </think>  ```dsl_fire    ```
[1474] code_public_0942_1: </think>               ```
[1475] code_public_0476_0: ```dsl_fire result = div(sub(volume, xs_mean(volume)), xs_std(volume)) ```
[1476] code_public_0459_1: </think>   </think>  ```dsl_fire   ```
[1477] code_public_0421_0: ```dsl_fire result = exp(minimum(div(sub(market_cap, xs_mean(market_cap)), xs_std(market_cap)), 2.0)) ```
[1478] code_public_0921_1: </think>     </think>     </think>     </think>   ```
[1479] code_public_0107_0: ```
[1480] code_public_0426_1: </think>     </think>     ```
[1481] code_public_0317_1: ```dsl_fire ```
[1482] code_public_0265_1: ```dsl_fire result = ts_reg_res(log1p(volume), log(market_cap), 15) ```
[1483] code_public_0230_0: ```dsdsdsl_pro sh sh sh sh sh sh shiftiftiftiftiftiftiftiftiftiftiftiftiftiftiftiftiftiftiftiftiftiftiftiftiftiftiftifti
[1484] code_public_0409_1: ```dsl_fire result = sub(volume xs_quantile(volume, 0.8))  ```
[1485] code_public_0592_0: ```dsl_fire result = where(logical_xor(gt(recip(pct_change(close, 20), xs_mean(recip(pb))), gt(pct_change(close, 20), 0.
[1486] code_public_0013_1: </think>     ```dsl_fire    ```
[1487] code_public_0510_0: </think>  ```dsl_fire       ```dsl_fire      ```
[1488] code_public_0323_1: ```dsl_fire result = xs_corr(pct_change(close, 20), volume) ```
[1489] code_public_0578_0: </think>     </think>     ```dsl_fire    ```
[1490] code_public_0694_1: </think>  </think>   ```dsl_fire      ```
[1491] code_public_0757_0: ```dsl_fire result = ab ab ab ab ab ab ab ab ab ab ab ab ab ab ab ab ab ab ab ab ab ab ab ab ab ab ab ab ab ab ab ab ab 
[1492] code_public_0405_1: ```dsl_fire result = where(logical_and(gt(log(recip(pb)), xs_mean(log(recip(pb)))), gt(pct_change(close, 60), xs_mean(pc
[1493] code_public_0385_0: ```dsl_fire result = add(div(sub(recip(pb), xs_mean(recip(pb))), xs_stddd(recip(pb))), div(sub(log(market_cap), xs_mean(
[1494] code_public_0471_1: </think>     ```dsl_fire    ```dsl_fire  ```
[1495] code_public_0428_1: ```dsl_fire      ```
[1496] code_public_0785_0: ```dsl_fire result = ts_sum(pct_change(close, 1), 2) ```
[1497] code_public_0411_1: ```dsl_fire    ```
[1498] code_public_0557_1: </think>  ```dsl_fire    ```dsl_fire   ```
[1499] code_public_0463_0: </think>  ```dsl_fire    ```
[1500] code_public_0217_1: </think>  </think>  ```dsl_fire    ```
[1501] code_public_0676_1: </think>    ```dsl_fire result = add(log(recip(pb)), neg(pct_change(close, 20))) ```
[1502] code_public_0308_1: ```dsl_fire result = where(gt(high, xs_median(high)), div(sub(high, xs_mean(high)), xs_std(high)), 0.0) ```
[1503] code_public_0245_0: ```dsl_fire    ```dsl_fire  ```
[1504] code_public_0427_0: ```dsl_fire      ```
[1505] code_public_0360_0: ```dsl_fire result = where(logical_not(gt(close, ts_mean(close, 20)), ge(close, ts_mean(close, 20))), pct_change(close, 
[1506] code_public_0124_0: ```dsl_fire result = div(sub(tstststsmean(volume, 1)), clo market_cap)), group_std(pct_change(close, 1), industry)) ```
[1507] code_public_0913_1: ```
[1508] code_public_0791_0: ```dsl_fire result = ts_win_cumsum(pct_change(volume, 1), 60) ```
[1509] code_public_0494_1: </think>  ```dsl_fire    ```
[1510] code_public_0852_0: ```dsl_fire result = sub(vwap, xs_quantile(vwap, 2)), div(sub(vwap, 2.2 div(vwap, 2)), sub(vwap, 2.22.2 div(vwap, 2 2.2)
[1511] code_public_0282_1: ```dsl_fire result = where(ge(low, xs_mean(low)), xs_mean(low)), market_std(low, xs_mean(high)), 0.0) ```
[1512] code_public_0664_1: ```dsl_fire ```
[1513] code_public_0841_1: ```dsl_fire    ```
[1514] code_public_0778_0: ```dsl_fire result = sub(pct_change(high, 3), xs_mean(pct_change(pb, 7))) ```
[1515] code_public_0916_0: ```dsl_fire result = exp(minimum(pct_change(pb, 5), 0.1)) ```
[1516] code_public_0865_0: </think>     </think>     </think>   ```
[1517] code_public_0668_0: ```ds
[1518] code_public_0627_0: ```dsl_fire      ```dsl_fire result = div(sub(pb, 2), group_mean(pb, industry)), sub(pct_change(pb, 2))), xs_mean(neg(lo
[1519] code_public_0624_0: ```dsl_fire result = log10(add(1.0, ab ab ab ab ab ab ab absolute(high, 10)))) ```
[1520] code_public_0610_0: ```dsl_fire    ```dsl_fire result = exp(minimum(div(sub(vwap, xs_mean(vwap)), ts_std(vwap, 20)), 2.0)) ```
[1521] code_public_0357_0: ```dsl_fire result = div(sub(close, shiftift(close, 20)), shiftiftiftift(close, 20)) ```
[1522] code_public_0299_1: </think>     </think>     ```
[1523] code_public_0845_0: ```dsl_fire result = where(logical_xor(logical_xor(gt(pct_change(close, 20), xs_mean(pct_change(close, 20))), gt(pct_cha
[1524] code_public_0020_0: </think>  ```dsl_fire result = pct_change(vwap, 30) ```
[1525] code_public_0984_0: ```dsl_fire    ```
[1526] code_public_0191_0: ```dsl_fire result = ts_reg_res(log1p(volume), log(market_cap), 30) ```
[1527] code_public_0721_0: ```dsl_fire      ```dsl_fire result = ts_prod(addaddaddaddadd(1.0, 30)), pct_change(close, 30))) ```
[1528] code_public_0228_1: </think>  ```dsl_fire    ```
[1529] code_public_0426_0: </think>   </think>     </think>     ```dsl_fire result = div(sub(market_cap, ts_mean(market_cap, ts_min(market_cap, 5))
[1530] code_public_0645_1: </think>     </think>     </think>   ```
[1531] code_public_0305_0: ```dsl_fire result = sub(market_cap, xs_quantile(market_cap, 0.2))  ```
[1532] code_public_0534_0: ```dsl_fire result = add(div(div(sub(recip(pb), xs_mean(recip(pb))), xs_std(recip(pb))), neg(log(market_cap)), 0.0) ```
[1533] code_public_0162_1: ```dsl_fire result = where(logicallt(log1p(tsvolume), xs_mean(log1p(tsvolume, 20)))), neg(log1p(ts_mean(volume, 20))) ``
[1534] code_public_0497_0: ```dsl_fire result = div(volume, ts_qu shift(volume, 30, 0.7)) ```
[1535] code_public_0239_0: </think>  ```dsl_fire    ```dsl_fire   ```
[1536] code_public_0652_0: ```dsl_fire result = sub(volume, ts_qu shift(volume, 15, 0.7)) ```
[1537] code_public_0730_1: </think>   ```dsl_fire      ```
[1538] code_public_0617_1: </think>     </think>     ```
[1539] code_public_0559_0: </think>     </think>     </think>   </think>     ```
[1540] code_public_0561_0: ```dsl_fire      ```
[1541] code_public_0746_1: ```dsl_fire      ```dsl_fire ```
[1542] code_public_0157_1: ```dsl_fire result = where(logical_xor(lt(close, ts_mean(close, 20)), le(volume, ts_mean(volume, 20))), pct_change(close
[1543] code_public_0743_1: ```dsl_fire result = m open open open open open open open open open open open open open open open open open open open op
[1544] code_public_0678_1: </think>  ```dsl_fire    ```
[1545] code_public_0811_1: ```dsl_fire result = add(div(sub(log(market_cap), xs_mean(log(market_cap))), xs_std(log(market_cap))), div(sub(close, vw
[1546] code_public_0242_0: ```dsl_fire result = neg(mul(div(ts_mean(volume, 3), ts_mean(volume, 30)), pct_change(close, 3))) ```
[1547] code_public_0638_1: </think>     </think>     </think>   ```dsl_fire      ```
[1548] code_public_0243_1: </think>  ```dsl_fire    ```
[1549] code_public_0178_0: </think>  ```dsl_fire          ```
[1550] code_public_0289_1: ```dsl_fire result = where(logical_and(gt(log(recip(pb)), xs_mean(log(recip(pb)))), gt(log(market_cap), xs_mean(log(mark
[1551] code_public_0228_0: ```dsl_fire    ```
[1552] code_public_0597_0: ```dsl_fire result = s shiftift(pct_change(vwap, 7)) ```
[1553] code_public_0743_0: ```dsl_fire result = mask(pct_change(close, 1), le(volume, ts_mean(volume, 20)), pct_change(close, 20)) ```
[1554] code_public_0747_1: </think>  ```dsl_fire ```
[1555] code_public_0569_1: ```dsl_fire      ```
[1556] code_public_0607_0: ```dsl_fire result = where(logical_or(gt(close, ts_mean(close, 20)), ge(volume, ts_mean(volume, 20))), pct_change(close,
[1557] code_public_0251_1: </think>     </think>     ```
[1558] code_public_0933_1: </think>  </think>  ```dsl_fire    ```
[1559] code_public_0659_1: </think>     </think>     ```dsl_fire result = ab ab ab ab ab ab absolute(sub(volume, 5)), pct_change(volume, 5)) ```
[1560] code_public_0702_1: </think>  ```dsl_fire    ```
[1561] code_public_0966_1: </think>  ```dsl_fire    ```
[1562] code_public_0376_1: </think>     </think>     </think>   ```
[1563] code_public_0546_0: ```dsl_fire result = div(sub(opopen, shiftiftiftiftiftiftiftiftiftiftiftiftift shift shiftiftiftift shiftiftiftiftiftift
[1564] code_public_0518_1: ```dsl_fire result = log10(add(1.0, absolute(pct_change(volume, 10)))) ```
[1565] code_public_0545_1: </think>     </think>     ```dsl_fire result     ```
[1566] code_public_0487_0: </think>     </think>     ```
[1567] code_public_0489_1: ```dsl_fire result = xs_sum(high, 15) ```
[1568] code_public_0595_0: ```dsl_fire result = xs_corr(pct_change(close, 7)), volume) ```
[1569] code_public_0585_1: </think>     ```
[1570] code_public_0448_1: </think>  ```dsl_fire    ```
[1571] code_public_0939_1: ```
[1572] code_public_0814_1: </think>  </think>  ```dsl_fire    ```
[1573] code_public_0920_0: ```dsl_fire      ```dsl_fire result = xs_mean(pct_change(volume, 10))) ```
[1574] code_public_0543_0: ```dsl_fire      ```
[1575] code_public_0978_0: </think>     </think>     ```dsl_fire result = where(logicalical_or(gt(neg(log(market_cap)), xs_mean(neg(log(market_cap)
[1576] code_public_0911_0: </think>  ```dsl_fire    ```
[1577] code_public_0018_0: </think>  ```dsl_fire result = ab ab ab ab ab ab ab ab ab ab ab ab ab ab ab ab ab ab ab ab ab ab ab ab ab ab ab ab ab ab
[1578] code_public_0370_1: </think>     </think>     ```
[1579] code_public_0777_1: </think>     ```dsl_fire    ```
[1580] code_public_0226_0: ```dsl_fire    ```
[1581] code_public_0502_0: </think>  ```dsl_fire    ```
[1582] code_public_0976_0: ```dsl_fire result = sub(vwap, group_mean(vwap, industry)) ```
[1583] code_public_0496_0: </think>  ```dsl_fire result = exp(minimum(pct_change(vwap, 20)), sign(vwap, 60)), 1.0) ```
[1584] code_public_0796_1: ```
[1585] code_public_0475_0: </think>  ```dsl_fire ```
[1586] code_public_0095_1: ```
[1587] code_public_0060_0: ```dsl_fire    ```
[1588] code_public_0052_1: ```dsl_fire ```dsl_fire    ```dsl_fire  ```
[1589] code_public_0265_0: ```dsl_fire result = ts_reg_res(pct_change(close, 20), log(market_cap), 15) ```
[1590] code_public_0870_0: ```dsl_fire result = log1010(ts_mean(volume, 5)) ```
[1591] code_public_0027_0: ```dsl_fire      ```
[1592] code_public_0042_1: ```dsl_fire result = div(sub(close, 2), sub(div(sub(close, 2), xs_mean(close)), sub(close, 2.0))), sub(close, 2.0)) ```
[1593] code_public_0296_0: ```dsdsdsl_pro sh sh sh sh sh sh sh sh shiftiftiftiftiftiftiftiftiftiftiftiftiftiftiftiftiftiftiftiftiftiftiftift 20)) `
[1594] code_public_0512_0: ```dsl_fire result = add(log(market_cap), div(sub(close, vwap), vwap)) ```
[1595] code_public_0236_0: </think>  ```dsl_fire    ```
[1596] code_public_0612_1: ```dsl_fire result = sub(vwap, xs_median(vwap)) ```
[1597] code_public_0820_1: </think>  ```dsl_fire    ```
[1598] code_public_0231_0: ```dsl_fire result = exp(minimum(pct_change(volume, 7), 0.1)) ```
[1599] code_public_0314_0: ```dsl_fire      ```
[1600] code_public_0298_1: ```dsl_fire result = ab ab ab ab ab ab ab ab ab ab ab ab ab ab ab ab ab ab ab ab ab ab ab ab ab ab ab ab ab ab ab ab ab 
[1601] code_public_0905_0: </think>  ```dsl_fire    ```
[1602] code_public_0041_0: ```dsl_fire    ```
[1603] code_public_0933_0: ```dsl_fire result = ts_prod(add(volume, pct_change(volume, 5), 5), pct_change(volume, 5)), 0.0) ```
[1604] code_public_0366_0: ```dsl_fire    ```
[1605] code_public_0316_0: ```dsl_fire      ```
[1606] code_public_0720_0: </think>     </think>     ```dsl_fire result = ts_fire  ```
[1607] code_public_0853_0: ```dsl_fire    ```
[1608] code_public_0131_1: </think>  ```dsl_fire    ```
[1609] code_public_0600_1: </think>  ```dsl_fire    ```
[1610] code_public_0735_1: ```
[1611] code_public_0745_1: ```dsl_fire result = sub(vwap, xs_quantile(vwap, 0.5)) ```
[1612] code_public_0216_1: </think>     </think>     ```
[1613] code_public_0186_1: </think>     </think>     ```
[1614] code_public_0661_1: </think>     ```
[1615] code_public_0005_0: ```dsl_fire result = sub(market_cap, ts_quantile(market_cap, 15, 15, 0.7```
[1616] code_public_0791_1: ```dsl_fire result = ts_w   ```
[1617] code_public_0021_1: ```dsl_fire result = ts_reg_res(log1p(volume), log(market_cap), 60) ```
[1618] code_public_0711_1: </think>     </think>               ```
[1619] code_public_0938_1: </think>  ```dsl_fire    ```dsl_fire   ```
[1620] code_public_0232_1: ```dsl_fire      ```dsl_fire result = sub(div(sub(recip xs_mean(recip(pb))), xs_std(recip(pb))), xs_mean(div(sub(recip(p
[1621] code_public_0129_1: </think>  ```dsl_fire    ```
[1622] code_public_0686_1: </think>  ```dsl_fire    ```
[1623] code_public_0779_0: ```dsl_fire result = div(sub(vwap, 10)), shiftiftiftiftiftift(vvwap, 10)) ```
[1624] code_public_0188_1: </think>  ```dsl_fire    ```
[1625] code_public_0478_0: ```dsl_fire result = sh shiftiftiftiftiftiftiftift 20) ```
[1626] code_public_0059_1: </think>     </think>     </think>     </think>      </think>     ```
[1627] code_public_0150_1: ```dsl_fire result = div(sub(close, ts_min(low, 20)), sub(tsclose, 20)) ```
[1628] code_public_0561_1: ```dsl_fire      ```
[1629] code_public_0220_0: </think>     ```dsl_fire    ```dsl_fire      ```
[1630] code_public_0739_0: </think>     </think>     ```
[1631] code_public_0197_1: </think>     ```dsl_fire    ```
[1632] code_public_0842_0: </think>     </think>     ```
[1633] code_public_0710_0: ```dsl_fire result = sub(volume, xs_quant div(volume, 0.2)) ```
[1634] code_public_0570_0: </think>     ```dsl_fire      ```
[1635] code_public_0541_0: ```dsl_fire result = div(volume, 90) ```
[1636] code_public_0311_1: ```dsl_fire result = pct_change(high, 60) ```
[1637] code_public_0061_0: ```dsl_fire result = sub(volume, ts_qu shift(volume, 7, 0.7)) ```
[1638] code_public_0205_1: ```dsl_fire result = where(logical_xor(ge(volume, ts_mean(volume, 20)), eq(sign(pct_change(close, 1)), 1.0)), pct_change
[1639] code_public_0374_1: ```dsl_fire result = neg(pct_change(vwap, 15)) ```
[1640] code_public_0378_0: ```dsl_fire      ```dsl_fire result = xs_prod(add(1.0, pct_change(volume, 10))) ```
[1641] code_public_0967_1: </think>  </think>  ```dsl_fire    ```
[1642] code_public_0703_1: </think>  ```dsl_fire    ```dsl_fire   ```
[1643] code_public_0656_0: ```dsl_fire result = ts_std(pct_change(close, 1), 0.0) ```
[1644] code_public_0631_0: ```dsl_fire result = sub(close, ts_mean(close, 5)) ```
[1645] code_public_0241_1: ```dsl_fire    ```dsl_fire result = ab ab ab ab ab ab ab ab ab ab ab ab ab ab ab ab ab ab ab ab ab ab ab ab ab ab ab ab 
[1646] code_public_0832_1: </think>  ```dsl_fire    ```
[1647] code_public_0140_0: </think>  ```dsl_fire    ```dsl_fire   ```
[1648] code_public_0816_0: ```dsl_fire result = exp(minimum(pct_change(vwap, 5), 0.1)) ```
[1649] code_public_0878_1: ```dsl_fire result = log10(tsclose, absolute(log1p(volume))), absub(log(market_cap))) ```
[1650] code_public_0630_1: </think>     </think>     ```
[1651] code_public_0207_1: ```dsl_fire result = ts_sum(pct_change(close, 1), 60) ```
[1652] code_public_0772_0: </think>     ```dsl_fire      ```
[1653] code_public_0349_0: ```dsds
[1654] code_public_0016_0: ```dsl_fire result = sub(close, ts_mean(close, 60)) ```
[1655] code_public_0995_1: ```dsl_fire      ```
[1656] code_public_0355_0: ```dsl_fire result = div(sub(log(recip(pb)), group_mean(log(reclose, 20)), industry)), group_stdd(log(log(market_cap), i
[1657] code_public_0575_1: ```dsl_fire result = ts_sum(pct_change(pb, 1), 15) ```
[1658] code_public_0838_1: </think>     </think>     ```
[1659] code_public_0377_1: </think>     ```
[1660] code_public_0524_1: ```dsl_fire      ```
[1661] code_public_0081_1: ```dsl_fire ```
[1662] code_public_0897_0: </think>     ```dsl_fire    ```
[1663] code_public_0670_0: ```dsl_fire      ```
[1664] code_public_0026_1: ```dsl_fire result = mod(volume, shiftiftift(volume, 500.0)), 500.0) ```
[1665] code_public_0580_1: </think>     </think>           </think>   ```
[1666] code_public_0934_1: </think>  ```dsl_fire    ```
[1667] code_public_0318_1: </think>     </think>     </think>   ```
[1668] code_public_0387_1: </think>  </think>  ```dsl_fire    ```
[1669] code_public_0499_0: ```dsl_fire      ```
[1670] code_public_0953_0: ```dsl_fire result = ts_argmaxmin(volume, 20) ```
[1671] code_public_0213_1: ```dsl_fire result = sh sh sh sh sh sh sh sh sh shiftiftiftiftiftiftiftiftiftiftiftiftiftiftift(close, 7)) ```
[1672] code_public_0254_0: ```dsl_fire ```dsl  ```
[1673] code_public_0794_0: ```dsl_fire result = where(logical_or(gt(neg(log(market_cap)), xs_mean(neg(log(market_cap)))), gt(pct_change(close, 20),
[1674] code_public_0126_1: </think>  ```dsl_fire    ```
[1675] code_public_0932_0: ```dsl_fire ```
[1676] code_public_0650_1: </think>  ```dsl_fire          ```
[1677] code_public_0936_1: ```
[1678] code_public_0609_1: ```dsl_fire result = where(logical_not(lt(close, ts_mean(close, 20))), neg(pct_change(close, 3)), 0.0) ```
[1679] code_public_0177_1: ```
[1680] code_public_0603_1: ```
[1681] code_public_0956_1: </think>  ```dsl_fire       result = ab ab ab ab ab ab ab ab ab ab ab ab ab ab ab ab ab ab absolute(div(sub(close, 60)),
[1682] code_public_0628_1: ```dsl_fire result = xs_corr(volume, market_cap) ```
[1683] code_public_0763_1: ```dsl_fire      ```
[1684] code_public_0829_1: </think>  </think>  ```dsl_fire    ```
[1685] code_public_0756_0: ```dsl_fire result = div(sub(vwap, 5)), sh shiftiftiftiftift(vvwap, 5) ```
[1686] code_public_0687_1: ```dsl_fire result = minimum(pct_change(pb, 5), 0.0) ```
[1687] code_public_0980_1: </think>     ```
[1688] code_public_0691_0: ```dsl_fire    ```dsl_fire result = exp(minimum(div(sub(vwap, xs_mean(vwap)), xs_std(vwap)), 4.0)) ```
[1689] code_public_0676_0: ```dsl_fire result = add(log(recip(pct_change(close, 20), 20)), div(volute(pct_change(close, 20), ts_std(pct_change(clos
[1690] code_public_0164_0: ```dsl_fire      ```dsl_fire result = ts_prod(add(market_cap, 1), 10) ```
[1691] code_public_0970_1: ```dsl_fire    </think>  ```
[1692] code_public_0560_1: ```dsl_fire result = ts_sum(pct_change(close, 1), 5) ```
[1693] code_public_0771_0: ```dsl_fire result = where(logical_or(ge(volume, 5), pct_change(close, 5), 1.0) ```
[1694] code_public_0399_1: </think>     </think>     ```
[1695] code_public_0289_0: ```dsl_fire result = where(logical_and(gt(log(recip(pb)), xs_mean(log(recip(pb)))), gt(log(market_cap), xs_mean(log(mark
[1696] code_public_0417_0: ```dsl_fire result = where(logical_and(gt(close, ts_mean(close, 20)), ge(volume, ts_mean(volume, 20))), pct_change(close
[1697] code_public_0014_0: ```dsl_fire    ```dsl_fire result = exp(minimum(pct_change(pb, 2))) ```
[1698] code_public_0060_1: </think>  ```dsl_fire    ```
[1699] code_public_0557_0: </think>  ```dsl_fire result = where(logicalical_or(gt(pct_change(close, 20), xs_mean(pct_change(close, 20))), gt(div(vo
[1700] code_public_0447_1: </think>  ```dsl_fire    ```dsl_fire   ```
[1701] code_public_0844_0: ```dsl_fire    ```
[1702] code_public_0850_0: ```dsl_fire result = where(logical_and(gt(recip(pb), xs_mean(recip(pb))), gt(log(recip(pb), xs_mean(recip(pb))), xs_mean
[1703] code_public_0690_0: </think>     </think>         ```
[1704] code_public_0078_0: ```dsl_fire result = div(sub(close, ts_min(low, 2)), sub(ts_max(high, 60), ts_min(low, 2))) ```
[1705] code_public_0764_0: ```dsl_fire result = ts_sum(pct_change(close, 1), 45) ```
[1706] code_public_0284_0: </think>  ```dsl_fire result = div(sub(close, ts_min(low, 20)), sub(ts_max(high, 20), ts_min(low, 20))) ```
[1707] code_public_0882_1: </think>  ```dsl_fire    ```
[1708] code_public_0006_1: </think>  ```dsl_fire    ```
[1709] code_public_0744_1: </think>     </think>     </think>   ```
[1710] code_public_0549_0: </think>  ```dsl_fire result = ts_fire  ```
[1711] code_public_0563_0: ```dsl_fire result = where(logical_xor(lt(close, ts_mean(volume, 20)), ge(volume, ts_mean(volume, 20))), pct_change(clos
[1712] code_public_0980_0: </think>     ```
[1713] code_public_0672_1: </think>  </think>  ```dsl_fire result = neg(volume, 5)) ```
[1714] code_public_0734_0: ```
[1715] code_public_0508_0: </think>     ```
[1716] code_public_0465_0: ```dsl_fire result = div(sub(pct_change(open, 30), 30), group_std(pct_change(close, 30), industry)) ```
[1717] code_public_0622_0: </think>  ```dsl_fire    ```
[1718] code_public_0019_1: </think>     ```dsl_fire    ```
[1719] code_public_0293_0: ```dsl_fire      ```
[1720] code_public_0944_0: ```dsl_fire result = ts_sum(pct_change(pb, 1), 5) ```
[1721] code_public_0194_1: </think>     </think>     </think>   ```
[1722] code_public_0392_0: ```dsl_fire      ```
[1723] code_public_0119_1: ```dsl_fire    ```
[1724] code_public_0509_1: </think>  ```dsl_fire    ```
[1725] code_public_0799_1: </think>  ```dsl_fire    ```
[1726] code_public_0715_1: </think>  </think>  ```dsl_fire    ```dsl_fire   ```
[1727] code_public_0205_0: ```dsl_fire result = where(logical_xor(ge(volume, ts_mean(volume, 20)), eq(sign(pct_change(close, 1)), 1.0)), pct_change
[1728] code_public_0143_1: </think>     </think>     </think>   ```
[1729] code_public_0215_0: ```dsl_fire      ```
[1730] code_public_0098_1: ```dsl_fire result = sub(low, xs_median(low)) ```
[1731] code_public_0133_1: </think>  ```dsl_fire    ```
[1732] code_public_0960_0: </think>     </think>     ```
[1733] code_public_0014_1: ```dsl_fire    ```dsl_fire result = exp(minimum(pb, xs_mean(pb)), pct_change(close, 2.0)) ```
[1734] code_public_0354_0: ```dsl_fire      ```dsl_fire ```
[1735] code_public_0024_1: </think>  ```dsl_fire result = ts_fire  ```
[1736] code_public_0893_0: ```dsl_fire result = ts_winvwinpct_change(vwap, 90)  ```
[1737] code_public_0384_0: </think>     </think>     ```dsl_fire result = where(logicalicalicalicalicalicalical_or(div(sub(close, vwap), xs_mean(di
[1738] code_public_0568_1: </think>     ```dsl_fire    ```
[1739] code_public_0380_0: ```dsl_fire result = ts_sum(pct_change(close, 1), 20) ```
[1740] code_public_0301_1: ```dsl_fire result = ts_sum(pct_change(pb, 1), 60) ```
[1741] code_public_0393_0: ```dsl_fire result = s shiftift(add(1.0, 20)) ```
[1742] code_public_0493_0: </think>     </think>     ```dsl_fire    ```
[1743] code_public_0513_1: </think>               ```
[1744] code_public_0682_1: </think>     </think>     ```
[1745] code_public_0394_1: </think>     ```dsl_fire      ```
[1746] code_public_0221_1: </think>  ```dsl_fire    ```
[1747] code_public_0073_1: ```dsl_fire result = m mas xs_mean(pct_change(close, 2), 0.0) ```
[1748] code_public_0998_0: ```dsl_fire result = exp(minimum(div(sub(high, xs_mean(high)), ts_std(high, 20)), 1.0)) ```
[1749] code_public_0174_1: ```dsl_fire result = ts_w   ```
[1750] code_public_0145_0: ```dsl_fire result = sub(pct_change(close, 2), pct_change(close, 30)) ```
[1751] code_public_0116_1: ```dsl_fire result = mod(pb, 10000.0) ```
[1752] code_public_0004_0: </think>  ```dsl_fire    ```
[1753] code_public_0832_0: ```dsl_fire    ```
[1754] code_public_0054_1: </think>  ```dsl_fire    ```
[1755] code_public_0988_1: </think>  </think>  ```dsl_fire    ```
[1756] code_public_0151_0: ```dsdsdsl_pro sh sh sh sh sh sh shiftire  ```
[1757] code_public_0637_0: ```dsl_fire result = sub(market_cap, group_mean(market_cap, industry))  ```
[1758] code_public_0949_1: </think>  ```dsl_fire    ```
[1759] code_public_0569_0: ```dsl_fire      ```
[1760] code_public_0577_0: ```dsl_fire ```dsl_fire    ```
[1761] code_public_0490_0: ```dsl_fire      ```dsl_fire result = xs_corr(pct_change(close, 20), volumeumeume) ```
[1762] code_public_0844_1: ```dsl_fire    ```
[1763] code_public_0835_0: </think>   ```dsl_fire result = where(logical_xor(ne(sign(pct_change(close, 1)), 1.0), gt(close, ts_mean(close, 10)), pc
[1764] code_public_0686_0: </think>  ```dsl_fire    ```
[1765] code_public_0287_1: ```dsl_fire result = ts_sum(pct_change(close, 90)), 90) ```
[1766] code_public_0340_1: </think>  ```dsl_fire    ```
[1767] code_public_0143_0: ```dsl_fire    ```dsl_fire  ```
[1768] code_public_0591_0: </think>   ```dsl_fire      ```dsl_fire result = where(logicalpct_change(close, 60), xs_mean(pct_change(close, 60))), ne
[1769] code_public_0841_0: ```dsl_fire result = div(sub(log(market_cap), xs_mean(log(market_cap))), xs_stddddddddddddddddd(log(market_cap))) ```
[1770] code_public_0688_1: </think>     </think>     ```
[1771] code_public_0740_0: ```dsl_fire    ```dsl_fire ```
[1772] code_public_0168_0: ```dsl_fire result = div(sub(vwap, shiftift(vwap, 5)), shiftiftiftiftiftiftiftiftiftift shiftiftiftiftift shiftiftiftift
[1773] code_public_0020_1: </think>  ```dsl_fire result = pct_change(vwap, 30) ```
[1774] code_public_0639_0: ```dsl_fire    ```
[1775] code_public_0311_0: ```dsl_fire result = ts_argmaxmin(pb, 60) ```
[1776] code_public_0769_1: </think>   </think>     </think>     ```dsl_fire ```
[1777] code_public_0926_1: ```dsl_fire result = ts_reg_res(log1p(volume), log(market_cap), 60) ```
[1778] code_public_0129_0: </think>     </think>     ```dsl_fire    ```
[1779] code_public_0400_1: ```dsl_fire result = where(logical_not(lt(close, ts_mean(close, 20))), neg(pct_change(close, 5)), 0.0) ```
[1780] code_public_0086_1: ```dsl_fire result = group_prod(add(1.0)), ```
[1781] code_public_0555_0: ```dsl_fire result = where(logical_and(ne(sign(pct_change(close, 1)), -1.0), lt(close, ts_mean(close, 20))), pct_change(
[1782] code_public_0770_1: </think>  ```dsl_fire    ```
[1783] code_public_0180_1: ```dsl_fire result = maximum(pct_change(vwap, 20), 0.0) ```
[1784] code_public_0825_0: </think>     </think>     ```
[1785] code_public_0227_1: </think>     </think>     </think>   ```
[1786] code_public_0358_1: </think>  ```dsl_fire    ```
[1787] code_public_0419_0: ```dsl_fire    ```dsl_fire  ```
[1788] code_public_0223_1: </think>     </think>     ```
[1789] code_public_0261_1: </think>     </think>     </think>            ```
[1790] code_public_0161_1: ```dsl_fire result = ts_argmaxmin(close, 30) ```
[1791] code_public_0635_1: ```dsl_fire result = neg(mul(div(ts_mean(volume, 5), ts_mean(volume, 60)), pct_change(close, 5))) ```
[1792] code_public_0625_0: </think>     </think>     ```dsl_fire result = where(logical_or(gt(neg(log(market_cap)), xs_mean(neg(log(market_cap)))),
[1793] code_public_0779_1: ```dsl_fire result = sh sh sh shift(vwap, 10) ```
[1794] code_public_0212_1: ```dsl_fire result = sub(close, ts_qu 20) ```
[1795] code_public_0443_1: ```dsl_fire    ```
[1796] code_public_0373_1: </think>  ```dsl_fire    ```
[1797] code_public_0329_0: ```dsl_fire result = where(logical_or(gt(pct_change(close, 1), xs_mean(pct_change(close, 5), 1), gt(recip(pb), xs_mean(r
[1798] code_public_0467_0: ```dsl_fire    ```dsl_fire  ```
[1799] code_public_0521_0: ```dsl_fire result = div(sub(close, ts_min(low, 45)), sub(ts_max(high, 45), ts_min(low, 45))) ```
[1800] code_public_0868_1: </think>                     ```
[1801] code_public_0252_0: ```dsl_fire      ```dsl_ffire   ```
[1802] code_public_0084_1: ```dsl_fire      ```
[1803] code_public_0544_1: ```dsl_fire result = div(sub(volume, xs_median(volume)), xs_std(volume))  ```
[1804] code_public_0690_1: </think>         ```
[1805] code_public_0479_1: </think>  ```dsl_fire      ```
[1806] code_public_0732_1: ```dsl_fire    ```
[1807] code_public_0458_1: ```dsl_fire    </think>  ```dsl_fire    ```
[1808] code_public_0701_0: </think>  ```dsl_fire    ```
[1809] code_public_0991_1: </think>     ```dsl_fire    ```dsl_fire  ```
[1810] code_public_0986_1: ```dsl_fire result = div(sub(close, ts_min(low, 30)), sub(tsclose, 30)) ```
[1811] code_public_0675_1: </think>     </think>     </think>   ```
[1812] code_public_0692_0: ```dsl_fire      ```
[1813] code_public_0677_0: ```dsl_fire    ```
[1814] code_public_0520_0: ```dsl_fire result = add(div(sub(log(recip(pb)), group_mean(log(recip(pb)), industry)), group_std(log(recip(pb)), indust
[1815] code_public_0209_0: ```dsl_fire result = xs_corr(pct_change(market_cap, vwap, vwap)), negggmaxmin(market_cap, 20)) ```
[1816] code_public_0093_0: ```dsl_fire       ```dsl_fire    ```
[1817] code_public_0983_0: ```dsl_fire result = mod(market_cap, 10000.0) ```
[1818] code_public_0849_0: ```dsl_fire result = div(sub(vwap, shiftift(vwap, 10)), shiftiftiftiftiftiftiftiftiftift shiftiftiftiftift shiftiftiftif
[1819] code_public_0598_1: ```dsl_fire result = add(neg(log(market_cap)), xs_mean(neg(log(market_cap)))) ```
[1820] code_public_0515_1: </think>     </think>     ```dsl_fire result = where(logical xs_meananananananananananananananananananananan(negt(log), 
[1821] code_public_0179_0: ```dsl_fire result = sub(close, ts_mean(close, 15)) ```
[1822] code_public_0653_0: ```dsl_fire    ```
[1823] code_public_0539_0: ```ds     ```ds
[1824] code_public_0212_0: ```dsl_fire result = sub(close, ts_quantile(close, 45, 0.7```
[1825] code_public_0503_1: ```dsl_fire result = maximum(pct_change(vwap, 10), 0.0) ```
[1826] code_public_0800_0: </think>     </think>     ```dsl_fire    ```
[1827] code_public_0206_0: </think>  ```dsl_fire    ```
[1828] code_public_0632_1: ```dsl_fire result = sub(volume, ts_mean(volume, 20)) ```
[1829] code_public_0417_1: ```dsl_fire result = where(logical_and(gt(close, ts_mean(close, 20)), ge(volume, ts_mean(volume, 20))), pct_change(close
[1830] code_public_0003_0: ```dsl_fire    ```
[1831] code_public_0665_0: </think>  ```dsl_fire result = pct_change(vwap, 2) ```
[1832] code_public_0764_1: ```dsl_fire result = ts_sum(pct_change(close, 1), 45) ```
[1833] code_public_0860_0: </think>  ```dsl_fire       ```dsl_fire      ```
[1834] code_public_0065_0: ```dsdsds
[1835] code_public_0413_1: </think>     </think>               ```
[1836] code_public_0809_1: </think>  </think>  ```dsl_fire result = ts_fire  ```
[1837] code_public_0226_1: </think>   ```dsl_fire      ```
[1838] code_public_0957_1: ```dsl_fire result = neg(pct_change(open, 7)) ```
[1839] code_public_0429_1: </think>   </think>     </think>     ```dsl_fire ```
[1840] code_public_0660_1: </think>     ```
[1841] code_public_0324_1: ```dsl_fire    </think>  ```
[1842] code_public_0533_0: ```dsl_fire result = ts_win, ts_mean(pct_change(vwap, 1), 15) ```
[1843] code_public_0505_0: </think>  ```dsl_fire result = exp(minimum(pct_change(vwap, 2), 0.1)) ```
[1844] code_public_0919_0: </think>  ```dsl_fire    ```
[1845] code_public_0821_1: ```dsl_fire result = neg(pct_change(close, 10)) ```
[1846] code_public_0896_1: ```dsl_fire result = mod(volume, 10000.0) ```
[1847] code_public_0134_0: ```dsl_fire      ```dsl_fire result = div(sububmean(vwap, 2), sub(vwap, ts_min(low, 90close, 90close, 90), pct_change(vw
[1848] code_public_0422_0: </think>  </think>                     ```
[1849] code_public_0611_0: ```dsl_fire result = group group group group group group group group group group group group group group group group gro
[1850] code_public_0641_0: </think>  ```dsl_fire       result = ab ab ab ab ab ab ab ab ab ab ab ab ab ab ab ab ab ab ab ab ab ab ab ab ab ab ab ab
[1851] code_public_0589_1: ```dsl_fire result = ts_sum(pct_change(vwap, 1), 20) ```
[1852] code_public_0941_1: ```dsl_fire result = xs_corr(close, market_close, volume)  ```
[1853] code_public_0332_1: </think>  ```dsl_fire    ```
[1854] code_public_0628_0: ```dsl_fire result = xs_corrr(volume, xs_mean(volume)) ```
[1855] code_public_0074_0: ```dsl_fire result = where(logical_xor(ne(sign(pct_change(close, 1)), -1.0), lt(close, ts_mean(close, 20))), pct_change(
[1856] code_public_0032_0: ```dsl_fire result = where(logical_and(le(volume, ts_mean(volume, 20)), ne(sign(pct_change(close, 1)), -1.0)), pct_chang
[1857] code_public_0161_0: ```dsl_fire result = div(tststs_max(high, 30), ts_max(high, 30)), ts_fire ```
[1858] code_public_0317_0: ```dsl_fire result = sh sh shiftiftiftiftiftiftiftiftiftiftiftiftiftiftift shift open, 20)  ```
[1859] code_public_0784_0: ```dsl_fire      ```
[1860] code_public_0889_0: ```dsl_fire result = where(logical_or(lt(close, ts_mean(close, 20)), le(volume, ts_mean(volume, 20))), pct_change(close,
[1861] code_public_0351_0: ```dsl_fire result = div(sub(vwap, ts_min(vwap, 30)), sub(ts_max(vwap, 30), ts_min(vwap))) ```
[1862] code_public_0327_0: ```dsl_fire result = add(log(recip(pb)), log(market_cap)) ```
[1863] code_public_0189_0: ```dsl_fire result = where(gt(sqrt(recip(pb)), xs_mean(sqrt(recip(pb)))), neg(log(market_cap)), 0.0) ```
[1864] code_public_0458_0: ```dsl_fire result = cbrt(pct_change(vwap, 2)) ```
[1865] code_public_0985_1: </think>  ```dsl_fire      ```
[1866] code_public_0139_0: ```dsl_fire result = mod(volume, 1000000.0) ```
[1867] code_public_0783_0: ```dsl_fire result = ts_prod(add(1.0, pct_change(volume, 30))) ```
[1868] code_public_0354_1: </think>  ```dsl_fire    ```
[1869] code_public_0088_1: ```dsl_fire result = pct_change(volume, 45) ```
[1870] code_public_0895_0: </think>  ```dsl_fire result = pct_change(vwap, 10) ```
[1871] code_public_0824_1: ```dsl_fire result = sub(close, ts_qu 60) ```
[1872] code_public_0711_0: ```dsdsdsl       ```
[1873] code_public_0681_1: ```dsl_fire result = minimum(pct_change(pb, 15), 0.0) ```
[1874] code_public_0924_1: ```dsl_fire result = sub(pct_change(open, 5)) ```
[1875] code_public_0969_1: ```dsl_fire    ```
[1876] code_public_0063_1: ```dsl_fire    ```
[1877] code_public_0249_0: </think>  ```dsl_fire    ```
[1878] code_public_0435_1: </think>     </think>     </think>   ```dsl_fire      ```
[1879] code_public_0508_1: </think>     </think>     ```
[1880] code_public_0698_1: ```dsl_fire result = neg(pct_change(open, 2)) ```
[1881] code_public_0722_0: ```dsl_fire result = ts_prod(ts_std(pct_change(close, 1), 3), 3)) ```
[1882] code_public_0915_0: </think>  ```dsl_fire       ```
[1883] code_public_0596_1: </think>     </think>     ```
[1884] code_public_0453_1: ```dsl_fire      ```
[1885] code_public_0357_1: </think>  ```dsl_fire    ```
[1886] code_public_0506_1: ```dsl_fire result = sub(pb, xs_quantile(pb, 0.5)) ```
[1887] code_public_0517_0: ```dsl_fire result = ts_win_cumsum(pct_change(volume, 1), 30)  ```
[1888] code_public_0211_0: ```dsl_fire result = sub(volume, xs_quant div(volume, 5)) ```
[1889] code_public_0562_0: </think>     </think>     ```
[1890] code_public_0571_1: </think>     </think>   ```
[1891] code_public_0142_0: ```dsl_fire result = where(logical_or(gt(recip(pct_change(close, 20), xs_mean(recip(pb))), gt(pct_change(close, 20), xs_
[1892] code_public_0925_1: ```dsl_fire result = sub(tstsclose, 60) ```
[1893] code_public_0031_1: ```dsl_fire   ```dsl_fire result = exp(minimum(low, 4.0, 3)), pct_change(close, 3) ```
[1894] code_public_0596_0: ```dsdsl_fire     ```
[1895] code_public_0336_0: </think>     </think>     ```dsl_fire </think>  ```
[1896] code_public_0729_0: ```dsdsl_fire     ```
[1897] code_public_0920_1: </think>     </think>     </think>   ```dsl_fire      ```
[1898] code_public_0505_1: </think>  ```dsl_fire result = exp(minimum(pct_change(vwap, 2), 0.1)) ```
[1899] code_public_0866_0: ```dsl_fire    ```dsl_fire result = exp(minimum(div(volume, xs_mean(volume)), xs_std(volume)), 2.0)) ```
[1900] code_public_0461_1: ```dsl_fire      ```
[1901] code_public_0052_0: ```dsl_fire result = add(neg(log(recip(pb)), div(volume, market_cap))) ```
[1902] code_public_0406_1: </think>     </think>     </think>   ```
[1903] code_public_0040_1: </think>  </think>         ```dsl_fire      ```
[1904] code_public_0876_1: ```dsl_fire      ```
[1905] code_public_0302_1: </think>     </think>     ```dsl_fire result = where(logicalical xs_mean(log(market_cap), xs_mean(log(market_cap))), xs_
[1906] code_public_0755_0: </think>     </think>     </think>     </think>   ```
[1907] code_public_0945_1: </think>   ```dsl_fire      ```
[1908] code_public_0196_1: ```dsl_fire result = ts_sum(pct_change(pb, 1), 15) ```
[1909] code_public_0961_1: </think>  ```dsl_fire    ```
[1910] code_public_0530_1: </think>  ```dsl_fire    ```
[1911] code_public_0929_0: ```dsl_fire result = div(sub(close, ts_min(low, 10)), sub(ts_max(high, 10), ts_min(low, 10))) ```
[1912] code_public_0875_0: ```dsl_fire    ```
[1913] code_public_0710_1: ```dsl_fire result = xs_quantile(volume, 0.2)) ```
[1914] code_public_0217_0: </think>     ```dsl_fire    ```
[1915] code_public_0431_1: </think>     </think>         ```
[1916] code_public_0046_1: </think>     </think>           ```
[1917] code_public_0768_0: ```dsl_fire result = div(sub(vwap, shiftift(vwap, 15)), shiftiftiftiftiftiftiftiftiftift shiftiftiftiftift shiftiftiftif
[1918] code_public_0594_1: ```dsl_fire result = sub(market_cap, xs_mean(market_cap)) ```
[1919] code_public_0145_1: </think>  ```dsl_fire    ```
[1920] code_public_0474_1: </think>     </think>     ```
[1921] code_public_0130_1: ```dsl_fire result = sub(div(volume, 10)), div(volume, xs_mean(volume))  ```
[1922] code_public_0446_1: </think>     </think>     </think>   ```
[1923] code_public_0606_0: </think>  ```dsl_fire       ```dsl_fire      ```
[1924] code_public_0571_0: ```
[1925] code_public_0149_0: </think>     ```dsl_fire result = where(le(volume, xs_mean(volume)), xs_std(volume)), neg(div(volume, xs_mean(volume, 20
[1926] code_public_0436_1: </think>     </think>     </think>     ```
[1927] code_public_0337_0: ```dsl_fire result = add(neg(log(market_cap)), div(sub(close, vwap), vwap)) ```
[1928] code_public_0728_0: ```dsl_fire      ```dsl_fire ```
[1929] code_public_0096_0: ```dsl_fire result = div(sub(close, ts_min(low, 45)), sub(ts_max(high, 45), ts_min(low, 45))) ```
[1930] code_public_0294_0: ```dsl_ffffire   ```
[1931] code_public_0433_0: ```dsl_fire    ```
[1932] code_public_0423_1: ```dsl_fire result = mul(div(ts_mean(volume, 5), ts_mean(volume, 90)), pct_change(close, 5)) ```
[1933] code_public_0039_1: ```dsl_fire result = sub(vwap, ts_quantile(vwap, 5, 0.7```
[1934] code_public_0963_0: ```dsl_fire result = sub(pb, xs_quantile(recip(pb, 0.7```
[1935] code_public_0468_1: ```dsl_fire result = where(logical_or(gt(pct_change(close, 1), xs_mean(recip(pb))), pct_change(close, 5), 0.0) ```
[1936] code_public_0096_1: ```dsl_fire result = div(sub(close, ts_min(low, 45)), sub(tsclose, 45), 45)) ```
[1937] code_public_0813_0: </think>     ```dsl_fire result = mod(volume, 5000000000.0) ```
[1938] code_public_0532_0: ```dsl_fire result = ts_prod(addadd(1.0, pct_change(volume, 60)))) ```
[1939] code_public_0550_0: </think>     ```
[1940] code_public_0062_1: </think>     ```dsl_fire      ```
[1941] code_public_0009_0: ```dsl_fire    ```
[1942] code_public_0959_0: ```dsl_fire      ```dsl_fire ```
[1943] code_public_0219_1: </think>     </think>     ```
[1944] code_public_0793_1: ```dsl_fire      ```
[1945] code_public_0315_1: </think>     </think>     ```
[1946] code_public_0173_0: </think>               ```
[1947] code_public_0536_1: </think>   </think>     </think>     ```
[1948] code_public_0187_0: ```dsl_fire result = where(logical_and(gt(sqrt(recip(pb)), xs_mean(sqrt(recip(pb)))), gt(pct_change(close, 20), xs_mean(
[1949] code_public_0139_1: ```dsl_fire result = mod(volume, 1000000.0) ```
[1950] code_public_0441_0: ```dsl_fire result = maximum(pct_change(pb, 7), 0.0) ```
[1951] code_public_0666_0: </think>                  ```
[1952] code_public_0159_1: </think>     </think>     </think>   ```
[1953] code_public_0445_0: ```dsl_fire    ```
[1954] code_public_0175_0: ```dsl_fire result = div(tststs_stdddd(volume, 1), clo market_cap)  ```
[1955] code_public_0278_1: </think>     ```dsl_fire      ```dsl_fire ```
[1956] code_public_0535_0: ```dsl_fire result = sub(logicalical_orr(log(market_cap)), xs_mean(log(market_cap))), log1p(ts_mean(volume, 20)) ```
[1957] code_public_0810_1: </think>     </think>         ```
[1958] code_public_0016_1: ```dsl_fire result = sub(close, ts_mean(close, 60)) ```
[1959] code_public_0067_0: </think>  ```dsl_fire    ```
[1960] code_public_0053_0: ```dsl_fire result = ab ab ab ab ab ab ab ab ab ab ab ab ab ab ab ab ab ab ab ab ab ab ab ab ab ab ab ab ab ab ab ab ab 
[1961] code_public_0613_1: </think>   ```dsl_fire      ```dsl_fire result = sub(pct_change(close, 3), xs_mean(pct_change(close, 1), 0.0)) ```
[1962] code_public_0896_0: ```dsl_fire result = mod(volume, 1000000.0) ```
[1963] code_public_0118_0: </think>  ```dsl_fire    ```
[1964] code_public_0174_0: ```dsl_fire result = ts_winvwinpct_change(vwap, 45)  ```
[1965] code_public_0169_0: ```dsl_fire      ```
[1966] code_public_0814_0: </think>  ```dsl_fire    ```
[1967] code_public_0612_0: ```dsl_fire result = sub(vwap, xs_median(vwap)) ```
[1968] code_public_0233_0: ```dsl_fire result = where(logical_and(lt(close, ts_mean(close, 20)), le(volume, ts_mean(volume, 20))), pct_change(close
[1969] code_public_0382_1: ```dsl_fire    </think>  ```
[1970] code_public_0076_0: </think>     </think>     ```
[1971] code_public_0928_0: ```dsl_fire result = ts_sum(pct_change(volume, 1), 20) ```
[1972] code_public_0993_0: ```dsdsl_fire   ```
[1973] code_public_0244_0: ```dsl_fire result = div(sub(volume, xs_median(market_cap)), xs_stddd(volume)) ```
[1974] code_public_0974_0: </think>  </think>                           ```
[1975] code_public_0930_0: ```dsl_fire result = where(logical_xor(logical_xor(gt(pct_change(close, 20), xs_mean(pct_change(close, 20))), gt(div(vol
[1976] code_public_0069_0: </think>  ```dsl_fire    ```dsl_fire   ```
[1977] code_public_0059_0: </think>     </think>     </think>      ```
[1978] code_public_0434_1: </think>  ```dsl_fire    ```
[1979] code_public_0049_1: ```dsl_fire      ```
[1980] code_public_0796_0: ```dsl_fire      ```
[1981] code_public_0960_1: </think>   </think>     </think>     ```
[1982] code_public_0689_0: ```dsl_fire      ```
[1983] code_public_0753_0: ```dsl_fire result = cbrt(pct_change(vwap, 7)) ```
[1984] code_public_0615_0: </think>  </think>  ```dsl_fire result = ts_fire  ```
[1985] code_public_0306_0: ```dsl_fire      ```dsl_fire result = ts_prod(addadd)) ```
[1986] code_public_0862_0: ```dsl_fire result = sub(high, xs_quantile(high, 0.8)) ```
[1987] code_public_0065_1: </think>                     ```
[1988] code_public_0582_1: ```dsl_fire result = neg(pct_change(vwap, 10)) ```
[1989] code_public_0655_0: ```dsl_fire result = add(div(sub(sqrt(recip(pb)), group_mean(sqrt(recip(pb)), industry)), group_std(sqrt(recip(pb)), ind
[1990] code_public_0734_1: </think>     </think>     </think>   ```
[1991] code_public_0515_0: </think>     </think>     ```dsl_fire result = where(logicalicalicalicalicalicalicalicalicalicalicalicalicalicalical_or(
[1992] code_public_0460_0: </think>  ```dsl_fire result = ab ab ab ab ab ab ab ab ab ab ab ab ab ab ab ab ab ab ab ab ab ab ab ab ab ab ab ab ab ab
[1993] code_public_0863_0: </think>     </think>     ```
[1994] code_public_0629_0: ```dsl_fire result = where(logical_and(gt(recip(pct_change(close, 20)), xs_mean(ts_mean(volume, 20)))), neg(log(market_c
[1995] code_public_0436_0: </think>     </think>     ```dsl_fire result = where(logical_or(gt(log1p(ts_mean(volume, 20)), xs_mean(log1p(ts_mean(vol
[1996] code_public_0948_0: ```dsl_fire      ```
[1997] code_public_0094_1: ```dsl_fire    ```
[1998] code_public_0441_1: ```dsl_fire result = maximum(pct_change(pb, 7), 0.0) ```
[1999] code_public_0680_1: </think>  </think>  ```dsl_fire    ```
[2000] code_public_0208_1: </think>   </think>  ```dsl_fire    ```
