[1] code_public_0576_0: ```dsl_fire      ```dsl_fire result = = = = = = = = = = = = = = = = = = = ts_std(open, 15)) ```
[2] code_public_0347_0: ```dsl_fire      ```dsl_fire result = minimum(div(open, 2)  ```
[3] code_public_0885_1: </think>      ```dsl_fire      ```dsl_fire result = shift(close, 20)) ```
[4] code_public_0965_1: ```dsl_fire      ```dsl_fire result = ts_corr(pct_change(close, 20)) ```
[5] code_public_0216_0: ```dsl_fire      ```dsl_fire result = minimum(sub(high, xs_mean(low))), -1.0) ```
[6] code_public_0852_1: ```dsl_fire result = sub(vwap, xs_quantile(high, 0.2))  ```
[7] code_public_0389_1: ```dsl_fire result = open open open)     ```
[8] code_public_0048_0: ```dsl_fire      ```dsl_fire result = shiftiftift(high, 10)) ```
[9] code_public_0635_0: ```dsl_fire result = where(div(ts_mean(market_cap, 2), ts_mean(volume, 3))) ```
[10] code_public_0313_1: </think>   </think>     </think>     </think>     </think>      </think>     ```dsl_fire    ```
[11] code_public_0168_1: ```dsl_fire      ```dsl_fire result = shiftiftiftiftift(vwap, 5)) ```
[12] code_public_0483_1: ```dsl_fire result = neg(mul(div(ts_mean(volume, 2), ts_mean(volume, 7)), pct_change(close, 3))) ```
[13] code_public_0071_1: ```dsl_fire result = log10(add(1.0, absolute(pct_change(pb, 10)))) ```
[14] code_public_0290_1: ```dsl_fire      ```dsl_fire result = where(gt(reclose, ts_mean(volume, 20)), 0.0) ```
[15] code_public_0146_0: ```dsl_fire      ```dsl_fire result = minimum(pct_change(close, 2)) ```
[16] code_public_0890_1: ```dsl_fire result = sub(pct_change(pb, 15) ```
[17] code_public_0800_1: ```dsl_fire      ```dsl_fire result = open open open))   ```
[18] code_public_0822_1: </think>   </think>     ```dsl_fire result = where(gt(log(reclose, xs_mean(reclose))), 0.0) ```
[19] code_public_0156_0: ```dsl_fire      ```dsl_fire result = shiftiftiftiftiftiftiftiftiftiftiftiftiftiftiftiftiftiftiftiftiftiftiftiftiftiftif
[20] code_public_0307_0: ```dsl_fire result = absolute(pct_change(pct_change(pb, 2))) ```
[21] code_public_0537_1: </think>   </think>     ```dsl_fire result = minimum(div(sub(reclose, xs_mean(reclose)), xs_std(log(market_cap))), 0.0) 
[22] code_public_0529_1: ```dsl_fire result = sub(low, xs_quantile(low, 0.2))  ```
[23] code_public_0491_0: ```dsl_fire      ```dsl_fire result = minimum(pct_change(close, 45)) ```
[24] code_public_0817_1: </think>   </think>     ```dsl_fire      ```dsl_fire result = ts_ccorr(pct_change(close, 20)), 45) ```
[25] code_public_0324_0: ```dsl_fire   result = = = = = = = = = = = = = = = = = sub(pct_change(close, 1), 0.0) ```
[26] code_public_0133_0: ```dsl_fire      ```dsl_fire result = shiftiftiftiftiftiftiftiftiftiftiftiftiftiftiftiftiftiftiftiftiftiftiftiftiftiftif
[27] code_public_0574_1: ```dsl_fire result = log10(ts_mean(volume, 5)) ```
[28] code_public_0132_0: ```dsl_fire result = where(div(ts_mean(volume, 2), ts_mean(volume, 5)), pct_change(close, 2)) ```
[29] code_public_0082_0: ```dsl_fire result = where(logical_and(log(market_cap)), gt(log(market_cap)), gt(log(market_cap)), 0.0) ```
[30] code_public_0860_1: ```dsl_fire result = minimum(reclose, ts_mean(vwap)) ```
[31] code_public_0012_0: ```dsl_fire result = sub(pct_change(vwap, 2)) ```
[32] code_public_0840_1: ```dsl_fire      ```dsl_fire result = = shift(pct_change(close, 45), 45) ```
[33] code_public_0144_1: ```dsl_fire      ```dsl_fire result = = = = = = = = = = = = = = = = = = = = = = = = = = = = ts_std(high, 20)) ```
[34] code_public_0707_1: ```dsl_fire result = minimum(reclose, ts_mean(vwap, 15)) ```
[35] code_public_0750_0: ```dsl_fire   result = minimum(pct_change(vwap, 2)), 0.0) ```
[36] code_public_0695_1: ```dsl_fire result = where(gt(high, xs_mean(high)), xs_mean(vwap)), 0.0) ```
[37] code_public_0725_0: </think>     ```dsl_fire result = minimum(div(sub(close, 20)), group_mean(close, 20)) ```
[38] code_public_0244_1: ```dsl_fire      ```dsl_fire result = shiftiftiftiftift(mmarket_cap, 20) ```
[39] code_public_0883_1: </think>     ```dsl_fire    </think>  result = ts_ccclose, 5)   ```
[40] code_public_0603_0: ```dsl_fire      ```dsl_fire result = shiftiftiftiftiftiftiftiftiftiftiftift(close, 20)) ```
[41] code_public_0636_0: ```dsl_fire      ```dsl_fire result = where(gt(low, xs_mean(low)), 0.0) ```
[42] code_public_0926_0: ```dsl_fire result = ts_fire result = ts_close, 20)  ```
[43] code_public_0171_1: ```dsl_fire result = exp(minimum(pct_change(high, 2), 0.1)) ```
[44] code_public_0284_1: </think>      ```dsl_fire      ```dsl_fire result = ts_corr(pct_change(close, 20)) ```
[45] code_public_0752_1: ```dsl_fire result = where(logical_and(lt(recip(pb)), xs_mean(volume, 20))), pct_change(close, 5)) ```
[46] code_public_0001_0: ```dsl_fire      ```dsl_fire result = = = = = = = = = = = = = = = = = = = = = = absolute(pct_change(close, 20))) ```
[47] code_public_0585_0: ```dsl_fire      ```dsl_fire result = where(gt(close, xs_mean(close)), 0.0) ```
[48] code_public_0623_1: ```dsl_fire      ```dsl_fffffire  ```
[49] code_public_0674_1: ```dsl_fire      ```
[50] code_public_0536_0: ```dsl_fire      ```dsl_fire result = shift(close, 2(close, 2)) ```
[51] code_public_0526_0: result = sub(div(absolute(log1p(ts_mean(volume, 20)), vwap)), xs_sum(absolute(div(volume, market_cap)))) ```
[52] code_public_0465_1: ```dsl_fire      ```dsl_fire result = ts_corr(pct_change(open, 20)), pct_change(open, 20)) ```
[53] code_public_0266_1: ```dsl_fire      ```dsl_fire result = minimum(pct_change(close, 5)) ```
[54] code_public_0899_1: ```dsl_fire result = sub(pct_change(close, 5))  ```
[55] code_public_0108_0: ```dsl_fire result = minimum(high, 45)  ```
[56] code_public_0130_0: ```dsl_fire result = sub(div(volume, market_cap), xs_sum(div(volume, market_cap)))  ```
[57] code_public_0315_0: ```dsl_fire   result = shiftiftift(close, 5))  ```
[58] code_public_0318_0: ```dsl_fire      ```dsl_fire result = = = = = = = = = = = = = = = = = = = = = = = = = =```
[59] code_public_0995_0: ```dsl_fire result = sub(market_cap), shift(close, 20)) ```
[60] code_public_0811_0: </think>      result = minimum(div(sub(log(market_cap), xs_mean(log(market_cap))), xs_mean(div(volume, market_cap))), 0.
[61] code_public_0173_1: </think>     result = minimum( minimum(high, 3 0.00000), 0.0)  ```
[62] code_public_0820_0: ```dsl_fire      ```dsl_fire result = minimum(pct_change(pb, 10)) ```
[63] code_public_0115_0: ```dsl_fire result = add absolute(div(recip(pb), xs_mean(recip(pb))), div(sub(log(market_cap), xs_mean(log(market_cap)))
[64] code_public_0437_1: ```dsl_fire result = sub(pb, xs_median(pb))  ```
[65] code_public_0759_1: ```dsl_fire      ```dsl_fire result = ts_corr(market_cap, market_cap, market_cap), ```
[66] code_public_0122_1: ```dsl_fire      ```
[67] code_public_0605_1: ```dsl_fire      ```dsl_fire result = = = = = = = = = = = = = = = = = = = = = = =```
[68] code_public_0545_0: </think>   </think>     ```dsl_fire result = where(logical_or(gt(log(market_cap), xs_mean(log(market_cap))), 0.0) ```
[69] code_public_0876_0: ```dsl_fire      ```dsl_fire result = exp(minimum(high, xs_mean(high)), 0.1.0, 0.0)) ```
[70] code_public_0818_0: ```dsl_fire      ```dsl_fire result = minimum(div(vwap, 0.7)) ```
[71] code_public_0306_1: ```dsl_fire      ```dsl_fire result = ts_close, 5)) ```
[72] code_public_0787_1: ```dsl_fire      ```
[73] code_public_0047_0: ```dsl_fire   result = = = minimum(pct_change(close, 5))  ```
[74] code_public_0662_1: ```dsl_fire      ```dsl_fire result = shiftiftiftiftiftiftiftiftiftiftiftiftiftiftiftiftiftiftiftiftiftiftiftiftiftiftif
[75] code_public_0416_0: ```dsl_fire result = minimum(high, 7) ```
[76] code_public_0462_1: ```dsl_fire result = where(logical_and(gt(reclose, ts_mean(recip(pb)), xs_mean(recip(pb))), gt(pct_change(close, 20))), 
[77] code_public_0846_1: ```dsl_fire      ```dsl_fire result = = = = = = = = = = = = = = = absolute(pct_change(volume, 20))) ```
[78] code_public_0831_1: ```dsl_fire      ```
[79] code_public_0262_0: ```dsl_fire result = exp(minimum(pct_change(pb, 10), 0.1))  ```
[80] code_public_0331_0: ```dsl_fire result = exp(minimum(div(sub(pct_change(pb, 20)), xs_mean(pct_change(close, 20))), -1.0)) ```
[81] code_public_0663_1: </think>     </think>     </think>     </think>   </think>     </think>            ```
[82] code_public_0994_0: ```dsl_fire result = exp(minimum(div(market_cap, 45)), pct_change(close, 45)), 0.0) ```
[83] code_public_0024_0: </think>   </think>     ```dsl_fire      result = = = = = = = = = = = = = = = = ts_std(pct_change(vwap, 1), 0.0) ```
[84] code_public_0602_0: ```dsl_fire result = = = = = = = = = = = = = = = = = = = = = = = = = = = = = = = = = = = = = = = = = = = = = = = = = = =
[85] code_public_0869_1: ```dsl_fire result = minimum(maximximximximximximximximximximximximximximximximximximximximximximximximximximximximximxi
[86] code_public_0752_0: ```dsl_fire result = where(logical_mean(lt(volume, 5)), xs_mean(volume, 5)), 0.0) ```
[87] code_public_0996_1: </think>     ```dsl_fire    ```dsl_fire   result = ts_close, 60) ```
[88] code_public_0407_0: ```dsl_fire result = sub(div(marketetet_cap, market_cap, market_cap)), div(log(market_cap)), 0.0) ```
[89] code_public_0917_1: ```dsl_fire      ```dsl_fire result = absub(div(reclose, market_cap), xs_mean(log(market_cap))), xs_std(log(market_cap))
[90] code_public_0923_0: ```dsl_fire      ```dsl_fire result = shift(pct_change(close, 10)) ```
[91] code_public_0741_1: </think>         </think>  ```dsl_fire    ```dsl_fire   ```
[92] code_public_0963_1: ```dsl_fire result = sub(pb, xs_quantile(recipipipipip(pb), 0.2))  ```
[93] code_public_0965_0: ```dsl_fire   result = open)     ```
[94] code_public_0338_0: ```dsl_fire   result = = = = = = = = = = = = = = = = sub(pct_change(close, 1), 0.0) ```
[95] code_public_0396_1: ```dsl_fire      ```dsl_fire result = ts_corr(pct_change(open, 10)) ```
[96] code_public_0634_0: ```dsl_fire result = where(div(volume, ts_mean(volume, 2)), pct_change(close, 3), 0.0) ```
[97] code_public_0749_1: ```dsl_fire result = log10(add(1.1.1.1.1)) ```
[98] code_public_0484_0: ```dsl_fire      ```dsl_fire result = squareclose, 3))   ```
[99] code_public_0581_0: </think>     ```dsl_fire    ```dsl_fire   ```
[100] code_public_0912_0: ```dsl_fire result = where(div(absolume, ts_mean(volume, 2)), pct_change(close, 3)) ```
[101] code_public_0141_0: ```dsl_fire      ```dsl_fffffire  ```dsl_ffffffire  ```
[102] code_public_0931_0: ```dsl_fire result = minimum(pct_change(div(market_cap, 5))), 0.0) ```
[103] code_public_0190_1: ```dsl_fire      ```dsl_fire result = = = = open)  ```
[104] code_public_0847_1: ```dsl_fire      ```dsl_fire result = ts_ccclose, 45) ```
[105] code_public_0560_0: ```dsl_fire result = = = = = = = = = = = = = = = = = = = = = = = = = = = = = = = = = = ts_std(pct_change(close, 1), 0.0)
[106] code_public_0330_0: ```dsl_fire result = sub(market_cap, 45) ```
[107] code_public_0029_0: </think>  </think>  </think>         </think>     ```dsl_fire       ```dsl_fire   ```
[108] code_public_0655_1: ```dsl_fire result = add(div(recip(pb, ts_mean(reclose, 5)), xs_std(pct_change(close, 2)))), pct_change(close, 5)) ```
[109] code_public_0586_1: </think>   </think>     ```dsl_fire      result = ts_close, ts_close, 60) ```
[110] code_public_0653_1: ```dsl_fire result = log10(add(1.1.1.1.1)) ```
[111] code_public_0325_1: ```dsl_fire      ```dsl_fire result = group group group group group group group group group group group group group grou
[112] code_public_0562_1: ```dsl_fire result = = = = ts_fire ```
[113] code_public_0144_0: ```dsl_fire      ```dsl_fire result = = = = = = = = = = = = = = = = = = = = = = = = ts_std(high, 20)) ```
[114] code_public_0114_1: ```dsl_fire      ```
[115] code_public_0736_0: ```dsl_fire result = minimum(volume, 3)   ```
[116] code_public_0430_0: ```dsl_fire      ```dsl_fire ```
[117] code_public_0323_0: ```dsl_fire      ```dsl_fire result = open open open open open) ```
[118] code_public_0204_0: ```dsl_fire result = minimum(pct_change(vwap, 20)) ```
[119] code_public_0218_1: ```dsl_fire      ```
[120] code_public_0827_1: ```dsl_fire result = where(logical_and(gt(recip(pb), xs_mean(recip(pb))), -1.0)), pct_change(close, 10)), 0.0) ```
[121] code_public_0422_1: </think>     ```dsl_fire      result = where(logicalicalicalical_mean(div(vvvvvvvvvvvvvvvvvvvvvvvvvvvvvvvvvvvvvvvvvvvvvv
[122] code_public_0200_0: ```dsl_fire      ```dsl_fire result = minimum(maximximximximximximximximximximximximximximximximum(pct_change(pb, 2))) `
[123] code_public_0279_1: ```dsl_fire      ```dsl_fire result = where(gt(pb, xs_mean(pb, industry)), 0.0) ```
[124] code_public_0400_0: ```dsl_fire result = where(logical_mean(lt(close, 2)), pct_change(close, 3), 0.0) ```
[125] code_public_0795_0: result = sub(pct_change(close, 45), 45) ```
[126] code_public_0377_0: ```dsl_fire      result = minimum(pct_change(close, 20)) ```
[127] code_public_0462_0: ```dsl_fire result = where(logical_and(gt(recip(pb), xs_mean(recip(pb))), gt(pct_change(close, 5), xs_mean(pct_change(cl
[128] code_public_0511_0: ```dsl_fire      ```dsl_fire result = = = = = minimum(pct_change(volume, 3)) ```
[129] code_public_0068_0: ```dsl_fire result = sub(close, 3)  ```
[130] code_public_0627_1: ```dsl_fire result = sub(pct_change(pb, 10)) ```
[131] code_public_0360_1: ```dsl_fire result = where(logical_and(lt(close, ts_mean(close, 20))), neg(pct_change(close, 5))), 0.0) ```
[132] code_public_0450_0: ```dsl_fire      result = sub(high, group_mean(high, industry)) ```
[133] code_public_0439_0: ```dsl_fire      ```dsl_fire result = = shiftiftiftift(pct_change(vwap, 20)), 15)) ```
[134] code_public_0564_0: ```dsl_fire      ```dsl_fire result = = = = = = = = = = = = = = = = = = = ts_std(open, 20)) ```
[135] code_public_0761_0: </think>     </think>     </think>     </think>   ```dsl_fire   ```dsl_fire    ```
[136] code_public_0912_1: ```dsl_fire result = where(log1.0) ```
[137] code_public_0112_0: ```dsl_fire      ```dsl_fire result = minimum(pct_change(open, 2)) ```
[138] code_public_0542_0: ```dsl_fire   result = shiftiftiftiftiftiftiftiftift(close, 20))  ```
[139] code_public_0283_1: ```dsl_fire      ```dsl_fire result = = = = = = = = = = = = = = = = = = = = = = = = = ts_fire ```
[140] code_public_0119_0: ```dsl_fire      result = minimum(maximximximximximximximximximximximximximximximximximximximximximximximximximximximxim
[141] code_public_0227_0: ```dsl_fire      ```
[142] code_public_0587_1: ```dsl_fire result = div(sub(close, ts_minmin(low, 10)), sub(ts_max(high, 10), ts_min(low, 10))) ```
[143] code_public_0384_1: </think>   </think>     ```dsl_fire result = where(gt(div(sub(reclose, xs_mean(log(market_cap))), xs_std(log(market_cap)
[144] code_public_0797_0: ```dsl_fire      ```dsl_fire result = minimum(pct_change(close, 3 0.0)) ```
[145] code_public_0720_1: </think>  </think>  </think>            ```dsl_fire      ```
[146] code_public_0198_0: ```dsl_fire result = absolute(pct_change(pct_change(pb, 5))) ```
[147] code_public_0398_0: ```dsl_fire   ```dsl_fire result = minimum(reclose, xs_meananan(recip(pb))), 0.0) ```
[148] code_public_0328_1: ```dsl_fire      ```
[149] code_public_0335_0: ```dsl_fire result = open)  result = = = = = = = = = = = = = = = = = = = = = = = = = ts_std(open, 20)) ```
[150] code_public_0022_1: ```dsl_fire      ```dsl_fire result = ts_ccclose, 1),  ```
[151] code_public_0973_0: ```dsl_fire result = sub(close, 3)  ```
[152] code_public_0751_0: </think>     ```dsl_fire      ```dsl_fire result = = shiftiftiftift(close, 20)) ```
[153] code_public_0225_1: ```dsl_fire result = sub(log1p(reclose, market_close, market_close, market_close, vwap), ```
[154] code_public_0353_1: ```dsl_fire      ```dsl_fire result = ts_cccorr(pct_change(volume, 1), 0.0) ```
[155] code_public_0456_1: ```dsl_fire result = minimum(pct_change(vwap, 45)) ```
[156] code_public_0918_1: ```dsl_fire result = shiftiftiftift(vwap, 10) ```
[157] code_public_0448_0: ```dsl_fire      ```dsl_fire result = = = shiftiftift(market_cap, 5)) ```
[158] code_public_0028_1: </think>     </think>     ```dsl_fire result = sub(div(absolute(log1p(absolute(log1p(volume, 20)))), xs_sum(absolute(pct
[159] code_public_0351_1: ```dsl_fire result = shift(vwap, 15)) ```
[160] code_public_0971_1: </think>  ```dsl_fire   result = open)      ```
[161] code_public_0432_1: ```dsl_fire      ```
[162] code_public_0286_1: ```dsl_fire result = sub(div(ts_mean(volume, 20),), pct_change(close, 20)) ```
[163] code_public_0468_0: ```dsl_fire result = where(logical_and(gt(recip(pb)), xs_mean(recip(pb))), gt(div(recip(pb)), xs_mean(recip(pb))), 0.0) 
[164] code_public_0821_0: ```dsl_fire   result = open)     ```
[165] code_public_0486_1: </think>     ```dsl_fire result = minimum(absvwap, xs_meanan(lowlowlowlowlowlowlowlowlowlowlowlowlowlowlowlowlowlowlowlo
[166] code_public_0272_0: ```dsl_fire result = ts_std(pct_change(close, 1), 45)  ```
[167] code_public_0003_1: </think>  ```dsl_fire   result = open)      ```
[168] code_public_0239_1: </think>      ```dsl_fire   </think>  ```dsl_fire result = minimum(pct_change(vwap, 20)) ```
[169] code_public_0792_0: ```dsl_fire   ```
[170] code_public_0526_1: </think>         </think>  result = sub(div(volume, market_cap), 0.0)   ```
[171] code_public_0708_0: ```dsl_fire result = exp(minimum(div(market_cap, 45)), pct_change(close, 45)), 0.0) ```
[172] code_public_0862_1: ```dsl_fire result = sub(low, xs_quantile(low, 0.2))  ```
[173] code_public_0304_0: ```dsl_fire      ```dsl_fire result = shiftiftiftiftiftiftiftiftiftiftiftiftiftiftiftiftiftiftiftiftiftiftiftiftiftiftif
[174] code_public_0663_0: </think>     </think>     </think>         </think>     </think>            ```dsl_fire   ```
[175] code_public_0667_0: ```dsl_fire   result = absub(reclose, ts_mean(reclose, 20))) ```
[176] code_public_0182_1: ```dsl_fire      ```dsl_fire result = shiftiftiftiftift(vwap, 5)) ```
[177] code_public_0856_1: ```dsl_fire      ```dsl_fire result = = = = = = = = = = = = = = = = = = sign(close, 45)) ```
[178] code_public_0156_1: ```dsl_fire      ```dsl_fire result = shiftiftiftiftiftiftiftiftiftiftiftiftiftiftiftiftiftiftiftiftiftiftiftiftiftiftif
[179] code_public_0977_0: ```dsl_fire      ```dsl_fire result = open open open open)  ```
[180] code_public_0286_0: ```dsl_fire result = sub(div(ts_mean(pct_change(close, 1), 20), group_mean(ts_std(pct_change(close, 1), 20), ts_std(pct_
[181] code_public_0451_0: ```dsl_fire      ```dsl_fire result = minimum(div(market_cap, xs_mean(market_cap, 2))), -1.0), ```
[182] code_public_0233_1: ```dsl_fire result = where(logical_and(lt(close, ts_mean(close, 20))), neg(log1.0)), pct_change(close, 5)) ```
[183] code_public_0608_0: ```dsl_fire      ```dsl_fire result = minimum(sub(vvolume, xs_mean(volume)), 0.00close, 10.0), 0.0) ```
[184] code_public_0790_0: ```dsl_fire      ```dsl_fire result = xs_mean(pct_change(close, 20))  ```
[185] code_public_0866_1: ```dsl_fire result = exp(minimum(div(sub(volume, xs_mean(volume)), xs_std(volume, 2))), 2.0)) ```
[186] code_public_0281_0: ```dsl_fire   ```dsl_fire result = minimum(div(sub(reclose, xs_mean(reclose)), xs_std(log(market_cap)))), div(volume, ma
[187] code_public_0344_1: ```dsl_fire result = minimum(pct_change(pb, 3), 0.0) ```
[188] code_public_0104_0: </think>     ```dsl_fire result = minimum(div(mmarket_cap), group_mean(log(market_cap), industry)), div(log(market_cap),
[189] code_public_0299_0: ```dsl_fire      ```dsl_fire result = shiftiftiftiftiftiftiftiftiftiftiftiftiftiftiftiftiftiftiftiftiftiftiftiftiftiftif
[190] code_public_0280_0: ```dsl_fire      ```dsl_fire result = open open open open)  ```
[191] code_public_0590_0: ```dsl_fire   result = absolute(pct_change(open, 15)) ```
[192] code_public_0086_0: ```dsl_fire      ```dsl_fire result = open open open open)  ```
[193] code_public_0668_1: ```dsl_fire      ```
[194] code_public_0558_1: ```dsl_fire      ```dsl_fire result = = = = = = = = = = = = = = = = = = sign(close, 3)) ```
[195] code_public_0572_0: ```dsl_fire      ```dsl_fire ```
[196] code_public_0412_0: ```dsl_fire result = ts_fire  ```
[197] code_public_0501_1: ```dsl_fire result = add(div(sub(recip(pb), xs_mean(reclose, 10))), xs_std(pct_change(close, 2))) ```
[198] code_public_0102_1: </think>   </think>     ```dsl_fire result = where(gt(log(reclose, xs_mean(reclose))), xs_mean(log(market_cap))) ```
[199] code_public_0915_1: ```dsl_fire   result = shift(absvwap, 15))  ```
[200] code_public_0069_1: </think>      ```dsl_fire    ```dsl_fire  result = minimum(pct_change(vwap, 10)) ```
[201] code_public_0643_0: ```dsl_fire   ```
[202] code_public_0519_1: ```dsl_fire      ```
[203] code_public_0152_0: ```dsl_fire      ```
[204] code_public_0633_0: ```dsl_fire      ```dsl_fire result = = = = = = = = = = = = = = = = = = = = = absolute(pct_change(close, 15))) ```
[205] code_public_0128_1: </think>         </think>  ```dsl_fire    </think>  ```dsl_fire   ```
[206] code_public_0008_1: ```dsl_fire result = shiftiftiftift(market_cap, 15) ```
[207] code_public_0403_1: ```dsl_fire      ```
[208] code_public_0890_0: ```dsl_fire result = sub(pct_change(pb, 2)), ```
[209] code_public_0269_0: </think>  ```dsl_fire   result = = = = = = = = = = = = = = = = = = = = = = = = = ts_std(open, 20)) ```
[210] code_public_0621_1: </think>      ```dsl_fire   result = minimum(volume, 5), pct_change(volume, 5))  ```
[211] code_public_0952_0: </think>         </think>  ```dsl_fire    ```dsl_fire   ```dsl_fire   ```
[212] code_public_0439_1: ```dsl_fire      ```dsl_fire result = = = = = = = = = = = = = = = = = = = = = = absolute(pct_change(vwap, 10))) ```
[213] code_public_0532_1: ```dsl_fire result = sub(pct_change(open, 20)) ```
[214] code_public_0000_1: ```dsl_fire result = log10(add(pct_change(pb, 3 20))) ```
[215] code_public_0506_0: ```dsl_fire result = sub(pct_change(pb, 10)), 0.25)  ```
[216] code_public_0418_0: ```dsl_fire result = where(logical_and(gt(recip(pb), xs_mean(recip(pb))), gt(div(recip(pb)), xs_mean(recip(pb))), 0.0) `
[217] code_public_0900_0: ```dsl_fire      ```dsl_fire ```
[218] code_public_0371_0: ```dsl_fire   result = log10(add(market_cap, absolute(pct_change(market_cap, 5)))) ```
[219] code_public_0449_1: </think>   ```dsl_fire result = shiftift(pct_change(pb, 1), 10) ```
[220] code_public_0794_1: ```dsl_fire result = where(logical_and(gt(recip(pb), xs_mean(recip(pb))), gt(log(market_cap)), 0.0) ```
[221] code_public_0253_1: ```dsl_fire result = sub(div(marketetetttt(recap), xs_mean(log(market_cap))), xs_mean(volume, 20)) ```
[222] code_public_0727_0: ```dsl_fire result = = = = = = = = = = = = = = = = = = = = = = = = = = = = = = = = = = = = = sign(pct_change(low, 20)) `
[223] code_public_0492_0: ```dsl_fire result = sub(close, 45) ```
[224] code_public_0157_0: ```dsl_fire result = where(logical_mean(lt(close, 5), 0.0)), gt(pct_change(volume, 5), 0.0) ```
[225] code_public_0535_1: </think>   </think>     </think>     ```dsl_fire result = add(log1p(log1p(ts_mean(vvolume, 20)), xs_mean(log1p(ts_mean(v
[226] code_public_0504_0: ```dsl_fire      ```dsl_fffire  ```
[227] code_public_0786_1: ```dsl_fire      ```dsl_fire result = group group group group group group group group group group group group group grou
[228] code_public_0884_1: ```dsl_fire result = shiftift(marketet_cap, 5)) ```
[229] code_public_0674_0: ```dsl_fire      ```
[230] code_public_0558_0: ```dsl_fire      ```dsl_fire result = = = = = = = = = = = sign(close, 3)) ```
[231] code_public_0083_1: result =fire  result = sub(div(absolute(log(market_cap), xs_mean(absolute(log(market_cap))))), 0.0) ```
[232] code_public_0039_0: ```dsl_fire result = sub(vwap, 3) ```
[233] code_public_0225_0: ```dsl_fire result = sub(log(market_cap), xs_median(log(market_cap)))  ```
[234] code_public_0196_0: ```dsl_fire      ```dsl_fire result = ts_close, pct_change(pct_change(pb, 1), 0.1)) ```
[235] code_public_0100_1: ```dsl_fire      ```dsl_fire result = shiftiftiftiftiftiftiftiftiftiftiftiftiftiftiftiftiftiftiftiftiftiftiftiftiftiftif
[236] code_public_0906_1: ```dsl_fire      ```dsl_fire result = minimum(market_cap, market_cap, market_cap), ```
[237] code_public_0931_1: ```dsl_fire result = minimum(pct_change(volume, 5)) ```
[238] code_public_0669_1: ```dsl_fire      ```dsl_fire result = = = sub(pct_change(volume, 3 0.1)) ```
[239] code_public_0771_1: ```dsl_fire result = neg(mul(div(ts_mean(volume, 5), ts_mean(volume, 5)), pct_change(close, 5))) ```
[240] code_public_0383_0: ```dsl_fire result = exp(minimum(pct_change(close, 2), 0.1)) ```
[241] code_public_0147_0: ```dsl_fire      ```dsl_fire result = minimum(pct_change(close, 3 0.0)) ```
[242] code_public_0134_1: ```dsl_fire result = = = = = = = = = = = = = = = = = = = = = = = = = = = = = = = = = = = = = = = = = = = signsolute(vwap
[243] code_public_0332_0: ```dsl_fire result = sub(pct_change(close, 20)) ```
[244] code_public_0256_0: ```dsl_fire result = where(logical_and(gt(div(volume, market_cap), xs_mean(div(volume, ts_mean(volume, 20)), market_cap)
[245] code_public_0970_0: ```dsl_fire    result = = = = = = = = = = = = = = = sub(pct_change(close, 1), 0.0) ```
[246] code_public_0990_0: ```dsl_fire result = where(logical_and(gt(div(sub(recip(pb), xs_mean(recip(pb))), xs_mean(recip(pb))), xs_mean(pct_chang
[247] code_public_0136_1: ```dsl_fire result = sub(pb, 2) ```
[248] code_public_0802_1: ```dsl_fire      ```dsl_fire result = ts_ccclose, ts_maxminminminmin(close, 20)) ```
[249] code_public_0749_0: ```dsl_fire   ```dsl_fire ```
[250] code_public_0008_0: ```dsl_fire result = open open open)     ```
[251] code_public_0310_0: </think>      ```dsl_fire      ```dsl_fire result = minimum(volume, 5)   ```
[252] code_public_0155_0: ```dsl_fire      ```
[253] code_public_0979_1: ```dsl_fire   result = = ts_fire ```dsl_fffire  ```
[254] code_public_0572_1: ```dsl_fire      ```
[255] code_public_0343_0: ```dsl_fire      ```dsl_fire result = minimum(pct_change(close, 10)) ```
[256] code_public_0085_1: ```dsl_fire      ```dsl_fire result = shiftiftiftiftift(close, 20)) ```
[257] code_public_0158_0: ```dsl_fire result = exp(minimum(pct_change(log(market_cap)))) ```
[258] code_public_0007_1: ```dsl_fire      ```
[259] code_public_0047_1: ```dsl_fire      ```dsl_fire result = = = =```
[260] code_public_0160_0: ```dsl_fire      ```dsl_fire result = minimum(reclose, ts_mean(lowlow, 20)) ```
[261] code_public_0123_1: ```dsl_fire result = = = = = = = = = = = = = ts_quantile(low, 45)  ```
[262] code_public_0671_0: ```dsl_fire      ```dsl_fire result = = open open open)  ```
[263] code_public_0744_0: ```dsl_fire      ```dsl_fire result = minimum(pct_change(open, 15)) ```
[264] code_public_0475_1: </think>  ```dsl_fire   result = open)      ```
[265] code_public_0861_0: ```dsl_fire      ```dsl_fire result = open open)) ```
[266] code_public_0986_0: ```dsl_fire result = div(vwap, 45) ```
[267] code_public_0179_1: ```dsl_fire result = sub(close, 2)  ```
[268] code_public_0626_1: ```dsl_fire      ```
[269] code_public_0788_1: ```dsl_fire      ```dsl_fire result = = = = = = = = = = = = = = = = = exp(high, 0.1.1)) ```
[270] code_public_0649_0: ```dsl_fire result = sub(high, xs_quantile(high, 0.8)) ```
[271] code_public_0192_0: ```dsl_fire      ```dsl_fire result = open open open open)  ```
[272] code_public_0793_0: ```dsl_fire      ```dsl_fire result = shift(volume, 15)) ```
[273] code_public_0027_1: ```dsl_fire      ```
[274] code_public_0214_1: ```dsl_fire result = sub(volume, 3) ```
[275] code_public_0202_0: ```dsl_fire      ```dsl_fire result = = = = = = = = = = = = = = = = = = = = = ts_std(volume, 15))  ```
[276] code_public_0910_0: </think>         result = minimum(add(1.000, xs_mean(pct_change(high, 20)))) ```
[277] code_public_0090_0: ```dsl_fire result = minimum(div(sub(pb, vwap, 20)), -1p(ts_std(pct_change(pb))), xs_mean(pb, 20)))) ```
[278] code_public_0987_0: ```dsl_fire      ```dsl_fire result = = = = = = = = = = = = = = = = exp(high, 3 0.1.1)) ```
[279] code_public_0077_0: ```dsl_fire      ```dsl_fire result = minimum(pct_change(close, 20)) ```
[280] code_public_0595_1: ```dsl_fire      ```dsl_fire result = open open open open open) ```
[281] code_public_0735_0: ```dsl_fire      ```dsl_fire result = minimum(absvwap, xs_meananan(high)), 0.00) ```
[282] code_public_0833_1: ```dsl_fire      ```
[283] code_public_0837_0: ```dsl_fire result = add(div(recip(pct_change(close, 20), xs_mean(pct_change(close, 20)))), neg(pct_change(close, 20), 0
[284] code_public_0126_0: ```dsl_fire      ```dsl_fire result = shiftiftiftiftiftiftiftiftiftiftiftiftiftiftiftiftiftiftiftiftiftiftiftiftiftiftif
[285] code_public_0062_0: ```dsl_fire      ```dsl_fire result = = = = = = = = = = = minimum(div(volume, market_cap), 0.0) ```
[286] code_public_0442_1: ```dsl_fire      ```dsl_fire result = shiftiftiftiftiftiftiftiftiftiftiftiftiftiftiftiftiftiftiftiftiftiftiftiftiftiftif
[287] code_public_0956_0: ```dsl_fire      ```dsl_fire result = = = = = = = = = = = absolute(pct_change(close, 20)) ```
[288] code_public_0115_1: ```dsl_fire result = add(log(reclose, ts_min(gt(log(market_cap), xs_mean(log(market_cap)))), log(market_cap)) ```
[289] code_public_0438_0: </think>   </think>     ```dsl_fire result = add), ```
[290] code_public_0117_0: ```dsl_fire result = = = = = = = = = = = = = = = = = = = = = = = = = = ts_std(pct_change(pct_change(pb, 20))) ```
[291] code_public_0798_1: ```dsl_fire      ```
[292] code_public_0170_0: ```dsl_fire result = exp(minimum(log(market_cap))) ```
[293] code_public_0445_1: ```dsl_fire result = log10(add(1.1.1.1.1)) ```
[294] code_public_0540_1: ```dsl_fire      ```dsl_fire result = shiftiftift(close, 20)  ```
[295] code_public_0350_1: ```dsl_fire      ```dsl_fire result = minimum(maximximximum(div(pb)), -1.0) ```
[296] code_public_0301_0: ```dsl_fire      ```dsl_fire result = ts_mean(pct_change(pb, 20)))  ```
[297] code_public_0751_1: </think>     ```dsl_fire      ```dsl_fire result = = shiftift(volume, 20))   ```
[298] code_public_0835_1: ```dsl_fire result = where(logical_and(gt(recip(pct_change(close, 20))), -1.0) ```
[299] code_public_0812_1: </think>     </think>     ```dsl_fire result = minimum(div(recip(pb), xs_mean(recip(pb))), 0.0) ```
[300] code_public_0454_1: </think>     ```dsl_fire    </think>  ```dsl_fire   ```
[301] code_public_0713_0: ```dsl_fire result = minimum(marketet_cap, 45) ```
[302] code_public_0972_1: </think>      ```dsl_fire      ```dsl_fire result = sub(pct_change(close, 20), pct_change(vvolume, 20)) ```
[303] code_public_0788_0: ```dsl_fire      result = = = = = = = = = = = = = = = exp(high, 3 0.1.1.1.0) ```
[304] code_public_0359_1: ```dsl_fire      ```dsl_fire result = ts_close, 45) result = ts___maxminminminmin(close, 45) ```
[305] code_public_0616_0: ```dsl_fire      ```dsl_fire result = sub(pct_change(close, 20)) ```
[306] code_public_0547_1: ```dsl_fire      ```dsl_fire result = minimum(div(volume, xs_mean(volume, 20)), 0.0close, xs_mean(volume, 20))  ```
[307] code_public_0136_0: ```dsl_fire result = sub(pct_change(pb, 5), 0.7)) ```
[308] code_public_0737_1: ```dsl_fire      ```
[309] code_public_0848_0: ```dsl_fire      ```dsl_fire result = minimum(market_cap, 20)) ```
[310] code_public_0185_0: ```dsl_fire      ```dsl_fire result = minimum(reclose, ts_mean(market_cap)) ```
[311] code_public_0121_0: ```dsl_fire result = ts_f(pct_change(pb, 1), 0.0) ```
[312] code_public_0968_1: ```dsl_fire result = sub(log(reclose, market_close, market_cap))  ```
[313] code_public_0650_0: ```dsl_fire      ```dsl_fire result = minimum(pct_change(volume, 10)) ```
[314] code_public_0724_0: ```dsl_fire      ```dsl_fire result = = = = = = = = = = = = = = = = = = = = = = = = = ts_std(open, 5)) ```
[315] code_public_0002_0: ```dsl_fire      ```dsl_ffire   ```
[316] code_public_0093_1: ```dsl_fire      ```dsl_fire result = exp(1.1.1.1.0, pct_change(volume, xs_mean(volume, 20))) ```
[317] code_public_0658_0: ```dsl_fire      ```dsl_fire result = minimum(low, xs_mean(lowlowlowlowlowlowlowlowlowlowlowlowlowlow, vwap, vwap, vwap,
[318] code_public_0342_0: </think>   </think>     ```dsl_fire      ```dsl_fire result = where(logical_meananan(recip(pct_change(reclose, 20)), xs_
[319] code_public_0871_1: </think>         </think>  ```dsl_fire    ```dsl_fire   ```
[320] code_public_0485_1: ```dsl_fire   result = = minimum(div(volume, market_cap), xs_mean(volume, 20)) ```
[321] code_public_0525_1: ```dsl_fire result = sub(pct_change(close, 1), 90) ```
[322] code_public_0747_0: ```dsl_fire result = = = = = = = = = = = = = = = = = = = = = = = = = = = = = = = = = = = = = = = = = = = = = = = = = = =
[323] code_public_0509_0: ```dsl_fire      ```dsl_fire result = = = = = sign sign sign sign sign(pct_change(open, 20)) ```
[324] code_public_0034_1: ```dsl_fire result = ts_fire result = ts_corr(pct_change(close, 20), 0.0) ```
[325] code_public_0578_1: </think>     ```dsl_fire    ```dsl_fire   result = ts_close, 3)) ```
[326] code_public_0292_0: </think>     ```dsl_fire    ```dsl_fire   ```
[327] code_public_0759_0: ```dsl_fire      ```dsl_fire result = minimum(market_cap, 20)) ```
[328] code_public_0586_0: ```dsl_fire      ```dsl_fire result = = = shift(market_cap, 20))  ```
[329] code_public_0925_0: ```dsl_fire   result = open)     ```
[330] code_public_0218_0: ```dsl_fire      ```dsl_fire result = power(absolute(pct_change(vwap, 10)), 0.25) ```
[331] code_public_0859_1: ```dsl_fire      ```dsl_fire result = = = = = = = = = = = = = = shiftiftiftiftift(open, 2)) ```
[332] code_public_0716_0: ```dsl_fire result = minimum(pct_change(vwap, 20)) ```
[333] code_public_0242_1: ```dsl_fire result = neg(mul(div(ts_mean(volume, 3), ts_mean(volume, 3)), pct_change(close, 3))) ```
[334] code_public_0679_0: ```dsl_fire      ```dsl_fire result = minimum(div(open, xs_mean(open)), -1.0) ```
[335] code_public_0646_0: ```dsl_cap),  ```
[336] code_public_0699_1: ```dsl_fire result = sub(market_cap, xs_median(market_cap)) ```
[337] code_public_0895_1: </think>  ```dsl_fire result = = = = open)  ```
[338] code_public_0146_1: ```dsl_fire      ```dsl_fire result = minimum(pct_change(close, 2)) ```
[339] code_public_0264_0: ```dsl_fire result = sub(pct_change(pb, 5)), 0.0)  ```
[340] code_public_0091_0: </think>  ```dsl_fire result = absolute(div(sub(reclose, vwap), xs_mean(log(market_cap))), xs_mean(div(volume, market_ca
[341] code_public_0070_1: ```dsl_fire      ```
[342] code_public_0033_0: </think>  ```dsl_fire   ```
[343] code_public_0727_1: ```dsl_fire result = = shiftiftift(vwap, 20) ```
[344] code_public_0099_1: ```dsl_fire result = minimum(pct_change(open, 20), 0.0) ```
[345] code_public_0094_0: ```dsl_fire      ```dsl_fire result = ts_ccclose, 45) ```
[346] code_public_0195_1: </think>      ```dsl_fire   result = minimum(market_cap, ts_cap, ts_mean(volume, 20)) ```
[347] code_public_0079_0: </think>     </think>     </think>   </think>     </think>     ```dsl_fire    result = minimum(reclose, ts_mean(reclose,
[348] code_public_0229_1: ```dsl_fire      ```dsl_fire result = where(gt(pb, xs_mean(pb)), 0.0) ```
[349] code_public_0361_0: ```dsl_fire      ```dsl_fire result = shiftiftiftiftiftiftiftiftiftiftiftiftiftiftiftiftiftiftiftiftiftiftiftiftiftiftif
[350] code_public_0672_0: ```dsl_fire result = minimum(ts_std(volume, 20)) ```
[351] code_public_0961_0: ```dsl_fire      ```dsl_fire result = shiftiftiftiftiftiftiftiftiftiftiftiftiftiftiftiftiftiftiftiftiftiftiftiftiftiftif
[352] code_public_0412_1: ```dsl_fire result = ts_fire  ```
[353] code_public_0903_0: ```dsl_fire   result = = open)    ```
[354] code_public_0037_0: ```dsl_fire   result = = = = = = = = = = = = = = = = = = = = = = = = = ts_std(open, 3)) ```
[355] code_public_0397_0: ```dsl_fire   ```dsl_fire result = minimum(div(reclose, market_cap), xs_mean(div(volume, market_cap))) ```
[356] code_public_0477_1: ```dsl_fire      ```dsl_fire result = open open open open)  ```
[357] code_public_0683_1: ```dsl_fire result = shiftift(marketet_cap, 20) ```
[358] code_public_0085_0: ```dsl_fire      ```dsl_fire result = shiftiftiftiftift(close, 20)) ```
[359] code_public_0346_0: ```dsl_fire result = minimum(high, 3(high, 3), 0.0) ```
[360] code_public_0440_1: ```dsl_fire      ```dsl_fire result = = = = = = = = = = = = = = = = = = = = = = = = = = = = = = ts_std(volume, 3)) ```
[361] code_public_0007_0: ```dsl_fire      ```
[362] code_public_0375_1: ```dsl_fire   ```dsl_fire result = shift(pct_change(volume, 1)), 15) ```
[363] code_public_0826_0: ```dsl_fire      ```dsl_fire result = ts_mean(pct_change(pb, 20)) ```
[364] code_public_0548_0: ```dsl_fire result = = = = open)  ```
[365] code_public_0809_0: </think>         </think>     </think>            </think>  ```dsl_fire   result = ts_mean(pct_change(close, 1), 0.0))  
[366] code_public_0724_1: ```dsl_fire      ```dsl_fire result = = = = = = = = = = = = = = = = = = = = = = = = = = = =```
[367] code_public_0630_0: ```dsl_fire      ```dsl_fire result = minimum(div(market_cap, xs_mean(market_cap))), div(sub(market_cap, vwap, vwap, vwa
[368] code_public_0718_0: </think>     </think>     ```dsl_fire result = where(log1pppct_change(close, 20), group_mean(pct_change(close, 20), indu
[369] code_public_0799_0: </think>  ```dsl_fire   result = = = = = = = = = = = = = = = = = = = = = = = = = ts_std(open, 20)) ```
[370] code_public_0055_1: ```dsl_fire      ```dsl_fire result = minimum(pct_change(close, 1), 0.0) ```
[371] code_public_0386_0: ```dsl_fire result = = = = = = = = = = = = = = = = = = = = = = = = = = = = ts_std(pct_change(volume, 15)) ```
[372] code_public_0756_1: ```dsl_fire result = shiftiftiftift(vwap, 5) ```
[373] code_public_0411_0: ```dsl_fire      ```dsl_ffffffffire   ```
[374] code_public_0261_0: </think>     </think>     </think>   ```dsl_fire   </think>  ```dsl_fire result = minimum(div(sub(reclose, xs_mean(reclo
[375] code_public_0288_0: ```dsl_fire result = shiftiftiftiftiftiftiftiftiftiftift(vwap, 2))  ```
[376] code_public_0736_1: </think>      ```dsl_fire      ```dsl_fire result = minimum(volume, 3)   ```
[377] code_public_0823_1: </think>     </think>     </think>   ```dsl_fire   </think>  ```dsl_fire result = minimum(reclose, ts_mean(low, 20)) ```
[378] code_public_0428_0: </think>     result = xs_fire     ```dsl_fire result = open_fire result = div(volume, market_cap, industry)) ```
[379] code_public_0210_1: </think>  ```dsl_fire   result = open)      ```
[380] code_public_0234_0: ```dsl_fire      ```dsl_fire result = minimum(volume, 5) ```
[381] code_public_0642_0: </think>   </think>     </think>     ```dsl_fire result = minimum(reclose, ts_meananan(reclose, ts_meananan(reclose, 20)
[382] code_public_0453_0: ```dsl_fire      ```dsl_fire result = shiftiftiftiftift(high, 10)) ```
[383] code_public_0977_1: ```dsl_fire      ```dsl_fire result = ts_corr(pct_change(open, 1)), 45) ```
[384] code_public_0376_0: ```dsl_fire      ```
[385] code_public_0531_1: ```dsl_fire result = sub(pct_change(vwap, 20)) ```
[386] code_public_0371_1: ```dsl_fire result = log10(add(1.1.1.1.1)) ```
[387] code_public_0801_0: ```dsl_fire      ```dsl_fire ```
[388] code_public_0716_1: ```dsl_fire result = = = sub(pct_change(vwap, 20)) ```
[389] code_public_0248_1: ```dsl_fire result = exp(minimum(pct_change(market_cap, 20)), 1.1.1.1.1.0)) ```
[390] code_public_0871_0: ```dsl_fire      ```dsl_fire result = minimum(volume, absolume, 10)) ```
[391] code_public_0849_1: ```dsl_fire      ```dsl_fire result = shiftiftiftiftift(vwap, 10)) ```
[392] code_public_0392_1: ```dsl_fire      ```
[393] code_public_0288_1: ```dsl_fire      ```dsl_fire result = shiftiftiftiftift(vwap, 2)) ```
[394] code_public_0918_0: ```dsl_fire result = = = = = = = = = = = = = = = = = = = = = = = = = = = = = = = = = = = = sign(vwap, 10) ```
[395] code_public_0520_1: ```dsl_fire result = add(div(sub(recip(pb), xs_mean(reclose, 10)), xs_std(pct_change(close, 2)))), 0.0) ```
[396] code_public_0782_0: ```dsl_fire      ```dsl_fire result = = = = = = = = = = = = = = = = = = absolute(pct_change(vwap, 20)) ```
[397] code_public_0199_0: ```dsl_fire      ```dsl_fire ```
[398] code_public_0333_1: ```dsl_fire      ```dsl_fire result = = = = = = = = = = = = = = = = =)  ```
[399] code_public_0904_1: ```dsl_fire      ```dsl_fire result = minimum(pct_change(open, 7)) ```
[400] code_public_0255_0: ```dsl_fire result = where(logical_and(log(market_cap)), gt(log(market_cap)), -1.0) ```
[401] code_public_0275_1: ```dsl_fire result = minimum(pct_change(pb, 5), 0.0) ```
[402] code_public_0195_0: ```dsl_fire result = minimum(market_cap, market_mean(market_cap, 20)) ```
[403] code_public_0343_1: ```dsl_fire      ```dsl_fire result = minimum(pct_change(close, 10)) ```
[404] code_public_0546_1: ```dsl_fire      ```dsl_fire result = shiftiftiftiftiftiftiftiftiftiftiftiftiftiftiftiftiftiftiftiftiftiftiftiftiftiftif
[405] code_public_0255_1: ```dsl_fire result = where(logical_and(gt(log(market_cap)), -1.0) ```
[406] code_public_0908_0: </think>  ```dsl_fire   ```
[407] code_public_0057_1: ```dsl_fire      ```dsl_fire result = ts_ccclose, 5)  ```
[408] code_public_0669_0: ```dsl_fire      ```dsl_fire result = = = = = = = = = = = = = = = = = exp(pct_change(volume, 3)), 0.1.1p(volume, 3(volum
[409] code_public_0805_1: ```dsl_fire result = = = = = = = = = = = = = = = = = = = = = ts_std(volume, 90))  ```
[410] code_public_0456_0: ```dsl_fire      ```dsl_fire result = minimum(pct_change(vwap, 45)) ```
[411] code_public_0162_0: </think>      </think>     result =fire  result =fire  ```dsl_fire result = minimum(log1p(log1p(ts_mean(volume, 20))), g
[412] code_public_0137_1: ```dsl_fire      ```dsl_fire result = where(gt(market_cap, xs_mean(market_cap)), 0.0) ```
[413] code_public_0645_0: ```dsl_fire      ```
[414] code_public_0254_1: ```dsl_fire      ```dsl_fire result = div(market_cap, market_cap),  ```
[415] code_public_0194_0: ```dsl_fire      ```dsl_fire ```
[416] code_public_0721_1: ```dsl_fire      ```dsl_fire result = ts_ccclose, 1.0) ```
[417] code_public_0954_0: ```dsl_fire      ```dsl_fire result = minimum(div(volume, xs_mean(volume, 2))), -1.0) ```
[418] code_public_0365_0: ```dsl_fire result = = = = = = = = = = = = = = = = = = = = = = = = ts_fire ```
[419] code_public_0294_1: ```dsl_fire      ```dsl_fire result = minimum(low, 3 0.7))  ```
[420] code_public_0295_0: ```dsl_fire result = where(logical_and(logical_mean(1.0)), pct_change(close, 2), 0.0) ```
[421] code_public_0564_1: ```dsl_fire      ```dsl_fire result = ts_ccclose, 1))  ```
[422] code_public_0281_1: ```dsl_fire   result = minimum(div(sub(reclose, xs_mean(reclose))), xs_mean(log(market_cap)))) ```
[423] code_public_0120_0: ```dsl_fire result = shiftiftiftiftiftiftiftiftiftiftift(vwap, 2))  ```
[424] code_public_0618_1: ```dsl_fire result = div(sub(high, industry))  ```
[425] code_public_0169_1: ```dsl_fire      ```
[426] code_public_0305_1: ```dsl_fire result = sub(market_cap, xs_quantile(marketet_cap, 0.7)) ```
[427] code_public_0249_1: ```dsl_fire result = minimum(pct_change(close, 2)), 0.0)  ```
[428] code_public_0964_0: ```dsl_fire      ```dsl_fire result = minimum(pct_change(vwap, 5)) ```
[429] code_public_0394_0: ```dsl_fire      ```dsl_fire result = = = power(absvwap, 3) ```
[430] code_public_0719_0: ```dsl_fire      result = = exp(minimum(pct_change(high, 15)), 0.1)) ```
[431] code_public_0149_1: ```dsl_fire   ```dsl_fire result = where(gt(div(volume, market_cap), xs_mean(volume)), 0.0) ```
[432] code_public_0709_1: ```dsl_fire result =fire ```dsl_fire result = minimum(pct_change(open, 15)) ```
[433] code_public_0494_0: ```dsl_fire      ```dsl_fire result = shiftiftiftiftiftiftiftiftiftiftiftiftiftiftiftiftiftiftiftiftiftiftiftiftiftiftif
[434] code_public_0025_1: ```dsl_fire result = ts_cap), ```
[435] code_public_0072_0: ```dsl_fire      ```dsl_fire result = minimum(absvwap, 3(vwap, 3)), ```
[436] code_public_0498_0: ```dsl_fire      ```dsl_fire result = minimum(pct_change(vwap, 45)) ```
[437] code_public_0166_0: </think>     result = where(l_mean(close, 5),log1p(vwap, 5)), 0.0) ```
[438] code_public_0111_0: ```dsl_fire      ```dsl_fire result = open open open))   ```
[439] code_public_0243_0: ```dsl_fire      ```dsl_fire result = = = = = = = = = = = sign sign sign sign(open, 10))  ```
[440] code_public_0551_0: ```dsl_fire      ```dsl_fire result = = = = shiftiftiftiftiftiftiftiftiftiftiftiftiftiftiftiftiftiftiftiftiftiftiftiftif
[441] code_public_0471_0: ```dsl_fire result = minimum(volume, 3)   ```
[442] code_public_0659_0: ```dsl_fire   result = minimum(div(volume, market_cap, 20))  ```
[443] code_public_0163_1: </think>     ```dsl_fire      ```dsl_fire result = = = = = = = = = = = = = = = = = = absolute(pct_change(close, 20))) ``
[444] code_public_0565_1: ```dsl_fire      ```dsl_fire result = = = = exp(pct_change(high, 3 0.1)) ```
[445] code_public_0776_1: ```dsl_fire      ```dsl_fire result = ts_corr(pct_change(close, 1)), pct_change(close, 1), 0.0) ```
[446] code_public_0320_1: ```dsl_fire result = where(logical_and(gt(volume, ts_mean(volume, 5)), gt(pct_change(close, 5), 0.0)), 0.0) ```
[447] code_public_0297_0: ```dsl_fire result = ts_fire  ```
[448] code_public_0692_1: ```dsl_fire      ```
[449] code_public_0574_0: ```dsl_fire   result = = = log10(pct_change(close, 5)) ```
[450] code_public_0712_0: ```dsl_fire result = minimum(ts_std(pct_change(volume, 1), 0.0) ```
[451] code_public_0634_1: ```dsl_fire result = where(log1.0) ```
[452] code_public_0480_1: ```dsl_fire      ```dsl_fire result = add),  ```
[453] code_public_0693_0: ```dsl_fire      ```dsl_fire ```
[454] code_public_0322_1: ```dsl_fire      ```dsl_fire result = shiftiftiftiftiftiftiftiftiftiftiftiftiftiftiftiftiftiftiftiftiftiftiftiftiftiftif
[455] code_public_0214_0: ```dsl_fire result = sub(volume, 3) ```
[456] code_public_0951_1: ```dsl_fire result = sub(close, 5)  ```
[457] code_public_0538_0: </think>     ```dsl_fire result = where(gt(div(sub(reclose, xs_meanan(recip(pb))), xs_std(recip(pb))), xs_mean(div(volum
[458] code_public_0623_0: ```dsl_fire      ```dsl_fire result = = = = = minimum(market_cap, 5)  ```
[459] code_public_0999_1: ```dsl_fire      ```
[460] code_public_0881_1: ```dsl_fire   result = shiftift(volume, 1) ```
[461] code_public_0802_0: ```dsl_fire      ```dsl_fire result = open open open))   ```
[462] code_public_0975_1: ```dsl_fire      ```dsl_fire result = = = = = = = = = = = = = = = = = = = = = = = = =```
[463] code_public_0283_0: ```dsl_fire      ```dsl_fire result = = = = = = = = = = = = = = = = = = ts_std(pct_change(volume, 45)) ```
[464] code_public_0408_1: ```dsl_fire result = mul(div(ts_mean(volume, 7), ts_mean(volume, 30)), pct_change(close, 5)) ```
[465] code_public_0061_1: ```dsl_fire result = sub(volume, 2) ```
[466] code_public_0270_1: </think>  ```dsl_fire   result = open)      ```
[467] code_public_0806_1: ```dsl_fire result = neg(mul(div(ts_mean(volume, 2), ts_mean(volume, 3)), pct_change(close, 3))) ```
[468] code_public_0889_1: ```dsl_fire result = where(logical_and(lt(close, ts_mean(volume, 20))), neg(pct_change(close, 2)), 0.0) ```
[469] code_public_0009_1: ```dsl_fire      ```dsl_fire result = shiftiftiftiftiftiftiftiftiftiftiftiftiftiftiftiftiftiftiftiftiftiftiftiftiftiftif
[470] code_public_0011_1: ```dsl_fire result = = shiftiftift(vwap, 20) ```
[471] code_public_0964_1: </think>      ```dsl_fire   </think>  ```dsl_fire result = minimum(pct_change(vwap, 5)) ```
[472] code_public_0045_1: </think>     ```dsl_fire result = = = = = = = = = = = = = = = = = = = = = = = = = = = = ts_std(pct_change(close, 45), 0.
[473] code_public_0550_1: ```dsl_fire      ```dsl_fire result = minimum(div(market_cap, xs_mean(market_cap)), 0.0) ```
[474] code_public_0937_0: ```dsl_fire result = sub(market_cap, 2) ```
[475] code_public_0624_1: ```dsl_fire result = log10(add(1.1.1.1.1)) ```
[476] code_public_0762_0: ```dsl_fire   result = ts_f(pct_change(close, 45), 45) ```
[477] code_public_0037_1: </think>  ```dsl_fire   result = open)      ```
[478] code_public_0987_1: ```dsl_fire      ```dsl_fire result = = sub(pct_change(open, 2), 0.1))  ```
[479] code_public_0437_0: ```dsl_fire result = sub(pb, xs_median(pb))  ```
[480] code_public_0482_1: ```dsl_fire      ```dsl_fire result = minimum(pct_change(close, 45)) ```
[481] code_public_0222_1: ```dsl_fire result = div(vwap, 45) ```
[482] code_public_0183_0: </think>  ```dsl_fire result = = = = = = = = = = = = = = = = = = = = = = = = = = = = = ts_std(vwap, 3)) ```
[483] code_public_0837_1: ```dsl_fire result = add(div(recip(pb)), pct_change(close, 20), 0.0) ```
[484] code_public_0291_0: ```dsl_fire      ```
[485] code_public_0657_0: ```dsl_fire      ```dsl_fire result = shiftiftiftiftiftiftiftiftiftiftiftiftiftiftiftiftiftiftiftiftiftiftiftiftiftiftif
[486] code_public_0492_1: ```dsl_fire result = sub(close, 45) ```
[487] code_public_0937_1: ```dsl_fire result = sub(market_cap, 2) ```
[488] code_public_0058_0: ```dsl_fire   result = sub(marketet_cap, xs_mean(market_cap)) ```
[489] code_public_0202_1: ```dsl_fire      ```dsl_fire result = = = = = = = = = = = = = = = = = p p pct_change(volume, 20) ```
[490] code_public_0049_0: ```dsl_fire result = shiftiftiftift(close, 5)) ```
[491] code_public_0886_1: ```dsl_fire      ```dsl_fire result = minimum(open, xs_mean(open, industry)), 0.0) ```
[492] code_public_0723_0: ```dsl_fire      ```dsl_fire result = open open open open)  ```
[493] code_public_0943_1: ```dsl_fire      ```dsl_fire result = shiftiftiftiftiftiftiftiftiftiftiftiftiftiftiftiftiftiftiftiftiftiftiftiftiftiftif
[494] code_public_0604_1: </think>   </think>     ```dsl_fire      ```
[495] code_public_0064_1: </think>      ```dsl_fire      ```dsl_fire result = sub(volume, market_cap, 60), pct_change(volume, 60) ```
[496] code_public_0696_1: </think>   </think>     ```dsl_fire result = where(gt(log(reclose, ts_mean(reclose, 20)), xs_mean(log(market_cap)))), lo
[497] code_public_0733_0: ```dsl_fire      ```dsl_fire result = minimum(volume, xs_mean(volume)), neg(div(volume, xs_mean(volume, 20)), 0.0) ```
[498] code_public_0888_0: ```dsl_fire result = sub(pct_change(close, 45), 45)  ```
[499] code_public_0593_0: </think>     </think>     </think>     </think>            ```dsl_fire    ```
[500] code_public_0765_0: ```dsl_fire result = minimum(maximximximximximximximximximximximximximximximximximximximximximximximximximximximximximxi
[501] code_public_0683_0: ```dsl_fire result = ts_fire result = = = = = = = = = = ts_std(pct_change(market_cap, 20))) ```
[502] code_public_0098_0: ```dsl_fire result = sub(low, xs_median(low)) ```
[503] code_public_0819_1: </think>     </think>   ```dsl_fire      ```dsl_fire result = minimum(mavvvvvvvvvvvvvvvvvvvvvvvvvvvvvvvvvvvvvvvvvvvvvvvv
[504] code_public_0530_0: ```dsl_fire   result = sabsolute(pct_change(volume, 2)) ```
[505] code_public_0942_0: ```dsl_fire      ```dsl_fire ```
[506] code_public_0229_0: ```dsl_fire      ```dsl_fire result = minimum(pct_change(pb, 20)) ```
[507] code_public_0356_0: ```dsl_fire result = sub(pct_change(pb, 3)) ```
[508] code_public_0224_0: ```dsl_fire result = add(div(recip(pct_change(close, 20), xs_mean(pct_change(close, 20)))), neg(pct_change(close, 20), 0
[509] code_public_0238_1: ```dsl_cap),  ```
[510] code_public_0005_1: ```dsl_fire result = sub(market_cap, 2) ```
[511] code_public_0566_1: </think>   </think>     ```dsl_fire result = where(gt(log(reclose, xs_mean(recip(pb))), xs_mean(log(market_cap)))) ```
[512] code_public_0038_1: ```dsl_fire result = sub(pct_change(close, 45), 45) ```
[513] code_public_0106_0: ```dsl_fire      ```dsl_fire result = = = = = = = = = = = = = = = ts_std(pct_change(vwap, 20)) ```
[514] code_public_0399_0: ```dsl_fire      ```
[515] code_public_0932_1: </think>  ```dsl_fire result = ts_corr(pct_change(close, 5)), pct_change(close, 5)) ```
[516] code_public_0898_1: ```dsl_fire   ```
[517] code_public_0940_0: </think>     ```dsl_fire      ```dsl_fire result = shift(close, 3(close, 3```
[518] code_public_0579_1: ```dsl_fire result = where(logical_and(gt(log(market_cap, ts_mean(log(market_cap)), -1p(volume, 90cap)), pct_change(clos
[519] code_public_0830_1: ```dsl_fire      ```dsl_fire result = shiftiftiftift(vwap, 20)) ```
[520] code_public_0776_0: ```dsl_fire   result = open)     ```
[521] code_public_0582_0: ```dsl_fire result = sub(pct_change(vwap, 5)) ```
[522] code_public_0657_1: ```dsl_fire      ```dsl_fire result = shiftiftiftiftiftiftiftiftiftiftiftiftiftiftiftiftiftiftiftiftiftiftiftiftiftiftif
[523] code_public_0314_1: ```dsl_fire   result = log10(add(1.1.1.1)) ```
[524] code_public_0979_0: ```dsl_fire      result = ts_fire   ```
[525] code_public_0279_0: ```dsl_fire      ```dsl_fire result = where(sub(pb, xs_mean(pb, industry)), 0.0) ```
[526] code_public_0291_1: ```dsl_fire      ```
[527] code_public_0457_1: ```dsl_fire      ```dsl_fire ```
[528] code_public_0901_1: ```dsl_fire result = ts_fire result = ts_close, 20)  ```
[529] code_public_0610_1: ```dsl_fire result = exp(minimum(div(sub(vwap, 2)), xs_mean(vwap)), 0.0)) ```
[530] code_public_0888_1: </think>  ```dsl_fire   result = sub(pct_change(close, 3 0.0)) ```
[531] code_public_0579_0: ```dsl_fire result = where(logical_and(gt(div(volume, ts_mean(volume, 45)), pct_change(close, 45)), 0.0) ```
[532] code_public_0881_0: ```dsl_fire   result = = = = = = = = = = = = = = = = = = = = = = ts_std(pct_change(volume, 5)) ```
[533] code_public_0419_1: ```dsl_fire      ```dsl_fire result = minimum(pct_change(close, 20)) ```
[534] code_public_0541_1: ```dsl_fire      ```dsl_fire result = ts_ccclose, 45) ```
[535] code_public_0783_1: ```dsl_fire result = sub(pct_change(pb, 10)), 0.0)  ```
[536] code_public_0147_1: ```dsl_fire      ```dsl_fire result = minimum(pct_change(close, 3 10)) ```
[537] code_public_0715_0: ```dsl_fire      ```dsl_fire result = square(pct_change(open, 5)) ```
[538] code_public_0331_1: ```dsl_fire result = exp(minimum(div(sub(pb, xs_mean(pb)), xs_std(recip(pb))), xs_mean(volume, 20)) ```
[539] code_public_0739_1: ```dsl_fire      ```dsl_fire result = minimum(pct_change(close, 45)) ```
[540] code_public_0425_1: ```dsl_fire result = exp(minimum(div(sub(volume, xs_mean(volume)), xs_std(volume, 4.0, 4.0))), pct_change(volume, 4.0)) 
[541] code_public_0490_1: ```dsl_fire      ```dsl_fire result = = = = = = = = = = = = = = = = = absolute(div(volume, market_cap), 0.0) ```
[542] code_public_0851_0: ```dsl_fire      ```dsl_fire result = = = = power(absvwap, 2) ```
[543] code_public_0632_0: ```dsl_fire result = div(volume, market_cap),  ```
[544] code_public_0391_1: ```dsl_fire result = sub(vwap, xs_mean(vwap)) ```
[545] code_public_0981_1: ```dsl_fire result = where(logical_and(gt(pct_change(close, 3), 0.0)), ne(((close, 3)), 0.0) ```
[546] code_public_0917_0: ```dsl_fire      ```dsl_fire result = absolute(div(sub(reclose, vwap), xs_mean(div(volume, vwap)))), xs_std(div(volume, 
[547] code_public_0263_1: ```dsl_fire result = div(sub(pb, xs_median(pb)), xs_std(pb)) ```
[548] code_public_0618_0: ```dsl_fire      ```dsl_fire result = group group group group group group group group group group group group_mean(pct_c
[549] code_public_0429_0: ```dsl_fire      ```dsl_fire result = shift(volume, 2(volume, 2)), pct_change(volume, 2)) ```
[550] code_public_0188_0: ```dsl_fire      ```dsl_fire result = = = = = = = = = = = sign(open, 3))  ```
[551] code_public_0084_0: ```dsl_fire      ```dsl_fire ```
[552] code_public_0680_0: ```dsl_fire   result = minimum(pct_change(vwap, 5), 0.0) ```
[553] code_public_0056_0: ```dsl_fire result = absolute(div(sub(low, vwap), vwap), 0.7))  ```
[554] code_public_0806_0: ```dsl_fire result = where(mul(div(ts_mean(volume, 2), ts_mean(volume, 3)), pct_change(close, 3))) ```
[555] code_public_0013_0: ```dsl_fire      ```dsl_fire result = minimum(reclose, ts_mean(log(market_cap))) ```
[556] code_public_0654_1: ```dsl_fire      ```dsl_fire result = = = = = = = = = = = = = = = = = = = = = = = ts_std(pct_change(volume, 5))  ```
[557] code_public_0654_0: ```dsl_fire      ```dsl_fire result = open open open open open) ```
[558] code_public_0899_0: ```dsl_fire   result = = open)    ```
[559] code_public_0055_0: ```dsl_fire      ```dsl_fire result = minimum(pct_change(close, 20)) ```
[560] code_public_0620_1: ```dsl_fire result = where(logical_and(gt(volume, ts_mean(volume, 5)), pct_change(close, 5)) ```
[561] code_public_0914_0: ```dsl_fire result = where(logical_mean(lt(volume, 3)), pct_change(volume, 3), 0.0) ```
[562] code_public_0072_1: ```dsl_fire      ```dsl_fire result = minimum(absvwap, 3) ```
[563] code_public_0758_1: ```dsl_fire      ```dsl_fire result = minimum(pct_change(close, 3```
[564] code_public_0401_1: </think>         </think>  ```dsl_fire    ```
[565] code_public_0209_1: ```dsl_fire   </think>  ```dsl_fire result = open open open open)  ```
[566] code_public_0851_1: ```dsl_fire      ```dsl_fire result = = = = = = = = = = = = = = = = = = = power(vwap, 5) ```
[567] code_public_0438_1: </think>   </think>     ```dsl_fire result = add), ```
[568] code_public_0043_0: ```dsl_fire      ```dsl_fire result = ts_close, 45) ```
[569] code_public_0968_0: ```dsl_fire result = sub(log(recip(pb)), log(market_cap)) ```
[570] code_public_0367_0: ```dsl_fire      ```dsl_fire result = = = = = = = = = = = = = = = = = = = = = = = = ts_std(open, 10)) ```
[571] code_public_0321_0: ```dsl_fire result = sub(close, xs_quantile(close, 0.2)) ```
[572] code_public_0092_1: ```dsl_fire result = minimum(reclose, 3) ```
[573] code_public_0175_1: </think>   </think>     ```dsl_fire      ```dsl_fire result = ts_ccclose, 60)   ```
[574] code_public_0277_1: ```dsl_fire   result = = = = sub(pct_change(close, 5)) ```
[575] code_public_0894_1: ```dsl_fire result = where(logical_and(gt(reclose, ts_mean(log(recip(pb)))), gt(log(market_cap)), xs_mean(div(volume, vw
[576] code_public_0444_0: ```dsl_fire      ```dsl_fire ```
[577] code_public_0304_1: ```dsl_fire      ```dsl_fire result = shiftiftiftiftiftiftiftiftiftiftiftiftiftiftiftiftiftiftiftiftiftiftiftiftiftiftif
[578] code_public_0848_1: ```dsl_fire      ```dsl_fire result = ts_corr(market_cap, market_cap, market_cap), ```
[579] code_public_0551_1: ```dsl_fire      ```dsl_fire result = shiftiftiftiftiftiftiftiftiftiftiftiftiftiftiftiftiftiftiftiftiftiftiftiftiftiftif
[580] code_public_0474_0: ```dsl_fire      result = = = = = = = = = = = = = = = ts_std(pct_change(close, 5))) ```
[581] code_public_0056_1: ```dsl_fire result = absolute(sub(low, xs_median(low))) ```
[582] code_public_0280_1: ```dsl_fire      ```dsl_fire result = open open open open open) ```
[583] code_public_0334_0: ```dsl_fire result = where(logical_and(gt(recip(pb), xs_mean(recip(pb))), -1.0)), pct_change(close, 5)), 0.0) ```
[584] code_public_0260_0: ```dsl_fire      ```
[585] code_public_0442_0: ```dsl_fire      ```dsl_fire result = shiftiftiftiftiftiftiftiftiftiftiftiftiftiftiftiftiftiftiftiftiftiftiftiftiftiftif
[586] code_public_0015_1: ```dsl_fire result = ts_std(pct_change(close, 1), 0.0) ```
[587] code_public_0389_0: ```dsl_fire result = open open open open)    ```
[588] code_public_0355_1: </think>         </think>  ```dsl_fire result = div(sub(reclose, group_mean(reclose, 20)), group_mean(log(market_cap), i
[589] code_public_0552_1: ```dsl_fire result = log10(add(1.1.1.1.1)) ```
[590] code_public_0362_0: ```dsl_fire result = minimum(high, 75)  ```
[591] code_public_0388_0: ```dsl_fire result = absolute(div(volume, market_cap), div(volume, market_cap), industry))  ```
[592] code_public_0070_0: ```dsl_fire      ```
[593] code_public_0464_1: </think>     ```dsl_fire    ```dsl_fire   ```
[594] code_public_0626_0: ```dsl_fire      ```dsl_fire ```
[595] code_public_0463_1: ```dsl_fire      ```dsl_fire result = minimum(pct_change(close, 5)) ```
[596] code_public_0414_0: ```dsl_fire      ```dsl_fire result = = = = = = = = = = = = = = = = = = = = = = = = = ts_std(close, 5))  ```
[597] code_public_0431_0: ```dsl_fire      ```
[598] code_public_0074_1: ```dsl_fire result = where(logical_and(gt(reclose, ts_mean(close, 2)), gt(pct_change(close, 2)), 0.0) ```
[599] code_public_0267_1: </think>  </think>  </think>         ```dsl_fire   </think>  ```dsl_fire result = minimum(div(volume, market_cap), 0.0) 
[600] code_public_0108_1: ```dsl_fire result = minimum(pct_change(high, 15)) ```
[601] code_public_0879_0: ```dsl_fire      ```dsl_fire result = = = = power(absvwap, 3) ```
[602] code_public_0316_1: ```dsl_fire      result = shift(absolute(low, 7)) ```
[603] code_public_0568_0: ```dsl_fire result = minimum(pct_change(volume, 2), 0.0) ```
[604] code_public_0953_1: ```dsl_fire result = shiftiftiftiftift(volume, 20) ```
[605] code_public_0823_0: </think>     </think>     </think>   ```dsl_fire      ```dsl_fire result = minimum(reclose, ts_mean(low, 20)) ```
[606] code_public_0803_0: ```dsl_fire      ```dsl_fire result = shift(pct_change(vwap, 20)) ```
[607] code_public_0994_1: result = where(logical_and(log1.0)), pct_change(close, 3) ```
[608] code_public_0861_1: ```dsl_fire      ```dsl_fire result = ts_ccclose, ts_close, 120)) ```
[609] code_public_0723_1: ```dsl_fire      ```dsl_fire result = = = = = = = = = = = = = = = = = = ts_std(pct_change(volume, 20)) ```
[610] code_public_0488_0: ```dsl_fire result = sub(div(close, market_cap), log(market_cap)) ```
[611] code_public_0378_1: ```dsl_fire      ```dsl_fire result = shift(absub(pct_change(close, 10))) ```
[612] code_public_0983_1: </think>         </think>  ```dsl_fire    ```dsl_fire   ```
[613] code_public_0002_1: ```dsl_fire result = log10(add(1.1.1)) ```
[614] code_public_0011_0: ```dsl_fire result = = = = = = = = = = = = = = = = = = = = = = = = = = = = = = sign(high, 60)  ```
[615] code_public_0076_1: ```dsl_fire      ```dsl_fire result = div(volume, market_cap, market_cap, market_close, industry)) ```
[616] code_public_0034_0: ```dsl_fire result = ts_ccclose, 5)  ```
[617] code_public_0373_0: ```dsl_fire result = sub(low, xs_median(low, xs_mean(high)) ```
[618] code_public_0936_0: result = minimum(maximximximximximximximximximximximximximximximximximximximximximximximximximximximximximximximximximxi
[619] code_public_0187_1: ```dsl_fire result = where(logical_and(gt(reclose, ts_mean(reclose, 20)), gt(pct_change(close, 5))), 0.0) ```
[620] code_public_0406_0: ```dsl_fire result = minimum(maximximximximximximximximximximximximximximximximximximximximximximximximximximximximximxi
[621] code_public_0251_0: </think>     </think>     ```dsl_fire result = minimum(log1pppct_change(close, 20)) ```
[622] code_public_0131_0: ```dsl_fire   result = open)     ```
[623] code_public_0211_1: ```dsl_fire result = sub(volume, xs_quantile(volume, 0.2)) ```
[624] code_public_0100_0: ```dsl_fire      ```dsl_fire result = shiftiftiftiftiftiftiftiftiftiftiftiftiftiftiftiftiftiftiftiftiftiftiftiftiftiftif
[625] code_public_0707_0: ```dsl_fire result = minimum(reclose, 3) ```
[626] code_public_0857_1: ```dsl_fire      ```dsl_fire result = shiftiftiftiftift(vwap, 15)) ```
[627] code_public_0803_1: ```dsl_fire result = xs_cccorr(pct_change(vwap, 20)) ```
[628] code_public_0444_1: ```dsl_fire      ```
[629] code_public_0405_0: ```dsl_fire result = where(logical_and(gt(reclose, ts_mean(pct_change(close, 20))), gt(recip(pb), 0.0), 0.0) ```
[630] code_public_0409_0: ```dsl_fire result = sub(volume, xs_quantile(volume, 0.8)) ```
[631] code_public_0297_1: ```dsl_fire result = ts_std(pct_change(close, 1), 0.0) ```
[632] code_public_0028_0: </think>     </think>     </think>   ```dsl_fire   </think>  ```dsl_fire result = sub(absolute(pct_change(close, 20))) `
[633] code_public_0415_1: </think>         </think>  </think>               </think>     </think>            ```
[634] code_public_0887_1: </think>         ```dsl_fire   ```dsl_fire result = sub(div(reclose, market_cap), xs_mean(div(volume, market_cap))) ```
[635] code_public_0159_0: ```dsl_fire      ```
[636] code_public_0010_1: </think>     ```dsl_fire result = ts_fire  ```
[637] code_public_0044_1: ```dsl_fire      ```dsl_fire result = = = = = = = = = = = = = = = = = = = = = ts_std(pct_change(close, 5)) ```
[638] code_public_0199_1: ```dsl_fire      ```
[639] code_public_0017_0: ```dsl_fire      ```dsl_fire result = shiftiftiftiftift(high, 20)) ```
[640] code_public_0491_1: ```dsl_fire      ```dsl_fire result = minimum(pct_change(close, 45)) ```
[641] code_public_0746_0: ```dsl_fire      ```dsl_fire result = shift(pct_change(volume, 20)) ```
[642] code_public_0396_0: ```dsl_fire result = ts_f(pct_change(open, 45)) ```
[643] code_public_0307_1: ```dsl_fire result = log10(add(pct_change(pb, 2))) ```
[644] code_public_0880_1: ```dsl_fire      ```dsl_fire result = minimum(pct_change(close, 10)) ```
[645] code_public_0730_0: ```dsl_fire   result = absolute(pct_change(open, 5)) ```
[646] code_public_0148_1: ```dsl_fire result = ts_f(pct_change(open, 5)) ```
[647] code_public_0184_1: ```dsl_fire      ```dsl_fire result = shiftiftiftiftiftiftiftiftiftiftiftiftiftiftiftiftiftiftiftiftiftiftiftiftiftiftif
[648] code_public_0900_1: ```dsl_fire      ```
[649] code_public_0500_1: ```dsl_fire      ```
[650] code_public_0512_1: </think>         </think>  ```dsl_fire result = minimum(div(sub(close, vwap), vwap)) ```
[651] code_public_0547_0: ```dsl_fire      ```dsl_fire result = minimum(sub(vvolume, xs_mean(volume)), 0.0close, xs_mean(volume, 20)) ```
[652] code_public_0220_1: </think>  </think>  </think>         result = where(gt(log1pppct_change(close, 20), xs_mean(pct_change(close, 20))), 0.0
[653] code_public_0267_0: </think>   </think>     </think>     ```dsl_fire    ```dsl_fire   ```
[654] code_public_0451_1: ```dsl_fire result = minimum(maximximximximximximximximximximximximximximximximximximximximximximximximximximximximximxi
[655] code_public_0080_0: ```dsl_fire      ```dsl_fire result = = = = = = = = = = = = = = = = = = = = = = = = =```
[656] code_public_0310_1: ```dsl_fire result = where(lt(pct_change(close, 1), 0.0)  ```
[657] code_public_0798_0: ```dsl_fire      ```
[658] code_public_0420_1: ```dsl_fire      ```
[659] code_public_0652_1: ```dsl_fire result = sub(volume, 3) ```
[660] code_public_0922_1: ```dsl_fire result = minimum(reclose, 3) ```
[661] code_public_0077_1: ```dsl_fire      ```dsl_fire result = minimum(pct_change(close, 20)) ```
[662] code_public_0649_1: ```dsl_fire result = sub(high, xs_quantile(high, 0.8)) ```
[663] code_public_0153_0: ```dsl_fire result = open)  ```
[664] code_public_0684_0: ```dsl_fire      ```dsl_fire result = = = = = = = = = = = = = = = = = = = = ts_std(pct_change(volume, 20))) ```
[665] code_public_0203_0: ```dsl_fire result = = = = = = = = = = = = = = = = = = = = = = = = = = = = = = = = = = = = = = = = = = = signsolute(open
[666] code_public_0548_1: ```dsl_fire result = sub(pct_change(vwap, 20)) ```
[667] code_public_0050_1: ```dsl_fire   ```dsl_fire result = sub(pct_change(close, 20)) ```
[668] code_public_0064_0: ```dsl_fire result = sub(volume, group_mean(volume, industry)) ```
[669] code_public_0163_0: ```dsl_fire      ```dsl_fire result = = = = = = = = = = = = = = = = = = absolute(pct_change(close, 20))) ```
[670] code_public_0082_1: ```dsl_fire result = where(logical_and(gt(recip(pb)), xs_mean(recip(pb))), 0.0) ```
[671] code_public_0397_1: </think>  </think>  </think>         ```dsl_fire   </think>  ```dsl_fire result = minimum(log(market_cap)) ```
[672] code_public_0246_0: ```dsl_fire result = sub(log1p(ts_mean(volume, 20)), xs_mean(log1p(volume, 20))) ```
[673] code_public_0042_0: ```dsl_fire      ```dsl_fire result = = = = = = sub(pct_change(close, 20)) ```
[674] code_public_0742_1: </think>     result = xs_fire     ```dsl_fire result = xs_corr(pct_change(close, 20))  ```
[675] code_public_0714_0: ```dsl_fire result = sub(pct_change(close, 45), 45) ```
[676] code_public_0824_0: ```dsl_fire result = sub(close, 3) ```
[677] code_public_0114_0: ```dsl_fire      ```dsl_fire ```
[678] code_public_0660_0: ```dsl_fire      ```dsl_fire result = where(gt(low, xs_mean(lowlowlowlow))), neg(div(volume, xs_mean(low, vwap)), 0.0) `
[679] code_public_0469_0: ```dsl_fire result = absolute(div(sub(open, vwap), vwap), 0.0) ```
[680] code_public_0641_1: ```dsl_fire result = minimum(marketet_cap, market_cap, market_mean(market_cap, 5), 0.0)) ```
[681] code_public_0496_1: ```dsl_fire      ```dsl_fire result = = = = = = = = = = = = = = = exp(high, 60) ```
[682] code_public_0282_0: ```dsl_fire      ```dsl_fire result = minimum(low, xs_mean(low, 20)) ```
[683] code_public_0401_0: </think>         </think>  </think>         </think>     ```dsl_fire      ```
[684] code_public_0549_1: </think>   </think>     ```dsl_fire      ```dsl_fire result = = = = = = = = = = = = = = = = = ts_std(pct_change(vwap, 20
[685] code_public_0276_0: ```dsl_fire result = ts_fire result = = = = = = = = = = = = = ts_std(pct_change(pb, 1), 0.0)) ```
[686] code_public_0137_0: ```dsl_fire      ```dsl_fire result = minimum(market_cap, xs_mean(market_cap, industry)), div(absolume, xs_mean(market_c
[687] code_public_0215_1: ```dsl_fire      ```
[688] code_public_0101_1: </think>      ```dsl_fire   result = minimum(volume, 60), pct_change(volume, 20))  ```
[689] code_public_0609_0: ```dsl_fire result = where(logical_mean(lt(close, 3)), -1.0) ```
[690] code_public_0639_1: ```dsl_fire      ```dsl_fire result = shiftiftiftiftiftiftiftiftiftiftiftiftiftiftiftiftiftiftiftiftiftiftiftiftiftiftif
[691] code_public_0982_0: </think>  ```dsl_fire result = absolute(div(sub(pct_cap, vwap), vwap)), div(sub(pct_change(close, 20)), xs_mean(pct_chan
[692] code_public_0259_1: </think>  ```dsl_fire   ```dsl_fire result = = = = = = = = = = = = = = = = = = = = = = = = = = ts_std(hhhhhhhhhhhigh, 15
[693] code_public_0268_1: ```dsl_fire      ```dsl_fire result = div(sub(reclose, market_close, 60)), xs_std(log(market_cap)) ```
[694] code_public_0230_1: ```dsl_fire      ```
[695] code_public_0695_0: ```dsl_fire   ```dsl_fire result = minimum(sub(high, xs_mean(high)), 0.0) ```
[696] code_public_0080_1: ```dsl_fire      ```dsl_fire result = = = = = = = = = = = = = = = = = = = = = = = = =```
[697] code_public_0662_0: ```dsl_fire      ```dsl_fire result = shiftiftiftiftiftiftiftiftiftiftiftiftiftiftiftiftiftiftiftiftiftiftiftiftiftiftif
[698] code_public_0038_0: ```dsl_fire   result = ts_fire  ```dsl_fire result = sub(pct_change(close, 45)) ```
[699] code_public_0644_1: ```dsl_fire result = minimum(reclose, 15) ```
[700] code_public_0869_0: result = minimum(maximximximximximximximximximximximximximximximximximximximximximximximximximximximximximximximximximxi
[701] code_public_0165_1: ```dsl_fire result = log10(add(1.1.1.1.1)) ```
[702] code_public_0285_0: ```dsl_fire      ```dsl_fire result = shift(pct_change(close, 20)) ```
[703] code_public_0089_0: ```dsl_fire      ```dsl_fire result = shiftiftiftiftift(close, 20)) ```
[704] code_public_0363_1: ```dsl_fire      ```dsl_fire result = shiftiftiftiftiftiftiftiftiftiftiftiftiftiftiftiftiftiftiftiftiftiftiftiftiftiftif
[705] code_public_0726_1: </think>      ```dsl_fire      ```dsl_fire result = log10(pct_change(market_cap, 5))  ```
[706] code_public_0846_0: ```dsl_fire      ```dsl_fire result = = = = = = = = = = = minimum(volume,(volume, 20)) ```
[707] code_public_0309_0: </think>  ```dsl_fire   result = = = = = = = = = = = = = = = = = = = = = = = ts_std(open, 90)) ```
[708] code_public_0116_0: ```dsl_fire result = minimum(add(pb, absub(pb, 20))) ```
[709] code_public_0105_1: </think>      ```dsl_fire      ```dsl_fire result = sub(reclose, ts_close, 60) ```
[710] code_public_0459_0: ```dsl_fire result = minimum(pct_change(vwap, 20)) ```
[711] code_public_0201_1: ```dsl_fire result = where(logical_and(gt(pct_change(close, 2), 0.0)), ne((sign(pct_change(close, 2)), 0.0) ```
[712] code_public_0250_0: ```dsl_fire      ```dsl_fire result = = = shiftiftiftiftiftiftiftiftiftiftiftiftiftiftiftiftiftiftiftiftiftiftiftiftifti
[713] code_public_0877_0: ```dsl_fire   result = open)     ```
[714] code_public_0775_1: ```dsl_fire result = minimum(pct_change(vwap, 2), 0.0) ```
[715] code_public_0501_0: ```dsl_fire result = add(div(sub(reclose, ts_mean(pct_change(close, 2))), -1.0), pct_change(close, 2)) ```
[716] code_public_0200_1: ```dsl_fire      ```dsl_fire result = minimum(maximximximximximximximximximximximximximximximximum(pct_change(market_cap
[717] code_public_0461_0: ```dsl_fire      ```dsl_fire ```
[718] code_public_0843_1: ```dsl_fire   result = = = = = = = = = = = = = = = = = = = = minimum(pct_change(vwap, 3)) ```
[719] code_public_0127_0: ```dsl_fire result = sub(close, 3)  ```
[720] code_public_0975_0: ```dsl_fire      ```dsl_fire result = = = = = = = = = = = = = = = = = = = = = absolute(pct_change(close, 10))) ```
[721] code_public_0198_1: ```dsl_fire result = log10(add(1.1.1.0, absolute(pct_change(pb, 5)))) ```
[722] code_public_0947_1: </think>         </think>  ```dsl_fire    ```dsl_fire   ```
[723] code_public_0787_0: ```dsl_fire      ```
[724] code_public_0048_1: ```dsl_fire result = shiftiftift(high, 20)  ```
[725] code_public_0742_0: </think>     </think>     </think>     </think>            ```dsl_fire    ```dsl_fire ```
[726] code_public_0853_1: ```dsl_fire      ```dsl_fire result = shiftiftiftiftiftiftiftiftiftiftiftiftiftiftiftiftiftiftiftiftiftiftiftiftiftiftif
[727] code_public_0529_0: ```dsl_fire result = sub(low, xs_quantile(low, 0.7))  ```
[728] code_public_0718_1: </think>     </think>     </think>   ```dsl_fire   </think>  ```dsl_fire result = minimum(pct_change(close, 20), xs_mean
[729] code_public_0868_0: ```dsl_fire      ```
[730] code_public_0935_1: ```dsl_fire   result = = ts_fire ```
[731] code_public_0103_0: </think>     </think>   ```dsl_fire      ```
[732] code_public_0670_1: ```dsl_fire      ```dsl_fire result = minimum(div(vvvvvvvvvvvvvvvvvvvvvvvvvvvvvvvvvvvvvvvvvvvvvvvvvvvvvvvvvolume), -1p(v
[733] code_public_0404_0: ```dsl_fire      result = xs_fire   ```
[734] code_public_0350_0: </think>     ```dsl_fire result = minimum(maximximximximum(pct_change(pb, 20))) ```
[735] code_public_0231_1: ```dsl_fire      ```dsl_fire result = = sub(pct_change(volume, 2), 0.1)) ```
[736] code_public_0365_1: ```dsl_fire result = shiftiftiftift(vwap, 5)) ```
[737] code_public_0036_0: ```dsl_fire      ```dsl_fire result = = = = = = = = = = = = = = = = ts_std(pct_change(close, 20)) ```
[738] code_public_0353_0: ```dsl_fire      ```dsl_fire result = = = = = = = = = = = = = = = = = = = = ts_std(pct_change(volume, 20)), 0.0) ```
[739] code_public_0366_1: ```dsl_fire      ```dsl_fire result = shiftiftiftiftiftiftiftiftiftiftiftiftiftiftiftiftiftiftiftiftiftiftiftiftiftiftif
[740] code_public_0485_0: ```dsl_fire result = minimum(div(volume, market_cap), xs_median(div(volume, market_cap)))  ```
[741] code_public_0432_0: ```dsl_fire      ```
[742] code_public_0631_1: ```dsl_fire result = sub(close, 2)  ```
[743] code_public_0813_1: ```dsl_fire      ```dsl_fire result = minimum(volume, 5) ```
[744] code_public_0418_1: ```dsl_fire result = where(logical_and(gt(recip(pb)), xs_mean(recip(pb)))), neg(log(market_cap)), 0.0) ```
[745] code_public_0528_0: ```dsl_fire result = sub(market_cap, 3) ```
[746] code_public_0327_1: </think>   </think>     ```dsl_fire result = add(log(log(market(market_cap), xs_mean(log(market_cap))), xs_mean(log(mark
[747] code_public_0051_1: </think>     </think>     </think>   </think>     </think>     </think>            ```
[748] code_public_0075_0: ```dsl_fire      ```dsl_fire result = = = = = = = = = = = sign(open, 3))  ```
[749] code_public_0836_1: ```dsl_fire      ```dsl_fire result = = = = = = = = = = = = = = = = = = = = = = = = = = = = ts_std(high, 9(high, 9(close
[750] code_public_0489_0: ```dsl_fire      ```dsl_fire result = shiftiftiftiftiftiftiftiftiftiftiftiftiftiftiftiftiftiftiftiftiftiftiftiftiftiftif
[751] code_public_0513_0: </think>     ```dsl_fire      ```dsl_fire result = xs_corr(log1p(volume, market_cap), 0.0)  ```
[752] code_public_0608_1: ```dsl_fire      ```dsl_fire result = minimum(sub(vvvvvvvvvvvvvvvvvvvvvvvvvvvvvolume,), -1p(volume, market_cap), 0.0) ``
[753] code_public_0892_0: ```dsl_fire      ```dsl_fire result = minimum(pct_change(pb, 20)) ```
[754] code_public_0041_1: ```dsl_fire      ```dsl_fire result = shiftiftiftiftiftiftiftiftiftiftiftiftiftiftiftiftiftiftiftiftiftiftiftiftiftiftif
[755] code_public_0443_0: ```dsl_fire      ```dsl_fire result = absub(pct_change(reclose, 20)))  ```
[756] code_public_0755_1: </think>     ```dsl_fire    </think>  ```dsl_fire   result = = shift(close, 1) ```
[757] code_public_0581_1: </think>  ```dsl_fire   result = open)      ```
[758] code_public_0257_0: </think>      ```dsl_fire   result = add(reclose, ts_mean(pct_change(close, 20))) ```
[759] code_public_0681_0: ```dsl_fire result = minimum(pct_change(pct_change(pb, 3)))  ```
[760] code_public_0075_1: ```dsl_fire      ```dsl_fire result = = = = = = = = = = = = = = = = = sign(open, 3))  ```
[761] code_public_0601_1: </think>  </think>  </think>         ```dsl_fire      ```dsl_fire result = = = = = = = = = = ts_std(pct_change(close, 20
[762] code_public_0828_1: </think>   </think>     </think>     ```dsl_fire result = where(gt(div(sub(reclose, ts_mean(volume, 20)), xs_mean(volume
[763] code_public_0705_1: ```dsl_fire      ```dsl_fire result = ts_cclose, 120))  ```
[764] code_public_0766_1: ```dsl_fire      ```
[765] code_public_0117_1: ```dsl_fire result = sub(pct_change(pb, 10)), 0.5)  ```
[766] code_public_0222_0: ```dsl_fire result = div(vwap, 45) ```
[767] code_public_0237_0: ```dsl_fire   result = = = = = = = = = = = = = = = minimum(pct_change(vwap, 45)) ```
[768] code_public_0303_0: ```dsl_fire   result = ts_fire  ```dsl_fire result = ts_close, 60)) ```
[769] code_public_0503_0: ```dsl_fire result = minimum(pct_change(vwap, 10)), 0.0) ```
[770] code_public_0553_1: ```dsl_fire result = where(logical_and(lt(close, ts_mean(close, 2)), gt(pct_change(close, 2)), 0.0) ```
[771] code_public_0691_1: ```dsl_fire result = exp(minimum(div(sub(vwap, xs_mean(vwap)), 4.0)) ```
[772] code_public_0091_1: </think>   </think>     ```dsl_fire result = minimum(div(reclose, market_cap), div(sub(log(market_cap), xs_mean(log(mark
[773] code_public_0165_0: ```dsl_fire   result = absolute(pct_change(high, 5)) ```
[774] code_public_0186_0: ```dsl_fire      ```dsl_fire result = minimum(market_cap, xs_mean(market_cap, 0.0)) ```
[775] code_public_0236_1: </think>  ```dsl_fire   result = open)      ```
[776] code_public_0704_0: ```dsl_fire result = = open open open)  ```
[777] code_public_0703_0: </think>   </think>     ```dsl_fire      ```dsl_fire result = = = = = = = = = = = = = = = = = = = = ts_std(pct_change(vw
[778] code_public_0341_1: ```dsl_fire result = where(logical_and(gt(recip(pb), xs_mean(recip(pb))), gt(log(recip(pb)), xs_mean(recip(pb))), 0.0) `
[779] code_public_0106_1: ```dsl_fire      ```dsl_fire result = ts_ccclose, 1.0) ```
[780] code_public_0358_0: ```dsl_fire      ```dsl_fire result = open open)) ```
[781] code_public_0356_1: ```dsl_fire result = sub(pb, 2) ```
[782] code_public_0774_0: ```dsl_fire   result = minimum(pct_change(vwap, 20)), 1.0) ```
[783] code_public_0761_1: </think>   </think>     </think>     </think>     </think>      </think>     ```dsl_fire    ```
[784] code_public_0206_1: ```dsl_fire result = minimum(reclose, 5) ```
[785] code_public_0570_1: ```dsl_fire      ```dsl_fire result = minimum(low, xs_mean(high)), 0.0) ```
[786] code_public_0974_1: </think>   </think>     </think>     ```dsl_fire result = where(log1p(div(vvvvvvvvvvvvvvvvvvvvvvvvvvvvvvvvvvvvvvvvvvvvvv
[787] code_public_0232_0: ```dsl_fire result = sub(div(sub(reclose, xs_mean(recip(pb))), xs_std(recip(pb))), div(sub(log(market_cap), xs_mean(log(
[788] code_public_0260_1: ```dsl_fire      ```
[789] code_public_0390_0: ```dsl_fire result = sub(close, xs_quantile(close, 0.2)) ```
[790] code_public_0238_0: ```dsl_cap),  ```
[791] code_public_0533_1: ```dsl_fire   ```dsl_fire result = = = = = = = = = = = = = = = = = = = = ts_maxminmin(vwap, 15)) ```
[792] code_public_0563_1: ```dsl_fire result = where(logical_and(lt(close, ts_mean(volume, 20))), neg(log1pct_change(close, 5))), 0.0) ```
[793] code_public_0118_1: ```dsl_fire result = minimum(pct_change(open, 15)) ```
[794] code_public_0345_1: </think>      </think>     ```dsl_fire    ```dsl_fire  result = = = = = = = = = = = = = = = = = = = = = = ts_std(vwap, 5
[795] code_public_0473_0: ```dsl_fire result = div(divdiv(vwap), market_cap), pct_change(close, 20)) ```
[796] code_public_0012_1: ```dsl_fire result = sub(pct_change(vwap, 2)) ```
[797] code_public_0812_0: </think>     </think>     ```dsl_fire result = minimum(div(reclose, ts_mean(div(vvvvolume, 20)), xs_mean(div(volume, mar
[798] code_public_0567_1: ```dsl_fire result = shiftiftiftiftift(close, 45))  ```
[799] code_public_0859_0: ```dsl_fire      ```dsl_fire result = = = = = = = = = = = = = = = = = = = = = = = = = = = = = = = = ts_std(high, 2))  ``
[800] code_public_0629_1: ```dsl_fire result = where(logical_and(gt(reclose, ts_mean(recip(pb)), xs_mean(recip(pb))), gt(pct_change(close, 20))), 
[801] code_public_0573_0: ```dsl_fire result = minimum(maximximximximximximximximximximximximximximximximximximximximximximximximximximximximximxi
[802] code_public_0447_0: result = div(sub(close, 45)) ```
[803] code_public_0274_0: ```dsl_fire      ```dsl_fire result = = shift(pct_change(close, 20)) ```
[804] code_public_0810_0: </think>     </think>     ```dsl_fire result = where(gt(log1ppct_change(close, 20))), 0.0)  ```
[805] code_public_0010_0: ```dsl_fire   result = ts_fire  ```dsl_fire result = sub(pct_change(close, 15)) ```
[806] code_public_0184_0: ```dsl_fire      ```dsl_fire result = shiftiftiftiftiftiftiftiftiftiftiftiftiftiftiftiftiftiftiftiftiftiftiftiftiftiftif
[807] code_public_0452_1: ```dsl_fire result = where(logical_and(gt(recip(pb), xs_mean(recip(pb))), gt(recip(pb)))), neg(pct_change(close, 20)) ``
[808] code_public_0704_1: ```dsl_fire result = = shiftiftift(pct_change(close, 1)), 15) ```
[809] code_public_0948_1: ```dsl_fire      ```
[810] code_public_0276_1: ```dsl_fire result = = = = ts_fire ```dsl_fire result = = = = = = ts_sum(pct_change(pb, 5)) ```
[811] code_public_0430_1: ```dsl_fire      ```dsl_fire result = = = = = = = = = = = = = = = = = = = = = = = = = = = = = = = = = ts_stddddddddddddd
[812] code_public_0330_1: ```dsl_fire result = sub(market_cap, 45) ```
[813] code_public_0867_0: ```dsl_fire      ```dsl_fire result = = = = = = = = = = = = = = = = = = = ts_std(open, 20)) ```
[814] code_public_0455_0: result = subfire result = sub(div(absolute(log11p(ts_mean(volume, 20)))), xs_sum(abs_mean(log1p(ts_mean(volume, 20))))))
[815] code_public_0679_1: ```dsl_fire      ```dsl_fire result = minimum(div(sub(opopen, vwap), vwap)), 0.0) ```
[816] code_public_0057_0: ```dsl_fire   result = = = ts_fire ```dsl_fffffffire result = ts_close, 5)) ```
[817] code_public_0341_0: ```dsl_fire result = where(logical_and(gt(recip(pb), xs_mean(recip(pb))), gt(div(recip(pb)), xs_mean(recip(pb))), xs_mea
[818] code_public_0347_1: ```dsl_fire      ```dsl_fire result = minimum(div(vvvvvvvvvvvvvvvvvvvvvvvvvvvvvvvvvvvvvvvvvvvvvvvvvvvvvvvvvolume), -1p(v
[819] code_public_0847_0: ```dsl_fire      ```dsl_fire result = = = = = = = = = = = = = = ts_std(pct_change(vwap, 1), 0.0)) ```
[820] code_public_0219_0: ```dsl_fire      ```dsl_fire result = = = = = = = = = = = = = = = = = = = = = absolute(pct_change(close, 9(close, 9(clos
[821] code_public_0334_1: ```dsl_fire result = where(logical_and(gt(recip(pb)), xs_mean(recip(pb))), gt(log(market_cap), xs_mean(log(market_cap)))
[822] code_public_0606_1: ```dsl_fire result = minimum(pct_change(high, 2), 0.0) ```
[823] code_public_0855_0: ```dsl_fire   result = log10(add(1.1.1.1)) ```
[824] code_public_0666_1: </think>     </think>     </think>   </think>     </think>     </think>         ```dsl_fire   result = minimum(reclose, 
[825] code_public_0023_1: ```dsl_fire result = ts_ccclose, market_close, market_close, market_close, 20))   ```
[826] code_public_0940_1: </think>     ```dsl_fire    </think>  ```dsl_fire   ```
[827] code_public_0941_0: ```dsl_fire      ```dsl_fire result = shiftiftiftiftift(volume, 20)) ```
[828] code_public_0298_0: </think>  ```dsl_fire   ```dsl_fire result = absolute(div(sub(market_cap, vwap), vwap, vwap, vwap))) ```
[829] code_public_0523_1: ```dsl_fire      ```dsl_fire result = open open open))   ```
[830] code_public_0138_0: ```dsl_fire result = where(logical_mean(lt(close, 2), 0.0)), gt(pct_change(close, 3)), 0.0) ```
[831] code_public_0302_0: </think>   </think>     ```dsl_fire      ```dsl_fire result = where(gtttttt(log(market_cap), xs_mean(log(market_cap))), 
[832] code_public_0996_0: ```dsl_fire      result = = = = = = = = = = = = = = = ts_std(pct_change(close, 20))) ```
[833] code_public_0370_0: ```dsl_fire      ```dsl_fire result = div(sub(pct_change(pb, 20)), group_mean(pb, 20))) ```
[834] code_public_0643_1: ```dsl_capap),    ```
[835] code_public_0828_0: </think>   </think>     </think>     ```dsl_fire result = minimum(div(sub(reclose, ts_mean(volume, 20)), xs_mean(volume,
[836] code_public_0754_1: </think>      ```dsl_fire      ```dsl_fire result = shift(pct_change(volume, 5)) ```
[837] code_public_0573_1: ```dsl_fire      ```dsl_fire result = minimum(div(sub(pb, 3), 0.0) ```
[838] code_public_0644_0: ```dsl_fire result = minimum(reclose, 3) ```
[839] code_public_0482_0: ```dsl_fire      ```dsl_fire result = minimum(pct_change(close, 45)) ```
[840] code_public_0514_0: ```dsl_fire result = sub(pct_change(pb, 90), 45) ```
[841] code_public_0361_1: ```dsl_fire      ```dsl_fire result = shiftiftiftiftiftiftiftiftiftiftiftiftiftiftiftiftiftiftiftiftiftiftiftiftiftiftif
[842] code_public_0313_0: </think>   </think>     </think>     </think>     </think>         ```dsl_fire   ```
[843] code_public_0767_1: ```dsl_fire      ```dsl_fire result = ts_close, 5)) ```
[844] code_public_0015_0: ```dsl_fire result = ts_fire  ```
[845] code_public_0614_1: ```dsl_fire      ```dsl_fire result = ts_cccorr(pct_change(market_cap, 1)), 15) ```
[846] code_public_0770_0: ```dsl_fire      ```dsl_fire result = shiftiftiftiftiftiftiftiftiftiftiftiftiftiftiftiftiftiftiftiftiftiftiftiftiftiftif
[847] code_public_0884_0: ```dsl_fire result = ts_fire result = = = = = = = = = = = = = ts_mean(pct_change(market_cap, 10)) ```
[848] code_public_0955_0: </think>         </think>     </think>         ```dsl_fire   result = open open open)       ```
[849] code_public_0128_0: ```dsl_fire      ```dsl_fire result = shift(volume, 2(volume, 2)), pct_change(volume, 3)) ```
[850] code_public_0500_0: ```dsl_fire      ```dsl_fire ```
[851] code_public_0836_0: ```dsl_fire      ```dsl_fire result = = = = = = = = = = = absolute(pct_change(close, 90)) ```
[852] code_public_0101_0: ```dsl_fire result = minimum(volume, ts_mean(volume, 20)) ```
[853] code_public_0090_1: ```dsl_fire result = = = = sub(pct_change(pb, 45), 45) ```
[854] code_public_0997_1: ```dsl_fire result = sub(close, 60) ```
[855] code_public_0359_0: ```dsl_fire      ```dsl_fire result = = = = = = = = = = = = = ts_std(close, 45)) ```
[856] code_public_0248_0: ```dsl_fire      result = exp(pct_change(market_cap, 20)), 0.1.1.0) ```
[857] code_public_0235_0: ```dsl_fire   result = = = sub(pct_change(close, 2)), 0.5) ```
[858] code_public_0748_0: ```dsl_fire result = exp(minimum(div(market_cap, 45)), pct_change(close, 45)), 0.0) ```
[859] code_public_0804_1: </think>   </think>     ```dsl_fire    result = ts_fire ```
[860] code_public_0247_1: ```dsl_fire      ```dsl_fire result = shiftiftiftiftiftiftiftiftiftiftiftiftiftiftiftiftiftiftiftiftiftiftiftiftiftiftif
[861] code_public_0380_1: ```dsl_fire result = = shiftift(pct_change(close, 20)), 20) ```
[862] code_public_0922_0: ```dsl_fire result = minimum(reclose, 3) ```
[863] code_public_0120_1: ```dsl_fire      ```dsl_fire result = shiftiftiftiftiftiftiftiftiftiftiftiftiftiftiftiftiftiftiftiftiftiftiftiftiftiftif
[864] code_public_0808_1: ```dsl_fire      ```dsl_fire result = = = = = = = = = = = = = = min minimum(volume, 5)) ```
[865] code_public_0769_0: ```dsl_fire      ```dsl_fire result = shift(volume, 2(volume, 2)), pct_change(volume, 2)) ```
[866] code_public_0457_0: ```dsl_fire      ```dsl_fire ```
[867] code_public_0121_1: ```dsl_fire result = ts_f(pct_change(pb, 1), 90) ```
[868] code_public_0372_1: ```dsl_fire result = = = shift(volute(pct_change(volume, 45), 0.0) ```
[869] code_public_0992_1: </think>     ```dsl_fire result = minimum(pct_change(volume, 20), 0.0) ```
[870] code_public_0719_1: ```dsl_fire      ```dsl_fire result = = sub(high, 3(high, 3), 0.1.1)) ```
[871] code_public_0424_1: </think>   </think>     ```dsl_fire result = where(gt(log(reclose, ts_mean(reclose, 20)), xs_mean(log(market_cap)))), pc
[872] code_public_0252_1: ```dsl_fire      ```dsl_fire result = minimum(pct_change(close, 20)) ```
[873] code_public_0466_1: </think>  ```dsl_fire result = ts_corr(pct_change(close, 5)), pct_change(close, 5)) ```
[874] code_public_0204_1: ```dsl_fire result = = = = = = = = = = = = = = = = = = sub(pct_change(vwap, 45)), 4.25)  ```
[875] code_public_0472_0: ```dsl_fire   result = minimum(pct_change(vwap, 5), 0.0) ```
[876] code_public_0107_1: </think>     ```dsl_fire result =fire ```dsl_fire result = sub(div(absolute(pct_change(close, 20))), xs_sum(pct_change(c
[877] code_public_0158_1: ```dsl_fire result = exp(minimum(pct_change(log(market_cap)))) ```
[878] code_public_0522_1: ```dsl_fire result = minimum(pct_change(close, 15)) ```
[879] code_public_0454_0: result = ts_fire  result = ts_fire  ```dsl_fire result = ts_corr(pct_change(close, 45), 45) ```
[880] code_public_0292_1: </think>  ```dsl_fire   ```dsl_fire result = = = = = = = = = = = = = = = = = = = = = = = = = = ts_std(hhhhhhhhhhigh, 30)
[881] code_public_0857_0: ```dsl_fire      ```dsl_fire result = shiftiftiftiftift(open, 20)) ```
[882] code_public_0486_0: result = minimum(maximximximximximximximximximximximximximximximximximximximximximximximximximximximximximximximximximxi
[883] code_public_0467_1: ```dsl_fire      ```dsl_fire result = minimum(pct_change(close, 15)) ```
[884] code_public_0182_0: ```dsl_fire result = shiftiftiftiftiftiftiftiftiftiftift(vwap, 5))  ```
[885] code_public_0685_1: ```dsl_fire      ```dsl_fire result = ts_close, 60)) ```
[886] code_public_0872_1: ```dsl_fire      ```
[887] code_public_0894_0: ```dsl_fire result = where(logical_and(gt(reclose, ts_mean(recip(pb)), xs_mean(recip(pb))), 0.0) ```
[888] code_public_0588_1: ```dsl_fire result = sub(volume, 3) ```
[889] code_public_0516_0: ```dsl_fire result = exp(minimum(pct_change(close, 20)), 0.1)) ```
[890] code_public_0272_1: ```dsl_fire result = ts_std(pct_change(close, 1), 45)  ```
[891] code_public_0904_0: ```dsl_fire      ```dsl_fire result = minimum(pct_change(open, 7)) ```
[892] code_public_0617_0: ```dsl_fire      ```dsl_fire result = minimum(pct_change(high, 20))  ```
[893] code_public_0850_1: ```dsl_fire result = where(logical_and(gt(reclose, ts_mean(log(recip(pb))), xs_mean(recip(pb))), gt(div(recip(pb))), xs_
[894] code_public_0066_1: ```dsl_fire      ```dsl_fire result = = = = = = = = = = = = = = = = = = exp(high, 2) ```
[895] code_public_0469_1: ```dsl_fire result = absolute(div(sub(open, vwap), vwap), xs_mean(open)) ```
[896] code_public_0622_1: ```dsl_fire result = minimum(pct_change(open, 20), 0.0) ```
[897] code_public_0464_0: ```dsl_fire      result = = = = = = = = = = = = = = = = ts_std(pct_change(close, 1), 0.0) ```
[898] code_public_0651_1: ```dsl_fire result = exp(minimum(pct_change(close, 2), 0.1)) ```
[899] code_public_0616_1: ```dsl_fire result = div(sub(close, ts_min(low, 20)), sub(ts_max(high, 20), ts_min(low, 20))) ```
[900] code_public_0784_1: ```dsl_fire      result = open open open open open open) ```
[901] code_public_0320_0: ```dsl_fire result = where(logical_mean(logical_mean(volume, 5), -1.0)), ne((pct_change(close, 2)), 0.0) ```
[902] code_public_0087_0: ```dsl_fire      ```dsl_fire result = sub(div(market_cap, market_cap, market_close, vwap, 20)) ```
[903] code_public_0035_1: ```dsl_fire result = exp(minimum(pct_change(pb, 15), 0.1))  ```
[904] code_public_0605_0: ```dsl_fire      ```dsl_fire result = = = = = = = = = = = = = = = = = = = = = = absolute(pct_change(close, 20))) ```
[905] code_public_0840_0: ```dsl_fire      ```dsl_fire result = shiftiftiftiftift(close, 3)) ```
[906] code_public_0472_1: ```dsl_fire result = minimum(pct_change(vwap, 5), 0.0) ```
[907] code_public_0148_0: ```dsl_fire   result = open)     ```
[908] code_public_0913_0: ```dsl_fire result = minimum(maximximximximximximximximximximximximximximximximximximximximximximximximximximximximximxi
[909] code_public_0336_1: </think>         </think>  ```dsl_fire    ```dsl_fire   ```
[910] code_public_0694_0: ```dsl_fire result = sub(market_cap, 60)  ```
[911] code_public_0271_0: ```dsl_fire result = sub(market_cap, xs_median(market_cap)) ```
[912] code_public_0250_1: ```dsl_fire      ```dsl_fire result = shiftiftiftiftiftiftiftiftiftiftiftiftiftiftiftiftiftiftiftiftiftiftiftiftiftiftif
[913] code_public_0309_1: </think>  ```dsl_fire   result = open)      ```
[914] code_public_0950_0: ```dsl_fire result = exp(minimum(pct_change(pb, 2), 0.1))  ```
[915] code_public_0319_0: result = minimum(pct_change(close, 3), 0.0) ```
[916] code_public_0481_1: </think>  ```dsl_fire       ```dsl_fire   ```
[917] code_public_0748_1: result = where(logical_and(log1.0)), pct_change(close, 21.0) ```
[918] code_public_0362_1: ```dsl_fire result = minimum(high, 15) ```
[919] code_public_0834_0: ```dsl_fire      ```dsl_fire result = ts_close, 3)) ```
[920] code_public_0838_0: ```dsl_fire      result = = = = = = = = = = = = = = = ts_std(pct_change(close, 20))) ```
[921] code_public_0640_0: ```dsl_fire      ```dsl_fire result = shiftiftift(high, 10)) ```
[922] code_public_0374_0: ```dsl_fire result = = = = = = = = = = = = = = = = = = = = = = = sub(pct_change(vwap, 15)) ```
[923] code_public_0882_0: </think>  ```dsl_fire   result = = = = = = = = = = = = = = = = = = = = = = = = = ts_std(open, 10)) ```
[924] code_public_0381_0: </think>     </think>     ```dsl_fire result = = = = = = = = = = = = = = = = = = = = = = = ts_std(pct_change(close, 1), 
[925] code_public_0993_1: ```dsl_fire      ```
[926] code_public_0911_1: ```dsl_fire      ```dsl_fire result = ts_corr(market_cap, market_cap, market_cap), ```
[927] code_public_0383_1: ```dsl_fire result = exp(minimum(pct_change(close, 3), 0.1)) ```
[928] code_public_0240_0: ```dsl_fire result = sub(vwap, xs_median(vwap)) ```
[929] code_public_0063_0: ```dsl_fire result = exp(minimum(div(sub(vwap, xs_mean(vwap)), xs_std(vwap)), -1.0)) ```
[930] code_public_0404_1: ```dsl_fire      ```dsl_fire result = open open open open)  ```
[931] code_public_0402_0: ```dsl_fire   ```
[932] code_public_0263_0: ```dsl_fire result = div(subub(pb, xs_mean(pb)), xs_std(pb)) ```
[933] code_public_0303_1: ```dsl_fire      ```dsl_fire result = ts_close, 60)) ```
[934] code_public_0753_1: </think>      ```dsl_fire   result = minimum(pct_change(vwap, 3)  ```
[935] code_public_0068_1: ```dsl_fire result = sub(close, 2)  ```
[936] code_public_0434_0: </think>   </think>     ```dsl_fire      ```dsl_fire result = = = = = = = = = = = = = = = ts_std(pct_change(vwap, 20)) `
[937] code_public_0717_1: </think>   </think>     ```dsl_fire result = add ts_fire ```
[938] code_public_0594_0: </think>      ```dsl_fire      ```dsl_fire result = sub(market_cap, ts_cap, ts_mean(market_cap, 20)), pct_change(close, 
[939] code_public_0045_0: </think>     ```dsl_fire      ```dsl_fire result = = = = = = = = = = = = = ts_std(close, 45) ```
[940] code_public_0245_1: ```dsl_fire   ```dsl_fire result = sub(pct_change(close, 15)) ```
[941] code_public_0449_0: ```dsl_fire result = ts_f(pct_change(pb, 1), 0.0) ```
[942] code_public_0971_0: </think>  ```dsl_fire   result = = = = = = = = = = = = = = = = = = = = = = = = = = ts_std(open, 3))   ```
[943] code_public_0620_0: ```dsl_fire result = where(logical_mean(volume, 2), gt(volume, ts_mean(volume, 2)), pct_change(close, 2)), 0.0) ```
[944] code_public_0587_0: ```dsl_fire result = div(vwap, 2)  ```
[945] code_public_0949_0: ```dsl_fire   result = ts_fire  ```dsl_fire result = ts_close, 60)) ```
[946] code_public_0329_1: ```dsl_fire result = where(logical_and(gt(reclose, ts_mean(log(market_cap))), xs_mean(log(market_cap))), 0.0) ```
[947] code_public_0697_1: ```dsl_fire      ```dsl_fire result = = = = = = = = = = = = = = = = = = = = = = = = = = = =```
[948] code_public_0834_1: ```dsl_fire      ```dsl_fire result = ts_ccclose, 1 1202020202020202020202020))  ```
[949] code_public_0398_1: </think>  </think>  </think>         ```dsl_fire   ```
[950] code_public_0110_0: ```dsl_fire   result = ts_fire  ```dsl_fire result = sub(pct_change(close, 10)) ```
[951] code_public_0957_0: ```dsl_fire   result = open)     ```
[952] code_public_0978_1: </think>     ```dsl_fire    ```dsl_fire  result = minimum(div(sub(close, xs_mean(close)), xs_std(close, 20))), div(sub(c
[953] code_public_0427_1: ```dsl_fire      result = open open open open)   ```
[954] code_public_0772_1: </think>   </think>     </think>     </think>     </think>      </think>     ```dsl_fire    ```dsl_fire  result = minimu
[955] code_public_0651_0: ```dsl_fire result = exp(minimum(pct_change(close, 2), 0.1)) ```
[956] code_public_0185_1: </think>     </think>     </think>   ```dsl_fire   </think>  ```dsl_fire result = minimum(reclose, ts_mean(low, 20)) ```
[957] code_public_0647_0: ```dsl_fire      ```dsl_fire result = square(add(1)) ```
[958] code_public_0685_0: ```dsl_fire      ```dsl_fire result = = = = = = = = = = = = = = = = ts_std(pct_change(vwap, 20)) ```
[959] code_public_0927_0: ```dsl_fire result = sub(close, ts_mean(close, 20)) ```
[960] code_public_0597_1: </think>      </think>     ```dsl_fire    ```dsl_fire   ```
[961] code_public_0709_0: ```dsl_fire result = minimum(pct_change(open, 15)) ```
[962] code_public_0729_1: ```dsl_fire      ```
[963] code_public_0807_0: ```dsl_fire      ```dsl_fire result = squareclose, 15))   ```
[964] code_public_0269_1: </think>  ```dsl_fire   result = open)      ```
[965] code_public_0762_1: ```dsl_fire      ```dsl_fire result = ts_ccclose, 45) ```
[966] code_public_0950_1: ```dsl_fire result = exp(minimum(pct_change(pb, 2), 0.1))  ```
[967] code_public_0864_0: ```dsl_fire   result = log10(add(1.1)) ```
[968] code_public_0001_1: ```dsl_fire      ```dsl_fire result = = = = = = = = = = = = = = = = = = = = = = = =```
[969] code_public_0191_1: ```dsl_fire result = ts_cccorr(log1p(volume, 20)), log1p(volume, 20)) ```
[970] code_public_0155_1: ```dsl_fire      ```
[971] code_public_0875_1: ```dsl_fire result = log10(add(1.1.1.1.1)) ```
[972] code_public_0559_1: </think>     ```dsl_fire      ```dsl_fire result = = = = = = = = = = = = = = = = = =```
[973] code_public_0030_0: ```dsl_fire      ```dsl_fire result = shiftiftiftiftiftiftiftiftiftiftiftift(vwap, 2)) ```
[974] code_public_0197_0: ```dsl_fire result = minimum(marketet_cap, 3), shiftift(market_cap, 3), 0.0) ```
[975] code_public_0887_0: ```dsl_fire      ```dsl_fire result = minimum(div(reclose, market_cap), 0.0) ```
[976] code_public_0275_0: ```dsl_fire result = minimum(pct_change(pct_change(pb, 2)))  ```
[977] code_public_0333_0: ```dsl_fire      ```dsl_fire result = absolute(pct_change(close, 20)) ```
[978] code_public_0189_1: </think>   </think>     </think>     ```dsl_fire result = minimum(reclose, ts_meanan(reclose, 20)), 0.0) ```
[979] code_public_0792_1: ```dsl_cap),   ```
[980] code_public_0831_0: ```dsl_fire      ```dsl_fire ```
[981] code_public_0782_1: ```dsl_fire      ```dsl_fire result = = = = = = = = = = = = = = = = = = = = = = absolute(pct_change(vwap, 10)) ```
[982] code_public_0125_1: ```dsl_fire      ```dsl_fire result = shiftiftiftiftiftiftiftiftiftiftiftiftiftiftiftiftiftiftiftiftiftiftiftiftiftiftif
[983] code_public_0591_1: ```dsl_fire      ```dsl_fire result = where(gt(log(recip(pb), xs_mean(recip(pb))), 0.0) ```
[984] code_public_0099_0: ```dsl_fire result = minimum(pct_change(open, 20), 0.0) ```
[985] code_public_0033_1: </think>  ```dsl_fire   ```
[986] code_public_0044_0: ```dsl_fire      ```dsl_fire result = = = = power(absolute(pct_change(close, 5))) ```
[987] code_public_0132_1: ```dsl_fire result = neg(mul(div(ts_mean(volume, 5), ts_mean(volume, 5)), pct_change(close, 5))) ```
[988] code_public_0537_0: ```dsl_fire   ```dsl_fire result = minimum(reclose, xs_meananan(recip(pct_change(reclose, 20)))) ```
[989] code_public_0193_1: ```dsl_fire result = ts_ccclose, market_close, 20)  ```
[990] code_public_0584_0: result = minimum(maximximximximximximximximximximximximximximximximximximximximximximximximximximximximximximximximximxi
[991] code_public_0300_1: ```dsl_cap),  ```
[992] code_public_0511_1: ```dsl_fire      ```dsl_fire result = = = = = = = = = = = = minimum(volume, 3)) ```
[993] code_public_0521_1: ```dsl_fire result = shiftiftiftift(close, 45)) ```
[994] code_public_0873_1: ```dsl_fire      ```dsl_fire result = minimum(div(vwap, 0.7)) ```
[995] code_public_0959_1: ```dsl_fire result = xs_f(absvwap, 0.00) ```
[996] code_public_0345_0: ```dsl_fire   result = = = = = = = = = = = = = = = = = = = = = = = = = = =```
[997] code_public_0421_1: ```dsl_fire result = exp(minimum(minimum(pct_change(market_cap, 2))), 2.0)) ```
[998] code_public_0433_1: ```dsl_fire result = log10(add(1.1.1.1.1)) ```
[999] code_public_0029_1: </think>  </think>  </think>         </think>     ```dsl_fire       ```dsl_fire   ```
[1000] code_public_0592_1: </think>   </think>     </think>     ```dsl_fire </think>  ```dsl_fire   ```
[1001] code_public_0702_0: ```dsl_fire      ```dsl_fire result = = = = = = = = = = = = = = = = exp(high, 2) ```
[1002] code_public_0446_0: ```dsl_fire      ```dsl_fire result = = = = = = = = = = = = = = = = = = = = = = = = = = = = = = = =```
[1003] code_public_0554_1: ```dsl_fire      ```dsl_fire result = = = = = = = = = = = = = = = minimum(market_cap, 60) ```
[1004] code_public_0460_1: ```dsl_fire      ```dsl_fire result = = = = = = = = = = = = = = = = = = = = = = = = = = = =```
[1005] code_public_0909_1: </think>  ```dsl_fire   ```dsl_fire result = minimum(pct_change(close, 20), 0.0) ```
[1006] code_public_0234_1: ```dsl_fire      ```dsl_fire result = minimum(volume, 5) ```
[1007] code_public_0687_0: ```dsl_fire result = minimum(pct_change(pct_change(pb, 5)))  ```
[1008] code_public_0780_0: ```dsl_fire   ```dsl_fire ```
[1009] code_public_0854_0: ```dsl_fire result = exp(minimum(div(sub(low, 2)), xs_mean(open)), 0.0) ```
[1010] code_public_0891_0: ```dsl_fire      ```dsl_fire result = shift(pct_change(market_cap, 5)), pct_change(volume, 5) ```
[1011] code_public_0539_1: ```dsl_fire result = log10(add(1.1.1.1.1)) ```
[1012] code_public_0982_1: ```dsl_fire result = absolute(div(sub(pb, vwap, vwap), vwap)), div(sub(volume, vwap), vwap)), 0.0) ```
[1013] code_public_0410_1: ```dsl_fire      ```dsl_fire result = xs_mean(pct_change(close, 20)), xs_mean(pct_change(close, 20)))  ```
[1014] code_public_0154_0: ```dsl_fire   result = open open)    ```
[1015] code_public_0817_0: ```dsl_fire result = open)  result = sub(pct_change(close, 15)) ```
[1016] code_public_0785_1: ```dsl_fire result = shiftiftift(pct_change(close, 1)), 5)) ```
[1017] code_public_0677_1: ```dsl_fire      ```
[1018] code_public_0845_1: ```dsl_fire result = where(logical_and(gt(log1p(ts_mean(volume, 20))), gt(log1p(ts_mean(volume, 20))), xs_mean(log1p(ts_
[1019] code_public_0767_0: ```dsl_fire   result = ts_fire  ```dsl_ffffffffire result = ts_close, 5) ```
[1020] code_public_0985_0: ```dsl_fire   result = absolute(pct_change(open, 7)) ```
[1021] code_public_0109_1: ```dsl_fire result = where(low, 5) ```
[1022] code_public_0938_0: result = sub(pct_change(close, 3)) ```
[1023] code_public_0138_1: ```dsl_fire result = where(logical_and(gt(open, ts_mean(volume, 2)), gt(volume, ts_mean(volume, 5))), pct_change(close, 
[1024] code_public_0946_0: ```dsl_fire      ```dsl_fire result = open))  ```
[1025] code_public_0619_0: ```dsl_fire      ```dsl_fire result = = = = = = = = = = = power(pct_change(open, 45)) ```
[1026] code_public_0990_1: ```dsl_fire result = where(logical_fire result = where(gt(pct_change(close, 5), xs_mean(recip(pb))), gt(recip(pb), 0.0))
[1027] code_public_0258_0: </think>     </think>         ```dsl_fire   ```
[1028] code_public_0071_0: ```dsl_fire result = log10(add(1.0, absolute(pct_change(pb, 10)))) ```
[1029] code_public_0326_0: ```dsl_fire      ```dsl_fire result = shiftiftift(high, 10)) ```
[1030] code_public_0190_0: ```dsl_fire      ```dsl_fire result = open open open open open) ```
[1031] code_public_0636_1: ```dsl_fire result = where(gt(low, xs_median(low)), 0.0)  ```
[1032] code_public_0947_0: ```dsl_fire      ```dsl_fire result = shift(vwap, 2(vwap, 2)), shift(vwap, 2)) ```
[1033] code_public_0640_1: ```dsl_fire      result = shift(add(1.0, 45)), 4.0) ```
[1034] code_public_0667_1: ```dsl_fire result = sub(reclose, ts_close, 60) ```
[1035] code_public_0633_1: ```dsl_fire      ```dsl_fire result = = = = = = = = = = = = = = = = = = = = = = = = = = = = =```
[1036] code_public_0688_0: ```dsl_fire      ```dsl_fire result = = shiftiftiftiftiftiftiftiftiftiftiftiftiftiftiftiftiftiftiftiftiftiftiftiftiftift
[1037] code_public_0479_0: ```dsl_fire result = shiftiftiftiftift(close, 5))  ```
[1038] code_public_0203_1: ```dsl_fire result = = shiftiftiftift(close, 5)) ```
[1039] code_public_0928_1: </think>  ```dsl_fire result = shiftift(volute(pct_change(volume, 20)))  ```
[1040] code_public_0477_0: ```dsl_fire result = xs_mean(pct_change(close, 20)), -1p(volume, 20)) ```
[1041] code_public_0816_1: ```dsl_fire      ```dsl_fire result = = = = exp(pct_change(high, 5)) ```
[1042] code_public_0864_1: ```dsl_fire result = log10(add(1.1.1)) ```
[1043] code_public_0018_1: ```dsl_fire      ```dsl_fire result = = = = = = = = = = = = = = = = = = = = = = absolute(pct_change(vwap, 20))) ```
[1044] code_public_0167_1: ```dsl_fire      ```
[1045] code_public_0240_1: ```dsl_fire result = shiftiftiftift(vwap, 20)) ```
[1046] code_public_0621_0: ```dsl_fire result = minimum(volume, ts_mean(volume, 5)) ```
[1047] code_public_0183_1: </think>  ```dsl_fire result = = = open)   ```
[1048] code_public_0544_0: ```dsl_fire      ```dsl_fire result = shiftiftiftiftift(volume, 20)) ```
[1049] code_public_0499_1: ```dsl_fire      ```dsl_fire result = shiftiftiftiftift(vwap, 10)) ```
[1050] code_public_0493_1: </think>         </think>  ```dsl_fire       ```dsl_fire   ```
[1051] code_public_0237_1: ```dsl_fire   result = = = ts_fire ```
[1052] code_public_0278_0: ```dsl_fire result = minimum(high, 5) ```
[1053] code_public_0839_1: </think>     ```
[1054] code_public_0483_0: ```dsl_fire result = where(logical_mean(lt(pct_change(close, 2))), 0.0) ```
[1055] code_public_0768_1: ```dsl_fire      ```dsl_fire result = shiftiftiftiftiftiftiftiftiftiftiftiftiftiftiftiftiftiftiftiftiftiftiftiftiftiftif
[1056] code_public_0804_0: ```dsl_fire result = open)  result = = = = = = = = = = = = = = = = = = sub(pct_change(close, 20) ```
[1057] code_public_0124_1: </think>     ```dsl_fire result = shift(volume, 5)) ```
[1058] code_public_0172_1: ```dsl_fire result = sub(pct_change(close, 1), pct_change(close, 1)), 90) ```
[1059] code_public_0673_0: ```dsl_fire result = div(vwap, 60)  ```
[1060] code_public_0773_0: ```dsl_fire   result = ts_cclose, 5) ```
[1061] code_public_0738_1: ```dsl_fire      ```dsl_fire result = minimum(sub(high, 0.7))  ```
[1062] code_public_0867_1: ```dsl_fire      ```dsl_fire result = ts_cclose, 60))   ```
[1063] code_public_0795_1: </think>      result = sub(high, 45)  ```
[1064] code_public_0538_1: </think>     ```dsl_fire result = where(gt(div(sub(reclose, xs_mean(recip(pb))), xs_mean(recip(pb))), xs_mean(log(market
[1065] code_public_0737_0: ```dsl_fire      ```
[1066] code_public_0522_0: ```dsl_fire result = minimum(pct_change(close, 15)) ```
[1067] code_public_0026_0: ```dsl_fire      ```dsl_fire result = = = = = = = = = = = minimum(volume, 60))  ```
[1068] code_public_0930_1: ```dsl_fire result = where(logical_and(gt(div(sub(open, vwap), vwap), xs_mean(log(market_cap))), xs_mean(log(market_cap)
[1069] code_public_0552_0: ```dsl_fire   result = absolute(pct_change(low, 7)) ```
[1070] code_public_0177_0: ```dsl_fire      ```dsl_fire result = minimum(div(open, xs_mean(open, 2))), 0.0) ```
[1071] code_public_0518_0: ```dsl_fire   result = log10(add(1.1.1.1)) ```
[1072] code_public_0142_1: ```dsl_fire result = where(logical_and(gt(recip(pb), xs_mean(recip(pb))), gt(div(reclose, market_cap), xs_mean(pct_chang
[1073] code_public_0277_0: ```dsl_fire      ```dsl_fire result = = = = = = = = = = = minimum(pct_change(vwap, 10)) ```
[1074] code_public_0504_1: ```dsl_fire      ```dsl_fire result = = = = = ts_fire ```
[1075] code_public_0300_0: ```dsl_fire   ```
[1076] code_public_0256_1: ```dsl_fire result = where(logical_and(gt(log(market_cap)), xs_mean(div(volume, 0.0))) ```
[1077] code_public_0600_0: ```dsl_fire result = minimum(pct_change(open, 10)) ```
[1078] code_public_0712_1: ```dsl_fire result = shift(volute(pct_change(volume, 15))) ```
[1079] code_public_0684_1: ```dsl_fire      ```dsl_fire result = ts_maxminminminminminminmin(volume, 20)) ```
[1080] code_public_0135_1: ```dsl_fire result = where(logical_and(gt(volume, ts_mean(volume, 5)), gt(pct_change(close, 5), 0.0)), 0.0) ```
[1081] code_public_0839_0: </think>     ```
[1082] code_public_0403_0: ```dsl_fire      ```
[1083] code_public_0021_0: </think>  ```dsl_fire result = ts_ccclose, 20) result = ts__std(pct_change(close, 20), 0.0) ```
[1084] code_public_0000_0: ```dsl_fire result = absolute(pct_change(pct_change(pb, 2))) ```
[1085] code_public_0022_0: ```dsl_fire      ```dsl_fire result = = = = = = = = = = = = = = = ts_std(pct_change(close, 1), 0.0) ```
[1086] code_public_0843_0: ```dsl_fire      ```dsl_fire result = = = = = = = = = = = minimum(pct_change(vwap, 3)) ```
[1087] code_public_0648_0: ```dsl_fire      ```dsl_fire result = = shiftiftiftiftiftiftiftiftiftiftiftiftiftiftiftiftiftiftiftiftiftiftiftiftiftift
[1088] code_public_0733_1: </think>         </think>  ```dsl_fire    </think>     ```
[1089] code_public_0367_1: ```dsl_fire      ```dsl_fire result = = = = = = = = = = = = = = = = = = = = = = = = = =```
[1090] code_public_0262_1: ```dsl_fire result = exp(minimum(pct_change(pb, 10), 0.1))  ```
[1091] code_public_0073_0: ```dsl_fire      result = where(lt(close, ts_mean(close, 20)), 0.0) ```
[1092] code_public_0981_0: ```dsl_fire result = where(logical_mean(logical_mean(lt(close, 3)), -1.0)), pct_mean((close, 3)), 0.0) ```
[1093] code_public_0363_0: ```dsl_fire      ```dsl_fire result = shiftiftiftiftiftiftiftiftiftiftiftiftiftiftiftiftiftiftiftiftiftiftiftiftiftiftif
[1094] code_public_0675_0: ```dsl_fire      ```dsl_fire result = shiftiftiftift(high, 10))  ```
[1095] code_public_0036_1: </think>     ```dsl_fire    ```dsl_fire   ```
[1096] code_public_0164_1: ```dsl_fire      ```dsl_fire result = ts_ccclose, 1.0) ```
[1097] code_public_0584_1: ```dsl_fire result = minimum(maximximximximximximximximximximximximximximximximximximximximximximximximximximximximximxi
[1098] code_public_0273_0: ```dsl_fire      ```dsl_fire result = = shiftiftiftift(open, 20)) ```
[1099] code_public_0693_1: ```dsl_fire      ```
[1100] code_public_0414_1: ```dsl_fire      ```dsl_fire result = = = = = = = = = = = = = = = = = = = = = = = = = = = =```
[1101] code_public_0842_1: ```dsl_fire result = = = = ts_fire ```
[1102] code_public_0181_0: ```dsl_fire      ```dsl_fire result = = = = = = = = = = = = = = = = = = = = = = = = = ts_std(close, 3))  ```
[1103] code_public_0553_0: ```dsl_fire result = where(logical_mean(lt(close, 2)), -1.0) ```
[1104] code_public_0473_1: ```dsl_fire result = div(absolute(pct_change(close, 1)), xs_sum(volume, 20))) ```
[1105] code_public_0593_1: </think>     result = xs_fire     ```dsl_fire result = open open)) ```
[1106] code_public_0123_0: ```dsl_fire result = = = = = = = = = = = = = = = = = = = = = = = = = = = = = = signsolute(pct_change(pb, 20)) ```
[1107] code_public_0435_0: ```dsl_fire      ```dsl_fire result = = = = = = = = = = = = = = = = = = = = = absolute(pct_change(close, 10))) ```
[1108] code_public_0207_0: ```dsl_fire result = = open open)   ```
[1109] code_public_0678_0: ```dsl_fire   result = log10(add(1.1.1.1)) ```
[1110] code_public_0531_0: ```dsl_fire result = = = = sub(pct_change(vwap, 20)), sign(pct_change(vwap, 20))) ```
[1111] code_public_0934_0: ```dsl_fire      ```dsl_fire result = = = = = signclose, 45) ```
[1112] code_public_0673_1: ```dsl_fire result = div(vwap, 60)  ```
[1113] code_public_0858_0: ```dsl_fire result = open)  ```
[1114] code_public_0172_0: ```dsl_fire   result = = = = = = = = = = = = = = = = = sub(pct_change(close, 1), 0.0) ```
[1115] code_public_0019_0: ```dsl_fire result = minimum(marketet_cap, 5), market_close, 5) ```
[1116] code_public_0818_1: ```dsl_fire result = minimum(maximximximximximximximximximximximximximximximximximximximximximximximximximximximximximxi
[1117] code_public_0337_1: </think>         </think>  ```dsl_fire    ```dsl_fire   ```
[1118] code_public_0410_0: ```dsl_fire      ```dsl_fire result = open open open open open) ```
[1119] code_public_0905_1: ```dsl_fire result = minimum(high, 60) ```
[1120] code_public_0830_0: ```dsl_fire      ```dsl_fire result = shiftiftiftiftift(vwap, 20)) ```
[1121] code_public_0797_1: ```dsl_fire      ```dsl_fire result = minimum(pct_change(close, 3```
[1122] code_public_0025_0: ```dsl_cap),  ```
[1123] code_public_0952_1: </think>     </think>   </think>     ```dsl_fire result = minimum(pct_change(close, 20), 0.0) ```
[1124] code_public_0393_1: </think>      ```dsl_fire   result = = = = = = = = = = = = = = = = = = = = = = = = = = = =```
[1125] code_public_0308_0: ```dsl_fire      ```dsl_fire result = minimum(high, xs_mean(high)), div(high, xs_mean(high)), 0.0)  ```
[1126] code_public_0097_0: ```dsl_fire      ```dsl_fire result = = = = = = = = = = = = = = = = = = = = = = = = = = = ts_std(pct_change(vwap, 20)) `
[1127] code_public_0112_1: ```dsl_fire      ```dsl_fire result = minimum(pct_change(open, 2)) ```
[1128] code_public_0966_0: ```dsl_fire result = sub(pct_change(close, 1), 0.0)  ```
[1129] code_public_0962_0: result = minimum(maximximximximximximximximximximximximximximximximximximximximximximximximximximximximximximximximximxi
[1130] code_public_0989_0: </think>     result = = ts_fire    ```dsl_fire result = = open_ccclose, 5))   ```
[1131] code_public_0344_0: ```dsl_fire result = minimum(pct_change(pct_change(pb, 3)))  ```
[1132] code_public_0241_0: </think>  ```dsl_fire   result = absolute(div(sub(close, vwap), vwap), xs_mean(open)) ```
[1133] code_public_0754_0: ```dsl_fire      ```dsl_fire result = minimum(pct_change(volume, 10)) ```
[1134] code_public_0908_1: </think>  ```dsl_fire   ```
[1135] code_public_0368_1: ```dsl_fire result = shiftiftiftift(volume, 45) ```
[1136] code_public_0425_0: ```dsl_fire result = exp(minimum(div(sub(volume, 45), xs_mean(volume, 45)), 4.0)) ```
[1137] code_public_0819_0: </think>     </think>     </think>   ```dsl_fire   </think>  ```
[1138] code_public_0321_1: ```dsl_fire result = sub(close, xs_quantile(close, 0.2)) ```
[1139] code_public_0372_0: ```dsl_fire result = minimum(ts_std(volume, 20)) ```
[1140] code_public_0758_0: ```dsl_fire      ```dsl_fire result = minimum(pct_change(close, 2)) ```
[1141] code_public_0638_0: ```dsl_fire      ```dsl_fire result = = = = = = = = = = = = = = = = = = = = = = absolute(pct_change(close, 5))) ```
[1142] code_public_0081_0: </think>  ```dsl_fire   ```
[1143] code_public_0598_0: ```dsl_fire   ```dsl_fire result = minimum(div(sub(reclose, market_close, vwap), xs_mean(div(volume, vwap))), xs_mean(di
[1144] code_public_0801_1: ```dsl_fire      ```
[1145] code_public_0902_0: ```dsl_fire result = = = = = = = = = = = = = = = = = = = = = = = = = = = = =```
[1146] code_public_0897_1: ```dsl_fire   ```dsl_fire result = sub(pct_change(close, 15)) ```
[1147] code_public_0481_0: </think>     </think>     ```dsl_fire    ```dsl_fire   ```
[1148] code_public_0312_1: </think>     ```dsl_fire    ```dsl_fire   ```
[1149] code_public_0939_0: result = sub(div(absolute(log(market_cap)), xs_sum(absolute(log(market_cap))))) ```
[1150] code_public_0338_1: ```dsl_fire result = sub(pct_change(close, 1), 45) ```
[1151] code_public_0423_0: ```dsl_fire result = where(div(volume, ts_mean(volume, 5)), pct_change(close, 5)) ```
[1152] code_public_0891_1: ```dsl_fire      ```dsl_fire result = sub(pct_change(volume, 5)) ```
[1153] code_public_0266_0: ```dsl_fire      ```dsl_fire result = minimum(pct_change(close, 5)) ```
[1154] code_public_0495_0: ```dsl_fire      ```dsl_fire result = shift(pct_change(close, 3```
[1155] code_public_0524_0: ```dsl_fire      ```dsl_fire result = = = = = = = = = = = = = = = ts_std(pct_change(close, 1), 0.0) ```
[1156] code_public_0863_1: </think>     result = minimum(vvvvvvvvvvvvvvvvvvvvvvvvvvvvvvvvvvvvvvvvvvvvvvvvvvvvvvvvvvvvvvvvvvvvvvvvvvvvvvvvvvvvvvvvvv
[1157] code_public_0566_0: </think>     ```dsl_fire result = minimum(div(reclose, xs_mean(recip(pb))), xs_mean(div(recip(pb)))), 0.0) ```
[1158] code_public_0017_1: ```dsl_fire      result = shift(absub(low, 3 10))  ```
[1159] code_public_0826_1: ```dsl_fire   result = = ts_fire ```
[1160] code_public_0386_1: ```dsl_fire      ```dsl_fire result = = = = = = = = = = = = = = = = = = = = = = = = = ts_std(volume, 9(volume, 9(volume,
[1161] code_public_0765_1: ```dsl_fire result = minimum(absvvvvvvvvvvvvvvvvvvvvvvvvvvvvvvvvvvvvvvvvvvvvvvvvvvvvvvvvvvvvvvvvvvvvvvvvvvvvvvvvvvvvvvvv
[1162] code_public_0127_1: ```dsl_fire result = sub(close, 3)  ```
[1163] code_public_0415_0: </think>     </think>     ```dsl_fire result = ts_fire  ```
[1164] code_public_0221_0: ```dsl_fire result = exp(minimum(pct_change(close, 5)), 3.1)) ```
[1165] code_public_0450_1: </think>      ```dsl_fire      ```dsl_fire result = sub(high, 20)   ```
[1166] code_public_0004_1: ```dsl_fire      ```dsl_fire result = minimum(pct_change(close, 20)) ```
[1167] code_public_0087_1: </think>      ```dsl_fire      ```dsl_fire result = sub(div(volume, market_cap, market_cap)), ```
[1168] code_public_0150_0: ```dsl_fire result = div(vwap, 60)  ```
[1169] code_public_0023_0: ```dsl_cap),  ```
[1170] code_public_0774_1: </think>      ```dsl_fire   result = minimum(pct_change(vwap, 20)  ```
[1171] code_public_0487_1: ```dsl_fire      ```dsl_fire result = sub(pct_change(pb, 1), 0.1p(pb, 60)) ```
[1172] code_public_0575_0: ```dsl_fire   result = ts_fire  ```dsl_fire ```
[1173] code_public_0907_0: ```dsl_fire result = = = = = = = = = = = = = = = = = = = = = = = = = = = = = = = = ts_std(pct_change(high, 90)) ```
[1174] code_public_0088_0: ```dsl_fire result = open)  ```
[1175] code_public_0602_1: ```dsl_fire result = shiftiftiftiftift(close, 3)) ```
[1176] code_public_0369_0: ```dsl_fire   result = sub(pct_change(close, 5)) ```
[1177] code_public_0854_1: ```dsl_fire result = exp(minimum(div(sub(low, 2)), xs_mean(low)), pct_std(close, 2))), 0.0) ```
[1178] code_public_0556_1: </think>      result = sub sub(log(recip(pb)), div(sub(log(market_cap), xs_mean(log(market_cap))), xs_mean(log(market_ca
[1179] code_public_0958_0: </think>     ```dsl_fire    ```dsl_fire   ```
[1180] code_public_0470_0: ```dsl_fire result = sub(vwap, 3)  ```
[1181] code_public_0613_0: ```dsl_fire result = openiftiftift(close, 1), shift(close, 1high, 1) ```
[1182] code_public_0648_1: ```dsl_fire      ```dsl_fire result = shiftiftiftiftiftiftiftiftiftiftiftiftiftiftiftiftiftiftiftiftiftiftiftiftiftiftif
[1183] code_public_0495_1: </think>         </think>  ```dsl_fire    ```dsl_fire   ```
[1184] code_public_0171_0: ```dsl_fire      result = exp(minimum(pct_change(high, 3 0.1))) ```
[1185] code_public_0984_1: ```dsl_fire      ```dsl_fire result = = = = = = = = = = = = = = = = = = = = = = = exp(high, 3) ```
[1186] code_public_0514_1: ```dsl_fire result = sub(pb, 45)  ```
[1187] code_public_0580_0: ```dsl_fire      ```
[1188] code_public_0295_1: ```dsl_fire result = where(logical_and(gt(reclose, ts_mean(close, 20))), neg(log(market_cap, ts_mean(log(market_cap)), 0
[1189] code_public_0208_0: </think>         </think>  ```dsl_fire       ```dsl_fire   ```
[1190] code_public_0714_1: ```dsl_fire result = ts_fire result = ts_corr(pct_change(close, 90)) ```
[1191] code_public_0140_1: ```dsl_fire    ```dsl_fire  result = minimum(pct_change(vwap, 3)) ```
[1192] code_public_0424_0: </think>      result = where(gt(recip(pb), xs_mean(recip(pb))), 0.0)  ```
[1193] code_public_0470_1: ```dsl_fire result = sub(high, 3), ```
[1194] code_public_0476_1: ```dsl_fire      ```dsl_fire result = div(sub(reclose, industry)) ```
[1195] code_public_0945_0: ```dsl_fire result = where(low, 1), gt(close, ts_mean(close, 20)) ```
[1196] code_public_0030_1: ```dsl_fire      ```dsl_fire result = shiftiftiftiftiftiftiftiftiftiftiftiftiftiftiftiftiftiftiftiftiftiftiftiftiftiftif
[1197] code_public_0599_1: ```dsl_fire result = div(sub(close, ts_min(low, 20)), sub(ts_max(high, 20), ts_min(low, 20))) ```
[1198] code_public_0907_1: ```dsl_fire result = = = = = = = = = = = = = = = = = = = ts_maxmaxminmin(vwap, 90))  ```
[1199] code_public_0516_1: ```dsl_fire result = exp(minimum(pct_change(close, 20)), ts_std(pct_change(close, 20))) ```
[1200] code_public_0110_1: ```dsl_fire result = div(vwap, 5))  ```
[1201] code_public_0484_1: </think>     ```dsl_fire      ```dsl_fire result = log10(add(1.1)) ```
[1202] code_public_0577_1: ```dsl_fire result = = shiftiftiftift(close, 5)) ```
[1203] code_public_0395_0: ```dsl_fire      ```dsl_fire ```dsl_fire   ```
[1204] code_public_0700_0: ```dsl_fire result = ts_std(pct_change(close, 1), 0.0) ```
[1205] code_public_0095_0: ```dsl_fire      ```dsl_fire result = ts_maxmaxminminminminminmin(pct_change(close, 1)), 45) ```
[1206] code_public_0713_1: ```dsl_fire result = minimum(marketet_cap, 15) ```
[1207] code_public_0141_1: ```dsl_fire      ```dsl_fire result = = = = = ts_f(pct_change(close, 3)) ```
[1208] code_public_0006_0: ```dsl_fire   result = open)     ```
[1209] code_public_0416_1: ```dsl_fire result = minimum(pct_change(high, 5), 0.0) ```
[1210] code_public_0973_1: ```dsl_fire result = sub(close, 3)  ```
[1211] code_public_0807_1: ```dsl_fire result = log10(add(1.1.1.1.1)) ```
[1212] code_public_0352_1: ```dsl_fire result = minimum(pct_change(open, 3), 0.0) ```
[1213] code_public_0604_0: ```dsl_fire   result = where(1.0) ```
[1214] code_public_0728_1: ```dsl_fire result = log10(add(1.1.1.1))  ```
[1215] code_public_0388_1: </think>   </think>     ```dsl_fire      ```dsl_fire result = ts_corr(pct_change(volume, 20))  ```
[1216] code_public_0455_1: result = subfire result = sub(div(volume, market_cap), xs_sum(absolute(log1p(absolute(volume, 20))))) ```
[1217] code_public_0642_1: </think>   </think>     </think>     ```dsl_fire result = where(gt(recip(pb), xs_mean(recip(pb))), neg(log(market_cap)))
[1218] code_public_0046_0: ```dsl_fire      ```dsl_fire result = minimum(sub(high, xs_mean(high)), 0.0) ```
[1219] code_public_0507_1: ```dsl_fire result = sub(pct_change(pb, 10)) ```
[1220] code_public_0671_1: ```dsl_fire      ```dsl_fire result = open open open open)  ```
[1221] code_public_0951_0: ```dsl_fire result = sub(close, 2)  ```
[1222] code_public_0335_1: ```dsl_fire result = = shiftiftift(close, 5)) ```
[1223] code_public_0870_1: ```dsl_fire result = sub(pct_change(close, 5)) ```
[1224] code_public_0326_1: ```dsl_fire      result = shift(high, 20))  ```
[1225] code_public_0822_0: ```dsl_fire   ```dsl_fire result = minimum(div(reclose, xs_mean(recip(pb))), xs_mean(log(market_cap))), 0.0) ```
[1226] code_public_0879_1: ```dsl_fire      ```
[1227] code_public_0258_1: </think>     </think>   ```dsl_fire      ```dsl_fire result = minimum(absolute(pct_change(close, 20))), 0.0) ```
[1228] code_public_0497_1: ```dsl_fire result = sub(volume, 3) ```
[1229] code_public_0745_0: ```dsl_fire result = sub(vwap, xs_quantile(vwap, 0.2)) ```
[1230] code_public_0903_1: </think>      ```dsl_fire   result = ts_fire  ```
[1231] code_public_0738_0: ```dsl_fire      ```dsl_fire result = minimum(div(volume, 0.7)) ```
[1232] code_public_0665_1: </think>  ```dsl_fire result = = = open)   ```
[1233] code_public_0051_0: </think>     </think>     </think>   </think>     </think>     </think>            ```dsl_fire      ```
[1234] code_public_0104_1: </think>     ```dsl_fire result = minimum(log1p(ts_mean(volume, 20))) ```
[1235] code_public_0717_0: </think>  ```dsl_fire result = exp(minimum(log(market_cap))) ```
[1236] code_public_0778_1: ```dsl_fire result = sub(pb, 2) ```
[1237] code_public_0886_0: ```dsl_fire      ```dsl_fire result = minimum(open, xs_mean(open)), 0.0) ```
[1238] code_public_0478_1: ```dsl_fire      ```dsl_fire result = minimum(pct_change(close, 20), 0.0) ```
[1239] code_public_0105_0: </think>      ```dsl_fire      ```dsl_fire result = sub(reclose, ts_mean(log(market_cap)))  ```
[1240] code_public_0328_0: ```dsl_fire      ```dsl_fire result = power(absvolute(pct_change(pb, 3))) ```
[1241] code_public_0967_0: ```dsl_fire result = minimum(absolute(pct_change(volume, 20))) ```
[1242] code_public_0877_1: ```dsl_fire result = sub(pct_change(close, 20)) ```
[1243] code_public_0741_0: </think>     ```dsl_fire result =fire ```dsl_fire result = sub(div(absolute(pct_change(close, 20))), xs_sum(absolute(pct
[1244] code_public_0050_0: result = sub(pct_change(close, 20), 0.0) ```
[1245] code_public_0498_1: ```dsl_fire result = minimum(pct_change(vwap, 45)) ```
[1246] code_public_0089_1: ```dsl_fire      ```dsl_fire result = shiftiftiftiftift(close, 20)) ```
[1247] code_public_0893_1: ```dsl_fire   ```dsl_fire result = ts_f(pct_change(vwap, 15)) ```
[1248] code_public_0257_1: </think>     ```dsl_fire result = add(log1p(recip(pb), pct_change(close, 20))) ```
[1249] code_public_0213_0: ```dsl_fire result = open)  result = = = = open)                        result = ts_______________change(close, 5)) ```
[1250] code_public_0786_0: ```dsl_fire      ```dsl_fire result = group group group group group group group group group group group group group grou
[1251] code_public_0097_1: </think>      </think>     ```dsl_fire    ```dsl_fire  result = = = = = = = = = = = = = = = = = = = = = ts_std(pct_chang
[1252] code_public_0607_1: ```dsl_fire result = where(logical_and(lt(close, ts_mean(volume, 20))), neg(log1p(ts_mean(volume, 5))), xs_mean(volume, 
[1253] code_public_0113_0: result = sub(pct_change(close, 45), 0.0) ```
[1254] code_public_0528_1: ```dsl_fire result = sub(market_cap, 2) ```
[1255] code_public_0264_1: ```dsl_fire result = sub(pct_change(pb, 20)), pct_change(volume, 20)) ```
[1256] code_public_0991_0: </think>   </think>     ```dsl_fire      ```dsl_fire result = = = = = = = = = = = = = = = = ts_std(pct_change(vwap, 10))
[1257] code_public_0152_1: ```dsl_fire      ```
[1258] code_public_0998_1: ```dsl_fire result = exp(minimum(div(sub(open, xs_mean(open)), xs_std(open)), 1.0)) ```
[1259] code_public_0543_1: ```dsl_fire      ```dsl_fire result = shiftiftift(close, 20)  ```
[1260] code_public_0815_0: ```dsl_fire      ```dsl_fire result = shiftiftift(close, 20)  ```
[1261] code_public_0658_1: ```dsl_fire      ```dsl_fire result = minimum(low, xs_mean(lowlowlowlowlowlowlowlowlowlow, industry)) ```
[1262] code_public_0827_0: ```dsl_fire result = where(logical_mean(log(market_cap)), gt(div(volume, market_cap)), gt(div(volume, market_cap), xs_me
[1263] code_public_0385_1: </think>  ```dsl_fire result = exp(minimum(div(sub(reclose, xs_mean(recip(pb))), xs_std(recip(pb))), xs_mean(div(volume,
[1264] code_public_0235_1: ```dsl_fire result = sub(pct_change(close, 2)) ```
[1265] code_public_0325_0: ```dsl_fire      ```dsl_fire result = group group group group group group group group group group group group group grou
[1266] code_public_0878_0: ```dsl_fire   result = sub(pct_change(close, 2```
[1267] code_public_0760_0: ```dsl_fire result = where(logical_mean(lt(pct_change(close, 2), 0.0)), pct_change(close, 2) ```
[1268] code_public_0874_1: ```dsl_fire      ```dsl_fire result = = = = = = = = = = = = = = = = = = = = = = absolute(pct_change(vwap, 5)) ```
[1269] code_public_0705_0: ```dsl_fire      ```dsl_fire result = ts_mean(pct_change(close, 1)), 15)) ```
[1270] code_public_0699_0: ```dsl_fire result = sub(market_cap, xs_median(market_cap)) ```
[1271] code_public_0395_1: ```dsl_fire      ```dsl_fire result = shiftiftiftiftiftiftiftiftiftiftiftiftiftiftiftiftiftiftiftiftiftiftiftiftiftiftif
[1272] code_public_0413_0: </think>     </think>     </think>   ```dsl_fire   </think>  ```
[1273] code_public_0375_0: ```dsl_fire result = = = = = = = = = = = = = = = = = = = = = = = = ts_std(pct_change(volume, 20)) ```
[1274] code_public_0178_1: ```dsl_fire      ```dsl_fire result = minimum(div(vwap, xs_mean(vwap)), -1.0), 0.0) ```
[1275] code_public_0247_0: ```dsl_fire      ```dsl_fire result = shiftiftiftiftiftiftiftiftiftiftiftift(vwap, 5)) ```
[1276] code_public_0725_1: ```dsl_fire      ```dsl_fire result = minimum(pct_change(close, 20)) ```
[1277] code_public_0763_0: ```dsl_fire      ```dsl_fire result = minimum(maximximximximximximximximximximximximximximximximximximximum(pct_change(m
[1278] code_public_0999_0: ```dsl_fire      ```dsl_fire ```
[1279] code_public_0525_0: ```dsl_fire   result = ts_fire  ```dsl_fire result = sub(pct_change(close, 45)) ```
[1280] code_public_0901_0: ```dsl_fire result = ts_fire result = ts_close, 20)  ```
[1281] code_public_0466_0: </think>  ```dsl_fire result = shiftiftift(close, 5) ```
[1282] code_public_0102_0: </think>     ```dsl_fire result = exp(gt(log(reclose, xs_mean(recip(pb))), xs_mean(log(market_cap)))), 0.0) ```
[1283] code_public_0210_0: </think>  ```dsl_fire   result = = = = = = = = = = = = = = = = = = = = = = = = = ts_std(open, 10)) ```
[1284] code_public_0726_0: ```dsl_fire      ```dsl_fire result = square(pct_change(close, 5)) ```
[1285] code_public_0125_0: ```dsl_fire      ```dsl_fire result = shiftiftiftiftiftiftiftiftiftiftiftiftiftiftiftiftiftiftiftiftiftiftiftiftiftiftif
[1286] code_public_0700_1: ```dsl_fire result = ts_std(pct_change(close, 1), 0.0) ```
[1287] code_public_0583_0: ```dsl_fire      ```dsl_fire result = = = shiftiftift(high, 20) ```
[1288] code_public_0066_0: ```dsl_fire      result = = exp(minimum(pct_change(low, 5), 0.1)) ```
[1289] code_public_0910_1: </think>      ```dsl_fire      ```dsl_fire result = shift(absolute(pct_change(volume, 15))) ```
[1290] code_public_0808_0: ```dsl_fire      ```dsl_fire result = minimum(volume, 5) ```
[1291] code_public_0777_0: ```dsl_fire result = minimum(pct_change(open, 10), 0.0) ```
[1292] code_public_0452_0: ```dsl_fire result = where(logical_and(gt(recip(pb), xs_mean(recip(pb))), gt(log(recip(pb)), xs_mean(recip(pb))), 0.0) `
[1293] code_public_0103_1: ```dsl_fire      ```dsl_fire result = minimum(div(sub(pb, industry)), -1.0), 1.0) ```
[1294] code_public_0589_0: ```dsl_fire   ```dsl_fire result = = = = = = = = = = = = = = = = = ts_maxmaxmin(vwap, 20)) ```
[1295] code_public_0619_1: ```dsl_fire      ```dsl_fire result = = = = = = = = = = = = = = = = = = = = = = = = = = = = ts_std(high, 45))  ```
[1296] code_public_0664_0: ```dsl_cap),  ```
[1297] code_public_0111_1: ```dsl_fire   result = ts_fire  ```dsl_fire result = sub(pct_change(close, 1), pct_change(close, 1)), 15)) ```
[1298] code_public_0701_1: ```dsl_fire result = minimum(marketet_cap, 7), shiftift(market_cap, 5)) ```
[1299] code_public_0349_1: ```dsl_fire      ```
[1300] code_public_0924_0: ```dsl_fire   result = open open)    ```
[1301] code_public_0601_0: ```dsl_fire      result = = = = = = = = = = = = ts_std(pct_change(close, 20)) ```
[1302] code_public_0731_0: ```dsl_fire result = minimum(pct_change(open, 2), 0.0) ```
[1303] code_public_0689_1: ```dsl_fire      result = open open open) ```
[1304] code_public_0775_0: ```dsl_fire   result = minimum(pct_change(vwap, 3)), 0.0) ```
[1305] code_public_0766_0: ```dsl_fire result = sub(opopopen, xs_median(open, vwap))  ```
[1306] code_public_0054_0: ```dsl_fire result = sub(low, xs_median(volume, xs_mean(volume)), 0.0)) ```
[1307] code_public_0921_0: ```dsl_fire      ```dsl_fire result = = = = = = = = = = = = = = = = = = = ts_stddd(pct_change(close, 45), 0.0)  ```
[1308] code_public_0368_0: ```dsl_fire result = = = = = = = = = = = = = = = = = = = = = = = = = = = = = = = = = = = = = = = = = = sign(volume, 60) 
[1309] code_public_0929_1: ```dsl_fire result = shiftiftiftift(close, 20) ```
[1310] code_public_0408_0: ```dsl_fire result = where(div(absolume, ts_mean(volume, 5)), pct_change(close, 5)) ```
[1311] code_public_0540_0: </think>      ```dsl_fire      ```dsl_fire result = shiftiftift(close, 20)  ```
[1312] code_public_0625_1: </think>   </think>     ```dsl_fire      ```dsl_fire result = minimum(div(sub(reclose, xs_mean(recip(pb))), xs_std(reclo
[1313] code_public_0583_1: ```dsl_fire result = div(low, group_mean(low, industry))  ```
[1314] code_public_0387_0: ```dsl_fire   result = minimum(pct_change(vwap, 3)), 0.0) ```
[1315] code_public_0523_0: ```dsl_fire      ```dsl_fire result = = = = = = = = = = = = = = = = = = = = ts_std(pct_change(volume, 20)), 0.0) ```
[1316] code_public_0885_0: ```dsl_fire   result = shift(close, 5))  ```
[1317] code_public_0364_1: </think>   </think>     </think>     ```dsl_fire </think>  ```dsl_fire   ```
[1318] code_public_0223_0: ```dsl_fire      ```dsl_fire result = shiftiftiftiftiftiftiftiftiftiftiftiftiftiftiftiftiftiftiftiftiftiftiftiftiftiftif
[1319] code_public_0880_0: ```dsl_fire      ```dsl_fire result = minimum(pct_change(close, 10)) ```
[1320] code_public_0976_1: ```dsl_fire result = sub(vwap, group_mean(high, industry))  ```
[1321] code_public_0322_0: ```dsl_fire      ```dsl_fire result = shiftiftiftiftiftiftiftiftiftiftiftiftiftiftiftiftiftiftiftiftiftiftiftiftiftiftif
[1322] code_public_0989_1: </think>     ```dsl_fire result = = = = open open)    ```
[1323] code_public_0502_1: ```dsl_fire result = sub(close, xs_mean(close)) ```
[1324] code_public_0083_0: result = minimum(div(absolute(log(market_cap)))), 0.0)   ```
[1325] code_public_0170_1: ```dsl_fire result = add(log(recip(pb)), div(sub(log(market_cap), xs_mean(log(market_cap))), xs_std(log(market_cap)))) `
[1326] code_public_0927_1: ```dsl_fire result = shiftiftiftift(close, 5)) ```
[1327] code_public_0391_0: ```dsl_fire result = sub(vwap, xs_mean(vwap)) ```
[1328] code_public_0259_0: </think>     ```dsl_fire    ```dsl_fire   ```
[1329] code_public_0988_0: ```dsl_fire   result = minimum(log(market_cap)) ```
[1330] code_public_0599_0: ```dsl_fire      ```dsl_fire result = div(sub(close, ts_mean(high, 20)), sub(pct_change(close, 20))) ```
[1331] code_public_0637_1: ```dsl_fire      ```dsl_fire result = sub(market_cap, industry)) ```
[1332] code_public_0656_1: ```dsl_fire result = ts_std(pct_change(close, 1), 0.0) ```
[1333] code_public_0914_1: ```dsl_fire result = where(logical_and(lt(close, ts_mean(volume, 20))), neg(log1p(volume, 5)), 0.0) ```
[1334] code_public_0780_1: ```dsl_fire   result = log10(add(1.1.1.1)) ```
[1335] code_public_0201_0: ```dsl_fire result = where(logical_and(logical_mean(1.0)), pct_change(close, 2)), 0.0) ```
[1336] code_public_0342_1: </think>   </think>     ```dsl_fire      ```dsl_fire result = where(gt(log1pct_change(close, 20), xs_mean(pct_change(clo
[1337] code_public_0760_1: ```dsl_fire result = neg(mul(div(ts_mean(volume, 2), ts_mean(volume, 7)), pct_change(close, 3))) ```
[1338] code_public_0611_1: ```dsl_fire      ```dsl_fire result = shiftiftiftiftiftiftiftiftiftiftiftiftiftiftiftiftiftiftiftiftiftiftiftiftiftiftif
[1339] code_public_0079_1: </think>     </think>     </think>   </think>     </think>     ```dsl_fire ```
[1340] code_public_0382_0: ```dsl_fire result = open open open open)    ```
[1341] code_public_0296_1: ```dsl_fire      ```
[1342] code_public_0958_1: </think>  ```dsl_fire   ```dsl_fire result = open)  ```
[1343] code_public_0969_0: ```dsl_fire      result = exp(minimum(pct_change(high, 10)), 0.1))  ```
[1344] code_public_0176_1: ```dsl_fire      ```dsl_fire result = ts_cccorr(pct_change(close, 20)) ```
[1345] code_public_0154_1: ```dsl_fire      ```dsl_fire result = ts_corr(pct_change(open, 2)) ```
[1346] code_public_0732_0: ```dsl_fire result = exp(minimum(div(sub(volume, xs_mean(volume, 20)), xs_mean(volume, 20)), 0.0)) ```
[1347] code_public_0113_1: </think>      ```dsl_fire   result = ts_fire  ```
[1348] code_public_0789_0: ```dsl_fire      ```dsl_fire result = minimum(reclose, xs_mean(close)) ```
[1349] code_public_0954_1: ```dsl_fire      ```dsl_fire result = minimum(sub(vvvvvvvvvvvvvvvvvvvvvvvvvvvvvvvolume), -1p(volume, market_cap), -1p(vo
[1350] code_public_0805_0: ```dsl_fire result = = = = = = = = = = = = = = = = = = = = = = = = = = = = = = = = = = = = = = = = = = sign(volume, 20) 
[1351] code_public_0270_0: ```dsl_fire   result = = = = = = = = = = = = = = = = = = = = = = = = = ts_std(open, 3)) ```
[1352] code_public_0923_1: ```dsl_fire      ```dsl_fire result = shift(volute(pct_change(close, 2))) ```
[1353] code_public_0902_1: ```dsl_fire      ```dsl_fire result = = = = = = = = = = = = = = = = = = = = = = absolute(pct_change(vwap, 5))) ```
[1354] code_public_0369_1: ```dsl_fire result = sub(pct_change(close, 5)) ```
[1355] code_public_0517_1: ```dsl_fire      ```dsl_fire result = ts_ccclose, 1),  ```
[1356] code_public_0781_0: ```dsl_fire      ```dsl_fire result = = = = = = = = = minimum(close, 45) ```
[1357] code_public_0661_0: result = sub sub(div(absub(log(marketet_cap), xs_mean(log(market_cap))), xs_mean(log(market_cap)))) ```
[1358] code_public_0898_0: ```dsl_fire result = sub(market_cap, xs_median(market_cap, vwap, 20)) ```
[1359] code_public_0825_1: ```dsl_fire      result = ts_fire   ```
[1360] code_public_0906_0: ```dsl_fire      ```dsl_fire result = minimum(market_cap, market_cap, market_cap), ```
[1361] code_public_0339_0: ```dsl_fire      ```dsl_fire result = minimum(div(market_cap, xs_mean(market_cap, 0.0cap, 0.0), -1.0), ```
[1362] code_public_0519_0: ```dsl_fire      ```
[1363] code_public_0615_1: ```dsl_fire result = sub(pct_change(volume, 20), 0.0) ```
[1364] code_public_0290_0: ```dsl_fire      ```dsl_fire result = where(gt(reclose, ts_mean(volume, 20)), 0.00), div(sub(pct_change(close, 20))) ```
[1365] code_public_0293_1: ```dsl_fire      ```
[1366] code_public_0944_1: ```dsl_fire result = shiftift(pct_change(pb, 1), 5)) ```
[1367] code_public_0058_1: ```dsl_fire result = sub(marketetfire ```
[1368] code_public_0992_0: ```dsl_fire result = minimum(volume, ts_mean(volume, 20)) ```
[1369] code_public_0731_1: ```dsl_fire result = minimum(pct_change(open, 2), 0.0) ```
[1370] code_public_0534_1: ```dsl_fire result = add(div(sub(reclose, ts_mean(pct_change(close, 20))), 0.0), pct_change(close, 10)) ```
[1371] code_public_0706_1: ```dsl_fire result = minimum(pct_change(high, 3), 0.0) ```
[1372] code_public_0697_0: ```dsl_fire      ```dsl_fire result = = = = = = = = = = = = = = = = = = = = = = absolute(pct_change(close, 5)) ```
[1373] code_public_0122_0: ```dsl_fire      ```
[1374] code_public_0527_0: ```dsl_fire      ```dsl_fire ```
[1375] code_public_0078_1: ```dsl_fire result = div(sub(close, ts_min(low, 20)), sub(ts_max(high, 20), ts_min(low, 20))) ```
[1376] code_public_0040_0: </think>  </think>  </think>         ```dsl_fire   </think>  ```dsl_fire result = minimum(div(div(div(reclose, market_cl
[1377] code_public_0865_1: ```dsl_fire      ```dsl_fire result = div(sub(market_cap), xs_mean(log(market_cap))), xs_mean(volume, 20)) ```
[1378] code_public_0833_0: ```dsl_fire      ```dsl_fire result = power(absvwap, 45)  ```
[1379] code_public_0287_0: ```dsl_fire result = = = = = = = = = = = = = = = = = = = = = = = = = = = ts_std(pct_change(close, 1), 0.0) ```
[1380] code_public_0567_0: ```dsl_fire result = = = = = = = = = = = = = = = = = = = = = = = = = = = = = = = = = = = = = = = = = = = = = = = = = = =
[1381] code_public_0698_0: ```dsl_fire   result = open)     ```
[1382] code_public_0160_1: ```dsl_fire      ```dsl_fire result = where(gt(reclose, ts_mean(low, 20)), 0.0) ```
[1383] code_public_0067_1: ```dsl_fire result = minimum(reclose, 5) ```
[1384] code_public_0364_0: </think>   </think>     </think>     ```dsl_fire </think>  ```dsl_fire   ```dsl_fire result = minimum(log1p(log1p(ts_mea
[1385] code_public_0193_0: ```dsl_cap), pct_change(volute(pct_change(close, 20)), log(volume, 20) ```
[1386] code_public_0829_0: ```dsl_fire      ```dsl_fire result = minimum(div(vvolume, market_cap), xs_mean(div(volume, market_cap))), xs_std(volume
[1387] code_public_0379_1: </think>      ```dsl_fire   ```dsl_fire ```
[1388] code_public_0955_1: </think>         </think>  ```dsl_fire    ```dsl_fire   ```
[1389] code_public_0943_0: ```dsl_fire      ```dsl_fire result = shiftiftiftiftiftiftiftiftiftiftiftiftiftiftiftiftiftiftiftiftiftiftiftiftiftiftif
[1390] code_public_0750_1: ```dsl_fire result = minimum(pct_change(high, 2), 0.0) ```
[1391] code_public_0708_1: result = where(logical_and(log1.0)), pct_change(close, 21.0) ```
[1392] code_public_0909_0: </think>      result = minimum(pct_change(close, 20), 0.0) ```
[1393] code_public_0556_0: </think>         ```dsl_fire result = sub(log(log(market_cap), xs_mean(log(market_cap))), div(sub(log(market_cap), xs_me
[1394] code_public_0180_0: ```dsl_fire result = minimum(pct_change(vwap, 20), 0.0) ```
[1395] code_public_0815_1: ```dsl_fire      result = xs_corr(pct_change(close, 10)) ```
[1396] code_public_0319_1: ```dsl_fire    ```dsl_fire  result = minimum(pct_change(close, 3)), 0.0) ```
[1397] code_public_0109_0: </think>  ```dsl_fire result = where(close, 2), pct_change(close, 2), 0.0) ```
[1398] code_public_0346_1: ```dsl_fire result = minimum(high, 3(high, 3) ```
[1399] code_public_0873_0: ```dsl_fire      ```dsl_fire result = minimum(svwap, 0.0) ```
[1400] code_public_0043_1: ```dsl_fire      ```dsl_fire result = ts_cclose, 45)  ```
[1401] code_public_0253_0: ```dsl_fire   result = absububububububububububububububububububububububububububububububububububububububububububububububub
[1402] code_public_0856_0: ```dsl_fire      ```dsl_fire result = = = = = = = = = = = sign sign(close, 45))  ```
[1403] code_public_0053_1: ```dsl_fire      ```dsl_fire result = = = = = = = = = = = = = = = = = = = = = = = absolute(pct_change(vwap, 10)) ```
[1404] code_public_0790_1: </think>     ```dsl_fire      ```dsl_fire result = xs_corr(pct_change(close, 20))  ```
[1405] code_public_0348_1: ```dsl_fire result = div(sub(close, 45),), ```
[1406] code_public_0757_1: ```dsl_fire      ```dsl_fire result = absub(pct_change(reclose, vwap), xs_mean(pct_change(close, 20))) ```
[1407] code_public_0576_1: ```dsl_fire      ```dsl_fire result = ts_ccclose, pct_change(close, 1), 0.0) ```
[1408] code_public_0271_1: ```dsl_fire result = sub(market_cap, xs_quantile(marketet_cap, 0.2)) ```
[1409] code_public_0946_1: ```dsl_fire   result = ts_fire  ```dsl_fire result = sub(pct_change(close, 1),```
[1410] code_public_0153_1: ```dsl_fire result = shiftiftiftiftift(volume, 10) ```
[1411] code_public_0997_0: ```dsl_fire result = sub(close, 1 1 1), shift(close, 1close, 1) ```
[1412] code_public_0527_1: ```dsl_fire      ```
[1413] code_public_0312_0: ```dsl_fire      result = = = = = = = = = = = = = = = ts_std(pct_change(close, 20))) ```
[1414] code_public_0565_0: ```dsl_fire      ```dsl_fire result = = = = = = = = = = exp(pct_change(high, 3 0.1)) ```
[1415] code_public_0488_1: ```dsl_fire result = sub(vwap, 5))  ```
[1416] code_public_0773_1: ```dsl_fire   result = ts_cclose, 5) ```
[1417] code_public_0696_0: </think>   </think>     </think>     ```dsl_fire result = where(gt(reclose, ts_mean(reclose, 20)), xs_mean(log(market_ca
[1418] code_public_0285_1: ```dsl_fire      ```dsl_fire result = shift(pct_change(close, 2)) ```
[1419] code_public_0554_0: ```dsl_fire      ```dsl_fire result = = = = = = = = = = = minimum(market_cap,(market_cap, 20)), ```
[1420] code_public_0588_0: ```dsl_fire result = sub(volume, 35) ```
[1421] code_public_0167_0: ```dsl_fire      ```dsl_fire ```
[1422] code_public_0646_1: ```dsl_fire result = ts_ccclose, market_close, market_close, market_close, market_close, 155)  ```
[1423] code_public_0919_1: ```dsl_fire result = minimum(opopen, 5)  ```
[1424] code_public_0135_0: ```dsl_fire result = where(logical_mean(ne(volume, ts_mean(volume, 5)), -1.0) ```
[1425] code_public_0339_1: ```dsl_fire      ```dsl_fire result = minimum(maximximximximximximximximximximximximximximximximximximximximximximximxim
[1426] code_public_0035_0: ```dsl_fire result = exp(minimum(pct_change(pb, 15), 0.1))  ```
[1427] code_public_0274_1: ```dsl_fire      ```dsl_fire result = = shift(volume, 20)) ```
[1428] code_public_0542_1: ```dsl_fire      ```dsl_fire result = shiftiftiftiftift(close, 20)) ```
[1429] code_public_0224_1: ```dsl_fire result = add(div(recip(pb)), pct_change(close, 20)) ```
[1430] code_public_0916_1: ```dsl_fire result = exp(minimum(pct_change(pb, 5), 0.1))  ```
[1431] code_public_0555_1: ```dsl_fire result = where(logical_and(gt(pct_change(close, 2), 0.0)), ne((close, ts_mean(close, 5))), 0.0) ```
[1432] code_public_0268_0: result = minimum(reclose, ts_mean(log(market_cap))) ```
[1433] code_public_0390_1: ```dsl_fire result = sub(close, xs_quantile(close, 0.2)) ```
[1434] code_public_0440_0: ```dsl_fire      ```dsl_fire result = = = = = = = = = = = = = = = = = = = = = = absolute(pct_change(close, 2))) ```
[1435] code_public_0740_1: ```dsl_fire result = = shiftiftiftift(close, 15)) ```
[1436] code_public_0181_1: ```dsl_fire      ```dsl_fire result = = = = = = = = = = = = = = = = = = = = = = = = = = = = = ts_std(high, 3))  ```
[1437] code_public_0892_1: ```dsl_fire      ```dsl_fire result = minimum(pct_change(pb, 20)) ```
[1438] code_public_0151_1: ```dsl_fire      ```
[1439] code_public_0962_1: ```dsl_fire result = minimum(maximximximximximximximximximximximximximximximximximximximximximximximximximximximximximxi
[1440] code_public_0176_0: ```dsl_fire      ```dsl_fire result = open open)) ```
[1441] code_public_0858_1: ```dsl_fire result = shiftiftiftift(volume, 5)) ```
[1442] code_public_0352_0: ```dsl_fire result = minimum(pct_change(open, 3), 0.0) ```
[1443] code_public_0722_1: ```dsl_fire      ```dsl_fire result = ts_corr(pct_change(close, 1)), ```
[1444] code_public_0480_0: ```dsl_fire   result = minimum(pct_change(close, 20)), pct_change(close, 20))  ```
[1445] code_public_0381_1: </think>     ```dsl_fire    </think>  ```dsl_fire   result = = = = = = = = = = = = = =```
[1446] code_public_0031_0: ```dsl_fire result = exp(minimum(div(sub(low, 45), xs_mean(open)), 4.0)) ```
[1447] code_public_0874_0: ```dsl_fire      ```dsl_fire result = = shiftiftiftift(pct_change(vwap, 5)) ```
[1448] code_public_0935_0: ```dsl_fire result = ts_std(pct_change(pb, 1), 20) ```
[1449] code_public_0590_1: ```dsl_fire result = log10(add(1.1.1)) ```
[1450] code_public_0883_0: </think>     ```dsl_fire result = open open open open)     ```
[1451] code_public_0781_1: ```dsl_fire      ```dsl_fire result = = = = = = = = = = = = = = = = = sign(close, 45)) ```
[1452] code_public_0855_1: ```dsl_fire result = log10(add(1.1.1.1.1)) ```
[1453] code_public_0872_0: ```dsl_fire      ```
[1454] code_public_0246_1: </think>   </think>     ```dsl_fire      ```
[1455] code_public_0507_0: ```dsl_fire result = minimum(div(sub(pb, vwap, 20)), -1p(ts_std(pct_change(pb))), xs_mean(pb, 20)))) ```
[1456] code_public_0510_1: ```dsl_fire      ```dsl_fire result = = = = = = = = = = = = = = = = = = = = = = = = = = = =```
[1457] code_public_0614_0: ```dsl_fire      ```dsl_fire result = = = = = = = = = = = = = = ts_std(pct_change(market_cap, 20)) ```
[1458] code_public_0348_0: ```dsl_fire result = div(vwap, 45) ```
[1459] code_public_0682_0: ```dsl_fire   result = minimum(div(market_cap, 5)), pct_change(close, 5))  ```
[1460] code_public_0706_0: ```dsl_fire result = minimum(pct_change(vwap, 2), 0.0) ```
[1461] code_public_0789_1: ```dsl_fire result = where(gt(close, xs_median(close))), div(sub(close, xs_mean(close)), xs_std(close)), 0.0) ```
[1462] code_public_0092_0: ```dsl_fire result = minimum(reclose, 3) ```
[1463] code_public_0972_0: ```dsl_fire      ```dsl_fire result = shift(volume, 1), pct_change(volume, 20)) ```
[1464] code_public_0402_1: </think>  ```dsl_cvvvvvvvvvvvvvvvvvvvvvvvvvvvvvvvvvvvvolume, market_cap), pct_change(close, 5))   ```
[1465] code_public_0647_1: ```dsl_fire   result = log10(add(1.1.1.1)) ```
[1466] code_public_0420_0: ```dsl_fire      ```dsl_fire ```
[1467] code_public_0379_0: ```dsl_fire result = minimum(pct_change(volume, 15)), 0.0)  ```
[1468] code_public_0273_1: ```dsl_fire      result = open open open) ```
[1469] code_public_0166_1: </think>     ```dsl_fire result = where(l_mean(close, 5))  ```
[1470] code_public_0192_1: ```dsl_fire      ```dsl_fire result = open open open open open) ```
[1471] code_public_0407_1: </think>      ```dsl_fire      ```dsl_fire result = sub(log(market_cap, market_cap, market_cap, vwap) ```
[1472] code_public_0032_1: ```dsl_fire result = where(logical_and(gt(volume, ts_mean(volume, 5)), gt(pct_change(close, 5), 0.0)), 0.0) ```
[1473] code_public_0340_0: ```dsl_fire      ```dsl_fire result = = = = = = = = = = = = = = exp(pct_change(market_cap, 0.1)) ```
[1474] code_public_0942_1: ```dsl_fire      ```
[1475] code_public_0476_0: ```dsl_fire      ```dsl_fire result = open open open open open) ```
[1476] code_public_0459_1: ```dsl_fire result = = = sub(pct_change(vwap, 20)) ```
[1477] code_public_0421_0: ```dsl_fire result = exp(minimum(div(sub(market_cap, 3), xs_mean(market_cap)), -1.0)) ```
[1478] code_public_0921_1: ```dsl_fire      ```dsl_fire result = = = = = = = = = = = = = = = = = = = = = = = = = = = = ts_std(close, 45)) ```
[1479] code_public_0107_0: result =fire  result =fire  ```dsl_fire result =fire ```dsl_fire result = minimum(absolute(div(volume, market_cap))) ```
[1480] code_public_0426_1: ```dsl_fire      ```dsl_fire result = div(volume, ts_mean(volume, 5)) ```
[1481] code_public_0317_1: ```dsl_cap),  ```
[1482] code_public_0265_1: ```dsl_fire result = ts_std(pct_change(close, 1), 0.0) ```
[1483] code_public_0230_0: ```dsl_fire      ```dsl_fire ```
[1484] code_public_0409_1: ```dsl_fire result = sub(volume, xs_quantile(volume, 0.2)) ```
[1485] code_public_0592_0: </think>   </think>     </think>     ```dsl_fire    ```dsl_fire   ```
[1486] code_public_0013_1: </think>         </think>  ```dsl_fire      ```dsl_fire result = minimum(reclose, ts_min(low, 20)), sub(log(market_cap))
[1487] code_public_0510_0: ```dsl_fire      ```dsl_fire result = = = = = = = = = = = = = = = = = = = = = = absolute(pct_change(close, 10)) ```
[1488] code_public_0323_1: ```dsl_fire      ```dsl_fire result = open open open open open) ```
[1489] code_public_0578_0: ```dsl_fire      result = = = = = = = = = = = = = = = = ts_std(pct_change(close, 1), 0.0) ```
[1490] code_public_0694_1: ```dsl_fire result = shiftiftiftiftift(market_cap, 10) ```
[1491] code_public_0757_0: ```dsl_fire      ```dsl_fire result = absub(pct_change(reclose, vwap), 0.0) ```
[1492] code_public_0405_1: ```dsl_fire result = where(logical_and(gt(log1.0))), gt(log1p(ts_mean(volume, 10))), pct_change(close, 90)) ```
[1493] code_public_0385_0: </think>  ```dsl_fire result = exp(minimum(div(sub(reclose, xs_mean(reclose)), xs_std(log(market_cap))), xs_mean(div(vol
[1494] code_public_0471_1: </think>      ```dsl_fire      ```dsl_fire result = minimum(volume, 3 0.0) ```
[1495] code_public_0428_1: </think>     ```dsl_fire result = open open open open)     ```
[1496] code_public_0785_0: ```dsl_fire result = = = = = = = = = = = = = = = = = = = = = = = = = = = = = = = = = = = ts_std(pct_change(close, 2)) ``
[1497] code_public_0411_1: ```dsl_fire      ```dsl_fire result = = = = = = = = = = = = = = = = = = ts_maxmaxminminmin(close, 5)) ```
[1498] code_public_0557_1: </think>   </think>     </think>     </think>     </think>   ```dsl_fire   ```dsl_fire    ```
[1499] code_public_0463_0: ```dsl_fire result = minimum(pct_change(close, 5)) ```
[1500] code_public_0217_1: ```dsl_fire result = minimum(pct_change(vwap, 3)), 0.0) ```
[1501] code_public_0676_1: </think>     </think>   </think>     ```dsl_fire result = add(reclose, ts_mean(reclose, 20))  ```
[1502] code_public_0308_1: </think>   </think>     ```dsl_fire      result = where(high, xs_mean(high)), neg(high, 0.0)  ```
[1503] code_public_0245_0: result = sub(pct_change(close, 2), 0.0) ```
[1504] code_public_0427_0: ```dsl_fire      ```dsl_fire result = shiftiftiftiftift(open, 20)) ```
[1505] code_public_0360_0: ```dsl_fire result = where(logical_mean(lt(close, 2)), -1.0) ```
[1506] code_public_0124_0: ```dsl_fire      ```dsl_fire result = shiftiftiftift(volume, 1) ```
[1507] code_public_0913_1: ```dsl_fire result = minimum(maximximximximximximximximximximximximximximximximximximximximximximximximximximximximximxi
[1508] code_public_0791_0: ```dsl_fire   result = = = ts_fire ```dsl_fire   ```
[1509] code_public_0494_1: ```dsl_fire      ```dsl_fire result = shiftiftiftiftiftiftiftiftiftiftiftiftiftiftiftiftiftiftiftiftiftiftiftiftiftiftif
[1510] code_public_0852_0: ```dsl_fire result = sub(vwap, xs_quantile(vwap, 0.2)) ```
[1511] code_public_0282_1: ```dsl_fire      ```dsl_fire result = minimum(low, xs_mean(low, 20)) ```
[1512] code_public_0664_1: ```dsl_cap),  ```
[1513] code_public_0841_1: ```dsl_fire    ```dsl_fire  result = div(volume, market_cap), xs_mean(log(market_cap)) ```
[1514] code_public_0778_0: ```dsl_fire result = sub(pct_change(pb, 2), 0.7)) ```
[1515] code_public_0916_0: ```dsl_fire result = exp(minimum(pct_change(pb, 5), 0.1))  ```
[1516] code_public_0865_0: ```dsl_fire      ```dsl_fire result = div(sub(market_cap), xs_mean(log(market_cap))), xs_mean(volume, 20)) ```
[1517] code_public_0668_0: ```dsl_fire      ```
[1518] code_public_0627_0: ```dsl_fire result = absolute(pct_change(pb, 20)) ```
[1519] code_public_0624_0: ```dsl_fire   result = log10(add(1.1.1.1)) ```
[1520] code_public_0610_0: ```dsl_fire result = exp(minimum(div(sub(vwap, 2))), xs_mean(vwap)), 0.0)) ```
[1521] code_public_0357_0: ```dsl_fire      ```dsl_fire result = shiftiftiftiftiftiftiftiftiftiftiftiftiftiftiftiftiftiftiftiftiftiftiftiftiftiftif
[1522] code_public_0299_1: ```dsl_fire      ```dsl_fire result = shiftiftiftiftiftiftiftiftiftiftiftiftiftiftiftiftiftiftiftiftiftiftiftiftiftiftif
[1523] code_public_0845_0: ```dsl_fire result = where(logical_and(gt(log1p(ts_mean(volume, 20)), xs_mean(log1p(ts_mean(volume, 10))))), pct_change(
[1524] code_public_0020_0: </think>  ```dsl_fire result = = = = = = = = = = = = = = = = = = = = = = = = = = = = = ts_std(vwap, 30)) ```
[1525] code_public_0984_0: ```dsl_fire      result = = = = = = = = = = = = = = = = = exp(high, 3 0.1.1.1.0) ```
[1526] code_public_0191_0: ```dsl_fire result = ts_ccclose, 5)  ```
[1527] code_public_0721_0: ```dsl_fire      ```dsl_fire result = = = = = = = = = = = = = = = = = = = ts_std(open, 20)) ```
[1528] code_public_0228_1: ```dsl_fire      ```dsl_fire result = = = = = = = = = = = = = = = = = exp(pct_change(open, 0.1)) ```
[1529] code_public_0426_0: ```dsl_fire      ```dsl_fire result = shift(marketet_cap, 2)) ```
[1530] code_public_0645_1: ```dsl_fire      ```
[1531] code_public_0305_0: ```dsl_fire result = sub(market_cap, xs_quantile(market_cap, 0.2))  ```
[1532] code_public_0534_0: ```dsl_fire result = add(div(sub(reclose, ts_mean(pct_change(close, 10))), 0.0), pct_change(close, 45)) ```
[1533] code_public_0162_1: </think>   </think>     </think>     </think>     </think>   ```dsl_fire   ```
[1534] code_public_0497_0: ```dsl_fire result = sub(volume, 35) ```
[1535] code_public_0239_0: ```dsl_fire      ```dsl_fire result = minimum(pct_change(vwap, 20)) ```
[1536] code_public_0652_0: ```dsl_fire result = sub(volume, 35) ```
[1537] code_public_0730_1: ```dsl_fire result = log10(add(1.1.1.1))  ```
[1538] code_public_0617_1: ```dsl_fire      ```dsl_fire result = where(gt(reclose, ts_mean(pct_change(close, 20))), 0.0), pct_change(volume, 20)) `
[1539] code_public_0559_0: </think>     </think>     ```dsl_fire result = = = = = = = = = = = = = = = = = = = = = = = = absolute(pct_change(close, 
[1540] code_public_0561_0: ```dsl_fire      ```dsl_fire ```
[1541] code_public_0746_1: ```dsl_fire result = open open) result = open open open open)     ```
[1542] code_public_0157_1: ```dsl_fire result = where(logical_and(lt(close, ts_mean(volume, 5)), gt(volume, 5)), 0.0) ```
[1543] code_public_0743_1: ```dsl_fire result = where(lt(pct_change(close, 1), 0.0) ```
[1544] code_public_0678_1: ```dsl_fire result = log10(add(1.1.1.1.1)) ```
[1545] code_public_0811_1: </think>      result = add(div(sub(close, vwap), xs_mean(div(volume, market_cap))), xs_mean(div(volume, market_cap)))), 
[1546] code_public_0242_0: ```dsl_fire result = where(logical_mean(lt(volume, 2)), pct_change(close, 3), 0.0) ```
[1547] code_public_0638_1: ```dsl_fire      ```dsl_fire result = = = = = = = = = = = = = = = = = = = = = = = = = = = =```
[1548] code_public_0243_1: ```dsl_fire      ```dsl_fire result = = = = = = = = = = = = = = = = = sign(close, 10)) ```
[1549] code_public_0178_0: ```dsl_fire      ```dsl_fire result = minimum(sub(vwap, xs_mean(vwap, xs_mean(vwap, 20)))) ```
[1550] code_public_0289_1: ```dsl_fire result = where(logical_and(gt(recip(pb)), xs_mean(recip(pb))), 0.0) ```
[1551] code_public_0228_0: ```dsl_fire      ```dsl_fire result = = = = = = = = = = = = = = exp(pct_change(high, 0.1)) ```
[1552] code_public_0597_0: ```dsl_fire      ```dsl_fire result = = = = = = = = = = = = = = = = = = = = = = = = = = = = = = = =```
[1553] code_public_0743_0: </think>   </think>     ```dsl_fire      ```dsl_fire result = minimum(pct_change(close, 20), 0.0) ```
[1554] code_public_0747_1: ```dsl_fire result = = = = = = = = = = = = = = = = = = = = = = = = = = = = = = = = = = = = = = = = = = = ts_std(vwap, 20
[1555] code_public_0569_1: ```dsl_fire      ```
[1556] code_public_0607_0: ```dsl_fire result = where(logical_mean(lt(close, 2), xs_mean(volume, 2)), 0.0) ```
[1557] code_public_0251_1: </think>     </think>     </think>   ```dsl_fire   </think>  ```dsl_fire result = minimum(reclose, ts_meanan(market_cap)
[1558] code_public_0933_1: </think>      ```dsl_fire   result = minimum(pct_change(volume, 5)), 5) ```
[1559] code_public_0659_1: ```dsl_fire      ```dsl_fire result = ts_corr(pct_change(close, 20)), pct_change(volume, 20)) ```
[1560] code_public_0702_1: ```dsl_fire      ```dsl_fire result = sub(pct_change(open, 5), 0.1)) ```
[1561] code_public_0966_1: ```dsl_fire result = sub(pct_change(close, 2)) ```
[1562] code_public_0376_1: ```dsl_fire      ```
[1563] code_public_0546_0: ```dsl_fire      ```dsl_fire result = shiftiftiftiftiftiftiftiftiftiftiftiftiftiftiftiftiftiftiftiftiftiftiftiftiftiftif
[1564] code_public_0518_1: ```dsl_fire result = log10(add(1.1.1.1.1)) ```
[1565] code_public_0545_1: </think>   </think>     ```dsl_fire result = where(gt(div(gt(log(market_cap), xs_mean(log(market_cap))), xs_mean(log(mar
[1566] code_public_0487_0: ```dsl_fire      ```dsl_fire result = sub(pct_change(pb, 5)) ```
[1567] code_public_0489_1: ```dsl_fire      ```dsl_fire result = shiftiftiftiftiftiftiftiftiftiftiftiftiftiftiftiftiftiftiftiftiftiftiftiftiftiftif
[1568] code_public_0595_0: ```dsl_fire      ```dsl_fire result = shiftiftiftift(volume, 5)) ```
[1569] code_public_0585_1: ```dsl_fire   ```dsl_fire result = where(gt(close, xs_mean(close)), 0.0) ```
[1570] code_public_0448_1: ```dsl_fire      ```dsl_fire result = = = = = = = = = = = = = = = absolute(pct_change(market_cap, 10)) ```
[1571] code_public_0939_1: ```dsl_fire      result = sub(div(volume, market_cap), xs_sum(absolute(log(market_cap)))) ```
[1572] code_public_0814_1: ```dsl_fire result = minimum(reclose, ts_mean(vwap, 5)), 0.0) ```
[1573] code_public_0920_0: </think>         result = absolute(pct_change(div(volume, market_cap), 20)) ```
[1574] code_public_0543_0: </think>         </think>  ```dsl_fire       ```dsl_fire   ```
[1575] code_public_0978_0: </think>     ```dsl_fire    ```dsl_fire  result = minimum(div(sub(close, xs_mean(close)), xs_std(close, 20))), 0.0) ```
[1576] code_public_0911_0: ```dsl_fire   result = minimum(log(market_cap)) ```
[1577] code_public_0018_0: ```dsl_fire      ```dsl_fire result = = = = = = = = = = = = = = = = = = = = = = = absolute(pct_change(vwap, 20)) ```
[1578] code_public_0370_1: ```dsl_fire      ```dsl_fire result = div(sub(market_cap, industry)) ```
[1579] code_public_0777_1: ```dsl_fire result = minimum(pct_change(open, 10)) ```
[1580] code_public_0226_0: ```dsl_fire   result = log10(add(market_cap, absolute(pct_change(market_cap, 2)))) ```
[1581] code_public_0502_0: ```dsl_fire result = sub(close, xs_mean(close, 10)), 0.5)   ```
[1582] code_public_0976_0: ```dsl_fire result = sub(vwap, group_mean(vwap, industry)) ```
[1583] code_public_0496_0: ```dsl_fire result = exp(minimum(pct_change(high, 20)), 0.1)) ```
[1584] code_public_0796_1: ```dsl_fire      ```dsl_fire result = minimum(low, 3 0.2)  ```
[1585] code_public_0475_0: </think>  ```dsl_fire   result = = = = = = = = = = = = = = = = = = = = = = = = = ts_std(open, 5)) ```
[1586] code_public_0095_1: ```dsl_fire      ```dsl_fire result = ts_ccclose, 45) ```
[1587] code_public_0060_0: </think>  ```dsl_fire   result = = = = = = = = = = = = = = = = = = = = = = = ts_std(open, 90)) ```
[1588] code_public_0052_1: </think>  ```dsl_fire result = minimum(div(sub(reclose, vwap), xs_mean(log(market_cap))), xs_std(log(market_cap)))) ```
[1589] code_public_0265_0: ```dsl_fire result = ts_std(pct_change(close, 1), 0.0) ```
[1590] code_public_0870_0: ```dsl_fire   result = sub(pct_change(close, 5)) ```
[1591] code_public_0027_0: ```dsl_fire      ```
[1592] code_public_0042_1: ```dsl_fire result = div(sub(close, ts_min(low, 20)), sub(ts_max(high, 20), ts_min(low, 20))) ```
[1593] code_public_0296_0: ```dsl_fire      ```dsl_fire ```
[1594] code_public_0512_0: </think>         </think>  ```dsl_fire    ```dsl_fire   ```
[1595] code_public_0236_0: </think>     ```dsl_fire    ```dsl_fire   ```
[1596] code_public_0612_1: ```dsl_fire result = sub(high, xs_median(high)) ```
[1597] code_public_0820_1: </think>         </think>  ```dsl_fire    ```dsl_fire   ```
[1598] code_public_0231_0: ```dsl_fire      ```dsl_fire result = = = = = = = = = = = = = = = exp(pct_change(volume, 3 0.1)) ```
[1599] code_public_0314_0: ```dsl_fire   ```dsl_fire ```
[1600] code_public_0298_1: ```dsl_fire result = absolute(div(sub(market_cap), xs_median(market_cap))), xs_std(volume, 20)) ```
[1601] code_public_0905_0: ```dsl_fire result = minimum(high, 60) ```
[1602] code_public_0041_0: ```dsl_fire      ```dsl_fire result = shiftiftiftiftiftiftiftiftiftiftiftiftiftiftiftiftiftiftiftiftiftiftiftiftiftiftif
[1603] code_public_0933_0: ```dsl_fire result = minimum(pct_change(volume, 5), 0.0) ```
[1604] code_public_0366_0: ```dsl_fire      ```dsl_fire result = = shiftiftiftiftiftiftiftiftiftiftiftiftiftiftiftiftiftiftiftiftiftiftiftiftiftift
[1605] code_public_0316_0: ```dsl_fire      ```dsl_fire result = shiftiftiftiftift(high, 20)) ```
[1606] code_public_0720_0: </think>  </think>  </think>            ```dsl_fire      ```dsl_fire result = = = =```
[1607] code_public_0853_0: ```dsl_fire      ```dsl_fire result = shiftiftiftiftiftiftiftiftiftiftiftiftiftiftiftiftiftiftiftiftiftiftiftiftiftiftif
[1608] code_public_0131_1: </think>      ```dsl_fire      ```dsl_fire result = shift(volume, 20)) ```
[1609] code_public_0600_1: ```dsl_fire      ```dsl_fire result = minimum(pct_change(open, 10)) ```
[1610] code_public_0735_1: ```dsl_fire      ```dsl_fire result = minimum(low, xs_mean(high)), 0.0) ```
[1611] code_public_0745_1: ```dsl_fire result = sub(vwap, xs_quantile(vwap, 0.8)) ```
[1612] code_public_0216_1: ```dsl_fire      ```dsl_fire result = minimum(sub(lowlowlow, xs_mean(low))), 0.0) ```
[1613] code_public_0186_1: ```dsl_fire      ```dsl_fire result = where(1.0) ```
[1614] code_public_0661_1: ```dsl_fire result = sub(div(volume, market_cap), xs_sum(absolute(log(market_cap)))) ```
[1615] code_public_0005_0: ```dsl_fire result = sub(market_cap, 3) ```
[1616] code_public_0791_1: </think>      ```dsl_fire   result = = = = = = = = = = ts_fire   ```
[1617] code_public_0021_1: </think>  ```dsl_fire result = ts_ccclose, 20) ```
[1618] code_public_0711_1: ```dsl_fire      ```
[1619] code_public_0938_1: </think>         ```dsl_fire   ```dsl_fire result = ts_corr(pct_change(close, 30)) ```
[1620] code_public_0232_1: </think>         ```dsl_fire   ```dsl_fire result = sub(div(sub(reclose, xs_mean(reclose)), xs_std(log(market_cap)))), d
[1621] code_public_0129_1: ```dsl_fire      ```dsl_fire result = minimum(pct_change(close, 20)) ```
[1622] code_public_0686_1: ```dsl_fire      ```dsl_fire result = = = = = = = = = = = = = = = = = = sign(close, 15)) ```
[1623] code_public_0779_0: ```dsl_fire result = = = = = = = = = = = = = = = = = = = = = = = = = = = = = = signsolute(pct_change(vwap, 10)), 0.0) ``
[1624] code_public_0188_1: ```dsl_fire      ```dsl_fire result = = = = = = = = = = = = = = = = = = sign(open, 7))  ```
[1625] code_public_0478_0: ```dsl_fire      ```dsl_fire result = minimum(div(volume, market_cap), 0.0) ```
[1626] code_public_0059_1: </think>     ```dsl_fire result = minimum(div(sub(market_cap), xs_mean(log(market_cap))), xs_mean(log(market_cap))))  ``
[1627] code_public_0150_1: ```dsl_fire result = div(vwap, 60)  ```
[1628] code_public_0561_1: ```dsl_fire      ```
[1629] code_public_0220_0: </think>     ```dsl_fire result = where(log1pppct_change(close, 20), xs_mean(pct_change(close, 20))), 0.0) ```
[1630] code_public_0739_0: ```dsl_fire      ```dsl_fire result = minimum(pct_change(close, 45)) ```
[1631] code_public_0197_1: ```dsl_fire result =fire ```dsl_fffire  ```
[1632] code_public_0842_0: ```dsl_fire result = ts_fire result = = = = = = = = = = = = = ts_std(pct_change(pb, 20))) ```
[1633] code_public_0710_0: ```dsl_fire result = sub(volume, xs_median(volume, ts_mean(volume, 20))) ```
[1634] code_public_0570_0: ```dsl_fire      ```dsl_fire result = minimum(low, xs_mean(high)), 0.0) ```
[1635] code_public_0541_0: ```dsl_fire result = open open open)     ```
[1636] code_public_0311_1: ```dsl_fire result = sub(pct_change(pb, 20)), pct_change(volume, 20)) ```
[1637] code_public_0061_0: ```dsl_fire result = sub(volume, 3) ```
[1638] code_public_0205_1: ```dsl_fire result = where(logical_and(gt(volume, ts_mean(volume, 2)), pct_change(close, 2)), 0.0) ```
[1639] code_public_0374_1: ```dsl_fire result = sub(pct_change(vwap, 2)) ```
[1640] code_public_0378_0: result = xs_prod(add(1.0, pct_change(volume, 20))) ```
[1641] code_public_0967_1: </think>   </think>     ```dsl_fire      ```dsl_fire result = ts_corr(pct_change(volume, 20))  ```
[1642] code_public_0703_1: </think>   </think>     ```dsl_fire      ```dsl_fire result = = = = = = = = = = = = = = = = = = = ts_std(pct_change(vwap
[1643] code_public_0656_0: ```dsl_fire result = ts_fire  ```
[1644] code_public_0631_0: ```dsl_fire result = sub(close, 2)  ```
[1645] code_public_0241_1: ```dsl_fire result = absolute(div(sub(close, vwap), vwap), xs_mean(absolute(close)))) ```
[1646] code_public_0832_1: </think>  ```dsl_fire   ```dsl_fire result = = = = = = = = = = = = = = = = = = = = = = = = ts_std(opopopen, 45)) ```
[1647] code_public_0140_0: ```dsl_fire      ```dsl_fire result = minimum(pct_change(vwap, 3 0.0)) ```
[1648] code_public_0816_0: ```dsl_fire result = exp(minimum(pct_change(high, 5)), 0.1)) ```
[1649] code_public_0878_1: ```dsl_fire result = sub(pct_change(close, 5)) ```
[1650] code_public_0630_1: ```dsl_fire      ```dsl_fire result = minimum(absolute(pct_change(volume, 20))), 0.0) ```
[1651] code_public_0207_1: ```dsl_fire result = = = = = = = = = = = = = = = = = = ts_fire ```
[1652] code_public_0772_0: </think>     </think>     ```dsl_fire result = where(gtt(reclose, ts_mean(reclose, 20)), xs_mean(pct_change(close, 20)))
[1653] code_public_0349_0: ```dsl_fire      ```
[1654] code_public_0016_0: ```dsl_fire result = sub(close, 60)  ```
[1655] code_public_0995_1: ```dsl_fire result = shiftiftift(close, 20) ```
[1656] code_public_0355_0: </think>         </think>  ```dsl_fire result = exp(minimum(pct_change(reclose, 20)), group_mean(pct_change(close, 20), 
[1657] code_public_0575_1: ```dsl_fire result = shiftift(pct_change(pb, 1), 15)) ```
[1658] code_public_0838_1: </think>     ```dsl_fire    ```dsl_fire   ```
[1659] code_public_0377_1: </think>   </think>     </think>     </think>     </think>      </think>     ```dsl_fire    ```
[1660] code_public_0524_1: ```dsl_fire      ```dsl_fire result = ts_cccorr(pct_change(close, 1), pct_change(close, 1), 15)) ```
[1661] code_public_0081_1: </think>  ```dsl_fire   ```
[1662] code_public_0897_0: result = sub(absolute(pct_change(close, 3))) ```
[1663] code_public_0670_0: ```dsl_fire      ```dsl_fire result = minimum(div(vwap, xs_meananan(close))), -1.0), 1.00)) ```
[1664] code_public_0026_1: ```dsl_fire      ```dsl_fire result = = = = = = = = = = = = = = min minimum(volume, 60) ```
[1665] code_public_0580_1: ```dsl_fire      ```
[1666] code_public_0934_1: ```dsl_fire      ```dsl_fire result = = = = = = = = = = = = = = = = = sign(open, 45))  ```
[1667] code_public_0318_1: </think>      </think>     ```dsl_fire    ```dsl_fire  result = = = = = = = = = = = = = = = = = = = = = = ts_std(pct_cha
[1668] code_public_0387_1: ```dsl_fire result = minimum(pct_change(vwap, 15)) ```
[1669] code_public_0499_0: ```dsl_fire      ```dsl_fire result = = shiftiftiftift(open, 20)) ```
[1670] code_public_0953_0: ```dsl_fire result = sub(pct_change(volume, 20), 0.0)  ```
[1671] code_public_0213_1: </think>   </think>     ```dsl_fire      ```dsl_fire result = ts_ccorr(pct_change(close, 5)), 45) ```
[1672] code_public_0254_0: ```dsl_fire      ```dsl_fire result = div(mmarket_cap, market_cap, 20) ```
[1673] code_public_0794_0: ```dsl_fire result = where(logical_and(log(market_cap)), gt(neg(log(market_cap)), gt(log(market_cap)), 0.0) ```
[1674] code_public_0126_1: ```dsl_fire      ```dsl_fire result = shiftiftiftiftiftiftiftiftiftiftiftiftiftiftiftiftiftiftiftiftiftiftiftiftiftiftif
[1675] code_public_0932_0: </think>     ```
[1676] code_public_0650_1: </think>      ```dsl_fire      ```dsl_fire result = shift(pct_change(volume, 2)) ```
[1677] code_public_0936_1: ```dsl_fire result = minimum(maximximximximximximximximximximximximximximximximximximximximximximximximximximximximximxi
[1678] code_public_0609_1: ```dsl_fire result = where(logical_and(lt(close, ts_mean(close, 20))), neg(pct_change(close, 2)), 0.0) ```
[1679] code_public_0177_1: ```dsl_fire result = minimum(maximximximximximximximximximximximximximximximximximximximximximximximximximximximximximxi
[1680] code_public_0603_1: ```dsl_fire      ```dsl_fire result = shiftiftiftiftift(volume, 20)) ```
[1681] code_public_0956_1: ```dsl_fire      ```dsl_fire result = = = = = = = = = = = = = = = = = = = = = = = = = ts_std(high, 20)) ```
[1682] code_public_0628_1: ```dsl_fire      ```dsl_fire result = shiftiftiftift(volume, 20)) ```
[1683] code_public_0763_1: ```dsl_fire      ```dsl_fire result = minimum(maximximximximximximximximximximximximximximximximum(pct_change(market_cap
[1684] code_public_0829_1: ```dsl_fire      ```dsl_fire result = = = = = = sub(pct_change(close, vwap), 0.0) ```
[1685] code_public_0756_0: ```dsl_fire result = = = = = = = = = = = = = = = = = = = = = = = = = = = = = = = = = = = sign(vwap, 5) ```
[1686] code_public_0687_1: ```dsl_fire result = minimum(pct_change(pb, 5), 0.0) ```
[1687] code_public_0980_1: </think>     </think>     ```dsl_fire    ```dsl_fire   ```
[1688] code_public_0691_0: ```dsl_fire result = exp(minimum(div(sub(vwap, 45), xs_mean(vwap)), 4.0)) ```
[1689] code_public_0676_0: </think>      ```dsl_fire      ```dsl_fire result = add), ```
[1690] code_public_0164_0: ```dsl_fire      ```dsl_fire result = = = = = = = = = = = = = = ts_std(pct_change(market_cap, 20)) ```
[1691] code_public_0970_1: ```dsl_fire result = sub(pct_change(close, 1), pct_change(close, 1) ```
[1692] code_public_0560_1: ```dsl_fire result = shift(pct_change(close, 5)) ```
[1693] code_public_0771_0: ```dsl_fire result = where(mul(div(ts_mean(volume, 5), ts_mean(volume, 5)), pct_change(close, 5)), 0.0) ```
[1694] code_public_0399_1: ```dsl_fire      ```
[1695] code_public_0289_0: ```dsl_fire result = where(logical_and(gt(recip(pct_change(close, 5), xs_mean(recip(pb))), 0.0)) ```
[1696] code_public_0417_0: ```dsl_fire result = where(logical_mean(lt(close, 2)), xs_mean(volume, 3)), 0.0) ```
[1697] code_public_0014_0: ```dsl_fire result = exp(minimum(div(sub(pct_change(pb, 2), 0.0))), pct_change(close, 2.0)) ```
[1698] code_public_0060_1: </think>  ```dsl_fire   result = open)      ```
[1699] code_public_0557_0: </think>   </think>     </think>     </think>     </think>   ```dsl_fire   ```dsl_fire    ```
[1700] code_public_0447_1: ```dsl_fire      ```dsl_fire result = ts_corr(pct_change(close, 90)) ```
[1701] code_public_0844_0: ```dsl_fire      ```dsl_fire result = = = = = = = = = = = = = = = exp(high, 0.1))  ```
[1702] code_public_0850_0: ```dsl_fire result = where(logical_and(gt(recip(pb), xs_mean(recip(pct_change(close, 20))), gt(recip(pb), xs_mean(recip(
[1703] code_public_0690_0: </think>     result = minimum(maximximximximximximximximximximximximximximximximximximximximximximximximximximximximximx
[1704] code_public_0078_0: ```dsl_fire      ```dsl_fire result = div(sub(pct_change(close, 20)), group_mean(pct_change(close, 20), ts_std(pct_chang
[1705] code_public_0764_0: ```dsl_fire result = open open open)   ```
[1706] code_public_0284_0: ```dsl_fire result = div(vwap, ts_mean(close, 20)) ```
[1707] code_public_0882_1: </think>  ```dsl_fire   result = open)      ```
[1708] code_public_0006_1: ```dsl_fire result = sub(pct_change(close, 1), pct_change(close, 1)), pct_change(close, 1), 0.0) ```
[1709] code_public_0744_1: ```dsl_fire      ```dsl_fire result = minimum(pct_change(close, 15)) ```
[1710] code_public_0549_0: </think>   </think>     ```dsl_fire      ```dsl_fire result = = = = = = = = = = = = = = = = ts_std(pct_change(vwap, 20))
[1711] code_public_0563_0: ```dsl_fire result = where(logical_mean(lt(close, 2), xs_mean(volume, 2)), 0.0) ```
[1712] code_public_0980_0: ```dsl_fire      ```dsl_fire result = minimum(reclose, ts_mean(market_cap, 20)), neg(div(market_cap, market_cap, vwap), 
[1713] code_public_0672_1: </think>   </think>     ```dsl_fire      result = ts_close, 5))  ```
[1714] code_public_0734_0: ```dsl_fire      ```
[1715] code_public_0508_0: ```dsl_fire      ```dsl_fire result = minimum(open, xs_mean(open)), div(open, xs_mean(open, industry)), 0.0) ```
[1716] code_public_0465_0: ```dsl_fire   result = open)     ```
[1717] code_public_0622_0: ```dsl_fire result = minimum(pct_change(open, 20), 0.0) ```
[1718] code_public_0019_1: </think>      ```dsl_fire   result = minimum(market_cap, 5) ```
[1719] code_public_0293_0: ```dsl_fire      ```dsl_fire ```
[1720] code_public_0944_0: ```dsl_fire result = ts_fire result = = = = = = = ts_mean(pct_change(pb, 5))) ```
[1721] code_public_0194_1: ```dsl_fire      ```
[1722] code_public_0392_0: ```dsl_fire      ```dsl_fire result = = = = power(absolute(pct_change(close, 20))) ```
[1723] code_public_0119_1: </think>     ```dsl_fire result = minimum(maximximximximximximximximximximximximximximximximximximximximximximximximximx
[1724] code_public_0509_1: ```dsl_fire      ```dsl_fire result = = = = = = = = = = = = = = = = = sign(open, 60) ```
[1725] code_public_0799_1: </think>  ```dsl_fire   result = open)      ```
[1726] code_public_0715_1: </think>     ```dsl_fire result = log10(add(1.1.1))  ```
[1727] code_public_0205_0: ```dsl_fire result = where(logical_mean(volume, 2), gt(volume, ts_mean(volume, 2)), pct_change(close, 2)) ```
[1728] code_public_0143_1: ```dsl_fire      ```dsl_fire result = minimum(pct_change(close, 10)) ```
[1729] code_public_0215_0: ```dsl_fire      ```dsl_fire result = power(absolute(pct_change(vwap, 20)), 0.25) ```
[1730] code_public_0098_1: ```dsl_fire result = sub(low, xs_median(low)) ```
[1731] code_public_0133_1: ```dsl_fire      ```dsl_fire result = shiftiftiftiftiftiftiftiftiftiftiftiftiftiftiftiftiftiftiftiftiftiftiftiftiftiftif
[1732] code_public_0960_0: ```dsl_fire      ```dsl_fire result = shift(close, 2(close, 2)) ```
[1733] code_public_0014_1: ```dsl_fire result = exp(minimum(div(sub(pb, xs_mean(pb)), xs_std(recip(pb))), -1.0)) ```
[1734] code_public_0354_0: ```dsl_fire   ```dsl_fire ```
[1735] code_public_0024_1: </think>   </think>     ```dsl_fire      ```dsl_fire result = = = = = = = = = = = = = = = = = = = ts_std(pct_change(vwap
[1736] code_public_0893_0: ```dsl_fire   result = ts_f(pct_change(vwap, 45), 45) ```
[1737] code_public_0384_0: </think>     ```dsl_fire    ```dsl_fire  result = minimum(div(sub(open, xs_mean(reclose)), xs_std(div(volume, market_cap
[1738] code_public_0568_1: </think>      ```dsl_fire   result = minimum(pct_change(volume, 2)), ```
[1739] code_public_0380_0: ```dsl_fire result = = open open)   ```
[1740] code_public_0301_1: ```dsl_fire   result = ts_fire  ```
[1741] code_public_0393_0: ```dsl_fire   result = = = = = = = = = = = = = = = = = = = = = = = = = = = =```
[1742] code_public_0493_0: ```dsl_fire result = open open open open open)   ```
[1743] code_public_0513_1: </think>     ```dsl_fire      ```dsl_fire result = xs_corr(log1p(volume, market_cap), 0.0)  ```
[1744] code_public_0682_1: ```dsl_fire      ```dsl_fire result = ts_corr(market_cap, 5)) ```
[1745] code_public_0394_1: ```dsl_fire      ```
[1746] code_public_0221_1: ```dsl_fire result = exp(minimum(pct_change(close, 2), 0.1)) ```
[1747] code_public_0073_1: </think>     ```dsl_fire result = where(l_mean(close, 20))  ```
[1748] code_public_0998_0: ```dsl_fire result = exp(minimum(div(sub(open, xs_mean(open)), xs_std(open)), 0.0)) ```
[1749] code_public_0174_1: ```dsl_fire   ```dsl_fire result = = = = = = = = = = = = = ts_maxminminmin(vwap, 45)) ```
[1750] code_public_0145_0: ```dsl_fire result = sub(pct_change(close, 3)) ```
[1751] code_public_0116_1: </think>         </think>  ```dsl_fire    ```dsl_fire   ```
[1752] code_public_0004_0: ```dsl_fire      ```dsl_fire result = minimum(pct_change(close, 20)) ```
[1753] code_public_0832_0: ```dsl_fire   result = = = open)   ```
[1754] code_public_0054_1: ```dsl_fire      ```
[1755] code_public_0988_1: ```dsl_fire   result = ts_fire  ```dsl_fire result = ts_corr(market_cap, 20)) ```
[1756] code_public_0151_0: ```dsl_fire      ```dsl_fire ```
[1757] code_public_0637_0: ```dsl_fire      result = sub(market_cap, group_mean(market_cap, industry))) ```
[1758] code_public_0949_1: ```dsl_fire      ```dsl_fire result = ts_ccclose, 1),  ```
[1759] code_public_0569_0: ```dsl_fire      ```dsl_fire result = = = power(absvwap, 45) ```
[1760] code_public_0577_0: ```dsl_fire result = = = = = = = = = = = = = = = = = = = = = = = = = = = = = = = = = = = = = = = = = = = = = = = = = = =
[1761] code_public_0490_0: </think>     ```dsl_fire result = = = = = = = = = = = = = = = = = minimum(div(volume, market_cap), 0.0) ```
[1762] code_public_0844_1: ```dsl_fire      ```dsl_fire result = = sub(pct_change(open, 10), 0.1))  ```
[1763] code_public_0835_0: ```dsl_fire result = where(logical_mean(1.0)), pct_change(close, 5), 0.0) ```
[1764] code_public_0686_0: ```dsl_fire      ```dsl_fire result = = = = = = = = = = = sign sign sign sign(open, 15))  ```
[1765] code_public_0287_1: ```dsl_fire result = = = = = = = = = = = = = = = ts_close, 45)  ```
[1766] code_public_0340_1: ```dsl_fire      ```dsl_fire result = sub(pct_change(market_cap, 0.1)) ```
[1767] code_public_0143_0: ```dsl_fire      ```dsl_fire result = minimum(pct_change(close, 10)) ```
[1768] code_public_0591_0: ```dsl_fire   </think>  ```dsl_fire result = minimum(div(recip(pb), xs_mean(recip(pb))), 0.0) ```
[1769] code_public_0841_0: ```dsl_fire   result = exp(marketfire ```
[1770] code_public_0688_1: ```dsl_fire      ```dsl_fire result = shiftiftiftiftiftiftiftiftiftiftiftiftiftiftiftiftiftiftiftiftiftiftiftiftiftiftif
[1771] code_public_0740_0: ```dsl_fire result = = = = = = = = = = = = = = = = = = = = = = = = = = = = = = = = = = = = = = = = = = = = = = = = = = =
[1772] code_public_0168_0: ```dsl_fire result = shiftiftiftiftift(vwap, 5))  ```
[1773] code_public_0020_1: </think>  ```dsl_fire result = open)  ```
[1774] code_public_0639_0: ```dsl_fire      ```dsl_fire result = shiftiftiftiftiftiftiftiftiftiftiftiftiftiftiftiftiftiftiftiftiftiftiftiftiftiftif
[1775] code_public_0311_0: ```dsl_fire result = sub(pct_change(pb, 20)), pct_change(pb, 20) ```
[1776] code_public_0769_1: ```dsl_fire      ```dsl_fire result = sub(pct_change(close, 1), 0.0) ```
[1777] code_public_0926_1: ```dsl_fire result = ts_fire result = ts_close, 20)  ```
[1778] code_public_0129_0: ```dsl_fire result = minimum(pct_change(close, 20)) ```
[1779] code_public_0400_1: ```dsl_fire result = where(logical_and(lt(close, ts_mean(close, 5)), pct_change(close, 5)), 0.0) ```
[1780] code_public_0086_1: ```dsl_fire      ```dsl_fire result = ts_ccclose, 20)  ```
[1781] code_public_0555_0: ```dsl_fire result = where(logical_mean(logical_mean(lt(close, 2)), -1.0)), pct_mean((close, 3)), 0.0) ```
[1782] code_public_0770_1: ```dsl_fire      ```dsl_fire result = shiftiftiftiftiftiftiftiftiftiftiftiftiftiftiftiftiftiftiftiftiftiftiftiftiftiftif
[1783] code_public_0180_1: </think>     ```dsl_fire result = minimum(pct_change(high, 20))  ```
[1784] code_public_0825_0: ```dsl_fire      ```dsl_fire result = = = = = = = = = = = = = ts_std(pct_change(market_cap, 15)) ```
[1785] code_public_0227_1: ```dsl_fire      ```
[1786] code_public_0358_1: ```dsl_fire   result = ts_fire  ```dsl_fire result = = = = ts_maxminminminminmin(close, 20)) ```
[1787] code_public_0419_0: ```dsl_fire      ```dsl_fire result = minimum(pct_change(close, 20)) ```
[1788] code_public_0223_1: ```dsl_fire      ```dsl_fire result = shiftiftiftiftiftiftiftiftiftiftiftiftiftiftiftiftiftiftiftiftiftiftiftiftiftiftif
[1789] code_public_0261_1: </think>     </think>     </think>   ```dsl_fire   </think>  ```dsl_fire result = where(gt(div(gt(log1p(log1p(market_cap
[1790] code_public_0161_1: </think>   </think>     ```dsl_fire      ```dsl_fire result = ts_ccorr(pct_change(close, 20)), ts_max(close, 20)) ```
[1791] code_public_0635_1: ```dsl_fire result = neg(mul(div(ts_mean(volume, 2), ts_mean(volume, 5)), pct_change(close, 2))) ```
[1792] code_public_0625_0: ```dsl_fire   </think>  ```dsl_fire result = minimum(div(sub(reclose, xs_mean(reclose)), xs_mean(volume, 20))), 0.0) ```
[1793] code_public_0779_1: ```dsl_fire result = shiftiftiftift(vwap, 20) ```
[1794] code_public_0212_1: ```dsl_fire result = sub(close, 45) ```
[1795] code_public_0443_1: ```dsl_fire      ```dsl_fire result = sub(pct_change(reclose, 20), pct_change(close, 20)) ```
[1796] code_public_0373_1: ```dsl_fire     ```dsl_fire result = sub(low, xs_median(lowlow, industry)), 0.5)  ```
[1797] code_public_0329_0: ```dsl_fire result = where(logical_change(close, 5), gt(recip(pb), 0.0) ```
[1798] code_public_0467_0: ```dsl_fire      ```dsl_fire result = minimum(pct_change(close, 15)) ```
[1799] code_public_0521_0: ```dsl_fire result = sub(close, 60)  ```
[1800] code_public_0868_1: ```dsl_fire      ```
[1801] code_public_0252_0: ```dsl_fire      ```dsl_fire result = minimum(pct_change(reclose, 20)), pct_change(close, 20)) ```
[1802] code_public_0084_1: ```dsl_fire      ```
[1803] code_public_0544_1: ```dsl_fire result = shiftiftiftift(close, 10)) ```
[1804] code_public_0690_1: </think>     ```dsl_fire result = minimum(absvvvvwap, 0.0)  ```
[1805] code_public_0479_1: ```dsl_fire      ```dsl_fire result = shiftiftift(close, 20)  ```
[1806] code_public_0732_1: ```dsl_fire result = exp(minimum(div(sub(volume, xs_mean(volume)), xs_std(volume, 20))), -1.0)) ```
[1807] code_public_0458_1: </think>      ```dsl_fire   result = minimum(pct_change(vwap, 2))  ```
[1808] code_public_0701_0: ```dsl_fire result = minimum(marketet_cap, 3) ```
[1809] code_public_0991_1: </think>   </think>     ```dsl_fire      ```dsl_fire result = = = = = = = = = = = = = = = = = = = ts_std(pct_change(vwap
[1810] code_public_0986_1: ```dsl_fire result = div(vwap, 15))  ```
[1811] code_public_0675_1: ```dsl_fire      result = shift(high, 5))  ```
[1812] code_public_0692_0: ```dsl_fire      ```dsl_fire result = = = power(absvwap, 5) ```
[1813] code_public_0677_0: ```dsl_fire      ```dsl_fire ```
[1814] code_public_0520_0: ```dsl_fire result = add(div(sub(reclose, ts_mean(reclose, 5)), xs_std(pct_change(close, 5)))), pct_change(close, 5) ```
[1815] code_public_0209_0: ```dsl_fire      ```dsl_fire result = open open open open)  ```
[1816] code_public_0093_0: ```dsl_fire      ```dsl_fire result = exp(1.1)) ```
[1817] code_public_0983_0: ```dsl_fire      ```dsl_fire result = = = = = = minimum(market_cap, 10)) ```
[1818] code_public_0849_0: ```dsl_fire result = shiftiftiftiftiftiftiftiftiftiftift(vwap, 10))  ```
[1819] code_public_0598_1: ```dsl_fire   </think>  ```dsl_fire result = minimum(div(sub(log(market_cap), xs_mean(volume, 20))), xs_std(volume, 20))
[1820] code_public_0515_1: </think>   </think>     ```dsl_fire      ```dsl_fire result = minimum(div(sub(reclose, xs_mean(recip(pb))), xs_mean(volu
[1821] code_public_0179_0: ```dsl_fire result = sub(close, 3)  ```
[1822] code_public_0653_0: ```dsl_fire      ```dsl_fire result = squareclose, 3))   ```
[1823] code_public_0539_0: ```dsl_fire   result = absolute(pct_change(low, 15)) ```
[1824] code_public_0212_0: ```dsl_fire result = sub(close, 45) ```
[1825] code_public_0503_1: ```dsl_fire result = minimum(pct_change(vwap, 10)), 0.0) ```
[1826] code_public_0800_0: ```dsl_fire result = = open open open)    ```
[1827] code_public_0206_0: ```dsl_fire result = minimum(reclose, 5) ```
[1828] code_public_0632_1: </think>      ```dsl_fire   result = div(volume, market_cap), pct_change(close, 20)) ```
[1829] code_public_0417_1: ```dsl_fire result = where(logical_and(lt(close, ts_mean(close, 20))), neg(log1p(volume, 5)), 0.0) ```
[1830] code_public_0003_0: ```dsl_fire   result = = = = = = = = = = = = = = = = = = = = = = = = = ts_std(open, 5)) ```
[1831] code_public_0665_0: </think>  ```dsl_fire result = = = = = = = = = = = = = = = = = = = = = = = = = = = = = = ts_std(vwap, 2)) ```
[1832] code_public_0764_1: ```dsl_fire result = shift(pct_change(close, 45)) ```
[1833] code_public_0860_0: ```dsl_fire result = minimum(reclose, ts_mean(low, 20)) ```
[1834] code_public_0065_0: ```dsl_fire      ```
[1835] code_public_0413_1: </think>     </think>   ```dsl_fire      ```dsl_fire result = minimum(maximximximximximximximximximximximximximximximxim
[1836] code_public_0809_1: </think>         </think>  ```dsl_fire    ```dsl_fire   ```
[1837] code_public_0226_1: ```dsl_fire result = log10(add(1.1.1.1))  ```
[1838] code_public_0957_1: ```dsl_fire result = ts_f(pct_change(open, 2)) ```
[1839] code_public_0429_1: ```dsl_fire      ```dsl_fire result = sub(pct_change(close, 5), pct_change(volume, 5)) ```
[1840] code_public_0660_1: ```dsl_fire   ```dsl_fire result = where(gt(low, xs_mean(low)), 0.0) ```
[1841] code_public_0324_1: ```dsl_fire result = sub(pct_change(close, 1), 45) ```
[1842] code_public_0533_0: ```dsl_fire   ```dsl_fire result = = = = = = = = = = = = = = = = = ts_maxmaxmin(vwap, 15)) ```
[1843] code_public_0505_0: ```dsl_fire      ```dsl_fire result = = = = = = = = = = = exp(pct_change(high, 3 0.1)) ```
[1844] code_public_0919_0: ```dsl_fire result = minimum(open, 5) ```
[1845] code_public_0821_1: ```dsl_fire result = ts_f(pct_change(close, 5)) ```
[1846] code_public_0896_1: </think>      ```dsl_fire      ```dsl_fire result = = = = = = = = = = = = = = = absolute(pct_change(volume, 20))) ```
[1847] code_public_0134_0: ```dsl_fire result = = = = = = = = = = = = = = = = = = = = = = = = = = = = = = = = = = = = sign(vwap, 60) ```
[1848] code_public_0422_0: </think>   </think>     </think>     </think>     ```dsl_fire </think>  ```dsl_fire   ```
[1849] code_public_0611_0: ```dsl_fire      ```dsl_fire result = shiftiftiftiftift(vwap, 2)) ```
[1850] code_public_0641_0: ```dsl_fire result = minimum(marketet_cap, market_cap, 7f(market_cap, 5), 0.0cap, 5) ```
[1851] code_public_0589_1: ```dsl_fire   ```dsl_fire result = = = = = = = = = = = = = = = = = = = = ts_maxminmin(vwap, 20)) ```
[1852] code_public_0941_1: ```dsl_fire      ```dsl_fire result = shiftiftiftiftift(volume, 20)) ```
[1853] code_public_0332_1: ```dsl_fire result = sub(pct_change(close, 3)) ```
[1854] code_public_0628_0: </think>      ```dsl_fire      ```dsl_fire result = shiftiftiftiftift(volume, 20)) ```
[1855] code_public_0074_0: ```dsl_fire result = where(logical_and(logical_mean((close, 2), -1.0)), ne(((((pct_change(close, 3)), -1.0)), pct_mean(c
[1856] code_public_0032_0: ```dsl_fire result = where(logical_mean(logical_mean(volume, 5), -1.0)), ne((pct_change(close, 5)), 0.0) ```
[1857] code_public_0161_0: ```dsl_fire result = open)  result = open)                        ```
[1858] code_public_0317_0: ```dsl_cap),  ```
[1859] code_public_0784_0: ```dsl_fire      ```dsl_fire result = shiftiftift(high, 10)) ```
[1860] code_public_0889_0: ```dsl_fire result = where(logical_mean(lt(close, 2), 0.0)), neg(pct_change(close, 3), 0.0) ```
[1861] code_public_0351_0: ```dsl_fire result = minimum(pct_change(vwap, 20)) ```
[1862] code_public_0327_0: </think>   </think>     ```dsl_fire result = add absolute(log(reclose, vwap))  ```
[1863] code_public_0189_0: </think>      </think>     ```dsl_fire    ```dsl_fire  result = minimum(reclose, ts_mean(reclose, 20)), neg(log(market_c
[1864] code_public_0458_0: ```dsl_fire   result = minimum(pct_change(vwap, 2)), 3.0) ```
[1865] code_public_0985_1: ```dsl_fire result = log10(add(1.1.1.1))  ```
[1866] code_public_0139_0: ```dsl_fire      ```dsl_fire result = = = = = = = = = = minimum(volume, 5)) ```
[1867] code_public_0783_0: ```dsl_fire result = sub(pct_change(pb, 20)) ```
[1868] code_public_0354_1: ```dsl_fire result = log10(add(1.1.1.1.1)) ```
[1869] code_public_0088_1: ```dsl_fire result = shiftiftiftift(volume, 45) ```
[1870] code_public_0895_0: ```dsl_fire result = = = = = = = = = = = = = = = = = = = = = = = = = = = = = = =
[1871] code_public_0824_1: ```dsl_fire result = sub(close, 3) ```
[1872] code_public_0711_0: ```dsl_fire      ```
[1873] code_public_0681_1: ```dsl_fire result = minimum(pct_change(pb, 15), 0.0) ```
[1874] code_public_0924_1: ```dsl_fire result = ts_fire result = ts_close, 5)  ```
[1875] code_public_0969_1: ```dsl_fire      ```dsl_fire result = sub(high, 3), pct_change(high, 3) ```
[1876] code_public_0063_1: ```dsl_fire result = exp(minimum(div(sub(vwap, xs_mean(vwap)), xs_std(vwap)), -1.0)) ```
[1877] code_public_0249_0: ```dsl_fire result = minimum(close, 3)  ```
[1878] code_public_0435_1: ```dsl_fire      ```dsl_fire result = = = = = = = = = = = = = = = = = = = = = = absolute(pct_change(close, 10)) ```
[1879] code_public_0508_1: ```dsl_fire      ```dsl_fire result = minimum(div(open, xs_mean(open, industry)), 0.0) ```
[1880] code_public_0698_1: ```dsl_fire      ```dsl_fire result = ts_corr(pct_change(open, 1)), ```
[1881] code_public_0722_0: ```dsl_fire   result = open)     ```
[1882] code_public_0915_0: ```dsl_fire      ```dsl_fire result = shift(pct_change(vwap, 20)) ```
[1883] code_public_0596_1: ```dsl_fire      ```dsl_fire result = shiftiftiftiftiftiftiftiftiftiftiftiftiftiftiftiftiftiftiftiftiftiftiftiftiftiftif
[1884] code_public_0453_1: ```dsl_fire      result = shift(low, 2)) ```
[1885] code_public_0357_1: ```dsl_fire      ```dsl_fire result = shiftiftiftiftiftiftiftiftiftiftiftiftiftiftiftiftiftiftiftiftiftiftiftiftiftiftif
[1886] code_public_0506_1: ```dsl_fire result = sub(pb, xs_quantile(pb, 0.8)) ```
[1887] code_public_0517_0: ```dsl_fire   result = = = ts_fire ```dsl_fire   ```
[1888] code_public_0211_0: ```dsl_fire result = sub(volume, xs_quantile(volume, 0.8)) ```
[1889] code_public_0562_0: ```dsl_fire result = = = ts_fire  ```dsl_fire result = = = ts_sum(pct_change(pb, 20))) ```
[1890] code_public_0571_1: ```dsl_fire      ```dsl_fire result = div(volume, market_cap, market_corr(market_cap, industry)) ```
[1891] code_public_0142_0: ```dsl_fire result = where(logical_and(gt(recip(pct_change(close, 20))), gt(div(sub(recip(pb), xs_mean(recip(pb))), xs_m
[1892] code_public_0925_1: ```dsl_fire result = sub(pct_change(close, 1), pct_change(close, 1)), 60) ```
[1893] code_public_0031_1: ```dsl_fire result = exp(minimum(div(sub(low, xs_mean(low)), xs_mean(low)), 4.0)) ```
[1894] code_public_0596_0: ```dsl_fire      ```dsl_fire result = shiftiftiftiftiftiftiftiftiftiftiftiftiftiftiftiftiftiftiftiftiftiftiftiftiftiftif
[1895] code_public_0336_0: result = minimum(((reclose, ts_mean(close, 20))) ```
[1896] code_public_0729_0: ```dsl_fire      ```
[1897] code_public_0920_1: </think>      ```dsl_fire      ```dsl_fire result = = shift(pct_change(volume, 10)) ```
[1898] code_public_0505_1: ```dsl_fire      ```dsl_fire result = = = = = = = = = = = = = = = = exp(high, 3)) ```
[1899] code_public_0866_0: ```dsl_fire result = exp(minimum(div(sub(volume, 2)), xs_mean(volume, 2))), 0.0)) ```
[1900] code_public_0461_1: ```dsl_fire      ```
[1901] code_public_0052_0: </think>  ```dsl_fire result = minimum(div(sub(reclose, vwap), xs_mean(log(market_cap))), xs_mean(div(volume, market_cap
[1902] code_public_0406_1: ```dsl_fire      ```dsl_ffire   ```
[1903] code_public_0040_1: </think>   </think>     </think>     </think>     </think>   ```dsl_fire   ```dsl_fire    ```
[1904] code_public_0876_1: ```dsl_fire      ```dsl_fire result = exp(minimum(high, xs_mean(high)), 0.1.0, 0.0close, 0.0)) ```
[1905] code_public_0302_1: </think>   </think>     ```dsl_fire      ```dsl_fire result = where(gttt(log(market_cap), xs_mean(log(market_cap))), xs_
[1906] code_public_0755_0: </think>     </think>     ```dsl_fire result = = = = = = = = = = = = = = = = = = = = = = minimum(pct_change(close, 1), 0
[1907] code_public_0945_1: ```dsl_fire result = where(low, 60) ```
[1908] code_public_0196_1: ```dsl_fire   result = = ts_fire ```dsl_fire result = ts_cclose, 120))  ```
[1909] code_public_0961_1: ```dsl_fire      ```dsl_fire result = shiftiftiftiftiftiftiftiftiftiftiftiftiftiftiftiftiftiftiftiftiftiftiftiftiftiftif
[1910] code_public_0530_1: </think>     ```dsl_fire      ```dsl_fire result = log10(add(1.1)) ```
[1911] code_public_0929_0: ```dsl_fire result = sub(close, 60)  ```
[1912] code_public_0875_0: ```dsl_fire   result = absolute(pct_change(low, 5)) ```
[1913] code_public_0710_1: ```dsl_fire result = sub(volume, xs_quantile(volume, 0.2)) ```
[1914] code_public_0217_0: ```dsl_fire   result = minimum(pct_change(vwap, 2)), 0.0) ```
[1915] code_public_0431_1: ```dsl_fire      ```
[1916] code_public_0046_1: ```dsl_fire      ```dsl_fire result = minimum(sub(high, xs_mean(high)), 0.0) ```
[1917] code_public_0768_0: ```dsl_fire result = shiftiftiftiftiftiftiftiftiftiftift(vwap, 15)) ```
[1918] code_public_0594_1: </think>     ```dsl_fire result = sub(marketetettt(market_cap, ts_cap, 20)), sub(market_cap, xs_cap)) ```
[1919] code_public_0145_1: </think>  ```dsl_fire   result = sub(pct_change(close, 3 0.0, 3))  ```
[1920] code_public_0474_1: </think>     ```dsl_fire    ```dsl_fire   result = ts_close, 5)) ```
[1921] code_public_0130_1: ```dsl_fire result = sub(div(volume, market_cap), xs_sum(volume, 20)) ```
[1922] code_public_0446_1: </think>      ```dsl_fire   result = = = = = = = = = = = = = = = = = = = = = = = = =```
[1923] code_public_0606_0: ```dsl_fire result = minimum(high, 3(high, 3), 0.0) ```
[1924] code_public_0571_0: ```dsl_fire      ```dsl_fire result = shift(market_cap, 20)) ```
[1925] code_public_0149_0: ```dsl_fire   ```dsl_fire result = minimum(div(volume, xs_mean(volume)), 0.0) ```
[1926] code_public_0436_1: </think>     </think>     </think>   </think>     ```dsl_fire       ```dsl_fire   result = minimum(pct_change(close, 20)
[1927] code_public_0337_0: ```dsl_fire      ```dsl_fire result = minimum(div(sub(log(market_cap), xs_mean(log(market_cap))), xs_mean(log(market_cap
[1928] code_public_0728_0: ```dsl_fire      ```dsl_fire result = square(add(1)) ```
[1929] code_public_0096_0: ```dsl_fire result = div(sub(close, 45),), ```
[1930] code_public_0294_0: ```dsl_fire      ```dsl_fire result = minimum(maximximximximximximximximximximximximximximximximximximximximximximximxim
[1931] code_public_0433_0: ```dsl_fire   result = absolute(pct_change(low, 3)), 0.1)) ```
[1932] code_public_0423_1: ```dsl_fire result = mul(div(ts_mean(volume, 7), ts_mean(volume, 15)), pct_change(close, 7)) ```
[1933] code_public_0039_1: ```dsl_fire result = sub(high, 2) ```
[1934] code_public_0963_0: ```dsl_fire result = sub(pb, xs_median(pb)) ```
[1935] code_public_0468_1: ```dsl_fire result = where(logical_and(gt(reclose, ts_mean(pct_change(close, 20))), -1.0)) ```
[1936] code_public_0096_1: ```dsl_fire result = div(sub(close, 45),), ```
[1937] code_public_0813_0: ```dsl_fire   result = minimum(div(volume, 5)), 0.0)   ```
[1938] code_public_0532_0: ```dsl_fire   result = open)     ```
[1939] code_public_0550_0: ```dsl_fire      ```dsl_fire result = minimum(div(market_cap, xs_mean(market_cap)), 0.0) ```
[1940] code_public_0062_1: ```dsl_fire      ```dsl_fire result = = = = = = = = = = = = = = = = = absolute(div(volume, market_cap), 0.0) ```
[1941] code_public_0009_0: ```dsl_fire      ```dsl_fire result = shiftiftiftiftiftiftiftiftiftiftiftiftiftiftiftiftiftiftiftiftiftiftiftiftiftiftif
[1942] code_public_0959_0: ```dsl_fire      ```dsl_fire result = shift(pct_change(volume, 20)) ```
[1943] code_public_0219_1: ```dsl_fire      ```dsl_fire result = = = = = = = = = = = = = = = = = = = = = = = = = = = = ts_std(hhigh, 9(high, 9(high
[1944] code_public_0793_1: ```dsl_fire result = shiftiftift(marketet_cap, 2)) ```
[1945] code_public_0315_1: ```dsl_fire      ```dsl_fire result = shiftiftiftiftift(close, 20)) ```
[1946] code_public_0173_0: result = minimum(maximximximximximximximximximximximximximximximximximximximximximximximximximximximximximximximximximxi
[1947] code_public_0536_1: ```dsl_fire      ```dsl_fire result = sub(pct_change(close, 2)) ```
[1948] code_public_0187_0: ```dsl_fire result = where(logical_and(gt(reclose, ts_mean(pct_change(close, 1), 0.0), gt(pct_change(close, 5)), 0.0) ``
[1949] code_public_0139_1: </think>      ```dsl_fire      ```dsl_fire result = = = = = = = = = = = = = = = = absolute(pct_change(volume, 20))) ```
[1950] code_public_0441_0: ```dsl_fire result = minimum(pct_change(pct_change(pb, 2)))  ```
[1951] code_public_0666_0: </think>     </think>     </think>   </think>     </think>     </think>            ```dsl_fire      ```
[1952] code_public_0159_1: ```dsl_fire      ```
[1953] code_public_0445_0: ```dsl_fire   result = log10(add(market_cap, absolute(pct_change(market_cap, 5)))) ```
[1954] code_public_0175_0: ```dsl_fire result = sub(pct_change(close, 5), 0.0) ```
[1955] code_public_0278_1: ```dsl_fire result = minimum(high, 5), 0.0)  ```
[1956] code_public_0535_0: </think>         </think>  ```dsl_fire    ```dsl_fire   ```
[1957] code_public_0810_1: </think>     </think>     ```dsl_fire result = where(gt(log1p(ts_mean(volume, 20)), group_mean(log1p(ts_mean(volume, 20)
[1958] code_public_0016_1: ```dsl_fire result = sub(close, 60)  ```
[1959] code_public_0067_0: ```dsl_fire result = minimum(reclose, 5) ```
[1960] code_public_0053_0: ```dsl_fire      ```dsl_fire result = = shiftiftiftift(pct_change(vwap, 5)) ```
[1961] code_public_0613_1: ```dsl_fire      ```dsl_fire result = open open open))   ```
[1962] code_public_0896_0: ```dsl_fire      ```dsl_fire result = = = = = = = = = = = minimum(volume, 10))  ```
[1963] code_public_0118_0: ```dsl_fire result = minimum(pct_change(open, 15)) ```
[1964] code_public_0174_0: ```dsl_fire   result = = = = ts_std(pct_change(vwap, 1), 0.0)  ```
[1965] code_public_0169_0: ```dsl_fire      ```dsl_fire ```
[1966] code_public_0814_0: ```dsl_fire result = minimum(reclose, ts_mean(low, 5), 0.0) ```
[1967] code_public_0612_0: ```dsl_fire result = sub(vwap, xs_median(vwap)) ```
[1968] code_public_0233_0: ```dsl_fire result = where(logical_mean(lt(close, ts_mean(volume, 5)), gt(volume, 5)), 0.0) ```
[1969] code_public_0382_1: ```dsl_fire      ```dsl_fire result = open open open open open) ```
[1970] code_public_0076_0: ```dsl_fire      ```dsl_fire result = div(mmmarket_cap, industry))  ```
[1971] code_public_0928_0: ```dsl_fire result = = = = = = = = = = = = = = = = = = = = = = = = ts_std(pct_change(volume, 1), 0.0) ```
[1972] code_public_0993_0: ```dsl_fire      ```dsl_fire result = power(absvolute(pct_change(pb, 10)), 0.5) ```
[1973] code_public_0244_0: ```dsl_fire   result = shiftiftiftiftiftiftiftiftift(mmarket_cap, 20))  ```
[1974] code_public_0974_0: </think>   </think>     </think>     ```dsl_fire result = minimum(div(sub(reclose, vwap), xs_mean(div(volume, 20))), -1p
[1975] code_public_0930_0: ```dsl_fire result = where(logical_and(gt(div(volume, market_cap), xs_mean(div(volume, market_cap))), gt(div(volume, mar
[1976] code_public_0069_0: ```dsl_fire      ```dsl_fire result = minimum(pct_change(vwap, 10)) ```
[1977] code_public_0059_0: </think>     ```dsl_fire result = minimum(div(sub(market_cap), xs_mean(log(market_cap))), xs_mean(log(market_cap))))  ``
[1978] code_public_0434_1: </think>   </think>     ```dsl_fire      ```dsl_fire result = = = = = = = = = = = = = = = = = ts_maxminminminminmin(vwap
[1979] code_public_0049_1: ```dsl_fire result = shiftiftiftift(close, 20)) ```
[1980] code_public_0796_0: ```dsl_fire      ```dsl_fire result = minimum(maximximximximximximximximximximximximximximximximximximximximximximximxim
[1981] code_public_0960_1: ```dsl_fire      ```dsl_fire result = sub(pct_change(close, 5)) ```
[1982] code_public_0689_0: ```dsl_fire      ```dsl_fire result = shift(pct_change(high, 20)) ```
[1983] code_public_0753_0: ```dsl_fire   result = minimum(pct_change(vwap, 2)), 3.0) ```
[1984] code_public_0615_0: ```dsl_fire result = minimum(div(volume, market_cap), 0.0) ```
[1985] code_public_0306_0: ```dsl_fire      ```dsl_fire result = = = = = = = = = = = = = = = = = = = ts_std(open, 5)) result = ts_std(pct_change(cl
[1986] code_public_0862_0: ```dsl_fire result = sub(low, shift(low, 2) ```
[1987] code_public_0065_1: ```dsl_fire      ```
[1988] code_public_0582_1: ```dsl_fire result = div(vwap, 5))  ```
[1989] code_public_0655_0: ```dsl_fire result = add(div(recip(pct_change(close, 2), xs_mean(pct_change(close, 2)))), neg(div(pct_change(close, 2), 
[1990] code_public_0734_1: ```dsl_fire      ```
[1991] code_public_0515_0: </think>   </think>     </think>     ```dsl_fire result = minimum(div(sub(reclose, xs_mean(reclose)), xs_mean(volume, 20
[1992] code_public_0460_0: ```dsl_fire      ```dsl_fire result = = = = = = = = = = = = = = = = = = = = = = absolute(pct_change(close, 20))) ```
[1993] code_public_0863_0: result = minimum(div(sub(volume, ts_mean(close, 20)), -1.0), -1.0) ```
[1994] code_public_0629_0: ```dsl_fire result = where(logical_and(gt(reclose, ts_mean(pct_change(close, 1)), -1.0), gt(div(sub(pct_change(close, 20
[1995] code_public_0436_0: </think>     </think>     </think>     </think>   ```dsl_fire   ```dsl_fire    ```
[1996] code_public_0948_0: ```dsl_fire      ```dsl_fire result = = power(absvwap, 3)  ```
[1997] code_public_0094_1: ```dsl_fire      ```dsl_fire result = ts_ccclose, 45) ```
[1998] code_public_0441_1: ```dsl_fire result = minimum(pct_change(pb, 2), 0.0) ```
[1999] code_public_0680_1: ```dsl_fire result = minimum(pct_change(vwap, 5), 0.0) ```
[2000] code_public_0208_1: </think>         </think>  ```dsl_fire    ```dsl_fire   ```
