case_id,family,idea,dsl,source,operators
op_case_0000,rare_xs_median,市净率 PB相对当日横截面中位数的偏离越高，相对水平越强。,"sub(pb, xs_median(pb))",rare_operator_booster,"sub,xs_median"
op_case_0001,rare_xs_median_abs,市净率 PB偏离横截面中位数的绝对幅度越大，异常程度越高。,"absolute(sub(pb, xs_median(pb)))",rare_operator_booster,"absolute,sub,xs_median"
op_case_0002,rare_xs_quantile,市净率 PB相对当日横截面 0.2 分位数的偏离越高，位置越高。,"sub(pb, xs_quantile(pb, 0.2))",rare_operator_booster,"sub,xs_quantile"
op_case_0003,rare_xs_quantile,市净率 PB相对当日横截面 0.5 分位数的偏离越高，位置越高。,"sub(pb, xs_quantile(pb, 0.5))",rare_operator_booster,"sub,xs_quantile"
op_case_0004,rare_xs_quantile,市净率 PB相对当日横截面 0.8 分位数的偏离越高，位置越高。,"sub(pb, xs_quantile(pb, 0.8))",rare_operator_booster,"sub,xs_quantile"
op_case_0005,value,PB 越低越便宜，使用 PB 的倒数表示价值暴露。,recip(pb),fundamental,recip
op_case_0006,value_log,对 PB 倒数取自然对数，压缩极端估值暴露。,log(recip(pb)),fundamental,"log,recip"
op_case_0007,value_sqrt,对 PB 倒数取平方根，降低极端低 PB 股票影响。,sqrt(recip(pb)),fundamental,"sqrt,recip"
op_case_0008,value_size,同时偏好低 PB 和小市值股票。,"add(recip(pb), neg(log(market_cap)))",fundamental,"add,recip,neg,log"
op_case_0009,value_momentum,同时偏好低 PB 和 20 日价格动量较强的股票。,"add(recip(pb), pct_change(close, 20))",fundamental,"add,recip,pct_change"
op_case_0010,quality_price,PB 倒数相对波动越高，估值暴露的稳定性越好。,"div(recip(pb), ts_std(pct_change(close, 1), 20))",fundamental,"div,recip,ts_std,pct_change"
op_case_0011,xs_mean_gap_pb,市净率 PB高于当日横截面均值越多，相对市场水平越高。,"sub(pb, xs_mean(pb))",cross_section,"sub,xs_mean"
op_case_0012,xs_std_score_pb,对市净率 PB做横截面标准化，衡量相对市场偏离。,"div(sub(pb, xs_mean(pb)), xs_std(pb))",cross_section,"div,sub,xs_std,xs_mean"
op_case_0013,xs_share_pb,个股市净率 PB占当日横截面总量比例越高，权重越大。,"div(pb, xs_sum(pb))",cross_section,"div,xs_sum"
op_case_0014,v21_group_mean_gap_extra_pb,市净率 PB高于行业均值越多，行业内相对水平越高。,"sub(pb, group_mean(pb, industry))",group_v21,"sub,group_mean"
op_case_0015,group_zscore_pb,在行业内对市净率 PB做标准化，得到行业中性暴露。,"div(sub(pb, group_mean(pb, industry)), group_std(pb, industry))",group,"div,sub,group_std,group_mean"
op_case_0016,group_relative_pb,市净率 PB相对行业均值的比例越高，行业内相对强度越高。,"div(pb, group_mean(pb, industry))",group,"div,group_mean"
op_case_0017,xs_corr_pb_market_cap,在同一交易日横截面上计算市净率 PB和总市值的相关性。,"xs_corr(pb, market_cap)",cross_section,xs_corr
op_case_0018,relative_share_pb_market_cap,市净率 PB占比高于总市值占比越多，相对关注度越异常。,"sub(div(pb, xs_sum(pb)), div(market_cap, xs_sum(market_cap)))",cross_section,"sub,div,div,xs_sum,xs_sum"
op_case_0019,v21_industry_value,在行业内对低 PB 价值暴露做标准化，得到行业中性估值信号。,"div(sub(recip(pb), group_mean(recip(pb), industry)), group_std(recip(pb), industry))",group_v21,"div,sub,group_std,recip,group_mean,recip,recip"
op_case_0020,v21_value_abs_value,衡量低 PB 价值暴露相对横截面的异常偏离幅度。,"absolute(div(sub(recip(pb), xs_mean(recip(pb))), xs_std(recip(pb))))",cross_section_v21,"absolute,div,sub,xs_std,recip,xs_mean,recip,recip"
op_case_0021,v21_industry_value_log,在行业内对低 PB 价值暴露的自然对数压缩做标准化，得到行业中性估值信号。,"div(sub(log(recip(pb)), group_mean(log(recip(pb)), industry)), group_std(log(recip(pb)), industry))",group_v21,"div,sub,group_std,log,group_mean,log,recip,log,recip,recip"
op_case_0022,v21_value_abs_value_log,衡量低 PB 价值暴露的自然对数压缩相对横截面的异常偏离幅度。,"absolute(div(sub(log(recip(pb)), xs_mean(log(recip(pb)))), xs_std(log(recip(pb)))))",cross_section_v21,"absolute,div,sub,xs_std,log,xs_mean,log,recip,log,recip,recip"
op_case_0023,v21_industry_value_sqrt,在行业内对低 PB 价值暴露的平方根压缩做标准化，得到行业中性估值信号。,"div(sub(sqrt(recip(pb)), group_mean(sqrt(recip(pb)), industry)), group_std(sqrt(recip(pb)), industry))",group_v21,"div,sub,group_std,sqrt,group_mean,sqrt,recip,sqrt,recip,recip"
op_case_0024,v21_value_abs_value_sqrt,衡量低 PB 价值暴露的平方根压缩相对横截面的异常偏离幅度。,"absolute(div(sub(sqrt(recip(pb)), xs_mean(sqrt(recip(pb)))), xs_std(sqrt(recip(pb)))))",cross_section_v21,"absolute,div,sub,xs_std,sqrt,xs_mean,sqrt,recip,sqrt,recip,recip"
op_case_0025,v21_value_rank_like,用PB 倒数的横截面标准化价值刻画估值便宜程度，得分越高表示相对越便宜。,"div(sub(recip(pb), xs_mean(recip(pb))), xs_std(recip(pb)))",fundamental_v21,"div,sub,xs_std,recip,xs_mean,recip,recip"
op_case_0026,v21_industry_value_rank_like,在行业内对PB 倒数的横截面标准化价值做标准化，得到行业中性估值信号。,"div(sub(div(sub(recip(pb), xs_mean(recip(pb))), xs_std(recip(pb))), group_mean(div(sub(recip(pb), xs_mean(recip(pb))), xs_std(recip(pb))), industry)), group_std(div(sub(recip(pb), xs_mean(recip(pb))), xs_std(recip(pb))), industry))",group_v21,"div,sub,group_std,div,group_mean,div,sub,xs_std,div,sub,xs_std,recip,xs_mean,recip,sub,xs_std,recip,xs_mean,recip,recip,recip,xs_mean,recip,recip,recip"
op_case_0027,v21_value_abs_value_rank_like,衡量PB 倒数的横截面标准化价值相对横截面的异常偏离幅度。,"absolute(div(sub(div(sub(recip(pb), xs_mean(recip(pb))), xs_std(recip(pb))), xs_mean(div(sub(recip(pb), xs_mean(recip(pb))), xs_std(recip(pb))))), xs_std(div(sub(recip(pb), xs_mean(recip(pb))), xs_std(recip(pb))))))",cross_section_v21,"absolute,div,sub,xs_std,div,xs_mean,div,sub,xs_std,div,sub,xs_std,recip,xs_mean,recip,sub,xs_std,recip,xs_mean,recip,recip,recip,xs_mean,recip,recip,recip"
op_case_0028,v21_value_size_spread_value_small_size,偏好低 PB 价值暴露更强且小市值暴露更弱的股票。,"sub(recip(pb), neg(log(market_cap)))",fundamental_v21,"sub,recip,neg,log"
op_case_0029,v21_value_size_gate_value_small_size,只有当低 PB 价值暴露高于市场均值时，才保留小市值暴露信号。,"where(gt(recip(pb), xs_mean(recip(pb))), neg(log(market_cap)), 0.0)",conditional_v21,"where,gt,neg,recip,xs_mean,log,recip"
op_case_0030,v21_value_size_add_value_large_size,同时考虑低 PB 价值暴露和大市值暴露，两个风格越强综合得分越高。,"add(recip(pb), log(market_cap))",fundamental_v21,"add,recip,log"
op_case_0031,v21_value_size_spread_value_large_size,偏好低 PB 价值暴露更强且大市值暴露更弱的股票。,"sub(recip(pb), log(market_cap))",fundamental_v21,"sub,recip,log"
op_case_0032,v21_value_size_gate_value_large_size,只有当低 PB 价值暴露高于市场均值时，才保留大市值暴露信号。,"where(gt(recip(pb), xs_mean(recip(pb))), log(market_cap), 0.0)",conditional_v21,"where,gt,log,recip,xs_mean,recip"
op_case_0033,v21_value_size_add_value_size_rank_like,同时考虑低 PB 价值暴露和市值对数的横截面标准化规模，两个风格越强综合得分越高。,"add(recip(pb), div(sub(log(market_cap), xs_mean(log(market_cap))), xs_std(log(market_cap))))",fundamental_v21,"add,recip,div,sub,xs_std,log,xs_mean,log,log"
op_case_0034,v21_value_size_spread_value_size_rank_like,偏好低 PB 价值暴露更强且市值对数的横截面标准化规模更弱的股票。,"sub(recip(pb), div(sub(log(market_cap), xs_mean(log(market_cap))), xs_std(log(market_cap))))",fundamental_v21,"sub,recip,div,sub,xs_std,log,xs_mean,log,log"
op_case_0035,v21_value_size_gate_value_size_rank_like,只有当低 PB 价值暴露高于市场均值时，才保留市值对数的横截面标准化规模信号。,"where(gt(recip(pb), xs_mean(recip(pb))), div(sub(log(market_cap), xs_mean(log(market_cap))), xs_std(log(market_cap))), 0.0)",conditional_v21,"where,gt,div,recip,xs_mean,sub,xs_std,recip,log,xs_mean,log,log"
op_case_0036,v21_value_size_add_value_small_size_rank_like,同时考虑低 PB 价值暴露和小市值的横截面标准化暴露，两个风格越强综合得分越高。,"add(recip(pb), neg(div(sub(log(market_cap), xs_mean(log(market_cap))), xs_std(log(market_cap)))))",fundamental_v21,"add,recip,neg,div,sub,xs_std,log,xs_mean,log,log"
op_case_0037,v21_value_size_spread_value_small_size_rank_like,偏好低 PB 价值暴露更强且小市值的横截面标准化暴露更弱的股票。,"sub(recip(pb), neg(div(sub(log(market_cap), xs_mean(log(market_cap))), xs_std(log(market_cap)))))",fundamental_v21,"sub,recip,neg,div,sub,xs_std,log,xs_mean,log,log"
op_case_0038,v21_value_size_gate_value_small_size_rank_like,只有当低 PB 价值暴露高于市场均值时，才保留小市值的横截面标准化暴露信号。,"where(gt(recip(pb), xs_mean(recip(pb))), neg(div(sub(log(market_cap), xs_mean(log(market_cap))), xs_std(log(market_cap)))), 0.0)",conditional_v21,"where,gt,neg,recip,xs_mean,div,recip,sub,xs_std,log,xs_mean,log,log"
op_case_0039,v21_value_size_add_value_log_small_size,同时考虑低 PB 价值暴露的自然对数压缩和小市值暴露，两个风格越强综合得分越高。,"add(log(recip(pb)), neg(log(market_cap)))",fundamental_v21,"add,log,neg,recip,log"
op_case_0040,v21_value_size_spread_value_log_small_size,偏好低 PB 价值暴露的自然对数压缩更强且小市值暴露更弱的股票。,"sub(log(recip(pb)), neg(log(market_cap)))",fundamental_v21,"sub,log,neg,recip,log"
op_case_0041,v21_value_size_gate_value_log_small_size,只有当低 PB 价值暴露的自然对数压缩高于市场均值时，才保留小市值暴露信号。,"where(gt(log(recip(pb)), xs_mean(log(recip(pb)))), neg(log(market_cap)), 0.0)",conditional_v21,"where,gt,neg,log,xs_mean,log,recip,log,recip"
op_case_0042,v21_value_size_add_value_log_large_size,同时考虑低 PB 价值暴露的自然对数压缩和大市值暴露，两个风格越强综合得分越高。,"add(log(recip(pb)), log(market_cap))",fundamental_v21,"add,log,log,recip"
op_case_0043,v21_value_size_spread_value_log_large_size,偏好低 PB 价值暴露的自然对数压缩更强且大市值暴露更弱的股票。,"sub(log(recip(pb)), log(market_cap))",fundamental_v21,"sub,log,log,recip"
op_case_0044,v21_value_size_gate_value_log_large_size,只有当低 PB 价值暴露的自然对数压缩高于市场均值时，才保留大市值暴露信号。,"where(gt(log(recip(pb)), xs_mean(log(recip(pb)))), log(market_cap), 0.0)",conditional_v21,"where,gt,log,log,xs_mean,recip,log,recip"
op_case_0045,v21_value_size_add_value_log_size_rank_like,同时考虑低 PB 价值暴露的自然对数压缩和市值对数的横截面标准化规模，两个风格越强综合得分越高。,"add(log(recip(pb)), div(sub(log(market_cap), xs_mean(log(market_cap))), xs_std(log(market_cap))))",fundamental_v21,"add,log,div,recip,sub,xs_std,log,xs_mean,log,log"
op_case_0046,v21_value_size_spread_value_log_size_rank_like,偏好低 PB 价值暴露的自然对数压缩更强且市值对数的横截面标准化规模更弱的股票。,"sub(log(recip(pb)), div(sub(log(market_cap), xs_mean(log(market_cap))), xs_std(log(market_cap))))",fundamental_v21,"sub,log,div,recip,sub,xs_std,log,xs_mean,log,log"
op_case_0047,v21_value_size_gate_value_log_size_rank_like,只有当低 PB 价值暴露的自然对数压缩高于市场均值时，才保留市值对数的横截面标准化规模信号。,"where(gt(log(recip(pb)), xs_mean(log(recip(pb)))), div(sub(log(market_cap), xs_mean(log(market_cap))), xs_std(log(market_cap))), 0.0)",conditional_v21,"where,gt,div,log,xs_mean,sub,xs_std,recip,log,log,xs_mean,log,recip,log"
op_case_0048,v21_value_size_add_value_log_small_size_rank_like,同时考虑低 PB 价值暴露的自然对数压缩和小市值的横截面标准化暴露，两个风格越强综合得分越高。,"add(log(recip(pb)), neg(div(sub(log(market_cap), xs_mean(log(market_cap))), xs_std(log(market_cap)))))",fundamental_v21,"add,log,neg,recip,div,sub,xs_std,log,xs_mean,log,log"
op_case_0049,v21_value_size_spread_value_log_small_size_rank_like,偏好低 PB 价值暴露的自然对数压缩更强且小市值的横截面标准化暴露更弱的股票。,"sub(log(recip(pb)), neg(div(sub(log(market_cap), xs_mean(log(market_cap))), xs_std(log(market_cap)))))",fundamental_v21,"sub,log,neg,recip,div,sub,xs_std,log,xs_mean,log,log"
op_case_0050,v21_value_size_gate_value_log_small_size_rank_like,只有当低 PB 价值暴露的自然对数压缩高于市场均值时，才保留小市值的横截面标准化暴露信号。,"where(gt(log(recip(pb)), xs_mean(log(recip(pb)))), neg(div(sub(log(market_cap), xs_mean(log(market_cap))), xs_std(log(market_cap)))), 0.0)",conditional_v21,"where,gt,neg,log,xs_mean,div,recip,log,sub,xs_std,recip,log,xs_mean,log,log"
op_case_0051,v21_value_size_add_value_sqrt_small_size,同时考虑低 PB 价值暴露的平方根压缩和小市值暴露，两个风格越强综合得分越高。,"add(sqrt(recip(pb)), neg(log(market_cap)))",fundamental_v21,"add,sqrt,neg,recip,log"
op_case_0052,v21_value_size_spread_value_sqrt_small_size,偏好低 PB 价值暴露的平方根压缩更强且小市值暴露更弱的股票。,"sub(sqrt(recip(pb)), neg(log(market_cap)))",fundamental_v21,"sub,sqrt,neg,recip,log"
op_case_0053,v21_value_size_gate_value_sqrt_small_size,只有当低 PB 价值暴露的平方根压缩高于市场均值时，才保留小市值暴露信号。,"where(gt(sqrt(recip(pb)), xs_mean(sqrt(recip(pb)))), neg(log(market_cap)), 0.0)",conditional_v21,"where,gt,neg,sqrt,xs_mean,log,recip,sqrt,recip"
op_case_0054,v21_value_size_add_value_sqrt_large_size,同时考虑低 PB 价值暴露的平方根压缩和大市值暴露，两个风格越强综合得分越高。,"add(sqrt(recip(pb)), log(market_cap))",fundamental_v21,"add,sqrt,log,recip"
op_case_0055,v21_value_size_spread_value_sqrt_large_size,偏好低 PB 价值暴露的平方根压缩更强且大市值暴露更弱的股票。,"sub(sqrt(recip(pb)), log(market_cap))",fundamental_v21,"sub,sqrt,log,recip"
op_case_0056,v21_value_size_gate_value_sqrt_large_size,只有当低 PB 价值暴露的平方根压缩高于市场均值时，才保留大市值暴露信号。,"where(gt(sqrt(recip(pb)), xs_mean(sqrt(recip(pb)))), log(market_cap), 0.0)",conditional_v21,"where,gt,log,sqrt,xs_mean,recip,sqrt,recip"
op_case_0057,v21_value_size_add_value_sqrt_size_rank_like,同时考虑低 PB 价值暴露的平方根压缩和市值对数的横截面标准化规模，两个风格越强综合得分越高。,"add(sqrt(recip(pb)), div(sub(log(market_cap), xs_mean(log(market_cap))), xs_std(log(market_cap))))",fundamental_v21,"add,sqrt,div,recip,sub,xs_std,log,xs_mean,log,log"
op_case_0058,v21_value_size_spread_value_sqrt_size_rank_like,偏好低 PB 价值暴露的平方根压缩更强且市值对数的横截面标准化规模更弱的股票。,"sub(sqrt(recip(pb)), div(sub(log(market_cap), xs_mean(log(market_cap))), xs_std(log(market_cap))))",fundamental_v21,"sub,sqrt,div,recip,sub,xs_std,log,xs_mean,log,log"
op_case_0059,v21_value_size_gate_value_sqrt_size_rank_like,只有当低 PB 价值暴露的平方根压缩高于市场均值时，才保留市值对数的横截面标准化规模信号。,"where(gt(sqrt(recip(pb)), xs_mean(sqrt(recip(pb)))), div(sub(log(market_cap), xs_mean(log(market_cap))), xs_std(log(market_cap))), 0.0)",conditional_v21,"where,gt,div,sqrt,xs_mean,sub,xs_std,recip,sqrt,log,xs_mean,log,recip,log"
op_case_0060,v21_value_size_add_value_sqrt_small_size_rank_like,同时考虑低 PB 价值暴露的平方根压缩和小市值的横截面标准化暴露，两个风格越强综合得分越高。,"add(sqrt(recip(pb)), neg(div(sub(log(market_cap), xs_mean(log(market_cap))), xs_std(log(market_cap)))))",fundamental_v21,"add,sqrt,neg,recip,div,sub,xs_std,log,xs_mean,log,log"
op_case_0061,v21_value_size_spread_value_sqrt_small_size_rank_like,偏好低 PB 价值暴露的平方根压缩更强且小市值的横截面标准化暴露更弱的股票。,"sub(sqrt(recip(pb)), neg(div(sub(log(market_cap), xs_mean(log(market_cap))), xs_std(log(market_cap)))))",fundamental_v21,"sub,sqrt,neg,recip,div,sub,xs_std,log,xs_mean,log,log"
op_case_0062,v21_value_size_gate_value_sqrt_small_size_rank_like,只有当低 PB 价值暴露的平方根压缩高于市场均值时，才保留小市值的横截面标准化暴露信号。,"where(gt(sqrt(recip(pb)), xs_mean(sqrt(recip(pb)))), neg(div(sub(log(market_cap), xs_mean(log(market_cap))), xs_std(log(market_cap)))), 0.0)",conditional_v21,"where,gt,neg,sqrt,xs_mean,div,recip,sqrt,sub,xs_std,recip,log,xs_mean,log,log"
op_case_0063,v21_value_size_add_value_rank_like_small_size,同时考虑PB 倒数的横截面标准化价值和小市值暴露，两个风格越强综合得分越高。,"add(div(sub(recip(pb), xs_mean(recip(pb))), xs_std(recip(pb))), neg(log(market_cap)))",fundamental_v21,"add,div,neg,sub,xs_std,log,recip,xs_mean,recip,recip"
op_case_0064,v21_value_size_spread_value_rank_like_small_size,偏好PB 倒数的横截面标准化价值更强且小市值暴露更弱的股票。,"sub(div(sub(recip(pb), xs_mean(recip(pb))), xs_std(recip(pb))), neg(log(market_cap)))",fundamental_v21,"sub,div,neg,sub,xs_std,log,recip,xs_mean,recip,recip"
op_case_0065,v21_value_size_gate_value_rank_like_small_size,只有当PB 倒数的横截面标准化价值高于市场均值时，才保留小市值暴露信号。,"where(gt(div(sub(recip(pb), xs_mean(recip(pb))), xs_std(recip(pb))), xs_mean(div(sub(recip(pb), xs_mean(recip(pb))), xs_std(recip(pb))))), neg(log(market_cap)), 0.0)",conditional_v21,"where,gt,neg,div,xs_mean,log,sub,xs_std,div,recip,xs_mean,recip,sub,xs_std,recip,recip,xs_mean,recip,recip"
op_case_0066,v21_value_size_add_value_rank_like_large_size,同时考虑PB 倒数的横截面标准化价值和大市值暴露，两个风格越强综合得分越高。,"add(div(sub(recip(pb), xs_mean(recip(pb))), xs_std(recip(pb))), log(market_cap))",fundamental_v21,"add,div,log,sub,xs_std,recip,xs_mean,recip,recip"
op_case_0067,v21_value_size_spread_value_rank_like_large_size,偏好PB 倒数的横截面标准化价值更强且大市值暴露更弱的股票。,"sub(div(sub(recip(pb), xs_mean(recip(pb))), xs_std(recip(pb))), log(market_cap))",fundamental_v21,"sub,div,log,sub,xs_std,recip,xs_mean,recip,recip"
op_case_0068,v21_value_size_gate_value_rank_like_large_size,只有当PB 倒数的横截面标准化价值高于市场均值时，才保留大市值暴露信号。,"where(gt(div(sub(recip(pb), xs_mean(recip(pb))), xs_std(recip(pb))), xs_mean(div(sub(recip(pb), xs_mean(recip(pb))), xs_std(recip(pb))))), log(market_cap), 0.0)",conditional_v21,"where,gt,log,div,xs_mean,sub,xs_std,div,recip,xs_mean,recip,sub,xs_std,recip,recip,xs_mean,recip,recip"
op_case_0069,v21_value_size_add_value_rank_like_size_rank_like,同时考虑PB 倒数的横截面标准化价值和市值对数的横截面标准化规模，两个风格越强综合得分越高。,"add(div(sub(recip(pb), xs_mean(recip(pb))), xs_std(recip(pb))), div(sub(log(market_cap), xs_mean(log(market_cap))), xs_std(log(market_cap))))",fundamental_v21,"add,div,div,sub,xs_std,sub,xs_std,recip,xs_mean,recip,log,xs_mean,log,recip,log"
op_case_0070,v21_value_size_spread_value_rank_like_size_rank_like,偏好PB 倒数的横截面标准化价值更强且市值对数的横截面标准化规模更弱的股票。,"sub(div(sub(recip(pb), xs_mean(recip(pb))), xs_std(recip(pb))), div(sub(log(market_cap), xs_mean(log(market_cap))), xs_std(log(market_cap))))",fundamental_v21,"sub,div,div,sub,xs_std,sub,xs_std,recip,xs_mean,recip,log,xs_mean,log,recip,log"
op_case_0071,v21_value_size_gate_value_rank_like_size_rank_like,只有当PB 倒数的横截面标准化价值高于市场均值时，才保留市值对数的横截面标准化规模信号。,"where(gt(div(sub(recip(pb), xs_mean(recip(pb))), xs_std(recip(pb))), xs_mean(div(sub(recip(pb), xs_mean(recip(pb))), xs_std(recip(pb))))), div(sub(log(market_cap), xs_mean(log(market_cap))), xs_std(log(market_cap))), 0.0)",conditional_v21,"where,gt,div,div,xs_mean,sub,xs_std,sub,xs_std,div,log,xs_mean,log,recip,xs_mean,recip,sub,xs_std,log,recip,recip,xs_mean,recip,recip"
op_case_0072,v21_value_size_add_value_rank_like_small_size_rank_like,同时考虑PB 倒数的横截面标准化价值和小市值的横截面标准化暴露，两个风格越强综合得分越高。,"add(div(sub(recip(pb), xs_mean(recip(pb))), xs_std(recip(pb))), neg(div(sub(log(market_cap), xs_mean(log(market_cap))), xs_std(log(market_cap)))))",fundamental_v21,"add,div,neg,sub,xs_std,div,recip,xs_mean,recip,sub,xs_std,recip,log,xs_mean,log,log"
op_case_0073,v21_value_size_spread_value_rank_like_small_size_rank_like,偏好PB 倒数的横截面标准化价值更强且小市值的横截面标准化暴露更弱的股票。,"sub(div(sub(recip(pb), xs_mean(recip(pb))), xs_std(recip(pb))), neg(div(sub(log(market_cap), xs_mean(log(market_cap))), xs_std(log(market_cap)))))",fundamental_v21,"sub,div,neg,sub,xs_std,div,recip,xs_mean,recip,sub,xs_std,recip,log,xs_mean,log,log"
op_case_0074,v21_value_size_gate_value_rank_like_small_size_rank_like,只有当PB 倒数的横截面标准化价值高于市场均值时，才保留小市值的横截面标准化暴露信号。,"where(gt(div(sub(recip(pb), xs_mean(recip(pb))), xs_std(recip(pb))), xs_mean(div(sub(recip(pb), xs_mean(recip(pb))), xs_std(recip(pb))))), neg(div(sub(log(market_cap), xs_mean(log(market_cap))), xs_std(log(market_cap)))), 0.0)",conditional_v21,"where,gt,neg,div,xs_mean,div,sub,xs_std,div,sub,xs_std,recip,xs_mean,recip,sub,xs_std,log,xs_mean,log,recip,recip,xs_mean,recip,log,recip"
op_case_0075,v21_industry_value_momentum_value_momentum_20,"行业内估值便宜且20 日价格动量较强的股票得分更高。（字段 close, industry, pb；核心算子 add, div, pct_change, sub, group_std, recip, group_mean；数值参数 20；参数化版本 1。）","add(div(sub(recip(pb), group_mean(recip(pb), industry)), group_std(recip(pb), industry)), pct_change(close, 20))",group_v21,"add,div,pct_change,sub,group_std,recip,group_mean,recip,recip"
op_case_0076,v21_logic_value_momentum_value_momentum_20,"只有估值和20 日价格动量同时高于市场均值时，才保留组合信号。（字段 close, pb；核心算子 where, logical_and, add, gt, recip, pct_change, xs_mean；数值参数 20, 0.0；参数化版本 1。）","where(logical_and(gt(recip(pb), xs_mean(recip(pb))), gt(pct_change(close, 20), xs_mean(pct_change(close, 20)))), add(recip(pb), pct_change(close, 20)), 0.0)",conditional_v21,"where,logical_and,add,gt,gt,recip,pct_change,recip,xs_mean,pct_change,xs_mean,recip,pct_change"
op_case_0077,v21_value_momentum_value_log_momentum_20,同时偏好低 PB 价值暴露的自然对数压缩和20 日价格动量较强的股票。,"add(log(recip(pb)), pct_change(close, 20))",fundamental_v21,"add,log,pct_change,recip"
op_case_0078,v21_industry_value_momentum_value_log_momentum_20,"行业内估值便宜且20 日价格动量较强的股票得分更高。（字段 close, industry, pb；核心算子 add, div, pct_change, sub, group_std, log, group_mean, recip；数值参数 20；参数化版本 2。）","add(div(sub(log(recip(pb)), group_mean(log(recip(pb)), industry)), group_std(log(recip(pb)), industry)), pct_change(close, 20))",group_v21,"add,div,pct_change,sub,group_std,log,group_mean,log,recip,log,recip,recip"
op_case_0079,v21_logic_value_momentum_value_log_momentum_20,"只有估值和20 日价格动量同时高于市场均值时，才保留组合信号。（字段 close, pb；核心算子 where, logical_and, add, gt, log, pct_change, xs_mean, recip；数值参数 20, 0.0；参数化版本 2。）","where(logical_and(gt(log(recip(pb)), xs_mean(log(recip(pb)))), gt(pct_change(close, 20), xs_mean(pct_change(close, 20)))), add(log(recip(pb)), pct_change(close, 20)), 0.0)",conditional_v21,"where,logical_and,add,gt,gt,log,pct_change,log,xs_mean,pct_change,xs_mean,recip,recip,log,pct_change,recip"
op_case_0080,v21_value_momentum_value_sqrt_momentum_20,同时偏好低 PB 价值暴露的平方根压缩和20 日价格动量较强的股票。,"add(sqrt(recip(pb)), pct_change(close, 20))",fundamental_v21,"add,sqrt,pct_change,recip"
op_case_0081,v21_industry_value_momentum_value_sqrt_momentum_20,"行业内估值便宜且20 日价格动量较强的股票得分更高。（字段 close, industry, pb；核心算子 add, div, pct_change, sub, group_std, sqrt, group_mean, recip；数值参数 20；参数化版本 3。）","add(div(sub(sqrt(recip(pb)), group_mean(sqrt(recip(pb)), industry)), group_std(sqrt(recip(pb)), industry)), pct_change(close, 20))",group_v21,"add,div,pct_change,sub,group_std,sqrt,group_mean,sqrt,recip,sqrt,recip,recip"
op_case_0082,v21_logic_value_momentum_value_sqrt_momentum_20,"只有估值和20 日价格动量同时高于市场均值时，才保留组合信号。（字段 close, pb；核心算子 where, logical_and, add, gt, sqrt, pct_change, xs_mean, recip；数值参数 20, 0.0；参数化版本 3。）","where(logical_and(gt(sqrt(recip(pb)), xs_mean(sqrt(recip(pb)))), gt(pct_change(close, 20), xs_mean(pct_change(close, 20)))), add(sqrt(recip(pb)), pct_change(close, 20)), 0.0)",conditional_v21,"where,logical_and,add,gt,gt,sqrt,pct_change,sqrt,xs_mean,pct_change,xs_mean,recip,recip,sqrt,pct_change,recip"
op_case_0083,v21_value_momentum_value_rank_like_momentum_20,同时偏好PB 倒数的横截面标准化价值和20 日价格动量较强的股票。,"add(div(sub(recip(pb), xs_mean(recip(pb))), xs_std(recip(pb))), pct_change(close, 20))",fundamental_v21,"add,div,pct_change,sub,xs_std,recip,xs_mean,recip,recip"
op_case_0084,v21_industry_value_momentum_value_rank_like_momentum_20,"行业内估值便宜且20 日价格动量较强的股票得分更高。（字段 close, industry, pb；核心算子 add, div, pct_change, sub, group_std, group_mean, xs_std, recip, xs_mean；数值参数 20；参数化版本 4。）","add(div(sub(div(sub(recip(pb), xs_mean(recip(pb))), xs_std(recip(pb))), group_mean(div(sub(recip(pb), xs_mean(recip(pb))), xs_std(recip(pb))), industry)), group_std(div(sub(recip(pb), xs_mean(recip(pb))), xs_std(recip(pb))), industry)), pct_change(close, 20))",group_v21,"add,div,pct_change,sub,group_std,div,group_mean,div,sub,xs_std,div,sub,xs_std,recip,xs_mean,recip,sub,xs_std,recip,xs_mean,recip,recip,recip,xs_mean,recip,recip,recip"
op_case_0085,v21_logic_value_momentum_value_rank_like_momentum_20,"只有估值和20 日价格动量同时高于市场均值时，才保留组合信号。（字段 close, pb；核心算子 where, logical_and, add, gt, div, pct_change, xs_mean, sub, xs_std, recip；数值参数 20, 0.0；参数化版本 4。）","where(logical_and(gt(div(sub(recip(pb), xs_mean(recip(pb))), xs_std(recip(pb))), xs_mean(div(sub(recip(pb), xs_mean(recip(pb))), xs_std(recip(pb))))), gt(pct_change(close, 20), xs_mean(pct_change(close, 20)))), add(div(sub(recip(pb), xs_mean(recip(pb))), xs_std(recip(pb))), pct_change(close, 20)), 0.0)",conditional_v21,"where,logical_and,add,gt,gt,div,pct_change,div,xs_mean,pct_change,xs_mean,sub,xs_std,sub,xs_std,div,pct_change,recip,xs_mean,recip,recip,xs_mean,recip,sub,xs_std,recip,recip,recip,xs_mean,recip,recip"
op_case_0086,v21_value_momentum_value_momentum_60,同时偏好低 PB 价值暴露和60 日价格动量较强的股票。,"add(recip(pb), pct_change(close, 60))",fundamental_v21,"add,recip,pct_change"
op_case_0087,v21_industry_value_momentum_value_momentum_60,"行业内估值便宜且60 日价格动量较强的股票得分更高。（字段 close, industry, pb；核心算子 add, div, pct_change, sub, group_std, recip, group_mean；数值参数 60；参数化版本 1。）","add(div(sub(recip(pb), group_mean(recip(pb), industry)), group_std(recip(pb), industry)), pct_change(close, 60))",group_v21,"add,div,pct_change,sub,group_std,recip,group_mean,recip,recip"
op_case_0088,v21_logic_value_momentum_value_momentum_60,"只有估值和60 日价格动量同时高于市场均值时，才保留组合信号。（字段 close, pb；核心算子 where, logical_and, add, gt, recip, pct_change, xs_mean；数值参数 60, 0.0；参数化版本 1。）","where(logical_and(gt(recip(pb), xs_mean(recip(pb))), gt(pct_change(close, 60), xs_mean(pct_change(close, 60)))), add(recip(pb), pct_change(close, 60)), 0.0)",conditional_v21,"where,logical_and,add,gt,gt,recip,pct_change,recip,xs_mean,pct_change,xs_mean,recip,pct_change"
op_case_0089,v21_value_momentum_value_log_momentum_60,同时偏好低 PB 价值暴露的自然对数压缩和60 日价格动量较强的股票。,"add(log(recip(pb)), pct_change(close, 60))",fundamental_v21,"add,log,pct_change,recip"
op_case_0090,v21_industry_value_momentum_value_log_momentum_60,"行业内估值便宜且60 日价格动量较强的股票得分更高。（字段 close, industry, pb；核心算子 add, div, pct_change, sub, group_std, log, group_mean, recip；数值参数 60；参数化版本 2。）","add(div(sub(log(recip(pb)), group_mean(log(recip(pb)), industry)), group_std(log(recip(pb)), industry)), pct_change(close, 60))",group_v21,"add,div,pct_change,sub,group_std,log,group_mean,log,recip,log,recip,recip"
op_case_0091,v21_logic_value_momentum_value_log_momentum_60,"只有估值和60 日价格动量同时高于市场均值时，才保留组合信号。（字段 close, pb；核心算子 where, logical_and, add, gt, log, pct_change, xs_mean, recip；数值参数 60, 0.0；参数化版本 2。）","where(logical_and(gt(log(recip(pb)), xs_mean(log(recip(pb)))), gt(pct_change(close, 60), xs_mean(pct_change(close, 60)))), add(log(recip(pb)), pct_change(close, 60)), 0.0)",conditional_v21,"where,logical_and,add,gt,gt,log,pct_change,log,xs_mean,pct_change,xs_mean,recip,recip,log,pct_change,recip"
op_case_0092,v21_value_momentum_value_sqrt_momentum_60,同时偏好低 PB 价值暴露的平方根压缩和60 日价格动量较强的股票。,"add(sqrt(recip(pb)), pct_change(close, 60))",fundamental_v21,"add,sqrt,pct_change,recip"
op_case_0093,v21_industry_value_momentum_value_sqrt_momentum_60,"行业内估值便宜且60 日价格动量较强的股票得分更高。（字段 close, industry, pb；核心算子 add, div, pct_change, sub, group_std, sqrt, group_mean, recip；数值参数 60；参数化版本 3。）","add(div(sub(sqrt(recip(pb)), group_mean(sqrt(recip(pb)), industry)), group_std(sqrt(recip(pb)), industry)), pct_change(close, 60))",group_v21,"add,div,pct_change,sub,group_std,sqrt,group_mean,sqrt,recip,sqrt,recip,recip"
op_case_0094,v21_logic_value_momentum_value_sqrt_momentum_60,"只有估值和60 日价格动量同时高于市场均值时，才保留组合信号。（字段 close, pb；核心算子 where, logical_and, add, gt, sqrt, pct_change, xs_mean, recip；数值参数 60, 0.0；参数化版本 3。）","where(logical_and(gt(sqrt(recip(pb)), xs_mean(sqrt(recip(pb)))), gt(pct_change(close, 60), xs_mean(pct_change(close, 60)))), add(sqrt(recip(pb)), pct_change(close, 60)), 0.0)",conditional_v21,"where,logical_and,add,gt,gt,sqrt,pct_change,sqrt,xs_mean,pct_change,xs_mean,recip,recip,sqrt,pct_change,recip"
op_case_0095,v21_value_momentum_value_rank_like_momentum_60,同时偏好PB 倒数的横截面标准化价值和60 日价格动量较强的股票。,"add(div(sub(recip(pb), xs_mean(recip(pb))), xs_std(recip(pb))), pct_change(close, 60))",fundamental_v21,"add,div,pct_change,sub,xs_std,recip,xs_mean,recip,recip"
op_case_0096,v21_industry_value_momentum_value_rank_like_momentum_60,"行业内估值便宜且60 日价格动量较强的股票得分更高。（字段 close, industry, pb；核心算子 add, div, pct_change, sub, group_std, group_mean, xs_std, recip, xs_mean；数值参数 60；参数化版本 4。）","add(div(sub(div(sub(recip(pb), xs_mean(recip(pb))), xs_std(recip(pb))), group_mean(div(sub(recip(pb), xs_mean(recip(pb))), xs_std(recip(pb))), industry)), group_std(div(sub(recip(pb), xs_mean(recip(pb))), xs_std(recip(pb))), industry)), pct_change(close, 60))",group_v21,"add,div,pct_change,sub,group_std,div,group_mean,div,sub,xs_std,div,sub,xs_std,recip,xs_mean,recip,sub,xs_std,recip,xs_mean,recip,recip,recip,xs_mean,recip,recip,recip"
op_case_0097,v21_logic_value_momentum_value_rank_like_momentum_60,"只有估值和60 日价格动量同时高于市场均值时，才保留组合信号。（字段 close, pb；核心算子 where, logical_and, add, gt, div, pct_change, xs_mean, sub, xs_std, recip；数值参数 60, 0.0；参数化版本 4。）","where(logical_and(gt(div(sub(recip(pb), xs_mean(recip(pb))), xs_std(recip(pb))), xs_mean(div(sub(recip(pb), xs_mean(recip(pb))), xs_std(recip(pb))))), gt(pct_change(close, 60), xs_mean(pct_change(close, 60)))), add(div(sub(recip(pb), xs_mean(recip(pb))), xs_std(recip(pb))), pct_change(close, 60)), 0.0)",conditional_v21,"where,logical_and,add,gt,gt,div,pct_change,div,xs_mean,pct_change,xs_mean,sub,xs_std,sub,xs_std,div,pct_change,recip,xs_mean,recip,recip,xs_mean,recip,sub,xs_std,recip,recip,recip,xs_mean,recip,recip"
op_case_0098,v21_value_momentum_value_risk_adjusted_momentum,同时偏好低 PB 价值暴露和20 日风险调整动量较强的股票。,"add(recip(pb), div(pct_change(close, 20), ts_std(pct_change(close, 1), 20)))",fundamental_v21,"add,recip,div,pct_change,ts_std,pct_change"
op_case_0099,v21_industry_value_momentum_value_risk_adjusted_momentum,"行业内估值便宜且20 日风险调整动量较强的股票得分更高。（字段 close, industry, pb；核心算子 add, div, sub, group_std, pct_change, ts_std, recip, group_mean；数值参数 20, 1；参数化版本 1。）","add(div(sub(recip(pb), group_mean(recip(pb), industry)), group_std(recip(pb), industry)), div(pct_change(close, 20), ts_std(pct_change(close, 1), 20)))",group_v21,"add,div,div,sub,group_std,pct_change,ts_std,recip,group_mean,recip,pct_change,recip"
op_case_0100,v21_logic_value_momentum_value_risk_adjusted_momentum,"只有估值和20 日风险调整动量同时高于市场均值时，才保留组合信号。（字段 close, pb；核心算子 where, logical_and, add, gt, recip, div, xs_mean, pct_change, ts_std；数值参数 20, 1, 0.0；参数化版本 1。）","where(logical_and(gt(recip(pb), xs_mean(recip(pb))), gt(div(pct_change(close, 20), ts_std(pct_change(close, 1), 20)), xs_mean(div(pct_change(close, 20), ts_std(pct_change(close, 1), 20))))), add(recip(pb), div(pct_change(close, 20), ts_std(pct_change(close, 1), 20))), 0.0)",conditional_v21,"where,logical_and,add,gt,gt,recip,div,recip,xs_mean,div,xs_mean,pct_change,ts_std,recip,pct_change,ts_std,div,pct_change,pct_change,pct_change,ts_std,pct_change"
op_case_0101,v21_value_momentum_value_log_risk_adjusted_momentum,同时偏好低 PB 价值暴露的自然对数压缩和20 日风险调整动量较强的股票。,"add(log(recip(pb)), div(pct_change(close, 20), ts_std(pct_change(close, 1), 20)))",fundamental_v21,"add,log,div,recip,pct_change,ts_std,pct_change"
op_case_0102,v21_industry_value_momentum_value_log_risk_adjusted_momentum,"行业内估值便宜且20 日风险调整动量较强的股票得分更高。（字段 close, industry, pb；核心算子 add, div, sub, group_std, pct_change, ts_std, log, group_mean, recip；数值参数 20, 1；参数化版本 2。）","add(div(sub(log(recip(pb)), group_mean(log(recip(pb)), industry)), group_std(log(recip(pb)), industry)), div(pct_change(close, 20), ts_std(pct_change(close, 1), 20)))",group_v21,"add,div,div,sub,group_std,pct_change,ts_std,log,group_mean,log,pct_change,recip,log,recip,recip"
op_case_0103,v21_logic_value_momentum_value_log_risk_adjusted_momentum,"只有估值和20 日风险调整动量同时高于市场均值时，才保留组合信号。（字段 close, pb；核心算子 where, logical_and, add, gt, log, div, xs_mean, recip, pct_change, ts_std；数值参数 20, 1, 0.0；参数化版本 2。）","where(logical_and(gt(log(recip(pb)), xs_mean(log(recip(pb)))), gt(div(pct_change(close, 20), ts_std(pct_change(close, 1), 20)), xs_mean(div(pct_change(close, 20), ts_std(pct_change(close, 1), 20))))), add(log(recip(pb)), div(pct_change(close, 20), ts_std(pct_change(close, 1), 20))), 0.0)",conditional_v21,"where,logical_and,add,gt,gt,log,div,log,xs_mean,div,xs_mean,recip,pct_change,ts_std,recip,log,pct_change,ts_std,div,pct_change,recip,pct_change,pct_change,ts_std,pct_change"
op_case_0104,v21_value_momentum_value_sqrt_risk_adjusted_momentum,同时偏好低 PB 价值暴露的平方根压缩和20 日风险调整动量较强的股票。,"add(sqrt(recip(pb)), div(pct_change(close, 20), ts_std(pct_change(close, 1), 20)))",fundamental_v21,"add,sqrt,div,recip,pct_change,ts_std,pct_change"
op_case_0105,v21_industry_value_momentum_value_sqrt_risk_adjusted_momentum,"行业内估值便宜且20 日风险调整动量较强的股票得分更高。（字段 close, industry, pb；核心算子 add, div, sub, group_std, pct_change, ts_std, sqrt, group_mean, recip；数值参数 20, 1；参数化版本 3。）","add(div(sub(sqrt(recip(pb)), group_mean(sqrt(recip(pb)), industry)), group_std(sqrt(recip(pb)), industry)), div(pct_change(close, 20), ts_std(pct_change(close, 1), 20)))",group_v21,"add,div,div,sub,group_std,pct_change,ts_std,sqrt,group_mean,sqrt,pct_change,recip,sqrt,recip,recip"
op_case_0106,v21_logic_value_momentum_value_sqrt_risk_adjusted_momentum,"只有估值和20 日风险调整动量同时高于市场均值时，才保留组合信号。（字段 close, pb；核心算子 where, logical_and, add, gt, sqrt, div, xs_mean, recip, pct_change, ts_std；数值参数 20, 1, 0.0；参数化版本 3。）","where(logical_and(gt(sqrt(recip(pb)), xs_mean(sqrt(recip(pb)))), gt(div(pct_change(close, 20), ts_std(pct_change(close, 1), 20)), xs_mean(div(pct_change(close, 20), ts_std(pct_change(close, 1), 20))))), add(sqrt(recip(pb)), div(pct_change(close, 20), ts_std(pct_change(close, 1), 20))), 0.0)",conditional_v21,"where,logical_and,add,gt,gt,sqrt,div,sqrt,xs_mean,div,xs_mean,recip,pct_change,ts_std,recip,sqrt,pct_change,ts_std,div,pct_change,recip,pct_change,pct_change,ts_std,pct_change"
op_case_0107,v21_value_momentum_value_rank_like_risk_adjusted_momentum,同时偏好PB 倒数的横截面标准化价值和20 日风险调整动量较强的股票。,"add(div(sub(recip(pb), xs_mean(recip(pb))), xs_std(recip(pb))), div(pct_change(close, 20), ts_std(pct_change(close, 1), 20)))",fundamental_v21,"add,div,div,sub,xs_std,pct_change,ts_std,recip,xs_mean,recip,pct_change,recip"
op_case_0108,v21_industry_value_momentum_value_rank_like_risk_adjusted_momentum,"行业内估值便宜且20 日风险调整动量较强的股票得分更高。（字段 close, industry, pb；核心算子 add, div, sub, group_std, pct_change, ts_std, group_mean, xs_std, recip, xs_mean；数值参数 20, 1；参数化版本 4。）","add(div(sub(div(sub(recip(pb), xs_mean(recip(pb))), xs_std(recip(pb))), group_mean(div(sub(recip(pb), xs_mean(recip(pb))), xs_std(recip(pb))), industry)), group_std(div(sub(recip(pb), xs_mean(recip(pb))), xs_std(recip(pb))), industry)), div(pct_change(close, 20), ts_std(pct_change(close, 1), 20)))",group_v21,"add,div,div,sub,group_std,pct_change,ts_std,div,group_mean,div,pct_change,sub,xs_std,div,sub,xs_std,recip,xs_mean,recip,sub,xs_std,recip,xs_mean,recip,recip,recip,xs_mean,recip,recip,recip"
op_case_0109,v21_logic_value_momentum_value_rank_like_risk_adjusted_momentum,"只有估值和20 日风险调整动量同时高于市场均值时，才保留组合信号。（字段 close, pb；核心算子 where, logical_and, add, gt, div, xs_mean, sub, xs_std, pct_change, ts_std, recip；数值参数 20, 1, 0.0；参数化版本 4。）","where(logical_and(gt(div(sub(recip(pb), xs_mean(recip(pb))), xs_std(recip(pb))), xs_mean(div(sub(recip(pb), xs_mean(recip(pb))), xs_std(recip(pb))))), gt(div(pct_change(close, 20), ts_std(pct_change(close, 1), 20)), xs_mean(div(pct_change(close, 20), ts_std(pct_change(close, 1), 20))))), add(div(sub(recip(pb), xs_mean(recip(pb))), xs_std(recip(pb))), div(pct_change(close, 20), ts_std(pct_change(close, 1), 20))), 0.0)",conditional_v21,"where,logical_and,add,gt,gt,div,div,div,xs_mean,div,xs_mean,sub,xs_std,pct_change,ts_std,sub,xs_std,div,pct_change,ts_std,div,recip,xs_mean,recip,pct_change,recip,xs_mean,recip,sub,xs_std,pct_change,pct_change,ts_std,recip,recip,recip,xs_mean,recip,pct_change,recip"
op_case_0110,v21_value_momentum_value_reversal_10,同时偏好低 PB 价值暴露和10 日反转较强的股票。,"add(recip(pb), neg(pct_change(close, 10)))",fundamental_v21,"add,recip,neg,pct_change"
op_case_0111,v21_industry_value_momentum_value_reversal_10,"行业内估值便宜且10 日反转较强的股票得分更高。（字段 close, industry, pb；核心算子 add, div, neg, sub, group_std, pct_change, recip, group_mean；数值参数 10；参数化版本 1。）","add(div(sub(recip(pb), group_mean(recip(pb), industry)), group_std(recip(pb), industry)), neg(pct_change(close, 10)))",group_v21,"add,div,neg,sub,group_std,pct_change,recip,group_mean,recip,recip"
op_case_0112,v21_logic_value_momentum_value_reversal_10,"只有估值和10 日反转同时高于市场均值时，才保留组合信号。（字段 close, pb；核心算子 where, logical_and, add, gt, recip, neg, xs_mean, pct_change；数值参数 10, 0.0；参数化版本 1。）","where(logical_and(gt(recip(pb), xs_mean(recip(pb))), gt(neg(pct_change(close, 10)), xs_mean(neg(pct_change(close, 10))))), add(recip(pb), neg(pct_change(close, 10))), 0.0)",conditional_v21,"where,logical_and,add,gt,gt,recip,neg,recip,xs_mean,neg,xs_mean,pct_change,recip,pct_change,neg,pct_change"
op_case_0113,v21_value_momentum_value_log_reversal_10,同时偏好低 PB 价值暴露的自然对数压缩和10 日反转较强的股票。,"add(log(recip(pb)), neg(pct_change(close, 10)))",fundamental_v21,"add,log,neg,recip,pct_change"
op_case_0114,v21_industry_value_momentum_value_log_reversal_10,"行业内估值便宜且10 日反转较强的股票得分更高。（字段 close, industry, pb；核心算子 add, div, neg, sub, group_std, pct_change, log, group_mean, recip；数值参数 10；参数化版本 2。）","add(div(sub(log(recip(pb)), group_mean(log(recip(pb)), industry)), group_std(log(recip(pb)), industry)), neg(pct_change(close, 10)))",group_v21,"add,div,neg,sub,group_std,pct_change,log,group_mean,log,recip,log,recip,recip"
op_case_0115,v21_logic_value_momentum_value_log_reversal_10,"只有估值和10 日反转同时高于市场均值时，才保留组合信号。（字段 close, pb；核心算子 where, logical_and, add, gt, log, neg, xs_mean, recip, pct_change；数值参数 10, 0.0；参数化版本 2。）","where(logical_and(gt(log(recip(pb)), xs_mean(log(recip(pb)))), gt(neg(pct_change(close, 10)), xs_mean(neg(pct_change(close, 10))))), add(log(recip(pb)), neg(pct_change(close, 10))), 0.0)",conditional_v21,"where,logical_and,add,gt,gt,log,neg,log,xs_mean,neg,xs_mean,recip,pct_change,recip,log,pct_change,neg,recip,pct_change"
op_case_0116,v21_value_momentum_value_sqrt_reversal_10,同时偏好低 PB 价值暴露的平方根压缩和10 日反转较强的股票。,"add(sqrt(recip(pb)), neg(pct_change(close, 10)))",fundamental_v21,"add,sqrt,neg,recip,pct_change"
op_case_0117,v21_industry_value_momentum_value_sqrt_reversal_10,"行业内估值便宜且10 日反转较强的股票得分更高。（字段 close, industry, pb；核心算子 add, div, neg, sub, group_std, pct_change, sqrt, group_mean, recip；数值参数 10；参数化版本 3。）","add(div(sub(sqrt(recip(pb)), group_mean(sqrt(recip(pb)), industry)), group_std(sqrt(recip(pb)), industry)), neg(pct_change(close, 10)))",group_v21,"add,div,neg,sub,group_std,pct_change,sqrt,group_mean,sqrt,recip,sqrt,recip,recip"
op_case_0118,v21_logic_value_momentum_value_sqrt_reversal_10,"只有估值和10 日反转同时高于市场均值时，才保留组合信号。（字段 close, pb；核心算子 where, logical_and, add, gt, sqrt, neg, xs_mean, recip, pct_change；数值参数 10, 0.0；参数化版本 3。）","where(logical_and(gt(sqrt(recip(pb)), xs_mean(sqrt(recip(pb)))), gt(neg(pct_change(close, 10)), xs_mean(neg(pct_change(close, 10))))), add(sqrt(recip(pb)), neg(pct_change(close, 10))), 0.0)",conditional_v21,"where,logical_and,add,gt,gt,sqrt,neg,sqrt,xs_mean,neg,xs_mean,recip,pct_change,recip,sqrt,pct_change,neg,recip,pct_change"
op_case_0119,v21_value_momentum_value_rank_like_reversal_10,同时偏好PB 倒数的横截面标准化价值和10 日反转较强的股票。,"add(div(sub(recip(pb), xs_mean(recip(pb))), xs_std(recip(pb))), neg(pct_change(close, 10)))",fundamental_v21,"add,div,neg,sub,xs_std,pct_change,recip,xs_mean,recip,recip"
op_case_0120,v21_industry_value_momentum_value_rank_like_reversal_10,"行业内估值便宜且10 日反转较强的股票得分更高。（字段 close, industry, pb；核心算子 add, div, neg, sub, group_std, pct_change, group_mean, xs_std, recip, xs_mean；数值参数 10；参数化版本 4。）","add(div(sub(div(sub(recip(pb), xs_mean(recip(pb))), xs_std(recip(pb))), group_mean(div(sub(recip(pb), xs_mean(recip(pb))), xs_std(recip(pb))), industry)), group_std(div(sub(recip(pb), xs_mean(recip(pb))), xs_std(recip(pb))), industry)), neg(pct_change(close, 10)))",group_v21,"add,div,neg,sub,group_std,pct_change,div,group_mean,div,sub,xs_std,div,sub,xs_std,recip,xs_mean,recip,sub,xs_std,recip,xs_mean,recip,recip,recip,xs_mean,recip,recip,recip"
op_case_0121,v21_logic_value_momentum_value_rank_like_reversal_10,"只有估值和10 日反转同时高于市场均值时，才保留组合信号。（字段 close, pb；核心算子 where, logical_and, add, gt, div, neg, xs_mean, sub, xs_std, pct_change, recip；数值参数 10, 0.0；参数化版本 4。）","where(logical_and(gt(div(sub(recip(pb), xs_mean(recip(pb))), xs_std(recip(pb))), xs_mean(div(sub(recip(pb), xs_mean(recip(pb))), xs_std(recip(pb))))), gt(neg(pct_change(close, 10)), xs_mean(neg(pct_change(close, 10))))), add(div(sub(recip(pb), xs_mean(recip(pb))), xs_std(recip(pb))), neg(pct_change(close, 10))), 0.0)",conditional_v21,"where,logical_and,add,gt,gt,div,neg,div,xs_mean,neg,xs_mean,sub,xs_std,pct_change,sub,xs_std,div,pct_change,neg,recip,xs_mean,recip,recip,xs_mean,recip,sub,xs_std,pct_change,recip,recip,recip,xs_mean,recip,recip"
op_case_0122,v21_xs_quantile_gap_pb_30,市净率 PB相对横截面 0.3 分位数的偏离刻画相对位置。,"sub(pb, xs_quantile(pb, 0.3))",cross_section_v21,"sub,xs_quantile"
op_case_0123,v21_xs_quantile_gap_pb_70,市净率 PB相对横截面 0.7 分位数的偏离刻画相对位置。,"sub(pb, xs_quantile(pb, 0.7))",cross_section_v21,"sub,xs_quantile"
op_case_0124,v21_xs_corr_pb_volume,在横截面上计算 pb 和 volume 的相关性，用于描述风格联动。,"xs_corr(pb, volume)",cross_section_v21,xs_corr
op_case_0125,v21_xs_corr_recip_pb_pct_change_close_20,"在横截面上计算 recip(pb) 和 pct_change(close, 20) 的相关性，用于描述风格联动。","xs_corr(recip(pb), pct_change(close, 20))",cross_section_v21,"xs_corr,recip,pct_change"
op_case_0126,v21_logic_and_cheap_small_value,当估值便宜程度高于市场均值且小市值暴露高于市场均值时保留价值信号。,"where(logical_and(gt(recip(pb), xs_mean(recip(pb))), gt(neg(log(market_cap)), xs_mean(neg(log(market_cap))))), recip(pb), 0.0)",conditional_v21,"where,logical_and,recip,gt,gt,recip,xs_mean,neg,xs_mean,recip,log,neg,log"
op_case_0127,v21_logic_or_cheap_small_value,当估值便宜程度高于市场均值或小市值暴露高于市场均值成立时保留价值信号。,"where(logical_or(gt(recip(pb), xs_mean(recip(pb))), gt(neg(log(market_cap)), xs_mean(neg(log(market_cap))))), recip(pb), 0.0)",conditional_v21,"where,logical_or,recip,gt,gt,recip,xs_mean,neg,xs_mean,recip,log,neg,log"
op_case_0128,v21_logic_xor_cheap_small_value,当估值便宜程度高于市场均值和小市值暴露高于市场均值只有一个成立时保留价值信号。,"where(logical_xor(gt(recip(pb), xs_mean(recip(pb))), gt(neg(log(market_cap)), xs_mean(neg(log(market_cap))))), recip(pb), 0.0)",conditional_v21,"where,logical_xor,recip,gt,gt,recip,xs_mean,neg,xs_mean,recip,log,neg,log"
op_case_0129,v21_logic_not_cheap_value,当不是估值便宜程度高于市场均值时使用反向价值信号。,"where(logical_not(gt(recip(pb), xs_mean(recip(pb)))), neg(recip(pb)), 0.0)",conditional_v21,"where,logical_not,neg,gt,recip,recip,xs_mean,recip"
op_case_0130,v21_logic_and_momentum_industry_value_liquidity,当20 日动量高于市场均值且行业内估值暴露为正时保留流动性信号。,"where(logical_and(gt(pct_change(close, 20), xs_mean(pct_change(close, 20))), gt(div(sub(recip(pb), group_mean(recip(pb), industry)), group_std(recip(pb), industry)), 0.0)), log1p(ts_mean(volume, 20)), 0.0)",conditional_v21,"where,logical_and,log1p,gt,gt,ts_mean,pct_change,xs_mean,div,pct_change,sub,group_std,recip,group_mean,recip,recip"
op_case_0131,v21_logic_or_momentum_industry_value_liquidity,当20 日动量高于市场均值或行业内估值暴露为正成立时保留流动性信号。,"where(logical_or(gt(pct_change(close, 20), xs_mean(pct_change(close, 20))), gt(div(sub(recip(pb), group_mean(recip(pb), industry)), group_std(recip(pb), industry)), 0.0)), log1p(ts_mean(volume, 20)), 0.0)",conditional_v21,"where,logical_or,log1p,gt,gt,ts_mean,pct_change,xs_mean,div,pct_change,sub,group_std,recip,group_mean,recip,recip"
op_case_0132,v21_logic_xor_momentum_industry_value_liquidity,当20 日动量高于市场均值和行业内估值暴露为正只有一个成立时保留流动性信号。,"where(logical_xor(gt(pct_change(close, 20), xs_mean(pct_change(close, 20))), gt(div(sub(recip(pb), group_mean(recip(pb), industry)), group_std(recip(pb), industry)), 0.0)), log1p(ts_mean(volume, 20)), 0.0)",conditional_v21,"where,logical_xor,log1p,gt,gt,ts_mean,pct_change,xs_mean,div,pct_change,sub,group_std,recip,group_mean,recip,recip"
op_case_0133,v21_logic_and_industry_value_low_risk_value,当行业内估值暴露为正且20 日波动不高于市场均值时保留价值信号。,"where(logical_and(gt(div(sub(recip(pb), group_mean(recip(pb), industry)), group_std(recip(pb), industry)), 0.0), le(ts_std(pct_change(close, 1), 20), xs_mean(ts_std(pct_change(close, 1), 20)))), recip(pb), 0.0)",conditional_v21,"where,logical_and,recip,gt,le,div,ts_std,xs_mean,sub,group_std,pct_change,ts_std,recip,group_mean,recip,pct_change,recip"
op_case_0134,v21_logic_or_industry_value_low_risk_value,当行业内估值暴露为正或20 日波动不高于市场均值成立时保留价值信号。,"where(logical_or(gt(div(sub(recip(pb), group_mean(recip(pb), industry)), group_std(recip(pb), industry)), 0.0), le(ts_std(pct_change(close, 1), 20), xs_mean(ts_std(pct_change(close, 1), 20)))), recip(pb), 0.0)",conditional_v21,"where,logical_or,recip,gt,le,div,ts_std,xs_mean,sub,group_std,pct_change,ts_std,recip,group_mean,recip,pct_change,recip"
op_case_0135,v21_logic_xor_industry_value_low_risk_value,当行业内估值暴露为正和20 日波动不高于市场均值只有一个成立时保留价值信号。,"where(logical_xor(gt(div(sub(recip(pb), group_mean(recip(pb), industry)), group_std(recip(pb), industry)), 0.0), le(ts_std(pct_change(close, 1), 20), xs_mean(ts_std(pct_change(close, 1), 20)))), recip(pb), 0.0)",conditional_v21,"where,logical_xor,recip,gt,le,div,ts_std,xs_mean,sub,group_std,pct_change,ts_std,recip,group_mean,recip,pct_change,recip"
op_case_0136,v21_logic_not_industry_value_value,当不是行业内估值暴露为正时使用反向价值信号。,"where(logical_not(gt(div(sub(recip(pb), group_mean(recip(pb), industry)), group_std(recip(pb), industry)), 0.0)), neg(recip(pb)), 0.0)",conditional_v21,"where,logical_not,neg,gt,recip,div,sub,group_std,recip,group_mean,recip,recip"
op_case_0137,v21_logic_and_low_risk_cheap_size,当20 日波动不高于市场均值且估值便宜程度高于市场均值时保留小市值信号。,"where(logical_and(le(ts_std(pct_change(close, 1), 20), xs_mean(ts_std(pct_change(close, 1), 20))), gt(recip(pb), xs_mean(recip(pb)))), neg(log(market_cap)), 0.0)",conditional_v21,"where,logical_and,neg,le,gt,log,ts_std,xs_mean,recip,xs_mean,pct_change,ts_std,recip,pct_change"
op_case_0138,v21_logic_or_low_risk_cheap_size,当20 日波动不高于市场均值或估值便宜程度高于市场均值成立时保留小市值信号。,"where(logical_or(le(ts_std(pct_change(close, 1), 20), xs_mean(ts_std(pct_change(close, 1), 20))), gt(recip(pb), xs_mean(recip(pb)))), neg(log(market_cap)), 0.0)",conditional_v21,"where,logical_or,neg,le,gt,log,ts_std,xs_mean,recip,xs_mean,pct_change,ts_std,recip,pct_change"
op_case_0139,v21_logic_xor_low_risk_cheap_size,当20 日波动不高于市场均值和估值便宜程度高于市场均值只有一个成立时保留小市值信号。,"where(logical_xor(le(ts_std(pct_change(close, 1), 20), xs_mean(ts_std(pct_change(close, 1), 20))), gt(recip(pb), xs_mean(recip(pb)))), neg(log(market_cap)), 0.0)",conditional_v21,"where,logical_xor,neg,le,gt,log,ts_std,xs_mean,recip,xs_mean,pct_change,ts_std,recip,pct_change"
op_case_0140,v21_compare_eq_value_sign,当估值信号符号等于正号时保留价值规模组合信号。,"where(eq(sign(sub(recip(pb), xs_mean(recip(pb)))), 1.0), add(recip(pb), neg(log(market_cap))), 0.0)",conditional_v21,"where,eq,add,sign,recip,neg,sub,log,recip,xs_mean,recip"
op_case_0141,v21_compare_ne_size_down,当小市值信号符号不为负号时保留价值规模组合信号。,"where(ne(sign(sub(neg(log(market_cap)), xs_mean(neg(log(market_cap))))), -1.0), add(recip(pb), neg(log(market_cap))), 0.0)",conditional_v21,"where,ne,add,sign,recip,neg,sub,log,neg,xs_mean,log,neg,log"
op_case_0142,v21_compare_ge_turnover,当换手代理大于等于市场均值时保留价值规模组合信号。,"where(ge(div(volume, market_cap), xs_mean(div(volume, market_cap))), add(recip(pb), neg(log(market_cap))), 0.0)",conditional_v21,"where,ge,add,div,xs_mean,recip,neg,div,log"
op_case_0143,v21_compare_le_volatility,当波动率小于等于市场均值时保留价值规模组合信号。,"where(le(ts_std(pct_change(close, 1), 20), xs_mean(ts_std(pct_change(close, 1), 20))), add(recip(pb), neg(log(market_cap))), 0.0)",conditional_v21,"where,le,add,ts_std,xs_mean,recip,neg,pct_change,ts_std,log,pct_change"
op_case_0144,v21_ts_reg_res_recip_pb_log_market_cap_15,用 15 日滚动回归得到 recip(pb) 相对 log(market_cap) 解释后的残差信号。,"ts_reg_res(recip(pb), log(market_cap), 15)",regression_v21,"ts_reg_res,recip,log"
op_case_0145,v21_ts_corr_recip_pb_log_market_cap_15,用 15 日滚动相关衡量 recip(pb) 和 log(market_cap) 的同步性。,"ts_corr(recip(pb), log(market_cap), 15)",regression_v21,"ts_corr,recip,log"
op_case_0146,v21_ts_reg_res_recip_pb_log_market_cap_20,用 20 日滚动回归得到 recip(pb) 相对 log(market_cap) 解释后的残差信号。,"ts_reg_res(recip(pb), log(market_cap), 20)",regression_v21,"ts_reg_res,recip,log"
op_case_0147,v21_ts_corr_recip_pb_log_market_cap_20,用 20 日滚动相关衡量 recip(pb) 和 log(market_cap) 的同步性。,"ts_corr(recip(pb), log(market_cap), 20)",regression_v21,"ts_corr,recip,log"
op_case_0148,v21_ts_reg_res_recip_pb_log_market_cap_30,用 30 日滚动回归得到 recip(pb) 相对 log(market_cap) 解释后的残差信号。,"ts_reg_res(recip(pb), log(market_cap), 30)",regression_v21,"ts_reg_res,recip,log"
op_case_0149,v21_ts_corr_recip_pb_log_market_cap_30,用 30 日滚动相关衡量 recip(pb) 和 log(market_cap) 的同步性。,"ts_corr(recip(pb), log(market_cap), 30)",regression_v21,"ts_corr,recip,log"
op_case_0150,v21_ts_reg_res_recip_pb_log_market_cap_45,用 45 日滚动回归得到 recip(pb) 相对 log(market_cap) 解释后的残差信号。,"ts_reg_res(recip(pb), log(market_cap), 45)",regression_v21,"ts_reg_res,recip,log"
op_case_0151,v21_ts_corr_recip_pb_log_market_cap_45,用 45 日滚动相关衡量 recip(pb) 和 log(market_cap) 的同步性。,"ts_corr(recip(pb), log(market_cap), 45)",regression_v21,"ts_corr,recip,log"
op_case_0152,v21_ts_reg_res_recip_pb_log_market_cap_60,用 60 日滚动回归得到 recip(pb) 相对 log(market_cap) 解释后的残差信号。,"ts_reg_res(recip(pb), log(market_cap), 60)",regression_v21,"ts_reg_res,recip,log"
op_case_0153,v21_ts_corr_recip_pb_log_market_cap_60,用 60 日滚动相关衡量 recip(pb) 和 log(market_cap) 的同步性。,"ts_corr(recip(pb), log(market_cap), 60)",regression_v21,"ts_corr,recip,log"
op_case_0154,v21_ts_reg_res_recip_pb_log_market_cap_90,用 90 日滚动回归得到 recip(pb) 相对 log(market_cap) 解释后的残差信号。,"ts_reg_res(recip(pb), log(market_cap), 90)",regression_v21,"ts_reg_res,recip,log"
op_case_0155,v21_ts_corr_recip_pb_log_market_cap_90,用 90 日滚动相关衡量 recip(pb) 和 log(market_cap) 的同步性。,"ts_corr(recip(pb), log(market_cap), 90)",regression_v21,"ts_corr,recip,log"
op_case_0156,v21_ts_reg_res_pct_change_close_20_recip_pb_15,"用 15 日滚动回归得到 pct_change(close, 20) 相对 recip(pb) 解释后的残差信号。","ts_reg_res(pct_change(close, 20), recip(pb), 15)",regression_v21,"ts_reg_res,pct_change,recip"
op_case_0157,v21_ts_corr_pct_change_close_20_recip_pb_15,"用 15 日滚动相关衡量 pct_change(close, 20) 和 recip(pb) 的同步性。","ts_corr(pct_change(close, 20), recip(pb), 15)",regression_v21,"ts_corr,pct_change,recip"
op_case_0158,v21_ts_reg_res_pct_change_close_20_recip_pb_20,"用 20 日滚动回归得到 pct_change(close, 20) 相对 recip(pb) 解释后的残差信号。","ts_reg_res(pct_change(close, 20), recip(pb), 20)",regression_v21,"ts_reg_res,pct_change,recip"
op_case_0159,v21_ts_corr_pct_change_close_20_recip_pb_20,"用 20 日滚动相关衡量 pct_change(close, 20) 和 recip(pb) 的同步性。","ts_corr(pct_change(close, 20), recip(pb), 20)",regression_v21,"ts_corr,pct_change,recip"
op_case_0160,v21_ts_reg_res_pct_change_close_20_recip_pb_30,"用 30 日滚动回归得到 pct_change(close, 20) 相对 recip(pb) 解释后的残差信号。","ts_reg_res(pct_change(close, 20), recip(pb), 30)",regression_v21,"ts_reg_res,pct_change,recip"
op_case_0161,v21_ts_corr_pct_change_close_20_recip_pb_30,"用 30 日滚动相关衡量 pct_change(close, 20) 和 recip(pb) 的同步性。","ts_corr(pct_change(close, 20), recip(pb), 30)",regression_v21,"ts_corr,pct_change,recip"
op_case_0162,v21_ts_reg_res_pct_change_close_20_recip_pb_45,"用 45 日滚动回归得到 pct_change(close, 20) 相对 recip(pb) 解释后的残差信号。","ts_reg_res(pct_change(close, 20), recip(pb), 45)",regression_v21,"ts_reg_res,pct_change,recip"
op_case_0163,v21_ts_corr_pct_change_close_20_recip_pb_45,"用 45 日滚动相关衡量 pct_change(close, 20) 和 recip(pb) 的同步性。","ts_corr(pct_change(close, 20), recip(pb), 45)",regression_v21,"ts_corr,pct_change,recip"
op_case_0164,v21_ts_reg_res_pct_change_close_20_recip_pb_60,"用 60 日滚动回归得到 pct_change(close, 20) 相对 recip(pb) 解释后的残差信号。","ts_reg_res(pct_change(close, 20), recip(pb), 60)",regression_v21,"ts_reg_res,pct_change,recip"
op_case_0165,v21_ts_corr_pct_change_close_20_recip_pb_60,"用 60 日滚动相关衡量 pct_change(close, 20) 和 recip(pb) 的同步性。","ts_corr(pct_change(close, 20), recip(pb), 60)",regression_v21,"ts_corr,pct_change,recip"
op_case_0166,v21_ts_reg_res_pct_change_close_20_recip_pb_90,"用 90 日滚动回归得到 pct_change(close, 20) 相对 recip(pb) 解释后的残差信号。","ts_reg_res(pct_change(close, 20), recip(pb), 90)",regression_v21,"ts_reg_res,pct_change,recip"
op_case_0167,v21_ts_corr_pct_change_close_20_recip_pb_90,"用 90 日滚动相关衡量 pct_change(close, 20) 和 recip(pb) 的同步性。","ts_corr(pct_change(close, 20), recip(pb), 90)",regression_v21,"ts_corr,pct_change,recip"
op_case_0168,v21_ts_argmax_pb_5,5 日窗口内市净率 PB最高值出现越靠近当前，信号越新。,"neg(ts_argmax(pb, 5))",rare_operator_v21,"neg,ts_argmax"
op_case_0169,v21_ts_argmin_pb_5,5 日窗口内市净率 PB最低值位置刻画低点远近。,"ts_argmin(pb, 5)",rare_operator_v21,ts_argmin
op_case_0170,v21_ts_argmaxmin_pb_5,比较 5 日窗口内市净率 PB高点和低点的位置差。,"ts_argmaxmin(pb, 5)",rare_operator_v21,ts_argmaxmin
op_case_0171,v21_ts_quantile_pb_5,市净率 PB高于自身 5 日 70% 分位数越多，历史位置越高。,"sub(pb, ts_quantile(pb, 5, 0.7))",rare_operator_v21,"sub,ts_quantile"
op_case_0172,v21_ts_sum_pb_5,用 5 日市净率 PB日变化求和近似累计变化。,"ts_sum(pct_change(pb, 1), 5)",rare_operator_v21,"ts_sum,pct_change"
op_case_0173,v21_ts_win_cumsum_pb_5,在 5 日窗口内累计市净率 PB日变化。,"ts_win_cumsum(pct_change(pb, 1), 5)",rare_operator_v21,"ts_win_cumsum,pct_change"
op_case_0174,v21_ts_prod_pb_5,对 5 日市净率 PB日变化加一后连乘。,"ts_prod(add(1.0, pct_change(pb, 1)), 5)",rare_operator_v21,"ts_prod,add,pct_change"
op_case_0175,v21_ts_argmax_pb_10,10 日窗口内市净率 PB最高值出现越靠近当前，信号越新。,"neg(ts_argmax(pb, 10))",rare_operator_v21,"neg,ts_argmax"
op_case_0176,v21_ts_argmin_pb_10,10 日窗口内市净率 PB最低值位置刻画低点远近。,"ts_argmin(pb, 10)",rare_operator_v21,ts_argmin
op_case_0177,v21_ts_argmaxmin_pb_10,比较 10 日窗口内市净率 PB高点和低点的位置差。,"ts_argmaxmin(pb, 10)",rare_operator_v21,ts_argmaxmin
op_case_0178,v21_ts_quantile_pb_10,市净率 PB高于自身 10 日 70% 分位数越多，历史位置越高。,"sub(pb, ts_quantile(pb, 10, 0.7))",rare_operator_v21,"sub,ts_quantile"
op_case_0179,v21_ts_sum_pb_10,用 10 日市净率 PB日变化求和近似累计变化。,"ts_sum(pct_change(pb, 1), 10)",rare_operator_v21,"ts_sum,pct_change"
op_case_0180,rare_xs_median,总市值相对当日横截面中位数的偏离越高，相对水平越强。,"sub(market_cap, xs_median(market_cap))",rare_operator_booster,"sub,xs_median"
op_case_0181,rare_xs_median_abs,总市值偏离横截面中位数的绝对幅度越大，异常程度越高。,"absolute(sub(market_cap, xs_median(market_cap)))",rare_operator_booster,"absolute,sub,xs_median"
op_case_0182,rare_xs_quantile,总市值相对当日横截面 0.2 分位数的偏离越高，位置越高。,"sub(market_cap, xs_quantile(market_cap, 0.2))",rare_operator_booster,"sub,xs_quantile"
op_case_0183,rare_xs_quantile,总市值相对当日横截面 0.5 分位数的偏离越高，位置越高。,"sub(market_cap, xs_quantile(market_cap, 0.5))",rare_operator_booster,"sub,xs_quantile"
op_case_0184,rare_xs_quantile,总市值相对当日横截面 0.8 分位数的偏离越高，位置越高。,"sub(market_cap, xs_quantile(market_cap, 0.8))",rare_operator_booster,"sub,xs_quantile"
op_case_0185,exp_scaled_market_cap,对横截面标准化后的总市值截断后取指数，强调高分端差异。,"exp(minimum(div(sub(market_cap, xs_mean(market_cap)), xs_std(market_cap)), 3.0))",math_transform,"exp,minimum,div,sub,xs_std,xs_mean"
op_case_0186,size,总市值越小，规模因子得分越高。,neg(log(market_cap)),fundamental,"neg,log"
op_case_0187,large_size,总市值越大，大盘风格暴露越高。,log(market_cap),fundamental,log
op_case_0188,xs_mean_gap_market_cap,总市值高于当日横截面均值越多，相对市场水平越高。,"sub(market_cap, xs_mean(market_cap))",cross_section,"sub,xs_mean"
op_case_0189,xs_std_score_market_cap,对总市值做横截面标准化，衡量相对市场偏离。,"div(sub(market_cap, xs_mean(market_cap)), xs_std(market_cap))",cross_section,"div,sub,xs_std,xs_mean"
op_case_0190,xs_share_market_cap,个股总市值占当日横截面总量比例越高，权重越大。,"div(market_cap, xs_sum(market_cap))",cross_section,"div,xs_sum"
op_case_0191,v21_group_mean_gap_extra_market_cap,总市值高于行业均值越多，行业内相对水平越高。,"sub(market_cap, group_mean(market_cap, industry))",group_v21,"sub,group_mean"
op_case_0192,group_zscore_market_cap,在行业内对总市值做标准化，得到行业中性暴露。,"div(sub(market_cap, group_mean(market_cap, industry)), group_std(market_cap, industry))",group,"div,sub,group_std,group_mean"
op_case_0193,group_relative_market_cap,总市值相对行业均值的比例越高，行业内相对强度越高。,"div(market_cap, group_mean(market_cap, industry))",group,"div,group_mean"
op_case_0194,xs_corr_close_market_cap,在同一交易日横截面上计算收盘价和总市值的相关性。,"xs_corr(close, market_cap)",cross_section,xs_corr
op_case_0195,relative_share_close_market_cap,收盘价占比高于总市值占比越多，相对关注度越异常。,"sub(div(close, xs_sum(close)), div(market_cap, xs_sum(market_cap)))",cross_section,"sub,div,div,xs_sum,xs_sum"
op_case_0196,xs_corr_volume_market_cap,在同一交易日横截面上计算成交量和总市值的相关性。,"xs_corr(volume, market_cap)",cross_section,xs_corr
op_case_0197,relative_share_volume_market_cap,成交量占比高于总市值占比越多，相对关注度越异常。,"sub(div(volume, xs_sum(volume)), div(market_cap, xs_sum(market_cap)))",cross_section,"sub,div,div,xs_sum,xs_sum"
op_case_0198,v21_industry_small_size,在行业内对小市值暴露做标准化，得到行业中性规模信号。,"div(sub(neg(log(market_cap)), group_mean(neg(log(market_cap)), industry)), group_std(neg(log(market_cap)), industry))",group_v21,"div,sub,group_std,neg,group_mean,neg,log,neg,log,log"
op_case_0199,v21_size_abs_small_size,衡量小市值暴露相对市场的异常程度。,"absolute(div(sub(neg(log(market_cap)), xs_mean(neg(log(market_cap)))), xs_std(neg(log(market_cap)))))",cross_section_v21,"absolute,div,sub,xs_std,neg,xs_mean,neg,log,neg,log,log"
op_case_0200,v21_industry_large_size,在行业内对大市值暴露做标准化，得到行业中性规模信号。,"div(sub(log(market_cap), group_mean(log(market_cap), industry)), group_std(log(market_cap), industry))",group_v21,"div,sub,group_std,log,group_mean,log,log"
op_case_0201,v21_size_abs_large_size,衡量大市值暴露相对市场的异常程度。,"absolute(div(sub(log(market_cap), xs_mean(log(market_cap))), xs_std(log(market_cap))))",cross_section_v21,"absolute,div,sub,xs_std,log,xs_mean,log,log"
op_case_0202,v21_size_rank_like,用市值对数的横截面标准化规模刻画股票规模风格。,"div(sub(log(market_cap), xs_mean(log(market_cap))), xs_std(log(market_cap)))",fundamental_v21,"div,sub,xs_std,log,xs_mean,log,log"
op_case_0203,v21_industry_size_rank_like,在行业内对市值对数的横截面标准化规模做标准化，得到行业中性规模信号。,"div(sub(div(sub(log(market_cap), xs_mean(log(market_cap))), xs_std(log(market_cap))), group_mean(div(sub(log(market_cap), xs_mean(log(market_cap))), xs_std(log(market_cap))), industry)), group_std(div(sub(log(market_cap), xs_mean(log(market_cap))), xs_std(log(market_cap))), industry))",group_v21,"div,sub,group_std,div,group_mean,div,sub,xs_std,div,sub,xs_std,log,xs_mean,log,sub,xs_std,log,xs_mean,log,log,log,xs_mean,log,log,log"
op_case_0204,v21_size_abs_size_rank_like,衡量市值对数的横截面标准化规模相对市场的异常程度。,"absolute(div(sub(div(sub(log(market_cap), xs_mean(log(market_cap))), xs_std(log(market_cap))), xs_mean(div(sub(log(market_cap), xs_mean(log(market_cap))), xs_std(log(market_cap))))), xs_std(div(sub(log(market_cap), xs_mean(log(market_cap))), xs_std(log(market_cap))))))",cross_section_v21,"absolute,div,sub,xs_std,div,xs_mean,div,sub,xs_std,div,sub,xs_std,log,xs_mean,log,sub,xs_std,log,xs_mean,log,log,log,xs_mean,log,log,log"
op_case_0205,v21_small_size_rank_like,用小市值的横截面标准化暴露刻画股票规模风格。,"neg(div(sub(log(market_cap), xs_mean(log(market_cap))), xs_std(log(market_cap))))",fundamental_v21,"neg,div,sub,xs_std,log,xs_mean,log,log"
op_case_0206,v21_industry_small_size_rank_like,在行业内对小市值的横截面标准化暴露做标准化，得到行业中性规模信号。,"div(sub(neg(div(sub(log(market_cap), xs_mean(log(market_cap))), xs_std(log(market_cap)))), group_mean(neg(div(sub(log(market_cap), xs_mean(log(market_cap))), xs_std(log(market_cap)))), industry)), group_std(neg(div(sub(log(market_cap), xs_mean(log(market_cap))), xs_std(log(market_cap)))), industry))",group_v21,"div,sub,group_std,neg,group_mean,neg,div,neg,div,sub,xs_std,div,sub,xs_std,log,xs_mean,log,sub,xs_std,log,xs_mean,log,log,log,xs_mean,log,log,log"
op_case_0207,v21_size_abs_small_size_rank_like,衡量小市值的横截面标准化暴露相对市场的异常程度。,"absolute(div(sub(neg(div(sub(log(market_cap), xs_mean(log(market_cap))), xs_std(log(market_cap)))), xs_mean(neg(div(sub(log(market_cap), xs_mean(log(market_cap))), xs_std(log(market_cap)))))), xs_std(neg(div(sub(log(market_cap), xs_mean(log(market_cap))), xs_std(log(market_cap)))))))",cross_section_v21,"absolute,div,sub,xs_std,neg,xs_mean,neg,div,neg,div,sub,xs_std,div,sub,xs_std,log,xs_mean,log,sub,xs_std,log,xs_mean,log,log,log,xs_mean,log,log,log"
op_case_0208,v21_xs_turnover_proxy,对成交量相对市值的换手代理做横截面标准化，衡量相对交易活跃程度。,"div(sub(div(volume, market_cap), xs_mean(div(volume, market_cap))), xs_std(div(volume, market_cap)))",cross_section_v21,"div,sub,xs_std,div,xs_mean,div,div"
op_case_0209,v21_group_turnover_proxy,在行业内对成交量相对市值的换手代理做标准化，得到行业中性交易信号。,"div(sub(div(volume, market_cap), group_mean(div(volume, market_cap), industry)), group_std(div(volume, market_cap), industry))",group_v21,"div,sub,group_std,div,group_mean,div,div"
op_case_0210,v21_size_flow_small_size_liquidity,同时考虑小市值暴露和20 日流动性，构造规模交易活跃度组合。,"add(neg(log(market_cap)), log1p(ts_mean(volume, 20)))",fundamental_v21,"add,neg,log1p,log,ts_mean"
op_case_0211,v21_logic_size_flow_small_size_liquidity,当小市值暴露或20 日流动性至少一个高于市场均值时，保留组合信号。,"where(logical_or(gt(neg(log(market_cap)), xs_mean(neg(log(market_cap)))), gt(log1p(ts_mean(volume, 20)), xs_mean(log1p(ts_mean(volume, 20))))), add(neg(log(market_cap)), log1p(ts_mean(volume, 20))), 0.0)",conditional_v21,"where,logical_or,add,gt,gt,neg,log1p,neg,xs_mean,log1p,xs_mean,log,ts_mean,log,neg,ts_mean,log1p,log,ts_mean"
op_case_0212,v21_size_flow_small_size_volume_attention,同时考虑小市值暴露和成交量异常放大，构造规模交易活跃度组合。,"add(neg(log(market_cap)), div(sub(volume, ts_mean(volume, 20)), ts_std(volume, 20)))",fundamental_v21,"add,neg,div,log,sub,ts_std,ts_mean"
op_case_0213,v21_logic_size_flow_small_size_volume_attention,当小市值暴露或成交量异常放大至少一个高于市场均值时，保留组合信号。,"where(logical_or(gt(neg(log(market_cap)), xs_mean(neg(log(market_cap)))), gt(div(sub(volume, ts_mean(volume, 20)), ts_std(volume, 20)), xs_mean(div(sub(volume, ts_mean(volume, 20)), ts_std(volume, 20))))), add(neg(log(market_cap)), div(sub(volume, ts_mean(volume, 20)), ts_std(volume, 20))), 0.0)",conditional_v21,"where,logical_or,add,gt,gt,neg,div,neg,xs_mean,div,xs_mean,log,sub,ts_std,log,neg,sub,ts_std,div,ts_mean,log,ts_mean,sub,ts_std,ts_mean"
op_case_0214,v21_size_flow_small_size_turnover_proxy,同时考虑小市值暴露和成交量相对市值的换手代理，构造规模交易活跃度组合。,"add(neg(log(market_cap)), div(volume, market_cap))",fundamental_v21,"add,neg,div,log"
op_case_0215,v21_logic_size_flow_small_size_turnover_proxy,当小市值暴露或成交量相对市值的换手代理至少一个高于市场均值时，保留组合信号。,"where(logical_or(gt(neg(log(market_cap)), xs_mean(neg(log(market_cap)))), gt(div(volume, market_cap), xs_mean(div(volume, market_cap)))), add(neg(log(market_cap)), div(volume, market_cap)), 0.0)",conditional_v21,"where,logical_or,add,gt,gt,neg,div,neg,xs_mean,div,xs_mean,log,log,neg,div,log"
op_case_0216,v21_size_flow_small_size_vwap_deviation,同时考虑小市值暴露和收盘价相对 VWAP 偏离，构造规模交易活跃度组合。,"add(neg(log(market_cap)), div(sub(close, vwap), vwap))",fundamental_v21,"add,neg,div,log,sub"
op_case_0217,v21_logic_size_flow_small_size_vwap_deviation,当小市值暴露或收盘价相对 VWAP 偏离至少一个高于市场均值时，保留组合信号。,"where(logical_or(gt(neg(log(market_cap)), xs_mean(neg(log(market_cap)))), gt(div(sub(close, vwap), vwap), xs_mean(div(sub(close, vwap), vwap)))), add(neg(log(market_cap)), div(sub(close, vwap), vwap)), 0.0)",conditional_v21,"where,logical_or,add,gt,gt,neg,div,neg,xs_mean,div,xs_mean,log,sub,log,neg,sub,div,log,sub"
op_case_0218,v21_size_flow_large_size_liquidity,同时考虑大市值暴露和20 日流动性，构造规模交易活跃度组合。,"add(log(market_cap), log1p(ts_mean(volume, 20)))",fundamental_v21,"add,log,log1p,ts_mean"
op_case_0219,v21_logic_size_flow_large_size_liquidity,当大市值暴露或20 日流动性至少一个高于市场均值时，保留组合信号。,"where(logical_or(gt(log(market_cap), xs_mean(log(market_cap))), gt(log1p(ts_mean(volume, 20)), xs_mean(log1p(ts_mean(volume, 20))))), add(log(market_cap), log1p(ts_mean(volume, 20))), 0.0)",conditional_v21,"where,logical_or,add,gt,gt,log,log1p,log,xs_mean,log1p,xs_mean,ts_mean,log,ts_mean,log1p,ts_mean"
op_case_0220,v21_size_flow_large_size_volume_attention,同时考虑大市值暴露和成交量异常放大，构造规模交易活跃度组合。,"add(log(market_cap), div(sub(volume, ts_mean(volume, 20)), ts_std(volume, 20)))",fundamental_v21,"add,log,div,sub,ts_std,ts_mean"
op_case_0221,v21_logic_size_flow_large_size_volume_attention,当大市值暴露或成交量异常放大至少一个高于市场均值时，保留组合信号。,"where(logical_or(gt(log(market_cap), xs_mean(log(market_cap))), gt(div(sub(volume, ts_mean(volume, 20)), ts_std(volume, 20)), xs_mean(div(sub(volume, ts_mean(volume, 20)), ts_std(volume, 20))))), add(log(market_cap), div(sub(volume, ts_mean(volume, 20)), ts_std(volume, 20))), 0.0)",conditional_v21,"where,logical_or,add,gt,gt,log,div,log,xs_mean,div,xs_mean,sub,ts_std,log,sub,ts_std,div,ts_mean,ts_mean,sub,ts_std,ts_mean"
op_case_0222,v21_size_flow_large_size_turnover_proxy,同时考虑大市值暴露和成交量相对市值的换手代理，构造规模交易活跃度组合。,"add(log(market_cap), div(volume, market_cap))",fundamental_v21,"add,log,div"
op_case_0223,v21_logic_size_flow_large_size_turnover_proxy,当大市值暴露或成交量相对市值的换手代理至少一个高于市场均值时，保留组合信号。,"where(logical_or(gt(log(market_cap), xs_mean(log(market_cap))), gt(div(volume, market_cap), xs_mean(div(volume, market_cap)))), add(log(market_cap), div(volume, market_cap)), 0.0)",conditional_v21,"where,logical_or,add,gt,gt,log,div,log,xs_mean,div,xs_mean,log,div"
op_case_0224,v21_size_flow_large_size_vwap_deviation,同时考虑大市值暴露和收盘价相对 VWAP 偏离，构造规模交易活跃度组合。,"add(log(market_cap), div(sub(close, vwap), vwap))",fundamental_v21,"add,log,div,sub"
op_case_0225,v21_logic_size_flow_large_size_vwap_deviation,当大市值暴露或收盘价相对 VWAP 偏离至少一个高于市场均值时，保留组合信号。,"where(logical_or(gt(log(market_cap), xs_mean(log(market_cap))), gt(div(sub(close, vwap), vwap), xs_mean(div(sub(close, vwap), vwap)))), add(log(market_cap), div(sub(close, vwap), vwap)), 0.0)",conditional_v21,"where,logical_or,add,gt,gt,log,div,log,xs_mean,div,xs_mean,sub,log,sub,div,sub"
op_case_0226,v21_size_flow_size_rank_like_liquidity,同时考虑市值对数的横截面标准化规模和20 日流动性，构造规模交易活跃度组合。,"add(div(sub(log(market_cap), xs_mean(log(market_cap))), xs_std(log(market_cap))), log1p(ts_mean(volume, 20)))",fundamental_v21,"add,div,log1p,sub,xs_std,ts_mean,log,xs_mean,log,log"
op_case_0227,v21_logic_size_flow_size_rank_like_liquidity,当市值对数的横截面标准化规模或20 日流动性至少一个高于市场均值时，保留组合信号。,"where(logical_or(gt(div(sub(log(market_cap), xs_mean(log(market_cap))), xs_std(log(market_cap))), xs_mean(div(sub(log(market_cap), xs_mean(log(market_cap))), xs_std(log(market_cap))))), gt(log1p(ts_mean(volume, 20)), xs_mean(log1p(ts_mean(volume, 20))))), add(div(sub(log(market_cap), xs_mean(log(market_cap))), xs_std(log(market_cap))), log1p(ts_mean(volume, 20))), 0.0)",conditional_v21,"where,logical_or,add,gt,gt,div,log1p,div,xs_mean,log1p,xs_mean,sub,xs_std,ts_mean,sub,xs_std,div,ts_mean,log1p,log,xs_mean,log,log,xs_mean,log,sub,xs_std,ts_mean,log,log,log,xs_mean,log,log"
op_case_0228,v21_size_flow_size_rank_like_volume_attention,同时考虑市值对数的横截面标准化规模和成交量异常放大，构造规模交易活跃度组合。,"add(div(sub(log(market_cap), xs_mean(log(market_cap))), xs_std(log(market_cap))), div(sub(volume, ts_mean(volume, 20)), ts_std(volume, 20)))",fundamental_v21,"add,div,div,sub,xs_std,sub,ts_std,log,xs_mean,log,ts_mean,log"
op_case_0229,v21_logic_size_flow_size_rank_like_volume_attention,当市值对数的横截面标准化规模或成交量异常放大至少一个高于市场均值时，保留组合信号。,"where(logical_or(gt(div(sub(log(market_cap), xs_mean(log(market_cap))), xs_std(log(market_cap))), xs_mean(div(sub(log(market_cap), xs_mean(log(market_cap))), xs_std(log(market_cap))))), gt(div(sub(volume, ts_mean(volume, 20)), ts_std(volume, 20)), xs_mean(div(sub(volume, ts_mean(volume, 20)), ts_std(volume, 20))))), add(div(sub(log(market_cap), xs_mean(log(market_cap))), xs_std(log(market_cap))), div(sub(volume, ts_mean(volume, 20)), ts_std(volume, 20))), 0.0)",conditional_v21,"where,logical_or,add,gt,gt,div,div,div,xs_mean,div,xs_mean,sub,xs_std,sub,ts_std,sub,xs_std,div,sub,ts_std,div,log,xs_mean,log,ts_mean,log,xs_mean,log,sub,xs_std,ts_mean,sub,ts_std,log,log,log,xs_mean,log,ts_mean,log"
op_case_0230,v21_size_flow_size_rank_like_turnover_proxy,同时考虑市值对数的横截面标准化规模和成交量相对市值的换手代理，构造规模交易活跃度组合。,"add(div(sub(log(market_cap), xs_mean(log(market_cap))), xs_std(log(market_cap))), div(volume, market_cap))",fundamental_v21,"add,div,div,sub,xs_std,log,xs_mean,log,log"
op_case_0231,v21_logic_size_flow_size_rank_like_turnover_proxy,当市值对数的横截面标准化规模或成交量相对市值的换手代理至少一个高于市场均值时，保留组合信号。,"where(logical_or(gt(div(sub(log(market_cap), xs_mean(log(market_cap))), xs_std(log(market_cap))), xs_mean(div(sub(log(market_cap), xs_mean(log(market_cap))), xs_std(log(market_cap))))), gt(div(volume, market_cap), xs_mean(div(volume, market_cap)))), add(div(sub(log(market_cap), xs_mean(log(market_cap))), xs_std(log(market_cap))), div(volume, market_cap)), 0.0)",conditional_v21,"where,logical_or,add,gt,gt,div,div,div,xs_mean,div,xs_mean,sub,xs_std,sub,xs_std,div,div,log,xs_mean,log,log,xs_mean,log,sub,xs_std,log,log,log,xs_mean,log,log"
op_case_0232,v21_size_flow_size_rank_like_vwap_deviation,同时考虑市值对数的横截面标准化规模和收盘价相对 VWAP 偏离，构造规模交易活跃度组合。,"add(div(sub(log(market_cap), xs_mean(log(market_cap))), xs_std(log(market_cap))), div(sub(close, vwap), vwap))",fundamental_v21,"add,div,div,sub,xs_std,sub,log,xs_mean,log,log"
op_case_0233,v21_logic_size_flow_size_rank_like_vwap_deviation,当市值对数的横截面标准化规模或收盘价相对 VWAP 偏离至少一个高于市场均值时，保留组合信号。,"where(logical_or(gt(div(sub(log(market_cap), xs_mean(log(market_cap))), xs_std(log(market_cap))), xs_mean(div(sub(log(market_cap), xs_mean(log(market_cap))), xs_std(log(market_cap))))), gt(div(sub(close, vwap), vwap), xs_mean(div(sub(close, vwap), vwap)))), add(div(sub(log(market_cap), xs_mean(log(market_cap))), xs_std(log(market_cap))), div(sub(close, vwap), vwap)), 0.0)",conditional_v21,"where,logical_or,add,gt,gt,div,div,div,xs_mean,div,xs_mean,sub,xs_std,sub,sub,xs_std,div,sub,div,log,xs_mean,log,log,xs_mean,log,sub,xs_std,sub,log,log,log,xs_mean,log,log"
op_case_0234,v21_size_flow_small_size_rank_like_liquidity,同时考虑小市值的横截面标准化暴露和20 日流动性，构造规模交易活跃度组合。,"add(neg(div(sub(log(market_cap), xs_mean(log(market_cap))), xs_std(log(market_cap)))), log1p(ts_mean(volume, 20)))",fundamental_v21,"add,neg,log1p,div,ts_mean,sub,xs_std,log,xs_mean,log,log"
op_case_0235,v21_logic_size_flow_small_size_rank_like_liquidity,当小市值的横截面标准化暴露或20 日流动性至少一个高于市场均值时，保留组合信号。,"where(logical_or(gt(neg(div(sub(log(market_cap), xs_mean(log(market_cap))), xs_std(log(market_cap)))), xs_mean(neg(div(sub(log(market_cap), xs_mean(log(market_cap))), xs_std(log(market_cap)))))), gt(log1p(ts_mean(volume, 20)), xs_mean(log1p(ts_mean(volume, 20))))), add(neg(div(sub(log(market_cap), xs_mean(log(market_cap))), xs_std(log(market_cap)))), log1p(ts_mean(volume, 20))), 0.0)",conditional_v21,"where,logical_or,add,gt,gt,neg,log1p,neg,xs_mean,log1p,xs_mean,div,ts_mean,div,neg,ts_mean,log1p,sub,xs_std,sub,xs_std,div,ts_mean,log,xs_mean,log,log,xs_mean,log,sub,xs_std,log,log,log,xs_mean,log,log"
op_case_0236,v21_size_flow_small_size_rank_like_volume_attention,同时考虑小市值的横截面标准化暴露和成交量异常放大，构造规模交易活跃度组合。,"add(neg(div(sub(log(market_cap), xs_mean(log(market_cap))), xs_std(log(market_cap)))), div(sub(volume, ts_mean(volume, 20)), ts_std(volume, 20)))",fundamental_v21,"add,neg,div,div,sub,ts_std,sub,xs_std,ts_mean,log,xs_mean,log,log"
op_case_0237,v21_logic_size_flow_small_size_rank_like_volume_attention,当小市值的横截面标准化暴露或成交量异常放大至少一个高于市场均值时，保留组合信号。,"where(logical_or(gt(neg(div(sub(log(market_cap), xs_mean(log(market_cap))), xs_std(log(market_cap)))), xs_mean(neg(div(sub(log(market_cap), xs_mean(log(market_cap))), xs_std(log(market_cap)))))), gt(div(sub(volume, ts_mean(volume, 20)), ts_std(volume, 20)), xs_mean(div(sub(volume, ts_mean(volume, 20)), ts_std(volume, 20))))), add(neg(div(sub(log(market_cap), xs_mean(log(market_cap))), xs_std(log(market_cap)))), div(sub(volume, ts_mean(volume, 20)), ts_std(volume, 20))), 0.0)",conditional_v21,"where,logical_or,add,gt,gt,neg,div,neg,xs_mean,div,xs_mean,div,sub,ts_std,div,neg,sub,ts_std,div,sub,xs_std,ts_mean,sub,xs_std,div,ts_mean,sub,ts_std,log,xs_mean,log,log,xs_mean,log,sub,xs_std,ts_mean,log,log,log,xs_mean,log,log"
op_case_0238,v21_size_flow_small_size_rank_like_turnover_proxy,同时考虑小市值的横截面标准化暴露和成交量相对市值的换手代理，构造规模交易活跃度组合。,"add(neg(div(sub(log(market_cap), xs_mean(log(market_cap))), xs_std(log(market_cap)))), div(volume, market_cap))",fundamental_v21,"add,neg,div,div,sub,xs_std,log,xs_mean,log,log"
op_case_0239,v21_logic_size_flow_small_size_rank_like_turnover_proxy,当小市值的横截面标准化暴露或成交量相对市值的换手代理至少一个高于市场均值时，保留组合信号。,"where(logical_or(gt(neg(div(sub(log(market_cap), xs_mean(log(market_cap))), xs_std(log(market_cap)))), xs_mean(neg(div(sub(log(market_cap), xs_mean(log(market_cap))), xs_std(log(market_cap)))))), gt(div(volume, market_cap), xs_mean(div(volume, market_cap)))), add(neg(div(sub(log(market_cap), xs_mean(log(market_cap))), xs_std(log(market_cap)))), div(volume, market_cap)), 0.0)",conditional_v21,"where,logical_or,add,gt,gt,neg,div,neg,xs_mean,div,xs_mean,div,div,neg,div,sub,xs_std,sub,xs_std,div,log,xs_mean,log,log,xs_mean,log,sub,xs_std,log,log,log,xs_mean,log,log"
op_case_0240,v21_size_flow_small_size_rank_like_vwap_deviation,同时考虑小市值的横截面标准化暴露和收盘价相对 VWAP 偏离，构造规模交易活跃度组合。,"add(neg(div(sub(log(market_cap), xs_mean(log(market_cap))), xs_std(log(market_cap)))), div(sub(close, vwap), vwap))",fundamental_v21,"add,neg,div,div,sub,sub,xs_std,log,xs_mean,log,log"
op_case_0241,v21_logic_size_flow_small_size_rank_like_vwap_deviation,当小市值的横截面标准化暴露或收盘价相对 VWAP 偏离至少一个高于市场均值时，保留组合信号。,"where(logical_or(gt(neg(div(sub(log(market_cap), xs_mean(log(market_cap))), xs_std(log(market_cap)))), xs_mean(neg(div(sub(log(market_cap), xs_mean(log(market_cap))), xs_std(log(market_cap)))))), gt(div(sub(close, vwap), vwap), xs_mean(div(sub(close, vwap), vwap)))), add(neg(div(sub(log(market_cap), xs_mean(log(market_cap))), xs_std(log(market_cap)))), div(sub(close, vwap), vwap)), 0.0)",conditional_v21,"where,logical_or,add,gt,gt,neg,div,neg,xs_mean,div,xs_mean,div,sub,div,neg,sub,div,sub,xs_std,sub,xs_std,div,sub,log,xs_mean,log,log,xs_mean,log,sub,xs_std,log,log,log,xs_mean,log,log"
op_case_0242,v21_xs_quantile_gap_market_cap_30,总市值相对横截面 0.3 分位数的偏离刻画相对位置。,"sub(market_cap, xs_quantile(market_cap, 0.3))",cross_section_v21,"sub,xs_quantile"
op_case_0243,v21_xs_quantile_gap_market_cap_70,总市值相对横截面 0.7 分位数的偏离刻画相对位置。,"sub(market_cap, xs_quantile(market_cap, 0.7))",cross_section_v21,"sub,xs_quantile"
op_case_0244,v21_xs_corr_market_cap_volume,在横截面上计算 market_cap 和 volume 的相关性，用于描述风格联动。,"xs_corr(market_cap, volume)",cross_section_v21,xs_corr
op_case_0245,v21_xs_corr_market_cap_vwap,在横截面上计算 market_cap 和 vwap 的相关性，用于描述风格联动。,"xs_corr(market_cap, vwap)",cross_section_v21,xs_corr
op_case_0246,v21_xs_corr_log_market_cap_pct_change_close_20,"在横截面上计算 log(market_cap) 和 pct_change(close, 20) 的相关性，用于描述风格联动。","xs_corr(log(market_cap), pct_change(close, 20))",cross_section_v21,"xs_corr,log,pct_change"
op_case_0247,v21_logic_and_small_liquid_size,当小市值暴露高于市场均值且流动性高于市场均值时保留小市值信号。,"where(logical_and(gt(neg(log(market_cap)), xs_mean(neg(log(market_cap)))), gt(log1p(ts_mean(volume, 20)), xs_mean(log1p(ts_mean(volume, 20))))), neg(log(market_cap)), 0.0)",conditional_v21,"where,logical_and,neg,gt,gt,log,neg,xs_mean,log1p,xs_mean,log,neg,ts_mean,log1p,log,ts_mean"
op_case_0248,v21_logic_or_small_liquid_size,当小市值暴露高于市场均值或流动性高于市场均值成立时保留小市值信号。,"where(logical_or(gt(neg(log(market_cap)), xs_mean(neg(log(market_cap)))), gt(log1p(ts_mean(volume, 20)), xs_mean(log1p(ts_mean(volume, 20))))), neg(log(market_cap)), 0.0)",conditional_v21,"where,logical_or,neg,gt,gt,log,neg,xs_mean,log1p,xs_mean,log,neg,ts_mean,log1p,log,ts_mean"
op_case_0249,v21_logic_xor_small_liquid_size,当小市值暴露高于市场均值和流动性高于市场均值只有一个成立时保留小市值信号。,"where(logical_xor(gt(neg(log(market_cap)), xs_mean(neg(log(market_cap)))), gt(log1p(ts_mean(volume, 20)), xs_mean(log1p(ts_mean(volume, 20))))), neg(log(market_cap)), 0.0)",conditional_v21,"where,logical_xor,neg,gt,gt,log,neg,xs_mean,log1p,xs_mean,log,neg,ts_mean,log1p,log,ts_mean"
op_case_0250,v21_logic_not_small_size,当不是小市值暴露高于市场均值时使用反向小市值信号。,"where(logical_not(gt(neg(log(market_cap)), xs_mean(neg(log(market_cap))))), neg(neg(log(market_cap))), 0.0)",conditional_v21,"where,logical_not,neg,gt,neg,neg,xs_mean,log,log,neg,log"
op_case_0251,v21_logic_not_low_risk_size,当不是20 日波动不高于市场均值时使用反向小市值信号。,"where(logical_not(le(ts_std(pct_change(close, 1), 20), xs_mean(ts_std(pct_change(close, 1), 20)))), neg(neg(log(market_cap))), 0.0)",conditional_v21,"where,logical_not,neg,le,neg,ts_std,xs_mean,log,pct_change,ts_std,pct_change"
op_case_0252,v21_ts_reg_res_pct_change_close_20_log_market_cap_15,"用 15 日滚动回归得到 pct_change(close, 20) 相对 log(market_cap) 解释后的残差信号。","ts_reg_res(pct_change(close, 20), log(market_cap), 15)",regression_v21,"ts_reg_res,pct_change,log"
op_case_0253,v21_ts_corr_pct_change_close_20_log_market_cap_15,"用 15 日滚动相关衡量 pct_change(close, 20) 和 log(market_cap) 的同步性。","ts_corr(pct_change(close, 20), log(market_cap), 15)",regression_v21,"ts_corr,pct_change,log"
op_case_0254,v21_ts_reg_res_pct_change_close_20_log_market_cap_20,"用 20 日滚动回归得到 pct_change(close, 20) 相对 log(market_cap) 解释后的残差信号。","ts_reg_res(pct_change(close, 20), log(market_cap), 20)",regression_v21,"ts_reg_res,pct_change,log"
op_case_0255,v21_ts_corr_pct_change_close_20_log_market_cap_20,"用 20 日滚动相关衡量 pct_change(close, 20) 和 log(market_cap) 的同步性。","ts_corr(pct_change(close, 20), log(market_cap), 20)",regression_v21,"ts_corr,pct_change,log"
op_case_0256,v21_ts_reg_res_pct_change_close_20_log_market_cap_30,"用 30 日滚动回归得到 pct_change(close, 20) 相对 log(market_cap) 解释后的残差信号。","ts_reg_res(pct_change(close, 20), log(market_cap), 30)",regression_v21,"ts_reg_res,pct_change,log"
op_case_0257,v21_ts_corr_pct_change_close_20_log_market_cap_30,"用 30 日滚动相关衡量 pct_change(close, 20) 和 log(market_cap) 的同步性。","ts_corr(pct_change(close, 20), log(market_cap), 30)",regression_v21,"ts_corr,pct_change,log"
op_case_0258,v21_ts_reg_res_pct_change_close_20_log_market_cap_45,"用 45 日滚动回归得到 pct_change(close, 20) 相对 log(market_cap) 解释后的残差信号。","ts_reg_res(pct_change(close, 20), log(market_cap), 45)",regression_v21,"ts_reg_res,pct_change,log"
op_case_0259,v21_ts_corr_pct_change_close_20_log_market_cap_45,"用 45 日滚动相关衡量 pct_change(close, 20) 和 log(market_cap) 的同步性。","ts_corr(pct_change(close, 20), log(market_cap), 45)",regression_v21,"ts_corr,pct_change,log"
op_case_0260,v21_ts_reg_res_pct_change_close_20_log_market_cap_60,"用 60 日滚动回归得到 pct_change(close, 20) 相对 log(market_cap) 解释后的残差信号。","ts_reg_res(pct_change(close, 20), log(market_cap), 60)",regression_v21,"ts_reg_res,pct_change,log"
op_case_0261,v21_ts_corr_pct_change_close_20_log_market_cap_60,"用 60 日滚动相关衡量 pct_change(close, 20) 和 log(market_cap) 的同步性。","ts_corr(pct_change(close, 20), log(market_cap), 60)",regression_v21,"ts_corr,pct_change,log"
op_case_0262,v21_ts_reg_res_pct_change_close_20_log_market_cap_90,"用 90 日滚动回归得到 pct_change(close, 20) 相对 log(market_cap) 解释后的残差信号。","ts_reg_res(pct_change(close, 20), log(market_cap), 90)",regression_v21,"ts_reg_res,pct_change,log"
op_case_0263,v21_ts_corr_pct_change_close_20_log_market_cap_90,"用 90 日滚动相关衡量 pct_change(close, 20) 和 log(market_cap) 的同步性。","ts_corr(pct_change(close, 20), log(market_cap), 90)",regression_v21,"ts_corr,pct_change,log"
op_case_0264,v21_ts_reg_res_log1p_volume_log_market_cap_15,用 15 日滚动回归得到 log1p(volume) 相对 log(market_cap) 解释后的残差信号。,"ts_reg_res(log1p(volume), log(market_cap), 15)",regression_v21,"ts_reg_res,log1p,log"
op_case_0265,v21_ts_corr_log1p_volume_log_market_cap_15,用 15 日滚动相关衡量 log1p(volume) 和 log(market_cap) 的同步性。,"ts_corr(log1p(volume), log(market_cap), 15)",regression_v21,"ts_corr,log1p,log"
op_case_0266,v21_ts_reg_res_log1p_volume_log_market_cap_20,用 20 日滚动回归得到 log1p(volume) 相对 log(market_cap) 解释后的残差信号。,"ts_reg_res(log1p(volume), log(market_cap), 20)",regression_v21,"ts_reg_res,log1p,log"
op_case_0267,v21_ts_corr_log1p_volume_log_market_cap_20,用 20 日滚动相关衡量 log1p(volume) 和 log(market_cap) 的同步性。,"ts_corr(log1p(volume), log(market_cap), 20)",regression_v21,"ts_corr,log1p,log"
op_case_0268,v21_ts_reg_res_log1p_volume_log_market_cap_30,用 30 日滚动回归得到 log1p(volume) 相对 log(market_cap) 解释后的残差信号。,"ts_reg_res(log1p(volume), log(market_cap), 30)",regression_v21,"ts_reg_res,log1p,log"
op_case_0269,v21_ts_corr_log1p_volume_log_market_cap_30,用 30 日滚动相关衡量 log1p(volume) 和 log(market_cap) 的同步性。,"ts_corr(log1p(volume), log(market_cap), 30)",regression_v21,"ts_corr,log1p,log"
op_case_0270,v21_ts_reg_res_log1p_volume_log_market_cap_45,用 45 日滚动回归得到 log1p(volume) 相对 log(market_cap) 解释后的残差信号。,"ts_reg_res(log1p(volume), log(market_cap), 45)",regression_v21,"ts_reg_res,log1p,log"
op_case_0271,v21_ts_corr_log1p_volume_log_market_cap_45,用 45 日滚动相关衡量 log1p(volume) 和 log(market_cap) 的同步性。,"ts_corr(log1p(volume), log(market_cap), 45)",regression_v21,"ts_corr,log1p,log"
op_case_0272,v21_ts_reg_res_log1p_volume_log_market_cap_60,用 60 日滚动回归得到 log1p(volume) 相对 log(market_cap) 解释后的残差信号。,"ts_reg_res(log1p(volume), log(market_cap), 60)",regression_v21,"ts_reg_res,log1p,log"
op_case_0273,v21_ts_corr_log1p_volume_log_market_cap_60,用 60 日滚动相关衡量 log1p(volume) 和 log(market_cap) 的同步性。,"ts_corr(log1p(volume), log(market_cap), 60)",regression_v21,"ts_corr,log1p,log"
op_case_0274,v21_ts_reg_res_log1p_volume_log_market_cap_90,用 90 日滚动回归得到 log1p(volume) 相对 log(market_cap) 解释后的残差信号。,"ts_reg_res(log1p(volume), log(market_cap), 90)",regression_v21,"ts_reg_res,log1p,log"
op_case_0275,v21_ts_corr_log1p_volume_log_market_cap_90,用 90 日滚动相关衡量 log1p(volume) 和 log(market_cap) 的同步性。,"ts_corr(log1p(volume), log(market_cap), 90)",regression_v21,"ts_corr,log1p,log"
op_case_0276,v21_ts_reg_res_div_volume_market_cap_pct_change_close_5_15,"用 15 日滚动回归得到 div(volume, market_cap) 相对 pct_change(close, 5) 解释后的残差信号。","ts_reg_res(div(volume, market_cap), pct_change(close, 5), 15)",regression_v21,"ts_reg_res,div,pct_change"
op_case_0277,v21_ts_corr_div_volume_market_cap_pct_change_close_5_15,"用 15 日滚动相关衡量 div(volume, market_cap) 和 pct_change(close, 5) 的同步性。","ts_corr(div(volume, market_cap), pct_change(close, 5), 15)",regression_v21,"ts_corr,div,pct_change"
op_case_0278,v21_ts_reg_res_div_volume_market_cap_pct_change_close_5_20,"用 20 日滚动回归得到 div(volume, market_cap) 相对 pct_change(close, 5) 解释后的残差信号。","ts_reg_res(div(volume, market_cap), pct_change(close, 5), 20)",regression_v21,"ts_reg_res,div,pct_change"
op_case_0279,v21_ts_corr_div_volume_market_cap_pct_change_close_5_20,"用 20 日滚动相关衡量 div(volume, market_cap) 和 pct_change(close, 5) 的同步性。","ts_corr(div(volume, market_cap), pct_change(close, 5), 20)",regression_v21,"ts_corr,div,pct_change"
op_case_0280,v21_ts_reg_res_div_volume_market_cap_pct_change_close_5_30,"用 30 日滚动回归得到 div(volume, market_cap) 相对 pct_change(close, 5) 解释后的残差信号。","ts_reg_res(div(volume, market_cap), pct_change(close, 5), 30)",regression_v21,"ts_reg_res,div,pct_change"
op_case_0281,v21_ts_corr_div_volume_market_cap_pct_change_close_5_30,"用 30 日滚动相关衡量 div(volume, market_cap) 和 pct_change(close, 5) 的同步性。","ts_corr(div(volume, market_cap), pct_change(close, 5), 30)",regression_v21,"ts_corr,div,pct_change"
op_case_0282,v21_ts_reg_res_div_volume_market_cap_pct_change_close_5_45,"用 45 日滚动回归得到 div(volume, market_cap) 相对 pct_change(close, 5) 解释后的残差信号。","ts_reg_res(div(volume, market_cap), pct_change(close, 5), 45)",regression_v21,"ts_reg_res,div,pct_change"
op_case_0283,v21_ts_corr_div_volume_market_cap_pct_change_close_5_45,"用 45 日滚动相关衡量 div(volume, market_cap) 和 pct_change(close, 5) 的同步性。","ts_corr(div(volume, market_cap), pct_change(close, 5), 45)",regression_v21,"ts_corr,div,pct_change"
op_case_0284,v21_ts_reg_res_div_volume_market_cap_pct_change_close_5_60,"用 60 日滚动回归得到 div(volume, market_cap) 相对 pct_change(close, 5) 解释后的残差信号。","ts_reg_res(div(volume, market_cap), pct_change(close, 5), 60)",regression_v21,"ts_reg_res,div,pct_change"
op_case_0285,v21_ts_corr_div_volume_market_cap_pct_change_close_5_60,"用 60 日滚动相关衡量 div(volume, market_cap) 和 pct_change(close, 5) 的同步性。","ts_corr(div(volume, market_cap), pct_change(close, 5), 60)",regression_v21,"ts_corr,div,pct_change"
op_case_0286,v21_ts_reg_res_div_volume_market_cap_pct_change_close_5_90,"用 90 日滚动回归得到 div(volume, market_cap) 相对 pct_change(close, 5) 解释后的残差信号。","ts_reg_res(div(volume, market_cap), pct_change(close, 5), 90)",regression_v21,"ts_reg_res,div,pct_change"
op_case_0287,v21_ts_corr_div_volume_market_cap_pct_change_close_5_90,"用 90 日滚动相关衡量 div(volume, market_cap) 和 pct_change(close, 5) 的同步性。","ts_corr(div(volume, market_cap), pct_change(close, 5), 90)",regression_v21,"ts_corr,div,pct_change"
op_case_0288,v21_group_mean_gap_extra_close,收盘价高于行业均值越多，行业内相对水平越高。,"sub(close, group_mean(close, industry))",group_v21,"sub,group_mean"
op_case_0289,group_zscore_close,在行业内对收盘价做标准化，得到行业中性暴露。,"div(sub(close, group_mean(close, industry)), group_std(close, industry))",group,"div,sub,group_std,group_mean"
op_case_0290,group_relative_close,收盘价相对行业均值的比例越高，行业内相对强度越高。,"div(close, group_mean(close, industry))",group,"div,group_mean"
op_case_0291,v21_group_mean_gap_extra_volume,成交量高于行业均值越多，行业内相对水平越高。,"sub(volume, group_mean(volume, industry))",group_v21,"sub,group_mean"
op_case_0292,group_zscore_volume,在行业内对成交量做标准化，得到行业中性暴露。,"div(sub(volume, group_mean(volume, industry)), group_std(volume, industry))",group,"div,sub,group_std,group_mean"
op_case_0293,group_relative_volume,成交量相对行业均值的比例越高，行业内相对强度越高。,"div(volume, group_mean(volume, industry))",group,"div,group_mean"
op_case_0294,v21_group_liquidity,在行业内对20 日流动性做标准化，得到行业中性交易信号。,"div(sub(log1p(ts_mean(volume, 20)), group_mean(log1p(ts_mean(volume, 20)), industry)), group_std(log1p(ts_mean(volume, 20)), industry))",group_v21,"div,sub,group_std,log1p,group_mean,log1p,ts_mean,log1p,ts_mean,ts_mean"
op_case_0295,v21_group_volume_attention,在行业内对成交量异常放大做标准化，得到行业中性交易信号。,"div(sub(div(sub(volume, ts_mean(volume, 20)), ts_std(volume, 20)), group_mean(div(sub(volume, ts_mean(volume, 20)), ts_std(volume, 20)), industry)), group_std(div(sub(volume, ts_mean(volume, 20)), ts_std(volume, 20)), industry))",group_v21,"div,sub,group_std,div,group_mean,div,sub,ts_std,div,sub,ts_std,ts_mean,sub,ts_std,ts_mean,ts_mean"
op_case_0296,v21_group_vwap_deviation,在行业内对收盘价相对 VWAP 偏离做标准化，得到行业中性交易信号。,"div(sub(div(sub(close, vwap), vwap), group_mean(div(sub(close, vwap), vwap), industry)), group_std(div(sub(close, vwap), vwap), industry))",group_v21,"div,sub,group_std,div,group_mean,div,sub,div,sub,sub"
op_case_0297,v21_group_mean_gap_extra_open,开盘价高于行业均值越多，行业内相对水平越高。,"sub(open, group_mean(open, industry))",group_v21,"sub,group_mean"
op_case_0298,v21_group_std_score_extra_open,在行业内对开盘价做标准化，比较同行业相对强弱。,"div(sub(open, group_mean(open, industry)), group_std(open, industry))",group_v21,"div,sub,group_std,group_mean"
op_case_0299,v21_group_ratio_extra_open,开盘价相对行业均值的比例刻画行业内位置。,"div(open, group_mean(open, industry))",group_v21,"div,group_mean"
op_case_0300,v21_group_mean_gap_extra_high,最高价高于行业均值越多，行业内相对水平越高。,"sub(high, group_mean(high, industry))",group_v21,"sub,group_mean"
op_case_0301,v21_group_std_score_extra_high,在行业内对最高价做标准化，比较同行业相对强弱。,"div(sub(high, group_mean(high, industry)), group_std(high, industry))",group_v21,"div,sub,group_std,group_mean"
op_case_0302,v21_group_ratio_extra_high,最高价相对行业均值的比例刻画行业内位置。,"div(high, group_mean(high, industry))",group_v21,"div,group_mean"
op_case_0303,v21_group_mean_gap_extra_low,最低价高于行业均值越多，行业内相对水平越高。,"sub(low, group_mean(low, industry))",group_v21,"sub,group_mean"
op_case_0304,v21_group_std_score_extra_low,在行业内对最低价做标准化，比较同行业相对强弱。,"div(sub(low, group_mean(low, industry)), group_std(low, industry))",group_v21,"div,sub,group_std,group_mean"
op_case_0305,v21_group_ratio_extra_low,最低价相对行业均值的比例刻画行业内位置。,"div(low, group_mean(low, industry))",group_v21,"div,group_mean"
op_case_0306,v21_group_mean_gap_extra_vwap,成交量加权平均价高于行业均值越多，行业内相对水平越高。,"sub(vwap, group_mean(vwap, industry))",group_v21,"sub,group_mean"
op_case_0307,v21_group_std_score_extra_vwap,在行业内对成交量加权平均价做标准化，比较同行业相对强弱。,"div(sub(vwap, group_mean(vwap, industry)), group_std(vwap, industry))",group_v21,"div,sub,group_std,group_mean"
op_case_0308,v21_group_ratio_extra_vwap,成交量加权平均价相对行业均值的比例刻画行业内位置。,"div(vwap, group_mean(vwap, industry))",group_v21,"div,group_mean"
op_case_0309,v21_group_momentum_5,在行业内标准化 5 日动量，衡量相对同行趋势。,"div(sub(pct_change(close, 5), group_mean(pct_change(close, 5), industry)), group_std(pct_change(close, 5), industry))",group_v21,"div,sub,group_std,pct_change,group_mean,pct_change,pct_change"
op_case_0310,v21_group_liquidity_5,在行业内标准化 5 日流动性，衡量同行业内交易活跃度。,"div(sub(log1p(ts_mean(volume, 5)), group_mean(log1p(ts_mean(volume, 5)), industry)), group_std(log1p(ts_mean(volume, 5)), industry))",group_v21,"div,sub,group_std,log1p,group_mean,log1p,ts_mean,log1p,ts_mean,ts_mean"
op_case_0311,v21_group_volatility_5,在行业内标准化 5 日波动率，比较同行风险水平。,"div(sub(ts_std(pct_change(close, 1), 5), group_mean(ts_std(pct_change(close, 1), 5), industry)), group_std(ts_std(pct_change(close, 1), 5), industry))",group_v21,"div,sub,group_std,ts_std,group_mean,ts_std,pct_change,ts_std,pct_change,pct_change"
op_case_0312,v21_group_momentum_10,在行业内标准化 10 日动量，衡量相对同行趋势。,"div(sub(pct_change(close, 10), group_mean(pct_change(close, 10), industry)), group_std(pct_change(close, 10), industry))",group_v21,"div,sub,group_std,pct_change,group_mean,pct_change,pct_change"
op_case_0313,v21_group_liquidity_10,在行业内标准化 10 日流动性，衡量同行业内交易活跃度。,"div(sub(log1p(ts_mean(volume, 10)), group_mean(log1p(ts_mean(volume, 10)), industry)), group_std(log1p(ts_mean(volume, 10)), industry))",group_v21,"div,sub,group_std,log1p,group_mean,log1p,ts_mean,log1p,ts_mean,ts_mean"
op_case_0314,v21_group_volatility_10,在行业内标准化 10 日波动率，比较同行风险水平。,"div(sub(ts_std(pct_change(close, 1), 10), group_mean(ts_std(pct_change(close, 1), 10), industry)), group_std(ts_std(pct_change(close, 1), 10), industry))",group_v21,"div,sub,group_std,ts_std,group_mean,ts_std,pct_change,ts_std,pct_change,pct_change"
op_case_0315,v21_group_momentum_20,在行业内标准化 20 日动量，衡量相对同行趋势。,"div(sub(pct_change(close, 20), group_mean(pct_change(close, 20), industry)), group_std(pct_change(close, 20), industry))",group_v21,"div,sub,group_std,pct_change,group_mean,pct_change,pct_change"
op_case_0316,v21_group_volatility_20,在行业内标准化 20 日波动率，比较同行风险水平。,"div(sub(ts_std(pct_change(close, 1), 20), group_mean(ts_std(pct_change(close, 1), 20), industry)), group_std(ts_std(pct_change(close, 1), 20), industry))",group_v21,"div,sub,group_std,ts_std,group_mean,ts_std,pct_change,ts_std,pct_change,pct_change"
op_case_0317,v21_group_momentum_30,在行业内标准化 30 日动量，衡量相对同行趋势。,"div(sub(pct_change(close, 30), group_mean(pct_change(close, 30), industry)), group_std(pct_change(close, 30), industry))",group_v21,"div,sub,group_std,pct_change,group_mean,pct_change,pct_change"
op_case_0318,v21_group_liquidity_30,在行业内标准化 30 日流动性，衡量同行业内交易活跃度。,"div(sub(log1p(ts_mean(volume, 30)), group_mean(log1p(ts_mean(volume, 30)), industry)), group_std(log1p(ts_mean(volume, 30)), industry))",group_v21,"div,sub,group_std,log1p,group_mean,log1p,ts_mean,log1p,ts_mean,ts_mean"
op_case_0319,v21_group_volatility_30,在行业内标准化 30 日波动率，比较同行风险水平。,"div(sub(ts_std(pct_change(close, 1), 30), group_mean(ts_std(pct_change(close, 1), 30), industry)), group_std(ts_std(pct_change(close, 1), 30), industry))",group_v21,"div,sub,group_std,ts_std,group_mean,ts_std,pct_change,ts_std,pct_change,pct_change"
op_case_0320,v21_group_momentum_45,在行业内标准化 45 日动量，衡量相对同行趋势。,"div(sub(pct_change(close, 45), group_mean(pct_change(close, 45), industry)), group_std(pct_change(close, 45), industry))",group_v21,"div,sub,group_std,pct_change,group_mean,pct_change,pct_change"
op_case_0321,v21_group_liquidity_45,在行业内标准化 45 日流动性，衡量同行业内交易活跃度。,"div(sub(log1p(ts_mean(volume, 45)), group_mean(log1p(ts_mean(volume, 45)), industry)), group_std(log1p(ts_mean(volume, 45)), industry))",group_v21,"div,sub,group_std,log1p,group_mean,log1p,ts_mean,log1p,ts_mean,ts_mean"
op_case_0322,v21_group_volatility_45,在行业内标准化 45 日波动率，比较同行风险水平。,"div(sub(ts_std(pct_change(close, 1), 45), group_mean(ts_std(pct_change(close, 1), 45), industry)), group_std(ts_std(pct_change(close, 1), 45), industry))",group_v21,"div,sub,group_std,ts_std,group_mean,ts_std,pct_change,ts_std,pct_change,pct_change"
op_case_0323,v21_group_momentum_60,在行业内标准化 60 日动量，衡量相对同行趋势。,"div(sub(pct_change(close, 60), group_mean(pct_change(close, 60), industry)), group_std(pct_change(close, 60), industry))",group_v21,"div,sub,group_std,pct_change,group_mean,pct_change,pct_change"
op_case_0324,v21_group_liquidity_60,在行业内标准化 60 日流动性，衡量同行业内交易活跃度。,"div(sub(log1p(ts_mean(volume, 60)), group_mean(log1p(ts_mean(volume, 60)), industry)), group_std(log1p(ts_mean(volume, 60)), industry))",group_v21,"div,sub,group_std,log1p,group_mean,log1p,ts_mean,log1p,ts_mean,ts_mean"
op_case_0325,v21_group_volatility_60,在行业内标准化 60 日波动率，比较同行风险水平。,"div(sub(ts_std(pct_change(close, 1), 60), group_mean(ts_std(pct_change(close, 1), 60), industry)), group_std(ts_std(pct_change(close, 1), 60), industry))",group_v21,"div,sub,group_std,ts_std,group_mean,ts_std,pct_change,ts_std,pct_change,pct_change"
op_case_0326,v21_group_composite_abs_value,衡量价值在行业内的异常偏离幅度。,"absolute(div(sub(recip(pb), group_mean(recip(pb), industry)), group_std(recip(pb), industry)))",group_v21,"absolute,div,sub,group_std,recip,group_mean,recip,recip"
op_case_0327,v21_group_composite_positive_value,只有价值高于行业均值时保留行业标准化信号。,"where(gt(recip(pb), group_mean(recip(pb), industry)), div(sub(recip(pb), group_mean(recip(pb), industry)), group_std(recip(pb), industry)), 0.0)",group_v21,"where,gt,div,recip,group_mean,sub,group_std,recip,recip,group_mean,recip,recip"
op_case_0328,v21_group_composite_negative_value,只有价值不高于行业均值时保留反向行业标准化信号。,"where(le(recip(pb), group_mean(recip(pb), industry)), neg(div(sub(recip(pb), group_mean(recip(pb), industry)), group_std(recip(pb), industry))), 0.0)",group_v21,"where,le,neg,recip,group_mean,div,recip,sub,group_std,recip,group_mean,recip,recip"
op_case_0329,v21_group_composite_abs_size,衡量规模在行业内的异常偏离幅度。,"absolute(div(sub(log(market_cap), group_mean(log(market_cap), industry)), group_std(log(market_cap), industry)))",group_v21,"absolute,div,sub,group_std,log,group_mean,log,log"
op_case_0330,v21_group_composite_positive_size,只有规模高于行业均值时保留行业标准化信号。,"where(gt(log(market_cap), group_mean(log(market_cap), industry)), div(sub(log(market_cap), group_mean(log(market_cap), industry)), group_std(log(market_cap), industry)), 0.0)",group_v21,"where,gt,div,log,group_mean,sub,group_std,log,log,group_mean,log,log"
op_case_0331,v21_group_composite_negative_size,只有规模不高于行业均值时保留反向行业标准化信号。,"where(le(log(market_cap), group_mean(log(market_cap), industry)), neg(div(sub(log(market_cap), group_mean(log(market_cap), industry)), group_std(log(market_cap), industry))), 0.0)",group_v21,"where,le,neg,log,group_mean,div,log,sub,group_std,log,group_mean,log,log"
op_case_0332,v21_group_composite_abs_small_size,衡量小市值在行业内的异常偏离幅度。,"absolute(div(sub(neg(log(market_cap)), group_mean(neg(log(market_cap)), industry)), group_std(neg(log(market_cap)), industry)))",group_v21,"absolute,div,sub,group_std,neg,group_mean,neg,log,neg,log,log"
op_case_0333,v21_group_composite_positive_small_size,只有小市值高于行业均值时保留行业标准化信号。,"where(gt(neg(log(market_cap)), group_mean(neg(log(market_cap)), industry)), div(sub(neg(log(market_cap)), group_mean(neg(log(market_cap)), industry)), group_std(neg(log(market_cap)), industry)), 0.0)",group_v21,"where,gt,div,neg,group_mean,sub,group_std,log,neg,neg,group_mean,neg,log,log,neg,log,log"
op_case_0334,v21_group_composite_negative_small_size,只有小市值不高于行业均值时保留反向行业标准化信号。,"where(le(neg(log(market_cap)), group_mean(neg(log(market_cap)), industry)), neg(div(sub(neg(log(market_cap)), group_mean(neg(log(market_cap)), industry)), group_std(neg(log(market_cap)), industry))), 0.0)",group_v21,"where,le,neg,neg,group_mean,div,log,neg,sub,group_std,log,neg,group_mean,neg,log,neg,log,log"
op_case_0335,v21_group_composite_abs_turnover,衡量换手代理在行业内的异常偏离幅度。,"absolute(div(sub(div(volume, market_cap), group_mean(div(volume, market_cap), industry)), group_std(div(volume, market_cap), industry)))",group_v21,"absolute,div,sub,group_std,div,group_mean,div,div"
op_case_0336,v21_group_composite_positive_turnover,只有换手代理高于行业均值时保留行业标准化信号。,"where(gt(div(volume, market_cap), group_mean(div(volume, market_cap), industry)), div(sub(div(volume, market_cap), group_mean(div(volume, market_cap), industry)), group_std(div(volume, market_cap), industry)), 0.0)",group_v21,"where,gt,div,div,group_mean,sub,group_std,div,div,group_mean,div,div"
op_case_0337,v21_group_composite_negative_turnover,只有换手代理不高于行业均值时保留反向行业标准化信号。,"where(le(div(volume, market_cap), group_mean(div(volume, market_cap), industry)), neg(div(sub(div(volume, market_cap), group_mean(div(volume, market_cap), industry)), group_std(div(volume, market_cap), industry))), 0.0)",group_v21,"where,le,neg,div,group_mean,div,div,sub,group_std,div,group_mean,div,div"
op_case_0338,v21_group_composite_abs_liquidity20,衡量20 日流动性在行业内的异常偏离幅度。,"absolute(div(sub(log1p(ts_mean(volume, 20)), group_mean(log1p(ts_mean(volume, 20)), industry)), group_std(log1p(ts_mean(volume, 20)), industry)))",group_v21,"absolute,div,sub,group_std,log1p,group_mean,log1p,ts_mean,log1p,ts_mean,ts_mean"
op_case_0339,v21_group_composite_positive_liquidity20,只有20 日流动性高于行业均值时保留行业标准化信号。,"where(gt(log1p(ts_mean(volume, 20)), group_mean(log1p(ts_mean(volume, 20)), industry)), div(sub(log1p(ts_mean(volume, 20)), group_mean(log1p(ts_mean(volume, 20)), industry)), group_std(log1p(ts_mean(volume, 20)), industry)), 0.0)",group_v21,"where,gt,div,log1p,group_mean,sub,group_std,ts_mean,log1p,log1p,group_mean,log1p,ts_mean,ts_mean,log1p,ts_mean,ts_mean"
op_case_0340,v21_group_composite_negative_liquidity20,只有20 日流动性不高于行业均值时保留反向行业标准化信号。,"where(le(log1p(ts_mean(volume, 20)), group_mean(log1p(ts_mean(volume, 20)), industry)), neg(div(sub(log1p(ts_mean(volume, 20)), group_mean(log1p(ts_mean(volume, 20)), industry)), group_std(log1p(ts_mean(volume, 20)), industry))), 0.0)",group_v21,"where,le,neg,log1p,group_mean,div,ts_mean,log1p,sub,group_std,ts_mean,log1p,group_mean,log1p,ts_mean,log1p,ts_mean,ts_mean"
op_case_0341,v21_group_composite_abs_momentum20,衡量20 日动量在行业内的异常偏离幅度。,"absolute(div(sub(pct_change(close, 20), group_mean(pct_change(close, 20), industry)), group_std(pct_change(close, 20), industry)))",group_v21,"absolute,div,sub,group_std,pct_change,group_mean,pct_change,pct_change"
op_case_0342,v21_group_composite_positive_momentum20,只有20 日动量高于行业均值时保留行业标准化信号。,"where(gt(pct_change(close, 20), group_mean(pct_change(close, 20), industry)), div(sub(pct_change(close, 20), group_mean(pct_change(close, 20), industry)), group_std(pct_change(close, 20), industry)), 0.0)",group_v21,"where,gt,div,pct_change,group_mean,sub,group_std,pct_change,pct_change,group_mean,pct_change,pct_change"
op_case_0343,v21_group_composite_negative_momentum20,只有20 日动量不高于行业均值时保留反向行业标准化信号。,"where(le(pct_change(close, 20), group_mean(pct_change(close, 20), industry)), neg(div(sub(pct_change(close, 20), group_mean(pct_change(close, 20), industry)), group_std(pct_change(close, 20), industry))), 0.0)",group_v21,"where,le,neg,pct_change,group_mean,div,pct_change,sub,group_std,pct_change,group_mean,pct_change,pct_change"
op_case_0344,v21_group_composite_abs_momentum60,衡量60 日动量在行业内的异常偏离幅度。,"absolute(div(sub(pct_change(close, 60), group_mean(pct_change(close, 60), industry)), group_std(pct_change(close, 60), industry)))",group_v21,"absolute,div,sub,group_std,pct_change,group_mean,pct_change,pct_change"
op_case_0345,v21_group_composite_positive_momentum60,只有60 日动量高于行业均值时保留行业标准化信号。,"where(gt(pct_change(close, 60), group_mean(pct_change(close, 60), industry)), div(sub(pct_change(close, 60), group_mean(pct_change(close, 60), industry)), group_std(pct_change(close, 60), industry)), 0.0)",group_v21,"where,gt,div,pct_change,group_mean,sub,group_std,pct_change,pct_change,group_mean,pct_change,pct_change"
op_case_0346,v21_group_composite_negative_momentum60,只有60 日动量不高于行业均值时保留反向行业标准化信号。,"where(le(pct_change(close, 60), group_mean(pct_change(close, 60), industry)), neg(div(sub(pct_change(close, 60), group_mean(pct_change(close, 60), industry)), group_std(pct_change(close, 60), industry))), 0.0)",group_v21,"where,le,neg,pct_change,group_mean,div,pct_change,sub,group_std,pct_change,group_mean,pct_change,pct_change"
op_case_0347,v21_group_composite_abs_vol20,衡量20 日波动在行业内的异常偏离幅度。,"absolute(div(sub(ts_std(pct_change(close, 1), 20), group_mean(ts_std(pct_change(close, 1), 20), industry)), group_std(ts_std(pct_change(close, 1), 20), industry)))",group_v21,"absolute,div,sub,group_std,ts_std,group_mean,ts_std,pct_change,ts_std,pct_change,pct_change"
op_case_0348,v21_group_composite_positive_vol20,只有20 日波动高于行业均值时保留行业标准化信号。,"where(gt(ts_std(pct_change(close, 1), 20), group_mean(ts_std(pct_change(close, 1), 20), industry)), div(sub(ts_std(pct_change(close, 1), 20), group_mean(ts_std(pct_change(close, 1), 20), industry)), group_std(ts_std(pct_change(close, 1), 20), industry)), 0.0)",group_v21,"where,gt,div,ts_std,group_mean,sub,group_std,pct_change,ts_std,ts_std,group_mean,ts_std,pct_change,pct_change,ts_std,pct_change,pct_change"
op_case_0349,v21_group_composite_negative_vol20,只有20 日波动不高于行业均值时保留反向行业标准化信号。,"where(le(ts_std(pct_change(close, 1), 20), group_mean(ts_std(pct_change(close, 1), 20), industry)), neg(div(sub(ts_std(pct_change(close, 1), 20), group_mean(ts_std(pct_change(close, 1), 20), industry)), group_std(ts_std(pct_change(close, 1), 20), industry))), 0.0)",group_v21,"where,le,neg,ts_std,group_mean,div,pct_change,ts_std,sub,group_std,pct_change,ts_std,group_mean,ts_std,pct_change,ts_std,pct_change,pct_change"
op_case_0350,v21_group_composite_abs_vwap_gap,衡量VWAP 偏离在行业内的异常偏离幅度。,"absolute(div(sub(div(sub(close, vwap), vwap), group_mean(div(sub(close, vwap), vwap), industry)), group_std(div(sub(close, vwap), vwap), industry)))",group_v21,"absolute,div,sub,group_std,div,group_mean,div,sub,div,sub,sub"
op_case_0351,v21_group_composite_positive_vwap_gap,只有VWAP 偏离高于行业均值时保留行业标准化信号。,"where(gt(div(sub(close, vwap), vwap), group_mean(div(sub(close, vwap), vwap), industry)), div(sub(div(sub(close, vwap), vwap), group_mean(div(sub(close, vwap), vwap), industry)), group_std(div(sub(close, vwap), vwap), industry)), 0.0)",group_v21,"where,gt,div,div,group_mean,sub,group_std,sub,div,div,group_mean,div,sub,sub,div,sub,sub"
op_case_0352,v21_group_composite_negative_vwap_gap,只有VWAP 偏离不高于行业均值时保留反向行业标准化信号。,"where(le(div(sub(close, vwap), vwap), group_mean(div(sub(close, vwap), vwap), industry)), neg(div(sub(div(sub(close, vwap), vwap), group_mean(div(sub(close, vwap), vwap), industry)), group_std(div(sub(close, vwap), vwap), industry))), 0.0)",group_v21,"where,le,neg,div,group_mean,div,sub,div,sub,group_std,sub,div,group_mean,div,sub,div,sub,sub"
op_case_0353,v21_group_capped_open_1,对开盘价行业内标准化值做正负 1 截断。,"minimum(maximum(div(sub(open, group_mean(open, industry)), group_std(open, industry)), -1.0), 1.0)",group_v21,"minimum,maximum,div,sub,group_std,group_mean"
op_case_0354,v21_group_capped_open_2,对开盘价行业内标准化值做正负 2 截断。,"minimum(maximum(div(sub(open, group_mean(open, industry)), group_std(open, industry)), -2.0), 2.0)",group_v21,"minimum,maximum,div,sub,group_std,group_mean"
op_case_0355,v21_group_capped_open_3,对开盘价行业内标准化值做正负 3 截断。,"minimum(maximum(div(sub(open, group_mean(open, industry)), group_std(open, industry)), -3.0), 3.0)",group_v21,"minimum,maximum,div,sub,group_std,group_mean"
op_case_0356,v21_group_capped_close_1,对收盘价行业内标准化值做正负 1 截断。,"minimum(maximum(div(sub(close, group_mean(close, industry)), group_std(close, industry)), -1.0), 1.0)",group_v21,"minimum,maximum,div,sub,group_std,group_mean"
op_case_0357,v21_group_capped_close_2,对收盘价行业内标准化值做正负 2 截断。,"minimum(maximum(div(sub(close, group_mean(close, industry)), group_std(close, industry)), -2.0), 2.0)",group_v21,"minimum,maximum,div,sub,group_std,group_mean"
op_case_0358,v21_group_capped_close_3,对收盘价行业内标准化值做正负 3 截断。,"minimum(maximum(div(sub(close, group_mean(close, industry)), group_std(close, industry)), -3.0), 3.0)",group_v21,"minimum,maximum,div,sub,group_std,group_mean"
op_case_0359,v21_group_capped_high_1,对最高价行业内标准化值做正负 1 截断。,"minimum(maximum(div(sub(high, group_mean(high, industry)), group_std(high, industry)), -1.0), 1.0)",group_v21,"minimum,maximum,div,sub,group_std,group_mean"
op_case_0360,v21_group_capped_high_2,对最高价行业内标准化值做正负 2 截断。,"minimum(maximum(div(sub(high, group_mean(high, industry)), group_std(high, industry)), -2.0), 2.0)",group_v21,"minimum,maximum,div,sub,group_std,group_mean"
op_case_0361,v21_group_capped_high_3,对最高价行业内标准化值做正负 3 截断。,"minimum(maximum(div(sub(high, group_mean(high, industry)), group_std(high, industry)), -3.0), 3.0)",group_v21,"minimum,maximum,div,sub,group_std,group_mean"
op_case_0362,v21_group_capped_low_1,对最低价行业内标准化值做正负 1 截断。,"minimum(maximum(div(sub(low, group_mean(low, industry)), group_std(low, industry)), -1.0), 1.0)",group_v21,"minimum,maximum,div,sub,group_std,group_mean"
op_case_0363,v21_group_capped_low_2,对最低价行业内标准化值做正负 2 截断。,"minimum(maximum(div(sub(low, group_mean(low, industry)), group_std(low, industry)), -2.0), 2.0)",group_v21,"minimum,maximum,div,sub,group_std,group_mean"
op_case_0364,v21_group_capped_low_3,对最低价行业内标准化值做正负 3 截断。,"minimum(maximum(div(sub(low, group_mean(low, industry)), group_std(low, industry)), -3.0), 3.0)",group_v21,"minimum,maximum,div,sub,group_std,group_mean"
op_case_0365,v21_group_capped_volume_1,对成交量行业内标准化值做正负 1 截断。,"minimum(maximum(div(sub(volume, group_mean(volume, industry)), group_std(volume, industry)), -1.0), 1.0)",group_v21,"minimum,maximum,div,sub,group_std,group_mean"
op_case_0366,v21_group_capped_volume_2,对成交量行业内标准化值做正负 2 截断。,"minimum(maximum(div(sub(volume, group_mean(volume, industry)), group_std(volume, industry)), -2.0), 2.0)",group_v21,"minimum,maximum,div,sub,group_std,group_mean"
op_case_0367,v21_group_capped_volume_3,对成交量行业内标准化值做正负 3 截断。,"minimum(maximum(div(sub(volume, group_mean(volume, industry)), group_std(volume, industry)), -3.0), 3.0)",group_v21,"minimum,maximum,div,sub,group_std,group_mean"
op_case_0368,v21_group_capped_vwap_1,对成交量加权平均价行业内标准化值做正负 1 截断。,"minimum(maximum(div(sub(vwap, group_mean(vwap, industry)), group_std(vwap, industry)), -1.0), 1.0)",group_v21,"minimum,maximum,div,sub,group_std,group_mean"
op_case_0369,v21_group_capped_vwap_2,对成交量加权平均价行业内标准化值做正负 2 截断。,"minimum(maximum(div(sub(vwap, group_mean(vwap, industry)), group_std(vwap, industry)), -2.0), 2.0)",group_v21,"minimum,maximum,div,sub,group_std,group_mean"
op_case_0370,rare_xs_corr,在横截面上计算 5 日收益和成交量之间的相关性。,"xs_corr(pct_change(close, 5), volume)",rare_operator_booster,"xs_corr,pct_change"
op_case_0371,rare_xs_corr,在横截面上计算 7 日收益和成交量之间的相关性。,"xs_corr(pct_change(close, 7), volume)",rare_operator_booster,"xs_corr,pct_change"
op_case_0372,rare_xs_corr,在横截面上计算 10 日收益和成交量之间的相关性。,"xs_corr(pct_change(close, 10), volume)",rare_operator_booster,"xs_corr,pct_change"
op_case_0373,rare_xs_corr,在横截面上计算 15 日收益和成交量之间的相关性。,"xs_corr(pct_change(close, 15), volume)",rare_operator_booster,"xs_corr,pct_change"
op_case_0374,rare_xs_corr,在横截面上计算 20 日收益和成交量之间的相关性。,"xs_corr(pct_change(close, 20), volume)",rare_operator_booster,"xs_corr,pct_change"
op_case_0375,rare_xs_corr,在横截面上计算 30 日收益和成交量之间的相关性。,"xs_corr(pct_change(close, 30), volume)",rare_operator_booster,"xs_corr,pct_change"
op_case_0376,rare_xs_corr,在横截面上计算 45 日收益和成交量之间的相关性。,"xs_corr(pct_change(close, 45), volume)",rare_operator_booster,"xs_corr,pct_change"
op_case_0377,rare_xs_corr,在横截面上计算 60 日收益和成交量之间的相关性。,"xs_corr(pct_change(close, 60), volume)",rare_operator_booster,"xs_corr,pct_change"
op_case_0378,rare_xs_corr,在横截面上计算 75 日收益和成交量之间的相关性。,"xs_corr(pct_change(close, 75), volume)",rare_operator_booster,"xs_corr,pct_change"
op_case_0379,rare_xs_corr,在横截面上计算 90 日收益和成交量之间的相关性。,"xs_corr(pct_change(close, 90), volume)",rare_operator_booster,"xs_corr,pct_change"
op_case_0380,rare_xs_median,开盘价相对当日横截面中位数的偏离越高，相对水平越强。,"sub(open, xs_median(open))",rare_operator_booster,"sub,xs_median"
op_case_0381,rare_xs_median_abs,开盘价偏离横截面中位数的绝对幅度越大，异常程度越高。,"absolute(sub(open, xs_median(open)))",rare_operator_booster,"absolute,sub,xs_median"
op_case_0382,rare_xs_median,收盘价相对当日横截面中位数的偏离越高，相对水平越强。,"sub(close, xs_median(close))",rare_operator_booster,"sub,xs_median"
op_case_0383,rare_xs_median_abs,收盘价偏离横截面中位数的绝对幅度越大，异常程度越高。,"absolute(sub(close, xs_median(close)))",rare_operator_booster,"absolute,sub,xs_median"
op_case_0384,rare_xs_median,最高价相对当日横截面中位数的偏离越高，相对水平越强。,"sub(high, xs_median(high))",rare_operator_booster,"sub,xs_median"
op_case_0385,rare_xs_median_abs,最高价偏离横截面中位数的绝对幅度越大，异常程度越高。,"absolute(sub(high, xs_median(high)))",rare_operator_booster,"absolute,sub,xs_median"
op_case_0386,rare_xs_median,最低价相对当日横截面中位数的偏离越高，相对水平越强。,"sub(low, xs_median(low))",rare_operator_booster,"sub,xs_median"
op_case_0387,rare_xs_median_abs,最低价偏离横截面中位数的绝对幅度越大，异常程度越高。,"absolute(sub(low, xs_median(low)))",rare_operator_booster,"absolute,sub,xs_median"
op_case_0388,rare_xs_median,成交量相对当日横截面中位数的偏离越高，相对水平越强。,"sub(volume, xs_median(volume))",rare_operator_booster,"sub,xs_median"
op_case_0389,rare_xs_median_abs,成交量偏离横截面中位数的绝对幅度越大，异常程度越高。,"absolute(sub(volume, xs_median(volume)))",rare_operator_booster,"absolute,sub,xs_median"
op_case_0390,rare_xs_median,成交量加权平均价相对当日横截面中位数的偏离越高，相对水平越强。,"sub(vwap, xs_median(vwap))",rare_operator_booster,"sub,xs_median"
op_case_0391,rare_xs_median_abs,成交量加权平均价偏离横截面中位数的绝对幅度越大，异常程度越高。,"absolute(sub(vwap, xs_median(vwap)))",rare_operator_booster,"absolute,sub,xs_median"
op_case_0392,rare_xs_quantile,开盘价相对当日横截面 0.2 分位数的偏离越高，位置越高。,"sub(open, xs_quantile(open, 0.2))",rare_operator_booster,"sub,xs_quantile"
op_case_0393,rare_xs_quantile,开盘价相对当日横截面 0.5 分位数的偏离越高，位置越高。,"sub(open, xs_quantile(open, 0.5))",rare_operator_booster,"sub,xs_quantile"
op_case_0394,rare_xs_quantile,开盘价相对当日横截面 0.8 分位数的偏离越高，位置越高。,"sub(open, xs_quantile(open, 0.8))",rare_operator_booster,"sub,xs_quantile"
op_case_0395,rare_xs_quantile,收盘价相对当日横截面 0.2 分位数的偏离越高，位置越高。,"sub(close, xs_quantile(close, 0.2))",rare_operator_booster,"sub,xs_quantile"
op_case_0396,rare_xs_quantile,收盘价相对当日横截面 0.5 分位数的偏离越高，位置越高。,"sub(close, xs_quantile(close, 0.5))",rare_operator_booster,"sub,xs_quantile"
op_case_0397,rare_xs_quantile,收盘价相对当日横截面 0.8 分位数的偏离越高，位置越高。,"sub(close, xs_quantile(close, 0.8))",rare_operator_booster,"sub,xs_quantile"
op_case_0398,rare_xs_quantile,最高价相对当日横截面 0.2 分位数的偏离越高，位置越高。,"sub(high, xs_quantile(high, 0.2))",rare_operator_booster,"sub,xs_quantile"
op_case_0399,rare_xs_quantile,最高价相对当日横截面 0.5 分位数的偏离越高，位置越高。,"sub(high, xs_quantile(high, 0.5))",rare_operator_booster,"sub,xs_quantile"
op_case_0400,rare_xs_quantile,最高价相对当日横截面 0.8 分位数的偏离越高，位置越高。,"sub(high, xs_quantile(high, 0.8))",rare_operator_booster,"sub,xs_quantile"
op_case_0401,rare_xs_quantile,最低价相对当日横截面 0.2 分位数的偏离越高，位置越高。,"sub(low, xs_quantile(low, 0.2))",rare_operator_booster,"sub,xs_quantile"
op_case_0402,rare_xs_quantile,最低价相对当日横截面 0.5 分位数的偏离越高，位置越高。,"sub(low, xs_quantile(low, 0.5))",rare_operator_booster,"sub,xs_quantile"
op_case_0403,rare_xs_quantile,最低价相对当日横截面 0.8 分位数的偏离越高，位置越高。,"sub(low, xs_quantile(low, 0.8))",rare_operator_booster,"sub,xs_quantile"
op_case_0404,rare_xs_quantile,成交量相对当日横截面 0.2 分位数的偏离越高，位置越高。,"sub(volume, xs_quantile(volume, 0.2))",rare_operator_booster,"sub,xs_quantile"
op_case_0405,rare_xs_quantile,成交量相对当日横截面 0.5 分位数的偏离越高，位置越高。,"sub(volume, xs_quantile(volume, 0.5))",rare_operator_booster,"sub,xs_quantile"
op_case_0406,rare_xs_quantile,成交量相对当日横截面 0.8 分位数的偏离越高，位置越高。,"sub(volume, xs_quantile(volume, 0.8))",rare_operator_booster,"sub,xs_quantile"
op_case_0407,rare_xs_quantile,成交量加权平均价相对当日横截面 0.2 分位数的偏离越高，位置越高。,"sub(vwap, xs_quantile(vwap, 0.2))",rare_operator_booster,"sub,xs_quantile"
op_case_0408,rare_xs_quantile,成交量加权平均价相对当日横截面 0.5 分位数的偏离越高，位置越高。,"sub(vwap, xs_quantile(vwap, 0.5))",rare_operator_booster,"sub,xs_quantile"
op_case_0409,rare_xs_quantile,成交量加权平均价相对当日横截面 0.8 分位数的偏离越高，位置越高。,"sub(vwap, xs_quantile(vwap, 0.8))",rare_operator_booster,"sub,xs_quantile"
op_case_0410,rare_xs_prod,2 日收益加一后的横截面乘积刻画整体价格变化结构。,"xs_prod(add(1.0, pct_change(close, 2)))",rare_operator_booster,"xs_prod,add,pct_change"
op_case_0411,rare_xs_prod,2 日 VWAP 变化加一后的横截面乘积刻画整体交易价格变化结构。,"xs_prod(add(1.0, pct_change(vwap, 2)))",rare_operator_booster,"xs_prod,add,pct_change"
op_case_0412,rare_xs_prod,5 日窗口下成交量相对均量变化加一后的横截面乘积刻画整体交易活跃度。,"xs_prod(add(1.0, div(sub(volume, ts_mean(volume, 5)), ts_mean(volume, 5))))",rare_operator_booster,"xs_prod,add,div,sub,ts_mean,ts_mean"
op_case_0413,rare_xs_prod,3 日收益加一后的横截面乘积刻画整体价格变化结构。,"xs_prod(add(1.0, pct_change(close, 3)))",rare_operator_booster,"xs_prod,add,pct_change"
op_case_0414,rare_xs_prod,3 日 VWAP 变化加一后的横截面乘积刻画整体交易价格变化结构。,"xs_prod(add(1.0, pct_change(vwap, 3)))",rare_operator_booster,"xs_prod,add,pct_change"
op_case_0415,rare_xs_prod,5 日收益加一后的横截面乘积刻画整体价格变化结构。,"xs_prod(add(1.0, pct_change(close, 5)))",rare_operator_booster,"xs_prod,add,pct_change"
op_case_0416,rare_xs_prod,5 日 VWAP 变化加一后的横截面乘积刻画整体交易价格变化结构。,"xs_prod(add(1.0, pct_change(vwap, 5)))",rare_operator_booster,"xs_prod,add,pct_change"
op_case_0417,rare_xs_prod,7 日收益加一后的横截面乘积刻画整体价格变化结构。,"xs_prod(add(1.0, pct_change(close, 7)))",rare_operator_booster,"xs_prod,add,pct_change"
op_case_0418,rare_xs_prod,7 日 VWAP 变化加一后的横截面乘积刻画整体交易价格变化结构。,"xs_prod(add(1.0, pct_change(vwap, 7)))",rare_operator_booster,"xs_prod,add,pct_change"
op_case_0419,rare_xs_prod,7 日窗口下成交量相对均量变化加一后的横截面乘积刻画整体交易活跃度。,"xs_prod(add(1.0, div(sub(volume, ts_mean(volume, 7)), ts_mean(volume, 7))))",rare_operator_booster,"xs_prod,add,div,sub,ts_mean,ts_mean"
op_case_0420,rare_xs_prod,10 日收益加一后的横截面乘积刻画整体价格变化结构。,"xs_prod(add(1.0, pct_change(close, 10)))",rare_operator_booster,"xs_prod,add,pct_change"
op_case_0421,rare_xs_prod,10 日 VWAP 变化加一后的横截面乘积刻画整体交易价格变化结构。,"xs_prod(add(1.0, pct_change(vwap, 10)))",rare_operator_booster,"xs_prod,add,pct_change"
op_case_0422,rare_xs_prod,10 日窗口下成交量相对均量变化加一后的横截面乘积刻画整体交易活跃度。,"xs_prod(add(1.0, div(sub(volume, ts_mean(volume, 10)), ts_mean(volume, 10))))",rare_operator_booster,"xs_prod,add,div,sub,ts_mean,ts_mean"
op_case_0423,rare_xs_prod,15 日收益加一后的横截面乘积刻画整体价格变化结构。,"xs_prod(add(1.0, pct_change(close, 15)))",rare_operator_booster,"xs_prod,add,pct_change"
op_case_0424,rare_xs_prod,15 日 VWAP 变化加一后的横截面乘积刻画整体交易价格变化结构。,"xs_prod(add(1.0, pct_change(vwap, 15)))",rare_operator_booster,"xs_prod,add,pct_change"
op_case_0425,rare_xs_prod,15 日窗口下成交量相对均量变化加一后的横截面乘积刻画整体交易活跃度。,"xs_prod(add(1.0, div(sub(volume, ts_mean(volume, 15)), ts_mean(volume, 15))))",rare_operator_booster,"xs_prod,add,div,sub,ts_mean,ts_mean"
op_case_0426,xs_mean_gap_close,收盘价高于当日横截面均值越多，相对市场水平越高。,"sub(close, xs_mean(close))",cross_section,"sub,xs_mean"
op_case_0427,xs_std_score_close,对收盘价做横截面标准化，衡量相对市场偏离。,"div(sub(close, xs_mean(close)), xs_std(close))",cross_section,"div,sub,xs_std,xs_mean"
op_case_0428,xs_share_close,个股收盘价占当日横截面总量比例越高，权重越大。,"div(close, xs_sum(close))",cross_section,"div,xs_sum"
op_case_0429,xs_mean_gap_volume,成交量高于当日横截面均值越多，相对市场水平越高。,"sub(volume, xs_mean(volume))",cross_section,"sub,xs_mean"
op_case_0430,xs_std_score_volume,对成交量做横截面标准化，衡量相对市场偏离。,"div(sub(volume, xs_mean(volume)), xs_std(volume))",cross_section,"div,sub,xs_std,xs_mean"
op_case_0431,xs_mean_gap_vwap,成交量加权平均价高于当日横截面均值越多，相对市场水平越高。,"sub(vwap, xs_mean(vwap))",cross_section,"sub,xs_mean"
op_case_0432,xs_std_score_vwap,对成交量加权平均价做横截面标准化，衡量相对市场偏离。,"div(sub(vwap, xs_mean(vwap)), xs_std(vwap))",cross_section,"div,sub,xs_std,xs_mean"
op_case_0433,xs_share_vwap,个股成交量加权平均价占当日横截面总量比例越高，权重越大。,"div(vwap, xs_sum(vwap))",cross_section,"div,xs_sum"
op_case_0434,xs_corr_close_volume,在同一交易日横截面上计算收盘价和成交量的相关性。,"xs_corr(close, volume)",cross_section,xs_corr
op_case_0435,relative_share_close_volume,收盘价占比高于成交量占比越多，相对关注度越异常。,"sub(div(close, xs_sum(close)), div(volume, xs_sum(volume)))",cross_section,"sub,div,div,xs_sum,xs_sum"
op_case_0436,xs_prod_volume_scale,计算成交量相对横截面均量后的横截面乘积。,"xs_prod(div(volume, xs_mean(volume)))",cross_section,"xs_prod,div,xs_mean"
op_case_0437,v21_xs_liquidity,对20 日流动性做横截面标准化，衡量相对交易活跃程度。,"div(sub(log1p(ts_mean(volume, 20)), xs_mean(log1p(ts_mean(volume, 20)))), xs_std(log1p(ts_mean(volume, 20))))",cross_section_v21,"div,sub,xs_std,log1p,xs_mean,log1p,ts_mean,log1p,ts_mean,ts_mean"
op_case_0438,v21_xs_volume_attention,对成交量异常放大做横截面标准化，衡量相对交易活跃程度。,"div(sub(div(sub(volume, ts_mean(volume, 20)), ts_std(volume, 20)), xs_mean(div(sub(volume, ts_mean(volume, 20)), ts_std(volume, 20)))), xs_std(div(sub(volume, ts_mean(volume, 20)), ts_std(volume, 20))))",cross_section_v21,"div,sub,xs_std,div,xs_mean,div,sub,ts_std,div,sub,ts_std,ts_mean,sub,ts_std,ts_mean,ts_mean"
op_case_0439,v21_xs_vwap_deviation,对收盘价相对 VWAP 偏离做横截面标准化，衡量相对交易活跃程度。,"div(sub(div(sub(close, vwap), vwap), xs_mean(div(sub(close, vwap), vwap))), xs_std(div(sub(close, vwap), vwap)))",cross_section_v21,"div,sub,xs_std,div,xs_mean,div,sub,div,sub,sub"
op_case_0440,v21_xs_std_score_open,对开盘价做横截面 z-score 标准化。,"div(sub(open, xs_mean(open)), xs_std(open))",cross_section_v21,"div,sub,xs_std,xs_mean"
op_case_0441,v21_xs_quantile_gap_open_30,开盘价相对横截面 0.3 分位数的偏离刻画相对位置。,"sub(open, xs_quantile(open, 0.3))",cross_section_v21,"sub,xs_quantile"
op_case_0442,v21_xs_quantile_gap_open_70,开盘价相对横截面 0.7 分位数的偏离刻画相对位置。,"sub(open, xs_quantile(open, 0.7))",cross_section_v21,"sub,xs_quantile"
op_case_0443,v21_xs_quantile_gap_close_30,收盘价相对横截面 0.3 分位数的偏离刻画相对位置。,"sub(close, xs_quantile(close, 0.3))",cross_section_v21,"sub,xs_quantile"
op_case_0444,v21_xs_quantile_gap_close_70,收盘价相对横截面 0.7 分位数的偏离刻画相对位置。,"sub(close, xs_quantile(close, 0.7))",cross_section_v21,"sub,xs_quantile"
op_case_0445,v21_xs_std_score_high,对最高价做横截面 z-score 标准化。,"div(sub(high, xs_mean(high)), xs_std(high))",cross_section_v21,"div,sub,xs_std,xs_mean"
op_case_0446,v21_xs_quantile_gap_high_30,最高价相对横截面 0.3 分位数的偏离刻画相对位置。,"sub(high, xs_quantile(high, 0.3))",cross_section_v21,"sub,xs_quantile"
op_case_0447,v21_xs_quantile_gap_high_70,最高价相对横截面 0.7 分位数的偏离刻画相对位置。,"sub(high, xs_quantile(high, 0.7))",cross_section_v21,"sub,xs_quantile"
op_case_0448,v21_xs_std_score_low,对最低价做横截面 z-score 标准化。,"div(sub(low, xs_mean(low)), xs_std(low))",cross_section_v21,"div,sub,xs_std,xs_mean"
op_case_0449,v21_xs_quantile_gap_low_30,最低价相对横截面 0.3 分位数的偏离刻画相对位置。,"sub(low, xs_quantile(low, 0.3))",cross_section_v21,"sub,xs_quantile"
op_case_0450,v21_xs_quantile_gap_low_70,最低价相对横截面 0.7 分位数的偏离刻画相对位置。,"sub(low, xs_quantile(low, 0.7))",cross_section_v21,"sub,xs_quantile"
op_case_0451,v21_xs_quantile_gap_volume_30,成交量相对横截面 0.3 分位数的偏离刻画相对位置。,"sub(volume, xs_quantile(volume, 0.3))",cross_section_v21,"sub,xs_quantile"
op_case_0452,v21_xs_quantile_gap_volume_70,成交量相对横截面 0.7 分位数的偏离刻画相对位置。,"sub(volume, xs_quantile(volume, 0.7))",cross_section_v21,"sub,xs_quantile"
op_case_0453,v21_xs_quantile_gap_vwap_30,成交量加权平均价相对横截面 0.3 分位数的偏离刻画相对位置。,"sub(vwap, xs_quantile(vwap, 0.3))",cross_section_v21,"sub,xs_quantile"
op_case_0454,v21_xs_quantile_gap_vwap_70,成交量加权平均价相对横截面 0.7 分位数的偏离刻画相对位置。,"sub(vwap, xs_quantile(vwap, 0.7))",cross_section_v21,"sub,xs_quantile"
op_case_0455,v21_xs_prod_return_close_20,20 日收盘价收益加一后的横截面乘积刻画整体变化结构。,"xs_prod(add(1.0, pct_change(close, 20)))",cross_section_v21,"xs_prod,add,pct_change"
op_case_0456,v21_xs_prod_return_close_30,30 日收盘价收益加一后的横截面乘积刻画整体变化结构。,"xs_prod(add(1.0, pct_change(close, 30)))",cross_section_v21,"xs_prod,add,pct_change"
op_case_0457,v21_xs_prod_return_close_60,60 日收盘价收益加一后的横截面乘积刻画整体变化结构。,"xs_prod(add(1.0, pct_change(close, 60)))",cross_section_v21,"xs_prod,add,pct_change"
op_case_0458,v21_xs_prod_return_volume_3,3 日成交量收益加一后的横截面乘积刻画整体变化结构。,"xs_prod(add(1.0, pct_change(volume, 3)))",cross_section_v21,"xs_prod,add,pct_change"
op_case_0459,v21_xs_prod_return_volume_5,5 日成交量收益加一后的横截面乘积刻画整体变化结构。,"xs_prod(add(1.0, pct_change(volume, 5)))",cross_section_v21,"xs_prod,add,pct_change"
op_case_0460,v21_xs_prod_return_volume_10,10 日成交量收益加一后的横截面乘积刻画整体变化结构。,"xs_prod(add(1.0, pct_change(volume, 10)))",cross_section_v21,"xs_prod,add,pct_change"
op_case_0461,v21_xs_prod_return_volume_20,20 日成交量收益加一后的横截面乘积刻画整体变化结构。,"xs_prod(add(1.0, pct_change(volume, 20)))",cross_section_v21,"xs_prod,add,pct_change"
op_case_0462,v21_xs_prod_return_volume_30,30 日成交量收益加一后的横截面乘积刻画整体变化结构。,"xs_prod(add(1.0, pct_change(volume, 30)))",cross_section_v21,"xs_prod,add,pct_change"
op_case_0463,v21_xs_prod_return_volume_60,60 日成交量收益加一后的横截面乘积刻画整体变化结构。,"xs_prod(add(1.0, pct_change(volume, 60)))",cross_section_v21,"xs_prod,add,pct_change"
op_case_0464,v21_xs_prod_return_vwap_20,20 日成交量加权平均价收益加一后的横截面乘积刻画整体变化结构。,"xs_prod(add(1.0, pct_change(vwap, 20)))",cross_section_v21,"xs_prod,add,pct_change"
op_case_0465,v21_xs_prod_return_vwap_30,30 日成交量加权平均价收益加一后的横截面乘积刻画整体变化结构。,"xs_prod(add(1.0, pct_change(vwap, 30)))",cross_section_v21,"xs_prod,add,pct_change"
op_case_0466,v21_xs_prod_return_vwap_60,60 日成交量加权平均价收益加一后的横截面乘积刻画整体变化结构。,"xs_prod(add(1.0, pct_change(vwap, 60)))",cross_section_v21,"xs_prod,add,pct_change"
op_case_0467,v21_xs_corr_extra_vwap_market_cap,在横截面上计算成交量加权平均价和总市值的相关性。,"xs_corr(vwap, market_cap)",cross_section_v21,xs_corr
op_case_0468,v21_xs_corr_extra_open_volume,在横截面上计算开盘价和成交量的相关性。,"xs_corr(open, volume)",cross_section_v21,xs_corr
op_case_0469,v21_xs_corr_extra_high_volume,在横截面上计算最高价和成交量的相关性。,"xs_corr(high, volume)",cross_section_v21,xs_corr
op_case_0470,v21_xs_corr_extra_low_volume,在横截面上计算最低价和成交量的相关性。,"xs_corr(low, volume)",cross_section_v21,xs_corr
op_case_0471,v21_xs_capped_z_open_1,对开盘价横截面标准化值做正负 1 截断。,"minimum(maximum(div(sub(open, xs_mean(open)), xs_std(open)), -1.0), 1.0)",cross_section_v21,"minimum,maximum,div,sub,xs_std,xs_mean"
op_case_0472,v21_xs_exp_z_open_1,"对开盘价横截面标准化值截断后取指数，强调高分端。（字段 open；核心算子 exp, minimum, div, sub, xs_std, xs_mean；数值参数 1.0；参数化版本 1。）","exp(minimum(div(sub(open, xs_mean(open)), xs_std(open)), 1.0))",cross_section_v21,"exp,minimum,div,sub,xs_std,xs_mean"
op_case_0473,v21_xs_capped_z_open_2,对开盘价横截面标准化值做正负 2 截断。,"minimum(maximum(div(sub(open, xs_mean(open)), xs_std(open)), -2.0), 2.0)",cross_section_v21,"minimum,maximum,div,sub,xs_std,xs_mean"
op_case_0474,v21_xs_exp_z_open_2,"对开盘价横截面标准化值截断后取指数，强调高分端。（字段 open；核心算子 exp, minimum, div, sub, xs_std, xs_mean；数值参数 2.0；参数化版本 2。）","exp(minimum(div(sub(open, xs_mean(open)), xs_std(open)), 2.0))",cross_section_v21,"exp,minimum,div,sub,xs_std,xs_mean"
op_case_0475,v21_xs_capped_z_open_3,对开盘价横截面标准化值做正负 3 截断。,"minimum(maximum(div(sub(open, xs_mean(open)), xs_std(open)), -3.0), 3.0)",cross_section_v21,"minimum,maximum,div,sub,xs_std,xs_mean"
op_case_0476,v21_xs_capped_z_open_4,对开盘价横截面标准化值做正负 4 截断。,"minimum(maximum(div(sub(open, xs_mean(open)), xs_std(open)), -4.0), 4.0)",cross_section_v21,"minimum,maximum,div,sub,xs_std,xs_mean"
op_case_0477,v21_xs_exp_z_open_4,"对开盘价横截面标准化值截断后取指数，强调高分端。（字段 open；核心算子 exp, minimum, div, sub, xs_std, xs_mean；数值参数 4.0；参数化版本 3。）","exp(minimum(div(sub(open, xs_mean(open)), xs_std(open)), 4.0))",cross_section_v21,"exp,minimum,div,sub,xs_std,xs_mean"
op_case_0478,v21_xs_median_z_open,用横截面标准差缩放开盘价相对中位数的偏离。,"div(sub(open, xs_median(open)), xs_std(open))",cross_section_v21,"div,sub,xs_std,xs_median"
op_case_0479,v21_xs_high_median_gate_open,只有开盘价高于横截面中位数时保留标准化信号。,"where(gt(open, xs_median(open)), div(sub(open, xs_mean(open)), xs_std(open)), 0.0)",cross_section_v21,"where,gt,div,xs_median,sub,xs_std,xs_mean"
op_case_0480,v21_xs_low_median_gate_open,只有开盘价不高于横截面中位数时保留反向标准化信号。,"where(le(open, xs_median(open)), neg(div(sub(open, xs_mean(open)), xs_std(open))), 0.0)",cross_section_v21,"where,le,neg,xs_median,div,sub,xs_std,xs_mean"
op_case_0481,v21_xs_capped_z_close_1,对收盘价横截面标准化值做正负 1 截断。,"minimum(maximum(div(sub(close, xs_mean(close)), xs_std(close)), -1.0), 1.0)",cross_section_v21,"minimum,maximum,div,sub,xs_std,xs_mean"
op_case_0482,v21_xs_exp_z_close_1,"对收盘价横截面标准化值截断后取指数，强调高分端。（字段 close；核心算子 exp, minimum, div, sub, xs_std, xs_mean；数值参数 1.0；参数化版本 1。）","exp(minimum(div(sub(close, xs_mean(close)), xs_std(close)), 1.0))",cross_section_v21,"exp,minimum,div,sub,xs_std,xs_mean"
op_case_0483,v21_xs_capped_z_close_2,对收盘价横截面标准化值做正负 2 截断。,"minimum(maximum(div(sub(close, xs_mean(close)), xs_std(close)), -2.0), 2.0)",cross_section_v21,"minimum,maximum,div,sub,xs_std,xs_mean"
op_case_0484,v21_xs_exp_z_close_2,"对收盘价横截面标准化值截断后取指数，强调高分端。（字段 close；核心算子 exp, minimum, div, sub, xs_std, xs_mean；数值参数 2.0；参数化版本 2。）","exp(minimum(div(sub(close, xs_mean(close)), xs_std(close)), 2.0))",cross_section_v21,"exp,minimum,div,sub,xs_std,xs_mean"
op_case_0485,v21_xs_capped_z_close_3,对收盘价横截面标准化值做正负 3 截断。,"minimum(maximum(div(sub(close, xs_mean(close)), xs_std(close)), -3.0), 3.0)",cross_section_v21,"minimum,maximum,div,sub,xs_std,xs_mean"
op_case_0486,v21_xs_capped_z_close_4,对收盘价横截面标准化值做正负 4 截断。,"minimum(maximum(div(sub(close, xs_mean(close)), xs_std(close)), -4.0), 4.0)",cross_section_v21,"minimum,maximum,div,sub,xs_std,xs_mean"
op_case_0487,v21_xs_exp_z_close_4,"对收盘价横截面标准化值截断后取指数，强调高分端。（字段 close；核心算子 exp, minimum, div, sub, xs_std, xs_mean；数值参数 4.0；参数化版本 3。）","exp(minimum(div(sub(close, xs_mean(close)), xs_std(close)), 4.0))",cross_section_v21,"exp,minimum,div,sub,xs_std,xs_mean"
op_case_0488,v21_xs_median_z_close,用横截面标准差缩放收盘价相对中位数的偏离。,"div(sub(close, xs_median(close)), xs_std(close))",cross_section_v21,"div,sub,xs_std,xs_median"
op_case_0489,v21_xs_high_median_gate_close,只有收盘价高于横截面中位数时保留标准化信号。,"where(gt(close, xs_median(close)), div(sub(close, xs_mean(close)), xs_std(close)), 0.0)",cross_section_v21,"where,gt,div,xs_median,sub,xs_std,xs_mean"
op_case_0490,v21_xs_low_median_gate_close,只有收盘价不高于横截面中位数时保留反向标准化信号。,"where(le(close, xs_median(close)), neg(div(sub(close, xs_mean(close)), xs_std(close))), 0.0)",cross_section_v21,"where,le,neg,xs_median,div,sub,xs_std,xs_mean"
op_case_0491,v21_xs_capped_z_high_1,对最高价横截面标准化值做正负 1 截断。,"minimum(maximum(div(sub(high, xs_mean(high)), xs_std(high)), -1.0), 1.0)",cross_section_v21,"minimum,maximum,div,sub,xs_std,xs_mean"
op_case_0492,v21_xs_exp_z_high_1,"对最高价横截面标准化值截断后取指数，强调高分端。（字段 high；核心算子 exp, minimum, div, sub, xs_std, xs_mean；数值参数 1.0；参数化版本 1。）","exp(minimum(div(sub(high, xs_mean(high)), xs_std(high)), 1.0))",cross_section_v21,"exp,minimum,div,sub,xs_std,xs_mean"
op_case_0493,v21_xs_capped_z_high_2,对最高价横截面标准化值做正负 2 截断。,"minimum(maximum(div(sub(high, xs_mean(high)), xs_std(high)), -2.0), 2.0)",cross_section_v21,"minimum,maximum,div,sub,xs_std,xs_mean"
op_case_0494,v21_xs_exp_z_high_2,"对最高价横截面标准化值截断后取指数，强调高分端。（字段 high；核心算子 exp, minimum, div, sub, xs_std, xs_mean；数值参数 2.0；参数化版本 2。）","exp(minimum(div(sub(high, xs_mean(high)), xs_std(high)), 2.0))",cross_section_v21,"exp,minimum,div,sub,xs_std,xs_mean"
op_case_0495,v21_xs_capped_z_high_3,对最高价横截面标准化值做正负 3 截断。,"minimum(maximum(div(sub(high, xs_mean(high)), xs_std(high)), -3.0), 3.0)",cross_section_v21,"minimum,maximum,div,sub,xs_std,xs_mean"
op_case_0496,v21_xs_capped_z_high_4,对最高价横截面标准化值做正负 4 截断。,"minimum(maximum(div(sub(high, xs_mean(high)), xs_std(high)), -4.0), 4.0)",cross_section_v21,"minimum,maximum,div,sub,xs_std,xs_mean"
op_case_0497,v21_xs_exp_z_high_4,"对最高价横截面标准化值截断后取指数，强调高分端。（字段 high；核心算子 exp, minimum, div, sub, xs_std, xs_mean；数值参数 4.0；参数化版本 3。）","exp(minimum(div(sub(high, xs_mean(high)), xs_std(high)), 4.0))",cross_section_v21,"exp,minimum,div,sub,xs_std,xs_mean"
op_case_0498,v21_xs_median_z_high,用横截面标准差缩放最高价相对中位数的偏离。,"div(sub(high, xs_median(high)), xs_std(high))",cross_section_v21,"div,sub,xs_std,xs_median"
op_case_0499,v21_xs_high_median_gate_high,只有最高价高于横截面中位数时保留标准化信号。,"where(gt(high, xs_median(high)), div(sub(high, xs_mean(high)), xs_std(high)), 0.0)",cross_section_v21,"where,gt,div,xs_median,sub,xs_std,xs_mean"
op_case_0500,v21_xs_low_median_gate_high,只有最高价不高于横截面中位数时保留反向标准化信号。,"where(le(high, xs_median(high)), neg(div(sub(high, xs_mean(high)), xs_std(high))), 0.0)",cross_section_v21,"where,le,neg,xs_median,div,sub,xs_std,xs_mean"
op_case_0501,v21_xs_capped_z_low_1,对最低价横截面标准化值做正负 1 截断。,"minimum(maximum(div(sub(low, xs_mean(low)), xs_std(low)), -1.0), 1.0)",cross_section_v21,"minimum,maximum,div,sub,xs_std,xs_mean"
op_case_0502,v21_xs_exp_z_low_1,"对最低价横截面标准化值截断后取指数，强调高分端。（字段 low；核心算子 exp, minimum, div, sub, xs_std, xs_mean；数值参数 1.0；参数化版本 1。）","exp(minimum(div(sub(low, xs_mean(low)), xs_std(low)), 1.0))",cross_section_v21,"exp,minimum,div,sub,xs_std,xs_mean"
op_case_0503,v21_xs_capped_z_low_2,对最低价横截面标准化值做正负 2 截断。,"minimum(maximum(div(sub(low, xs_mean(low)), xs_std(low)), -2.0), 2.0)",cross_section_v21,"minimum,maximum,div,sub,xs_std,xs_mean"
op_case_0504,v21_xs_exp_z_low_2,"对最低价横截面标准化值截断后取指数，强调高分端。（字段 low；核心算子 exp, minimum, div, sub, xs_std, xs_mean；数值参数 2.0；参数化版本 2。）","exp(minimum(div(sub(low, xs_mean(low)), xs_std(low)), 2.0))",cross_section_v21,"exp,minimum,div,sub,xs_std,xs_mean"
op_case_0505,v21_xs_capped_z_low_3,对最低价横截面标准化值做正负 3 截断。,"minimum(maximum(div(sub(low, xs_mean(low)), xs_std(low)), -3.0), 3.0)",cross_section_v21,"minimum,maximum,div,sub,xs_std,xs_mean"
op_case_0506,v21_xs_capped_z_low_4,对最低价横截面标准化值做正负 4 截断。,"minimum(maximum(div(sub(low, xs_mean(low)), xs_std(low)), -4.0), 4.0)",cross_section_v21,"minimum,maximum,div,sub,xs_std,xs_mean"
op_case_0507,v21_xs_exp_z_low_4,"对最低价横截面标准化值截断后取指数，强调高分端。（字段 low；核心算子 exp, minimum, div, sub, xs_std, xs_mean；数值参数 4.0；参数化版本 3。）","exp(minimum(div(sub(low, xs_mean(low)), xs_std(low)), 4.0))",cross_section_v21,"exp,minimum,div,sub,xs_std,xs_mean"
op_case_0508,v21_xs_median_z_low,用横截面标准差缩放最低价相对中位数的偏离。,"div(sub(low, xs_median(low)), xs_std(low))",cross_section_v21,"div,sub,xs_std,xs_median"
op_case_0509,v21_xs_high_median_gate_low,只有最低价高于横截面中位数时保留标准化信号。,"where(gt(low, xs_median(low)), div(sub(low, xs_mean(low)), xs_std(low)), 0.0)",cross_section_v21,"where,gt,div,xs_median,sub,xs_std,xs_mean"
op_case_0510,v21_xs_low_median_gate_low,只有最低价不高于横截面中位数时保留反向标准化信号。,"where(le(low, xs_median(low)), neg(div(sub(low, xs_mean(low)), xs_std(low))), 0.0)",cross_section_v21,"where,le,neg,xs_median,div,sub,xs_std,xs_mean"
op_case_0511,v21_xs_capped_z_volume_1,对成交量横截面标准化值做正负 1 截断。,"minimum(maximum(div(sub(volume, xs_mean(volume)), xs_std(volume)), -1.0), 1.0)",cross_section_v21,"minimum,maximum,div,sub,xs_std,xs_mean"
op_case_0512,v21_xs_exp_z_volume_1,"对成交量横截面标准化值截断后取指数，强调高分端。（字段 volume；核心算子 exp, minimum, div, sub, xs_std, xs_mean；数值参数 1.0；参数化版本 1。）","exp(minimum(div(sub(volume, xs_mean(volume)), xs_std(volume)), 1.0))",cross_section_v21,"exp,minimum,div,sub,xs_std,xs_mean"
op_case_0513,v21_xs_capped_z_volume_2,对成交量横截面标准化值做正负 2 截断。,"minimum(maximum(div(sub(volume, xs_mean(volume)), xs_std(volume)), -2.0), 2.0)",cross_section_v21,"minimum,maximum,div,sub,xs_std,xs_mean"
op_case_0514,v21_xs_exp_z_volume_2,"对成交量横截面标准化值截断后取指数，强调高分端。（字段 volume；核心算子 exp, minimum, div, sub, xs_std, xs_mean；数值参数 2.0；参数化版本 2。）","exp(minimum(div(sub(volume, xs_mean(volume)), xs_std(volume)), 2.0))",cross_section_v21,"exp,minimum,div,sub,xs_std,xs_mean"
op_case_0515,v21_xs_capped_z_volume_3,对成交量横截面标准化值做正负 3 截断。,"minimum(maximum(div(sub(volume, xs_mean(volume)), xs_std(volume)), -3.0), 3.0)",cross_section_v21,"minimum,maximum,div,sub,xs_std,xs_mean"
op_case_0516,v21_xs_capped_z_volume_4,对成交量横截面标准化值做正负 4 截断。,"minimum(maximum(div(sub(volume, xs_mean(volume)), xs_std(volume)), -4.0), 4.0)",cross_section_v21,"minimum,maximum,div,sub,xs_std,xs_mean"
op_case_0517,v21_xs_exp_z_volume_4,"对成交量横截面标准化值截断后取指数，强调高分端。（字段 volume；核心算子 exp, minimum, div, sub, xs_std, xs_mean；数值参数 4.0；参数化版本 3。）","exp(minimum(div(sub(volume, xs_mean(volume)), xs_std(volume)), 4.0))",cross_section_v21,"exp,minimum,div,sub,xs_std,xs_mean"
op_case_0518,v21_xs_median_z_volume,用横截面标准差缩放成交量相对中位数的偏离。,"div(sub(volume, xs_median(volume)), xs_std(volume))",cross_section_v21,"div,sub,xs_std,xs_median"
op_case_0519,v21_xs_high_median_gate_volume,只有成交量高于横截面中位数时保留标准化信号。,"where(gt(volume, xs_median(volume)), div(sub(volume, xs_mean(volume)), xs_std(volume)), 0.0)",cross_section_v21,"where,gt,div,xs_median,sub,xs_std,xs_mean"
op_case_0520,v21_xs_low_median_gate_volume,只有成交量不高于横截面中位数时保留反向标准化信号。,"where(le(volume, xs_median(volume)), neg(div(sub(volume, xs_mean(volume)), xs_std(volume))), 0.0)",cross_section_v21,"where,le,neg,xs_median,div,sub,xs_std,xs_mean"
op_case_0521,v21_xs_capped_z_vwap_1,对成交量加权平均价横截面标准化值做正负 1 截断。,"minimum(maximum(div(sub(vwap, xs_mean(vwap)), xs_std(vwap)), -1.0), 1.0)",cross_section_v21,"minimum,maximum,div,sub,xs_std,xs_mean"
op_case_0522,v21_xs_exp_z_vwap_1,"对成交量加权平均价横截面标准化值截断后取指数，强调高分端。（字段 vwap；核心算子 exp, minimum, div, sub, xs_std, xs_mean；数值参数 1.0；参数化版本 1。）","exp(minimum(div(sub(vwap, xs_mean(vwap)), xs_std(vwap)), 1.0))",cross_section_v21,"exp,minimum,div,sub,xs_std,xs_mean"
op_case_0523,v21_xs_capped_z_vwap_2,对成交量加权平均价横截面标准化值做正负 2 截断。,"minimum(maximum(div(sub(vwap, xs_mean(vwap)), xs_std(vwap)), -2.0), 2.0)",cross_section_v21,"minimum,maximum,div,sub,xs_std,xs_mean"
op_case_0524,v21_xs_exp_z_vwap_2,"对成交量加权平均价横截面标准化值截断后取指数，强调高分端。（字段 vwap；核心算子 exp, minimum, div, sub, xs_std, xs_mean；数值参数 2.0；参数化版本 2。）","exp(minimum(div(sub(vwap, xs_mean(vwap)), xs_std(vwap)), 2.0))",cross_section_v21,"exp,minimum,div,sub,xs_std,xs_mean"
op_case_0525,v21_xs_capped_z_vwap_3,对成交量加权平均价横截面标准化值做正负 3 截断。,"minimum(maximum(div(sub(vwap, xs_mean(vwap)), xs_std(vwap)), -3.0), 3.0)",cross_section_v21,"minimum,maximum,div,sub,xs_std,xs_mean"
op_case_0526,v21_xs_capped_z_vwap_4,对成交量加权平均价横截面标准化值做正负 4 截断。,"minimum(maximum(div(sub(vwap, xs_mean(vwap)), xs_std(vwap)), -4.0), 4.0)",cross_section_v21,"minimum,maximum,div,sub,xs_std,xs_mean"
op_case_0527,v21_xs_exp_z_vwap_4,"对成交量加权平均价横截面标准化值截断后取指数，强调高分端。（字段 vwap；核心算子 exp, minimum, div, sub, xs_std, xs_mean；数值参数 4.0；参数化版本 3。）","exp(minimum(div(sub(vwap, xs_mean(vwap)), xs_std(vwap)), 4.0))",cross_section_v21,"exp,minimum,div,sub,xs_std,xs_mean"
op_case_0528,v21_xs_median_z_vwap,用横截面标准差缩放成交量加权平均价相对中位数的偏离。,"div(sub(vwap, xs_median(vwap)), xs_std(vwap))",cross_section_v21,"div,sub,xs_std,xs_median"
op_case_0529,v21_xs_high_median_gate_vwap,只有成交量加权平均价高于横截面中位数时保留标准化信号。,"where(gt(vwap, xs_median(vwap)), div(sub(vwap, xs_mean(vwap)), xs_std(vwap)), 0.0)",cross_section_v21,"where,gt,div,xs_median,sub,xs_std,xs_mean"
op_case_0530,v21_xs_low_median_gate_vwap,只有成交量加权平均价不高于横截面中位数时保留反向标准化信号。,"where(le(vwap, xs_median(vwap)), neg(div(sub(vwap, xs_mean(vwap)), xs_std(vwap))), 0.0)",cross_section_v21,"where,le,neg,xs_median,div,sub,xs_std,xs_mean"
op_case_0531,v21_xs_capped_z_pb_1,对市净率 PB横截面标准化值做正负 1 截断。,"minimum(maximum(div(sub(pb, xs_mean(pb)), xs_std(pb)), -1.0), 1.0)",cross_section_v21,"minimum,maximum,div,sub,xs_std,xs_mean"
op_case_0532,v21_xs_exp_z_pb_1,"对市净率 PB横截面标准化值截断后取指数，强调高分端。（字段 pb；核心算子 exp, minimum, div, sub, xs_std, xs_mean；数值参数 1.0；参数化版本 1。）","exp(minimum(div(sub(pb, xs_mean(pb)), xs_std(pb)), 1.0))",cross_section_v21,"exp,minimum,div,sub,xs_std,xs_mean"
op_case_0533,v21_xs_capped_z_pb_2,对市净率 PB横截面标准化值做正负 2 截断。,"minimum(maximum(div(sub(pb, xs_mean(pb)), xs_std(pb)), -2.0), 2.0)",cross_section_v21,"minimum,maximum,div,sub,xs_std,xs_mean"
op_case_0534,v21_xs_exp_z_pb_2,"对市净率 PB横截面标准化值截断后取指数，强调高分端。（字段 pb；核心算子 exp, minimum, div, sub, xs_std, xs_mean；数值参数 2.0；参数化版本 2。）","exp(minimum(div(sub(pb, xs_mean(pb)), xs_std(pb)), 2.0))",cross_section_v21,"exp,minimum,div,sub,xs_std,xs_mean"
op_case_0535,v21_xs_capped_z_pb_3,对市净率 PB横截面标准化值做正负 3 截断。,"minimum(maximum(div(sub(pb, xs_mean(pb)), xs_std(pb)), -3.0), 3.0)",cross_section_v21,"minimum,maximum,div,sub,xs_std,xs_mean"
op_case_0536,v21_xs_exp_z_pb_3,"对市净率 PB横截面标准化值截断后取指数，强调高分端。（字段 pb；核心算子 exp, minimum, div, sub, xs_std, xs_mean；数值参数 3.0；参数化版本 3。）","exp(minimum(div(sub(pb, xs_mean(pb)), xs_std(pb)), 3.0))",cross_section_v21,"exp,minimum,div,sub,xs_std,xs_mean"
op_case_0537,v21_xs_capped_z_pb_4,对市净率 PB横截面标准化值做正负 4 截断。,"minimum(maximum(div(sub(pb, xs_mean(pb)), xs_std(pb)), -4.0), 4.0)",cross_section_v21,"minimum,maximum,div,sub,xs_std,xs_mean"
op_case_0538,v21_xs_exp_z_pb_4,"对市净率 PB横截面标准化值截断后取指数，强调高分端。（字段 pb；核心算子 exp, minimum, div, sub, xs_std, xs_mean；数值参数 4.0；参数化版本 4。）","exp(minimum(div(sub(pb, xs_mean(pb)), xs_std(pb)), 4.0))",cross_section_v21,"exp,minimum,div,sub,xs_std,xs_mean"
op_case_0539,v21_xs_median_z_pb,用横截面标准差缩放市净率 PB相对中位数的偏离。,"div(sub(pb, xs_median(pb)), xs_std(pb))",cross_section_v21,"div,sub,xs_std,xs_median"
op_case_0540,v21_xs_high_median_gate_pb,只有市净率 PB高于横截面中位数时保留标准化信号。,"where(gt(pb, xs_median(pb)), div(sub(pb, xs_mean(pb)), xs_std(pb)), 0.0)",cross_section_v21,"where,gt,div,xs_median,sub,xs_std,xs_mean"
op_case_0541,v21_xs_low_median_gate_pb,只有市净率 PB不高于横截面中位数时保留反向标准化信号。,"where(le(pb, xs_median(pb)), neg(div(sub(pb, xs_mean(pb)), xs_std(pb))), 0.0)",cross_section_v21,"where,le,neg,xs_median,div,sub,xs_std,xs_mean"
op_case_0542,v21_xs_capped_z_market_cap_1,对总市值横截面标准化值做正负 1 截断。,"minimum(maximum(div(sub(market_cap, xs_mean(market_cap)), xs_std(market_cap)), -1.0), 1.0)",cross_section_v21,"minimum,maximum,div,sub,xs_std,xs_mean"
op_case_0543,v21_xs_exp_z_market_cap_1,"对总市值横截面标准化值截断后取指数，强调高分端。（字段 market_cap；核心算子 exp, minimum, div, sub, xs_std, xs_mean；数值参数 1.0；参数化版本 1。）","exp(minimum(div(sub(market_cap, xs_mean(market_cap)), xs_std(market_cap)), 1.0))",cross_section_v21,"exp,minimum,div,sub,xs_std,xs_mean"
op_case_0544,v21_xs_capped_z_market_cap_2,对总市值横截面标准化值做正负 2 截断。,"minimum(maximum(div(sub(market_cap, xs_mean(market_cap)), xs_std(market_cap)), -2.0), 2.0)",cross_section_v21,"minimum,maximum,div,sub,xs_std,xs_mean"
op_case_0545,v21_xs_exp_z_market_cap_2,"对总市值横截面标准化值截断后取指数，强调高分端。（字段 market_cap；核心算子 exp, minimum, div, sub, xs_std, xs_mean；数值参数 2.0；参数化版本 2。）","exp(minimum(div(sub(market_cap, xs_mean(market_cap)), xs_std(market_cap)), 2.0))",cross_section_v21,"exp,minimum,div,sub,xs_std,xs_mean"
op_case_0546,v21_xs_capped_z_market_cap_3,对总市值横截面标准化值做正负 3 截断。,"minimum(maximum(div(sub(market_cap, xs_mean(market_cap)), xs_std(market_cap)), -3.0), 3.0)",cross_section_v21,"minimum,maximum,div,sub,xs_std,xs_mean"
op_case_0547,v21_xs_capped_z_market_cap_4,对总市值横截面标准化值做正负 4 截断。,"minimum(maximum(div(sub(market_cap, xs_mean(market_cap)), xs_std(market_cap)), -4.0), 4.0)",cross_section_v21,"minimum,maximum,div,sub,xs_std,xs_mean"
op_case_0548,v21_xs_exp_z_market_cap_4,"对总市值横截面标准化值截断后取指数，强调高分端。（字段 market_cap；核心算子 exp, minimum, div, sub, xs_std, xs_mean；数值参数 4.0；参数化版本 3。）","exp(minimum(div(sub(market_cap, xs_mean(market_cap)), xs_std(market_cap)), 4.0))",cross_section_v21,"exp,minimum,div,sub,xs_std,xs_mean"
op_case_0549,v21_xs_median_z_market_cap,用横截面标准差缩放总市值相对中位数的偏离。,"div(sub(market_cap, xs_median(market_cap)), xs_std(market_cap))",cross_section_v21,"div,sub,xs_std,xs_median"
op_case_0550,v21_logic_and_liquid_momentum_momentum,当流动性高于市场均值且20 日动量高于市场均值时保留动量信号。,"where(logical_and(gt(log1p(ts_mean(volume, 20)), xs_mean(log1p(ts_mean(volume, 20)))), gt(pct_change(close, 20), xs_mean(pct_change(close, 20)))), pct_change(close, 20), 0.0)",conditional_v21,"where,logical_and,pct_change,gt,gt,log1p,xs_mean,pct_change,xs_mean,ts_mean,log1p,pct_change,ts_mean"
op_case_0551,v21_logic_or_liquid_momentum_momentum,当流动性高于市场均值或20 日动量高于市场均值成立时保留动量信号。,"where(logical_or(gt(log1p(ts_mean(volume, 20)), xs_mean(log1p(ts_mean(volume, 20)))), gt(pct_change(close, 20), xs_mean(pct_change(close, 20)))), pct_change(close, 20), 0.0)",conditional_v21,"where,logical_or,pct_change,gt,gt,log1p,xs_mean,pct_change,xs_mean,ts_mean,log1p,pct_change,ts_mean"
op_case_0552,v21_logic_xor_liquid_momentum_momentum,当流动性高于市场均值和20 日动量高于市场均值只有一个成立时保留动量信号。,"where(logical_xor(gt(log1p(ts_mean(volume, 20)), xs_mean(log1p(ts_mean(volume, 20)))), gt(pct_change(close, 20), xs_mean(pct_change(close, 20)))), pct_change(close, 20), 0.0)",conditional_v21,"where,logical_xor,pct_change,gt,gt,log1p,xs_mean,pct_change,xs_mean,ts_mean,log1p,pct_change,ts_mean"
op_case_0553,v21_logic_not_liquid_momentum,当不是流动性高于市场均值时使用反向动量信号。,"where(logical_not(gt(log1p(ts_mean(volume, 20)), xs_mean(log1p(ts_mean(volume, 20))))), neg(pct_change(close, 20)), 0.0)",conditional_v21,"where,logical_not,neg,gt,pct_change,log1p,xs_mean,ts_mean,log1p,ts_mean"
op_case_0554,v21_logic_not_momentum_liquidity,当不是20 日动量高于市场均值时使用反向流动性信号。,"where(logical_not(gt(pct_change(close, 20), xs_mean(pct_change(close, 20)))), neg(log1p(ts_mean(volume, 20))), 0.0)",conditional_v21,"where,logical_not,neg,gt,log1p,pct_change,xs_mean,ts_mean,pct_change"
op_case_0555,v21_extra_logic_and_cheap_calm,"两个风格条件同时成立时保留对应金融信号。（字段 close, pb；核心算子 where, logical_and, recip, gt, le, xs_mean, ts_std, pct_change；数值参数 1, 20, 0.0；参数化版本 1。）","where(logical_and(gt(recip(pb), xs_mean(recip(pb))), le(ts_std(pct_change(close, 1), 20), xs_mean(ts_std(pct_change(close, 1), 20)))), recip(pb), 0.0)",conditional_v21,"where,logical_and,recip,gt,le,recip,xs_mean,ts_std,xs_mean,recip,pct_change,ts_std,pct_change"
op_case_0556,v21_extra_logic_or_cheap_calm,"两个风格条件任一成立时保留对应金融信号。（字段 close, pb；核心算子 where, logical_or, recip, gt, le, xs_mean, ts_std, pct_change；数值参数 1, 20, 0.0；参数化版本 1。）","where(logical_or(gt(recip(pb), xs_mean(recip(pb))), le(ts_std(pct_change(close, 1), 20), xs_mean(ts_std(pct_change(close, 1), 20)))), recip(pb), 0.0)",conditional_v21,"where,logical_or,recip,gt,le,recip,xs_mean,ts_std,xs_mean,recip,pct_change,ts_std,pct_change"
op_case_0557,v21_extra_logic_xor_cheap_calm,"两个风格条件只有一个成立时保留对应金融信号。（字段 close, pb；核心算子 where, logical_xor, recip, gt, le, xs_mean, ts_std, pct_change；数值参数 1, 20, 0.0；参数化版本 1。）","where(logical_xor(gt(recip(pb), xs_mean(recip(pb))), le(ts_std(pct_change(close, 1), 20), xs_mean(ts_std(pct_change(close, 1), 20)))), recip(pb), 0.0)",conditional_v21,"where,logical_xor,recip,gt,le,recip,xs_mean,ts_std,xs_mean,recip,pct_change,ts_std,pct_change"
op_case_0558,v21_extra_logic_and_small_up,"两个风格条件同时成立时保留对应金融信号。（字段 close, market_cap；核心算子 where, logical_and, neg, gt, eq, log, xs_mean, sign, pct_change；数值参数 1, 1.0, 0.0；参数化版本 2。）","where(logical_and(gt(neg(log(market_cap)), xs_mean(neg(log(market_cap)))), eq(sign(pct_change(close, 1)), 1.0)), neg(log(market_cap)), 0.0)",conditional_v21,"where,logical_and,neg,gt,eq,log,neg,xs_mean,sign,log,neg,pct_change,log"
op_case_0559,v21_extra_logic_or_small_up,"两个风格条件任一成立时保留对应金融信号。（字段 close, market_cap；核心算子 where, logical_or, neg, gt, eq, log, xs_mean, sign, pct_change；数值参数 1, 1.0, 0.0；参数化版本 2。）","where(logical_or(gt(neg(log(market_cap)), xs_mean(neg(log(market_cap)))), eq(sign(pct_change(close, 1)), 1.0)), neg(log(market_cap)), 0.0)",conditional_v21,"where,logical_or,neg,gt,eq,log,neg,xs_mean,sign,log,neg,pct_change,log"
op_case_0560,v21_extra_logic_xor_small_up,"两个风格条件只有一个成立时保留对应金融信号。（字段 close, market_cap；核心算子 where, logical_xor, neg, gt, eq, log, xs_mean, sign, pct_change；数值参数 1, 1.0, 0.0；参数化版本 2。）","where(logical_xor(gt(neg(log(market_cap)), xs_mean(neg(log(market_cap)))), eq(sign(pct_change(close, 1)), 1.0)), neg(log(market_cap)), 0.0)",conditional_v21,"where,logical_xor,neg,gt,eq,log,neg,xs_mean,sign,log,neg,pct_change,log"
op_case_0561,v21_extra_logic_and_liquid_not_down,"两个风格条件同时成立时保留对应金融信号。（字段 close, volume；核心算子 where, logical_and, pct_change, ge, ne, ts_mean, sign；数值参数 20, 1, -1.0, 0.0；参数化版本 3。）","where(logical_and(ge(volume, ts_mean(volume, 20)), ne(sign(pct_change(close, 1)), -1.0)), pct_change(close, 20), 0.0)",conditional_v21,"where,logical_and,pct_change,ge,ne,ts_mean,sign,pct_change"
op_case_0562,v21_extra_logic_or_liquid_not_down,"两个风格条件任一成立时保留对应金融信号。（字段 close, volume；核心算子 where, logical_or, pct_change, ge, ne, ts_mean, sign；数值参数 20, 1, -1.0, 0.0；参数化版本 3。）","where(logical_or(ge(volume, ts_mean(volume, 20)), ne(sign(pct_change(close, 1)), -1.0)), pct_change(close, 20), 0.0)",conditional_v21,"where,logical_or,pct_change,ge,ne,ts_mean,sign,pct_change"
op_case_0563,v21_extra_logic_xor_liquid_not_down,"两个风格条件只有一个成立时保留对应金融信号。（字段 close, volume；核心算子 where, logical_xor, pct_change, ge, ne, ts_mean, sign；数值参数 20, 1, -1.0, 0.0；参数化版本 3。）","where(logical_xor(ge(volume, ts_mean(volume, 20)), ne(sign(pct_change(close, 1)), -1.0)), pct_change(close, 20), 0.0)",conditional_v21,"where,logical_xor,pct_change,ge,ne,ts_mean,sign,pct_change"
op_case_0564,v21_extra_logic_not_liquid,"指定风格条件不成立时使用反向金融信号。（字段 close, volume；核心算子 where, logical_not, neg, ge, pct_change, ts_mean；数值参数 20, 0.0；参数化版本 1。）","where(logical_not(ge(volume, ts_mean(volume, 20))), neg(pct_change(close, 20)), 0.0)",conditional_v21,"where,logical_not,neg,ge,pct_change,ts_mean"
op_case_0565,v21_extra_logic_and_calm_cheap,"两个风格条件同时成立时保留对应金融信号。（字段 close, pb, volume；核心算子 where, logical_and, log1p, le, gt, ts_mean, ts_std, xs_mean, recip, pct_change；数值参数 1, 20, 0.0；参数化版本 4。）","where(logical_and(le(ts_std(pct_change(close, 1), 20), xs_mean(ts_std(pct_change(close, 1), 20))), gt(recip(pb), xs_mean(recip(pb)))), log1p(ts_mean(volume, 20)), 0.0)",conditional_v21,"where,logical_and,log1p,le,gt,ts_mean,ts_std,xs_mean,recip,xs_mean,pct_change,ts_std,recip,pct_change"
op_case_0566,v21_extra_logic_or_calm_cheap,"两个风格条件任一成立时保留对应金融信号。（字段 close, pb, volume；核心算子 where, logical_or, log1p, le, gt, ts_mean, ts_std, xs_mean, recip, pct_change；数值参数 1, 20, 0.0；参数化版本 4。）","where(logical_or(le(ts_std(pct_change(close, 1), 20), xs_mean(ts_std(pct_change(close, 1), 20))), gt(recip(pb), xs_mean(recip(pb)))), log1p(ts_mean(volume, 20)), 0.0)",conditional_v21,"where,logical_or,log1p,le,gt,ts_mean,ts_std,xs_mean,recip,xs_mean,pct_change,ts_std,recip,pct_change"
op_case_0567,v21_extra_logic_xor_calm_cheap,"两个风格条件只有一个成立时保留对应金融信号。（字段 close, pb, volume；核心算子 where, logical_xor, log1p, le, gt, ts_mean, ts_std, xs_mean, recip, pct_change；数值参数 1, 20, 0.0；参数化版本 4。）","where(logical_xor(le(ts_std(pct_change(close, 1), 20), xs_mean(ts_std(pct_change(close, 1), 20))), gt(recip(pb), xs_mean(recip(pb)))), log1p(ts_mean(volume, 20)), 0.0)",conditional_v21,"where,logical_xor,log1p,le,gt,ts_mean,ts_std,xs_mean,recip,xs_mean,pct_change,ts_std,recip,pct_change"
op_case_0568,v21_extra_logic_not_calm,"指定风格条件不成立时使用反向金融信号。（字段 close, volume；核心算子 where, logical_not, neg, le, log1p, ts_std, xs_mean, ts_mean, pct_change；数值参数 1, 20, 0.0；参数化版本 2。）","where(logical_not(le(ts_std(pct_change(close, 1), 20), xs_mean(ts_std(pct_change(close, 1), 20)))), neg(log1p(ts_mean(volume, 20))), 0.0)",conditional_v21,"where,logical_not,neg,le,log1p,ts_std,xs_mean,ts_mean,pct_change,ts_std,pct_change"
op_case_0569,v21_extra_logic_and_up_small,"两个风格条件同时成立时保留对应金融信号。（字段 close, market_cap, pb；核心算子 where, logical_and, recip, eq, gt, sign, neg, xs_mean, pct_change, log；数值参数 1, 1.0, 0.0；参数化版本 5。）","where(logical_and(eq(sign(pct_change(close, 1)), 1.0), gt(neg(log(market_cap)), xs_mean(neg(log(market_cap))))), recip(pb), 0.0)",conditional_v21,"where,logical_and,recip,eq,gt,sign,neg,xs_mean,pct_change,log,neg,log"
op_case_0570,v21_extra_logic_or_up_small,"两个风格条件任一成立时保留对应金融信号。（字段 close, market_cap, pb；核心算子 where, logical_or, recip, eq, gt, sign, neg, xs_mean, pct_change, log；数值参数 1, 1.0, 0.0；参数化版本 5。）","where(logical_or(eq(sign(pct_change(close, 1)), 1.0), gt(neg(log(market_cap)), xs_mean(neg(log(market_cap))))), recip(pb), 0.0)",conditional_v21,"where,logical_or,recip,eq,gt,sign,neg,xs_mean,pct_change,log,neg,log"
op_case_0571,v21_extra_logic_xor_up_small,"两个风格条件只有一个成立时保留对应金融信号。（字段 close, market_cap, pb；核心算子 where, logical_xor, recip, eq, gt, sign, neg, xs_mean, pct_change, log；数值参数 1, 1.0, 0.0；参数化版本 5。）","where(logical_xor(eq(sign(pct_change(close, 1)), 1.0), gt(neg(log(market_cap)), xs_mean(neg(log(market_cap))))), recip(pb), 0.0)",conditional_v21,"where,logical_xor,recip,eq,gt,sign,neg,xs_mean,pct_change,log,neg,log"
op_case_0572,v21_extra_logic_not_up,"指定风格条件不成立时使用反向金融信号。（字段 close, pb；核心算子 where, logical_not, neg, eq, recip, sign, pct_change；数值参数 1, 1.0, 0.0；参数化版本 3。）","where(logical_not(eq(sign(pct_change(close, 1)), 1.0)), neg(recip(pb)), 0.0)",conditional_v21,"where,logical_not,neg,eq,recip,sign,pct_change"
op_case_0573,v21_extra_logic_and_not_down_liquid,"两个风格条件同时成立时保留对应金融信号。（字段 close, market_cap, volume；核心算子 where, logical_and, neg, ne, ge, log, sign, ts_mean, pct_change；数值参数 1, -1.0, 20, 0.0；参数化版本 6。）","where(logical_and(ne(sign(pct_change(close, 1)), -1.0), ge(volume, ts_mean(volume, 20))), neg(log(market_cap)), 0.0)",conditional_v21,"where,logical_and,neg,ne,ge,log,sign,ts_mean,pct_change"
op_case_0574,v21_extra_logic_or_not_down_liquid,"两个风格条件任一成立时保留对应金融信号。（字段 close, market_cap, volume；核心算子 where, logical_or, neg, ne, ge, log, sign, ts_mean, pct_change；数值参数 1, -1.0, 20, 0.0；参数化版本 6。）","where(logical_or(ne(sign(pct_change(close, 1)), -1.0), ge(volume, ts_mean(volume, 20))), neg(log(market_cap)), 0.0)",conditional_v21,"where,logical_or,neg,ne,ge,log,sign,ts_mean,pct_change"
op_case_0575,v21_extra_logic_xor_not_down_liquid,"两个风格条件只有一个成立时保留对应金融信号。（字段 close, market_cap, volume；核心算子 where, logical_xor, neg, ne, ge, log, sign, ts_mean, pct_change；数值参数 1, -1.0, 20, 0.0；参数化版本 6。）","where(logical_xor(ne(sign(pct_change(close, 1)), -1.0), ge(volume, ts_mean(volume, 20))), neg(log(market_cap)), 0.0)",conditional_v21,"where,logical_xor,neg,ne,ge,log,sign,ts_mean,pct_change"
op_case_0576,v21_extra_logic_not_not_down,"指定风格条件不成立时使用反向金融信号。（字段 close, market_cap；核心算子 where, logical_not, neg, ne, sign, log, pct_change；数值参数 1, -1.0, 0.0；参数化版本 4。）","where(logical_not(ne(sign(pct_change(close, 1)), -1.0)), neg(neg(log(market_cap))), 0.0)",conditional_v21,"where,logical_not,neg,ne,neg,sign,log,pct_change"
op_case_0577,v21_mask_xs_high_open,当开盘价高于横截面均值时保留标准化信号。,"mask(div(sub(open, xs_mean(open)), xs_std(open)), gt(open, xs_mean(open)), 0.0)",conditional_v21,"mask,div,gt,sub,xs_std,xs_mean,xs_mean"
op_case_0578,v21_mask_xs_low_open,当开盘价不高于横截面均值时保留标准化信号。,"mask(div(sub(open, xs_mean(open)), xs_std(open)), le(open, xs_mean(open)), 0.0)",conditional_v21,"mask,div,le,sub,xs_std,xs_mean,xs_mean"
op_case_0579,v21_eq_xs_sign_open,当开盘价横截面偏离符号等于正号时保留标准化信号。,"where(eq(sign(sub(open, xs_mean(open))), 1.0), div(sub(open, xs_mean(open)), xs_std(open)), 0.0)",conditional_v21,"where,eq,div,sign,sub,xs_std,sub,xs_mean,xs_mean"
op_case_0580,v21_ne_xs_sign_open,当开盘价横截面偏离符号不为负号时保留标准化信号。,"where(ne(sign(sub(open, xs_mean(open))), -1.0), div(sub(open, xs_mean(open)), xs_std(open)), 0.0)",conditional_v21,"where,ne,div,sign,sub,xs_std,sub,xs_mean,xs_mean"
op_case_0581,v21_ge_xs_mean_open,当开盘价大于等于横截面均值时保留原值，否则替换为均值。,"where(ge(open, xs_mean(open)), open, xs_mean(open))",conditional_v21,"where,ge,xs_mean,xs_mean"
op_case_0582,v21_mask_xs_high_close,当收盘价高于横截面均值时保留标准化信号。,"mask(div(sub(close, xs_mean(close)), xs_std(close)), gt(close, xs_mean(close)), 0.0)",conditional_v21,"mask,div,gt,sub,xs_std,xs_mean,xs_mean"
op_case_0583,v21_mask_xs_low_close,当收盘价不高于横截面均值时保留标准化信号。,"mask(div(sub(close, xs_mean(close)), xs_std(close)), le(close, xs_mean(close)), 0.0)",conditional_v21,"mask,div,le,sub,xs_std,xs_mean,xs_mean"
op_case_0584,v21_eq_xs_sign_close,当收盘价横截面偏离符号等于正号时保留标准化信号。,"where(eq(sign(sub(close, xs_mean(close))), 1.0), div(sub(close, xs_mean(close)), xs_std(close)), 0.0)",conditional_v21,"where,eq,div,sign,sub,xs_std,sub,xs_mean,xs_mean"
op_case_0585,v21_ne_xs_sign_close,当收盘价横截面偏离符号不为负号时保留标准化信号。,"where(ne(sign(sub(close, xs_mean(close))), -1.0), div(sub(close, xs_mean(close)), xs_std(close)), 0.0)",conditional_v21,"where,ne,div,sign,sub,xs_std,sub,xs_mean,xs_mean"
op_case_0586,v21_ge_xs_mean_close,当收盘价大于等于横截面均值时保留原值，否则替换为均值。,"where(ge(close, xs_mean(close)), close, xs_mean(close))",conditional_v21,"where,ge,xs_mean,xs_mean"
op_case_0587,v21_mask_xs_high_high,当最高价高于横截面均值时保留标准化信号。,"mask(div(sub(high, xs_mean(high)), xs_std(high)), gt(high, xs_mean(high)), 0.0)",conditional_v21,"mask,div,gt,sub,xs_std,xs_mean,xs_mean"
op_case_0588,v21_mask_xs_low_high,当最高价不高于横截面均值时保留标准化信号。,"mask(div(sub(high, xs_mean(high)), xs_std(high)), le(high, xs_mean(high)), 0.0)",conditional_v21,"mask,div,le,sub,xs_std,xs_mean,xs_mean"
op_case_0589,v21_eq_xs_sign_high,当最高价横截面偏离符号等于正号时保留标准化信号。,"where(eq(sign(sub(high, xs_mean(high))), 1.0), div(sub(high, xs_mean(high)), xs_std(high)), 0.0)",conditional_v21,"where,eq,div,sign,sub,xs_std,sub,xs_mean,xs_mean"
op_case_0590,v21_ne_xs_sign_high,当最高价横截面偏离符号不为负号时保留标准化信号。,"where(ne(sign(sub(high, xs_mean(high))), -1.0), div(sub(high, xs_mean(high)), xs_std(high)), 0.0)",conditional_v21,"where,ne,div,sign,sub,xs_std,sub,xs_mean,xs_mean"
op_case_0591,v21_ge_xs_mean_high,当最高价大于等于横截面均值时保留原值，否则替换为均值。,"where(ge(high, xs_mean(high)), high, xs_mean(high))",conditional_v21,"where,ge,xs_mean,xs_mean"
op_case_0592,v21_mask_xs_high_low,当最低价高于横截面均值时保留标准化信号。,"mask(div(sub(low, xs_mean(low)), xs_std(low)), gt(low, xs_mean(low)), 0.0)",conditional_v21,"mask,div,gt,sub,xs_std,xs_mean,xs_mean"
op_case_0593,v21_mask_xs_low_low,当最低价不高于横截面均值时保留标准化信号。,"mask(div(sub(low, xs_mean(low)), xs_std(low)), le(low, xs_mean(low)), 0.0)",conditional_v21,"mask,div,le,sub,xs_std,xs_mean,xs_mean"
op_case_0594,v21_eq_xs_sign_low,当最低价横截面偏离符号等于正号时保留标准化信号。,"where(eq(sign(sub(low, xs_mean(low))), 1.0), div(sub(low, xs_mean(low)), xs_std(low)), 0.0)",conditional_v21,"where,eq,div,sign,sub,xs_std,sub,xs_mean,xs_mean"
op_case_0595,v21_ne_xs_sign_low,当最低价横截面偏离符号不为负号时保留标准化信号。,"where(ne(sign(sub(low, xs_mean(low))), -1.0), div(sub(low, xs_mean(low)), xs_std(low)), 0.0)",conditional_v21,"where,ne,div,sign,sub,xs_std,sub,xs_mean,xs_mean"
op_case_0596,v21_ge_xs_mean_low,当最低价大于等于横截面均值时保留原值，否则替换为均值。,"where(ge(low, xs_mean(low)), low, xs_mean(low))",conditional_v21,"where,ge,xs_mean,xs_mean"
op_case_0597,v21_mask_xs_high_volume,当成交量高于横截面均值时保留标准化信号。,"mask(div(sub(volume, xs_mean(volume)), xs_std(volume)), gt(volume, xs_mean(volume)), 0.0)",conditional_v21,"mask,div,gt,sub,xs_std,xs_mean,xs_mean"
op_case_0598,v21_mask_xs_low_volume,当成交量不高于横截面均值时保留标准化信号。,"mask(div(sub(volume, xs_mean(volume)), xs_std(volume)), le(volume, xs_mean(volume)), 0.0)",conditional_v21,"mask,div,le,sub,xs_std,xs_mean,xs_mean"
op_case_0599,absolute_momentum,用 2 日收盘价收益绝对值衡量波动冲击。,"absolute(pct_change(close, 2))",price_transform,"absolute,pct_change"
op_case_0600,sqrt_abs_momentum,对 2 日收盘价收益绝对值取平方根，压缩极端波动。,"sqrt(absolute(pct_change(close, 2)))",price_transform,"sqrt,absolute,pct_change"
op_case_0601,absolute_momentum,用 3 日收盘价收益绝对值衡量波动冲击。,"absolute(pct_change(close, 3))",price_transform,"absolute,pct_change"
op_case_0602,sqrt_abs_momentum,对 3 日收盘价收益绝对值取平方根，压缩极端波动。,"sqrt(absolute(pct_change(close, 3)))",price_transform,"sqrt,absolute,pct_change"
op_case_0603,absolute_momentum,用 5 日收盘价收益绝对值衡量波动冲击。,"absolute(pct_change(close, 5))",price_transform,"absolute,pct_change"
op_case_0604,cbrt_momentum,对 2 日收盘价收益取立方根，保留方向并压缩极端值。,"cbrt(pct_change(close, 2))",price_transform,"cbrt,pct_change"
op_case_0605,cbrt_momentum,对 3 日收盘价收益取立方根，保留方向并压缩极端值。,"cbrt(pct_change(close, 3))",price_transform,"cbrt,pct_change"
op_case_0606,cbrt_momentum,对 5 日收盘价收益取立方根，保留方向并压缩极端值。,"cbrt(pct_change(close, 5))",price_transform,"cbrt,pct_change"
op_case_0607,cbrt_momentum,对 7 日收盘价收益取立方根，保留方向并压缩极端值。,"cbrt(pct_change(close, 7))",price_transform,"cbrt,pct_change"
op_case_0608,cbrt_momentum,对 10 日收盘价收益取立方根，保留方向并压缩极端值。,"cbrt(pct_change(close, 10))",price_transform,"cbrt,pct_change"
op_case_0609,cbrt_momentum,对 15 日收盘价收益取立方根，保留方向并压缩极端值。,"cbrt(pct_change(close, 15))",price_transform,"cbrt,pct_change"
op_case_0610,cbrt_momentum,对 20 日收盘价收益取立方根，保留方向并压缩极端值。,"cbrt(pct_change(close, 20))",price_transform,"cbrt,pct_change"
op_case_0611,cbrt_momentum,对 30 日收盘价收益取立方根，保留方向并压缩极端值。,"cbrt(pct_change(close, 30))",price_transform,"cbrt,pct_change"
op_case_0612,cbrt_momentum,对 45 日收盘价收益取立方根，保留方向并压缩极端值。,"cbrt(pct_change(close, 45))",price_transform,"cbrt,pct_change"
op_case_0613,cbrt_momentum,对 60 日收盘价收益取立方根，保留方向并压缩极端值。,"cbrt(pct_change(close, 60))",price_transform,"cbrt,pct_change"
op_case_0614,cbrt_momentum,对 90 日收盘价收益取立方根，保留方向并压缩极端值。,"cbrt(pct_change(close, 90))",price_transform,"cbrt,pct_change"
op_case_0615,cbrt_momentum,对 2 日成交量加权平均价收益取立方根，保留方向并压缩极端值。,"cbrt(pct_change(vwap, 2))",price_transform,"cbrt,pct_change"
op_case_0616,cbrt_momentum,对 3 日成交量加权平均价收益取立方根，保留方向并压缩极端值。,"cbrt(pct_change(vwap, 3))",price_transform,"cbrt,pct_change"
op_case_0617,cbrt_momentum,对 5 日成交量加权平均价收益取立方根，保留方向并压缩极端值。,"cbrt(pct_change(vwap, 5))",price_transform,"cbrt,pct_change"
op_case_0618,cbrt_momentum,对 7 日成交量加权平均价收益取立方根，保留方向并压缩极端值。,"cbrt(pct_change(vwap, 7))",price_transform,"cbrt,pct_change"
op_case_0619,cbrt_momentum,对 10 日成交量加权平均价收益取立方根，保留方向并压缩极端值。,"cbrt(pct_change(vwap, 10))",price_transform,"cbrt,pct_change"
op_case_0620,cbrt_momentum,对 15 日成交量加权平均价收益取立方根，保留方向并压缩极端值。,"cbrt(pct_change(vwap, 15))",price_transform,"cbrt,pct_change"
op_case_0621,cbrt_momentum,对 20 日成交量加权平均价收益取立方根，保留方向并压缩极端值。,"cbrt(pct_change(vwap, 20))",price_transform,"cbrt,pct_change"
op_case_0622,cbrt_momentum,对 30 日成交量加权平均价收益取立方根，保留方向并压缩极端值。,"cbrt(pct_change(vwap, 30))",price_transform,"cbrt,pct_change"
op_case_0623,cbrt_momentum,对 45 日成交量加权平均价收益取立方根，保留方向并压缩极端值。,"cbrt(pct_change(vwap, 45))",price_transform,"cbrt,pct_change"
op_case_0624,cbrt_momentum,对 60 日成交量加权平均价收益取立方根，保留方向并压缩极端值。,"cbrt(pct_change(vwap, 60))",price_transform,"cbrt,pct_change"
op_case_0625,cbrt_momentum,对 90 日成交量加权平均价收益取立方根，保留方向并压缩极端值。,"cbrt(pct_change(vwap, 90))",price_transform,"cbrt,pct_change"
op_case_0626,cbrt_momentum,对 2 日开盘价收益取立方根，保留方向并压缩极端值。,"cbrt(pct_change(open, 2))",price_transform,"cbrt,pct_change"
op_case_0627,cbrt_momentum,对 3 日开盘价收益取立方根，保留方向并压缩极端值。,"cbrt(pct_change(open, 3))",price_transform,"cbrt,pct_change"
op_case_0628,cbrt_momentum,对 5 日开盘价收益取立方根，保留方向并压缩极端值。,"cbrt(pct_change(open, 5))",price_transform,"cbrt,pct_change"
op_case_0629,cbrt_momentum,对 7 日开盘价收益取立方根，保留方向并压缩极端值。,"cbrt(pct_change(open, 7))",price_transform,"cbrt,pct_change"
op_case_0630,cbrt_momentum,对 10 日开盘价收益取立方根，保留方向并压缩极端值。,"cbrt(pct_change(open, 10))",price_transform,"cbrt,pct_change"
op_case_0631,cbrt_momentum,对 15 日开盘价收益取立方根，保留方向并压缩极端值。,"cbrt(pct_change(open, 15))",price_transform,"cbrt,pct_change"
op_case_0632,cbrt_momentum,对 20 日开盘价收益取立方根，保留方向并压缩极端值。,"cbrt(pct_change(open, 20))",price_transform,"cbrt,pct_change"
op_case_0633,cbrt_momentum,对 30 日开盘价收益取立方根，保留方向并压缩极端值。,"cbrt(pct_change(open, 30))",price_transform,"cbrt,pct_change"
op_case_0634,price_diff,计算收盘价相对 2 天前的差分变化。,"diff(close, 2)",price_diff,diff
op_case_0635,price_diff,计算收盘价相对 3 天前的差分变化。,"diff(close, 3)",price_diff,diff
op_case_0636,price_diff,计算收盘价相对 5 天前的差分变化。,"diff(close, 5)",price_diff,diff
op_case_0637,price_diff,计算收盘价相对 7 天前的差分变化。,"diff(close, 7)",price_diff,diff
op_case_0638,price_diff,计算收盘价相对 10 天前的差分变化。,"diff(close, 10)",price_diff,diff
op_case_0639,price_diff,计算收盘价相对 15 天前的差分变化。,"diff(close, 15)",price_diff,diff
op_case_0640,price_diff,计算收盘价相对 20 天前的差分变化。,"diff(close, 20)",price_diff,diff
op_case_0641,price_diff,计算收盘价相对 30 天前的差分变化。,"diff(close, 30)",price_diff,diff
op_case_0642,price_diff,计算收盘价相对 45 天前的差分变化。,"diff(close, 45)",price_diff,diff
op_case_0643,price_diff,计算收盘价相对 60 天前的差分变化。,"diff(close, 60)",price_diff,diff
op_case_0644,price_diff,计算收盘价相对 90 天前的差分变化。,"diff(close, 90)",price_diff,diff
op_case_0645,price_diff,计算成交量加权平均价相对 2 天前的差分变化。,"diff(vwap, 2)",price_diff,diff
op_case_0646,price_diff,计算成交量加权平均价相对 3 天前的差分变化。,"diff(vwap, 3)",price_diff,diff
op_case_0647,price_diff,计算成交量加权平均价相对 5 天前的差分变化。,"diff(vwap, 5)",price_diff,diff
op_case_0648,price_diff,计算成交量加权平均价相对 7 天前的差分变化。,"diff(vwap, 7)",price_diff,diff
op_case_0649,price_diff,计算成交量加权平均价相对 10 天前的差分变化。,"diff(vwap, 10)",price_diff,diff
op_case_0650,price_diff,计算成交量加权平均价相对 15 天前的差分变化。,"diff(vwap, 15)",price_diff,diff
op_case_0651,price_diff,计算成交量加权平均价相对 20 天前的差分变化。,"diff(vwap, 20)",price_diff,diff
op_case_0652,price_diff,计算成交量加权平均价相对 30 天前的差分变化。,"diff(vwap, 30)",price_diff,diff
op_case_0653,price_diff,计算成交量加权平均价相对 45 天前的差分变化。,"diff(vwap, 45)",price_diff,diff
op_case_0654,price_diff,计算成交量加权平均价相对 60 天前的差分变化。,"diff(vwap, 60)",price_diff,diff
op_case_0655,price_diff,计算成交量加权平均价相对 90 天前的差分变化。,"diff(vwap, 90)",price_diff,diff
op_case_0656,price_diff,计算开盘价相对 2 天前的差分变化。,"diff(open, 2)",price_diff,diff
op_case_0657,price_diff,计算开盘价相对 3 天前的差分变化。,"diff(open, 3)",price_diff,diff
op_case_0658,price_diff,计算开盘价相对 5 天前的差分变化。,"diff(open, 5)",price_diff,diff
op_case_0659,price_diff,计算开盘价相对 7 天前的差分变化。,"diff(open, 7)",price_diff,diff
op_case_0660,price_diff,计算开盘价相对 10 天前的差分变化。,"diff(open, 10)",price_diff,diff
op_case_0661,price_diff,计算开盘价相对 15 天前的差分变化。,"diff(open, 15)",price_diff,diff
op_case_0662,price_diff,计算开盘价相对 20 天前的差分变化。,"diff(open, 20)",price_diff,diff
op_case_0663,price_diff,计算开盘价相对 30 天前的差分变化。,"diff(open, 30)",price_diff,diff
op_case_0664,rare_logic_and_ge_eq,"当成交量大于等于 20 日均量且日收益符号等于正号时保留收益信号。（字段 close, volume；核心算子 where, logical_and, pct_change, ge, eq, ts_mean, sign；数值参数 20, 1, 1.0, 5, 0.0；参数化版本 1。）","where(logical_and(ge(volume, ts_mean(volume, 20)), eq(sign(pct_change(close, 1)), 1.0)), pct_change(close, 5), 0.0)",rare_operator_booster,"where,logical_and,pct_change,ge,eq,ts_mean,sign,pct_change"
op_case_0665,rare_logic_or_ge_eq,"当成交量大于等于 20 日均量或日收益符号等于正号至少一个成立时保留收益信号。（字段 close, volume；核心算子 where, logical_or, pct_change, ge, eq, ts_mean, sign；数值参数 20, 1, 1.0, 5, 0.0；参数化版本 1。）","where(logical_or(ge(volume, ts_mean(volume, 20)), eq(sign(pct_change(close, 1)), 1.0)), pct_change(close, 5), 0.0)",rare_operator_booster,"where,logical_or,pct_change,ge,eq,ts_mean,sign,pct_change"
op_case_0666,rare_logic_xor_ge_eq,"当成交量大于等于 20 日均量和日收益符号等于正号只有一个成立时保留收益信号。（字段 close, volume；核心算子 where, logical_xor, pct_change, ge, eq, ts_mean, sign；数值参数 20, 1, 1.0, 5, 0.0；参数化版本 1。）","where(logical_xor(ge(volume, ts_mean(volume, 20)), eq(sign(pct_change(close, 1)), 1.0)), pct_change(close, 5), 0.0)",rare_operator_booster,"where,logical_xor,pct_change,ge,eq,ts_mean,sign,pct_change"
op_case_0667,rare_logic_and_eq_gt,"当日收益符号等于正号且价格高于 20 日均价时保留收益信号。（字段 close；核心算子 where, logical_and, pct_change, eq, gt, sign, ts_mean；数值参数 1, 1.0, 20, 10, 0.0；参数化版本 1。）","where(logical_and(eq(sign(pct_change(close, 1)), 1.0), gt(close, ts_mean(close, 20))), pct_change(close, 10), 0.0)",rare_operator_booster,"where,logical_and,pct_change,eq,gt,sign,ts_mean,pct_change"
op_case_0668,rare_logic_or_eq_gt,"当日收益符号等于正号或价格高于 20 日均价至少一个成立时保留收益信号。（字段 close；核心算子 where, logical_or, pct_change, eq, gt, sign, ts_mean；数值参数 1, 1.0, 20, 10, 0.0；参数化版本 1。）","where(logical_or(eq(sign(pct_change(close, 1)), 1.0), gt(close, ts_mean(close, 20))), pct_change(close, 10), 0.0)",rare_operator_booster,"where,logical_or,pct_change,eq,gt,sign,ts_mean,pct_change"
op_case_0669,rare_logic_xor_eq_gt,"当日收益符号等于正号和价格高于 20 日均价只有一个成立时保留收益信号。（字段 close；核心算子 where, logical_xor, pct_change, eq, gt, sign, ts_mean；数值参数 1, 1.0, 20, 10, 0.0；参数化版本 1。）","where(logical_xor(eq(sign(pct_change(close, 1)), 1.0), gt(close, ts_mean(close, 20))), pct_change(close, 10), 0.0)",rare_operator_booster,"where,logical_xor,pct_change,eq,gt,sign,ts_mean,pct_change"
op_case_0670,rare_logic_not_eq,"当不是日收益符号等于正号时使用反转收益信号。（字段 close；核心算子 where, logical_not, neg, eq, pct_change, sign；数值参数 1, 1.0, 10, 0.0；参数化版本 1。）","where(logical_not(eq(sign(pct_change(close, 1)), 1.0)), neg(pct_change(close, 10)), 0.0)",rare_operator_booster,"where,logical_not,neg,eq,pct_change,sign,pct_change"
op_case_0671,rare_logic_and_ge_eq,"当成交量大于等于 20 日均量且日收益符号等于正号时保留收益信号。（字段 close, volume；核心算子 where, logical_and, pct_change, ge, eq, ts_mean, sign；数值参数 20, 1, 1.0, 7, 0.0；参数化版本 2。）","where(logical_and(ge(volume, ts_mean(volume, 20)), eq(sign(pct_change(close, 1)), 1.0)), pct_change(close, 7), 0.0)",rare_operator_booster,"where,logical_and,pct_change,ge,eq,ts_mean,sign,pct_change"
op_case_0672,rare_logic_or_ge_eq,"当成交量大于等于 20 日均量或日收益符号等于正号至少一个成立时保留收益信号。（字段 close, volume；核心算子 where, logical_or, pct_change, ge, eq, ts_mean, sign；数值参数 20, 1, 1.0, 7, 0.0；参数化版本 2。）","where(logical_or(ge(volume, ts_mean(volume, 20)), eq(sign(pct_change(close, 1)), 1.0)), pct_change(close, 7), 0.0)",rare_operator_booster,"where,logical_or,pct_change,ge,eq,ts_mean,sign,pct_change"
op_case_0673,rare_logic_xor_ge_eq,"当成交量大于等于 20 日均量和日收益符号等于正号只有一个成立时保留收益信号。（字段 close, volume；核心算子 where, logical_xor, pct_change, ge, eq, ts_mean, sign；数值参数 20, 1, 1.0, 7, 0.0；参数化版本 2。）","where(logical_xor(ge(volume, ts_mean(volume, 20)), eq(sign(pct_change(close, 1)), 1.0)), pct_change(close, 7), 0.0)",rare_operator_booster,"where,logical_xor,pct_change,ge,eq,ts_mean,sign,pct_change"
op_case_0674,rare_logic_and_eq_gt,"当日收益符号等于正号且价格高于 20 日均价时保留收益信号。（字段 close；核心算子 where, logical_and, pct_change, eq, gt, sign, ts_mean；数值参数 1, 1.0, 20, 2, 0.0；参数化版本 2。）","where(logical_and(eq(sign(pct_change(close, 1)), 1.0), gt(close, ts_mean(close, 20))), pct_change(close, 2), 0.0)",rare_operator_booster,"where,logical_and,pct_change,eq,gt,sign,ts_mean,pct_change"
op_case_0675,rare_logic_or_eq_gt,"当日收益符号等于正号或价格高于 20 日均价至少一个成立时保留收益信号。（字段 close；核心算子 where, logical_or, pct_change, eq, gt, sign, ts_mean；数值参数 1, 1.0, 20, 2, 0.0；参数化版本 2。）","where(logical_or(eq(sign(pct_change(close, 1)), 1.0), gt(close, ts_mean(close, 20))), pct_change(close, 2), 0.0)",rare_operator_booster,"where,logical_or,pct_change,eq,gt,sign,ts_mean,pct_change"
op_case_0676,rare_logic_xor_eq_gt,"当日收益符号等于正号和价格高于 20 日均价只有一个成立时保留收益信号。（字段 close；核心算子 where, logical_xor, pct_change, eq, gt, sign, ts_mean；数值参数 1, 1.0, 20, 2, 0.0；参数化版本 2。）","where(logical_xor(eq(sign(pct_change(close, 1)), 1.0), gt(close, ts_mean(close, 20))), pct_change(close, 2), 0.0)",rare_operator_booster,"where,logical_xor,pct_change,eq,gt,sign,ts_mean,pct_change"
op_case_0677,rare_logic_not_eq,"当不是日收益符号等于正号时使用反转收益信号。（字段 close；核心算子 where, logical_not, neg, eq, pct_change, sign；数值参数 1, 1.0, 2, 0.0；参数化版本 2。）","where(logical_not(eq(sign(pct_change(close, 1)), 1.0)), neg(pct_change(close, 2)), 0.0)",rare_operator_booster,"where,logical_not,neg,eq,pct_change,sign,pct_change"
op_case_0678,v21_eq_xs_sign_volume,当成交量横截面偏离符号等于正号时保留标准化信号。,"where(eq(sign(sub(volume, xs_mean(volume))), 1.0), div(sub(volume, xs_mean(volume)), xs_std(volume)), 0.0)",conditional_v21,"where,eq,div,sign,sub,xs_std,sub,xs_mean,xs_mean"
op_case_0679,v21_eq_xs_sign_vwap,当成交量加权平均价横截面偏离符号等于正号时保留标准化信号。,"where(eq(sign(sub(vwap, xs_mean(vwap))), 1.0), div(sub(vwap, xs_mean(vwap)), xs_std(vwap)), 0.0)",conditional_v21,"where,eq,div,sign,sub,xs_std,sub,xs_mean,xs_mean"
op_case_0680,v21_eq_xs_sign_pb,当市净率 PB横截面偏离符号等于正号时保留标准化信号。,"where(eq(sign(sub(pb, xs_mean(pb))), 1.0), div(sub(pb, xs_mean(pb)), xs_std(pb)), 0.0)",conditional_v21,"where,eq,div,sign,sub,xs_std,sub,xs_mean,xs_mean"
op_case_0681,v21_eq_xs_sign_market_cap,当总市值横截面偏离符号等于正号时保留标准化信号。,"where(eq(sign(sub(market_cap, xs_mean(market_cap))), 1.0), div(sub(market_cap, xs_mean(market_cap)), xs_std(market_cap)), 0.0)",conditional_v21,"where,eq,div,sign,sub,xs_std,sub,xs_mean,xs_mean"
op_case_0682,rare_exp,对横截面标准化后的开盘价截断后取指数，强调高分端差异。,"exp(minimum(div(sub(open, xs_mean(open)), xs_std(open)), 3.0))",rare_operator_booster,"exp,minimum,div,sub,xs_std,xs_mean"
op_case_0683,exp_scaled_close,对横截面标准化后的收盘价截断后取指数，强调高分端差异。,"exp(minimum(div(sub(close, xs_mean(close)), xs_std(close)), 3.0))",math_transform,"exp,minimum,div,sub,xs_std,xs_mean"
op_case_0684,rare_exp,对横截面标准化后的最高价截断后取指数，强调高分端差异。,"exp(minimum(div(sub(high, xs_mean(high)), xs_std(high)), 3.0))",rare_operator_booster,"exp,minimum,div,sub,xs_std,xs_mean"
op_case_0685,rare_exp,对横截面标准化后的最低价截断后取指数，强调高分端差异。,"exp(minimum(div(sub(low, xs_mean(low)), xs_std(low)), 3.0))",rare_operator_booster,"exp,minimum,div,sub,xs_std,xs_mean"
op_case_0686,rare_logic_and_gt_ge,"当价格高于 20 日均价且成交量大于等于 20 日均量时保留收益信号。（字段 close, volume；核心算子 where, logical_and, pct_change, gt, ge, ts_mean；数值参数 20, 2, 0.0；参数化版本 1。）","where(logical_and(gt(close, ts_mean(close, 20)), ge(volume, ts_mean(volume, 20))), pct_change(close, 2), 0.0)",rare_operator_booster,"where,logical_and,pct_change,gt,ge,ts_mean,ts_mean"
op_case_0687,rare_logic_or_gt_ge,"当价格高于 20 日均价或成交量大于等于 20 日均量至少一个成立时保留收益信号。（字段 close, volume；核心算子 where, logical_or, pct_change, gt, ge, ts_mean；数值参数 20, 2, 0.0；参数化版本 1。）","where(logical_or(gt(close, ts_mean(close, 20)), ge(volume, ts_mean(volume, 20))), pct_change(close, 2), 0.0)",rare_operator_booster,"where,logical_or,pct_change,gt,ge,ts_mean,ts_mean"
op_case_0688,rare_logic_xor_gt_ge,"当价格高于 20 日均价和成交量大于等于 20 日均量只有一个成立时保留收益信号。（字段 close, volume；核心算子 where, logical_xor, pct_change, gt, ge, ts_mean；数值参数 20, 2, 0.0；参数化版本 1。）","where(logical_xor(gt(close, ts_mean(close, 20)), ge(volume, ts_mean(volume, 20))), pct_change(close, 2), 0.0)",rare_operator_booster,"where,logical_xor,pct_change,gt,ge,ts_mean,ts_mean"
op_case_0689,rare_logic_not_ge,"当不是成交量大于等于 20 日均量时使用反转收益信号。（字段 close, volume；核心算子 where, logical_not, neg, ge, pct_change, ts_mean；数值参数 20, 5, 0.0；参数化版本 1。）","where(logical_not(ge(volume, ts_mean(volume, 20))), neg(pct_change(close, 5)), 0.0)",rare_operator_booster,"where,logical_not,neg,ge,pct_change,ts_mean"
op_case_0690,rare_logic_and_gt_ge,"当价格高于 20 日均价且成交量大于等于 20 日均量时保留收益信号。（字段 close, volume；核心算子 where, logical_and, pct_change, gt, ge, ts_mean；数值参数 20, 3, 0.0；参数化版本 2。）","where(logical_and(gt(close, ts_mean(close, 20)), ge(volume, ts_mean(volume, 20))), pct_change(close, 3), 0.0)",rare_operator_booster,"where,logical_and,pct_change,gt,ge,ts_mean,ts_mean"
op_case_0691,rare_logic_or_gt_ge,"当价格高于 20 日均价或成交量大于等于 20 日均量至少一个成立时保留收益信号。（字段 close, volume；核心算子 where, logical_or, pct_change, gt, ge, ts_mean；数值参数 20, 3, 0.0；参数化版本 2。）","where(logical_or(gt(close, ts_mean(close, 20)), ge(volume, ts_mean(volume, 20))), pct_change(close, 3), 0.0)",rare_operator_booster,"where,logical_or,pct_change,gt,ge,ts_mean,ts_mean"
op_case_0692,rare_logic_xor_gt_ge,"当价格高于 20 日均价和成交量大于等于 20 日均量只有一个成立时保留收益信号。（字段 close, volume；核心算子 where, logical_xor, pct_change, gt, ge, ts_mean；数值参数 20, 3, 0.0；参数化版本 2。）","where(logical_xor(gt(close, ts_mean(close, 20)), ge(volume, ts_mean(volume, 20))), pct_change(close, 3), 0.0)",rare_operator_booster,"where,logical_xor,pct_change,gt,ge,ts_mean,ts_mean"
op_case_0693,rare_logic_not_ge,"当不是成交量大于等于 20 日均量时使用反转收益信号。（字段 close, volume；核心算子 where, logical_not, neg, ge, pct_change, ts_mean；数值参数 20, 7, 0.0；参数化版本 2。）","where(logical_not(ge(volume, ts_mean(volume, 20))), neg(pct_change(close, 7)), 0.0)",rare_operator_booster,"where,logical_not,neg,ge,pct_change,ts_mean"
op_case_0694,v21_ge_xs_mean_volume,当成交量大于等于横截面均值时保留原值，否则替换为均值。,"where(ge(volume, xs_mean(volume)), volume, xs_mean(volume))",conditional_v21,"where,ge,xs_mean,xs_mean"
op_case_0695,v21_ge_xs_mean_vwap,当成交量加权平均价大于等于横截面均值时保留原值，否则替换为均值。,"where(ge(vwap, xs_mean(vwap)), vwap, xs_mean(vwap))",conditional_v21,"where,ge,xs_mean,xs_mean"
op_case_0696,v21_ge_xs_mean_pb,当市净率 PB大于等于横截面均值时保留原值，否则替换为均值。,"where(ge(pb, xs_mean(pb)), pb, xs_mean(pb))",conditional_v21,"where,ge,xs_mean,xs_mean"
op_case_0697,v21_ge_xs_mean_market_cap,当总市值大于等于横截面均值时保留原值，否则替换为均值。,"where(ge(market_cap, xs_mean(market_cap)), market_cap, xs_mean(market_cap))",conditional_v21,"where,ge,xs_mean,xs_mean"
op_case_0698,liquidity_log10,用以 10 为底的对数刻画过去 2 日平均成交量规模。,"log10(ts_mean(volume, 2))",liquidity,"log10,ts_mean"
op_case_0699,liquidity_log10,用以 10 为底的对数刻画过去 3 日平均成交量规模。,"log10(ts_mean(volume, 3))",liquidity,"log10,ts_mean"
op_case_0700,liquidity_log10,用以 10 为底的对数刻画过去 5 日平均成交量规模。,"log10(ts_mean(volume, 5))",liquidity,"log10,ts_mean"
op_case_0701,liquidity_log10,用以 10 为底的对数刻画过去 7 日平均成交量规模。,"log10(ts_mean(volume, 7))",liquidity,"log10,ts_mean"
op_case_0702,liquidity_log10,用以 10 为底的对数刻画过去 10 日平均成交量规模。,"log10(ts_mean(volume, 10))",liquidity,"log10,ts_mean"
op_case_0703,liquidity_log10,用以 10 为底的对数刻画过去 15 日平均成交量规模。,"log10(ts_mean(volume, 15))",liquidity,"log10,ts_mean"
op_case_0704,liquidity_log10,用以 10 为底的对数刻画过去 20 日平均成交量规模。,"log10(ts_mean(volume, 20))",liquidity,"log10,ts_mean"
op_case_0705,liquidity_log10,用以 10 为底的对数刻画过去 30 日平均成交量规模。,"log10(ts_mean(volume, 30))",liquidity,"log10,ts_mean"
op_case_0706,liquidity_log10,用以 10 为底的对数刻画过去 45 日平均成交量规模。,"log10(ts_mean(volume, 45))",liquidity,"log10,ts_mean"
op_case_0707,liquidity_log10,用以 10 为底的对数刻画过去 60 日平均成交量规模。,"log10(ts_mean(volume, 60))",liquidity,"log10,ts_mean"
op_case_0708,liquidity_log10,用以 10 为底的对数刻画过去 90 日平均成交量规模。,"log10(ts_mean(volume, 90))",liquidity,"log10,ts_mean"
op_case_0709,v21_log10_return_3,对 3 日收益绝对值加一后取 10 底对数，压缩波动尺度。,"log10(add(1.0, absolute(pct_change(close, 3))))",rare_operator_v21,"log10,add,absolute,pct_change"
op_case_0710,v21_log10_return_5,对 5 日收益绝对值加一后取 10 底对数，压缩波动尺度。,"log10(add(1.0, absolute(pct_change(close, 5))))",rare_operator_v21,"log10,add,absolute,pct_change"
op_case_0711,v21_log10_return_10,对 10 日收益绝对值加一后取 10 底对数，压缩波动尺度。,"log10(add(1.0, absolute(pct_change(close, 10))))",rare_operator_v21,"log10,add,absolute,pct_change"
op_case_0712,v21_log10_return_20,对 20 日收益绝对值加一后取 10 底对数，压缩波动尺度。,"log10(add(1.0, absolute(pct_change(close, 20))))",rare_operator_v21,"log10,add,absolute,pct_change"
op_case_0713,v21_log10_return_30,对 30 日收益绝对值加一后取 10 底对数，压缩波动尺度。,"log10(add(1.0, absolute(pct_change(close, 30))))",rare_operator_v21,"log10,add,absolute,pct_change"
op_case_0714,v21_log10_return_60,对 60 日收益绝对值加一后取 10 底对数，压缩波动尺度。,"log10(add(1.0, absolute(pct_change(close, 60))))",rare_operator_v21,"log10,add,absolute,pct_change"
op_case_0715,v21_log10_extra_open_2,对 2 日开盘价变化绝对值加一后取 10 底对数。,"log10(add(1.0, absolute(pct_change(open, 2))))",rare_operator_v21,"log10,add,absolute,pct_change"
op_case_0716,v21_log10_extra_open_3,对 3 日开盘价变化绝对值加一后取 10 底对数。,"log10(add(1.0, absolute(pct_change(open, 3))))",rare_operator_v21,"log10,add,absolute,pct_change"
op_case_0717,v21_log10_extra_open_5,对 5 日开盘价变化绝对值加一后取 10 底对数。,"log10(add(1.0, absolute(pct_change(open, 5))))",rare_operator_v21,"log10,add,absolute,pct_change"
op_case_0718,v21_log10_extra_open_7,对 7 日开盘价变化绝对值加一后取 10 底对数。,"log10(add(1.0, absolute(pct_change(open, 7))))",rare_operator_v21,"log10,add,absolute,pct_change"
op_case_0719,v21_log10_extra_open_10,对 10 日开盘价变化绝对值加一后取 10 底对数。,"log10(add(1.0, absolute(pct_change(open, 10))))",rare_operator_v21,"log10,add,absolute,pct_change"
op_case_0720,v21_log10_extra_open_15,对 15 日开盘价变化绝对值加一后取 10 底对数。,"log10(add(1.0, absolute(pct_change(open, 15))))",rare_operator_v21,"log10,add,absolute,pct_change"
op_case_0721,v21_log10_extra_open_20,对 20 日开盘价变化绝对值加一后取 10 底对数。,"log10(add(1.0, absolute(pct_change(open, 20))))",rare_operator_v21,"log10,add,absolute,pct_change"
op_case_0722,v21_log10_extra_close_2,对 2 日收盘价变化绝对值加一后取 10 底对数。,"log10(add(1.0, absolute(pct_change(close, 2))))",rare_operator_v21,"log10,add,absolute,pct_change"
op_case_0723,v21_log10_extra_close_7,对 7 日收盘价变化绝对值加一后取 10 底对数。,"log10(add(1.0, absolute(pct_change(close, 7))))",rare_operator_v21,"log10,add,absolute,pct_change"
op_case_0724,v21_log10_extra_close_15,对 15 日收盘价变化绝对值加一后取 10 底对数。,"log10(add(1.0, absolute(pct_change(close, 15))))",rare_operator_v21,"log10,add,absolute,pct_change"
op_case_0725,v21_log10_extra_high_2,对 2 日最高价变化绝对值加一后取 10 底对数。,"log10(add(1.0, absolute(pct_change(high, 2))))",rare_operator_v21,"log10,add,absolute,pct_change"
op_case_0726,v21_log10_extra_high_3,对 3 日最高价变化绝对值加一后取 10 底对数。,"log10(add(1.0, absolute(pct_change(high, 3))))",rare_operator_v21,"log10,add,absolute,pct_change"
op_case_0727,v21_log10_extra_high_5,对 5 日最高价变化绝对值加一后取 10 底对数。,"log10(add(1.0, absolute(pct_change(high, 5))))",rare_operator_v21,"log10,add,absolute,pct_change"
op_case_0728,rare_logic_not_gt,"当不是价格高于 20 日均价时使用反转收益信号。（字段 close；核心算子 where, logical_not, neg, gt, pct_change, ts_mean；数值参数 20, 2, 0.0；参数化版本 1。）","where(logical_not(gt(close, ts_mean(close, 20))), neg(pct_change(close, 2)), 0.0)",rare_operator_booster,"where,logical_not,neg,gt,pct_change,ts_mean"
op_case_0729,rare_logic_not_lt,"当不是价格低于 20 日均价时使用反转收益信号。（字段 close；核心算子 where, logical_not, neg, lt, pct_change, ts_mean；数值参数 20, 3, 0.0；参数化版本 1。）","where(logical_not(lt(close, ts_mean(close, 20))), neg(pct_change(close, 3)), 0.0)",rare_operator_booster,"where,logical_not,neg,lt,pct_change,ts_mean"
op_case_0730,rare_logic_not_le,"当不是成交量小于等于 20 日均量时使用反转收益信号。（字段 close, volume；核心算子 where, logical_not, neg, le, pct_change, ts_mean；数值参数 20, 7, 0.0；参数化版本 1。）","where(logical_not(le(volume, ts_mean(volume, 20))), neg(pct_change(close, 7)), 0.0)",rare_operator_booster,"where,logical_not,neg,le,pct_change,ts_mean"
op_case_0731,rare_logic_not_ne,"当不是日收益符号不等于负号时使用反转收益信号。（字段 close；核心算子 where, logical_not, neg, ne, pct_change, sign；数值参数 1, -1.0, 2, 0.0；参数化版本 1。）","where(logical_not(ne(sign(pct_change(close, 1)), -1.0)), neg(pct_change(close, 2)), 0.0)",rare_operator_booster,"where,logical_not,neg,ne,pct_change,sign,pct_change"
op_case_0732,rare_logic_not_gt,"当不是价格高于 20 日均价时使用反转收益信号。（字段 close；核心算子 where, logical_not, neg, gt, pct_change, ts_mean；数值参数 20, 3, 0.0；参数化版本 2。）","where(logical_not(gt(close, ts_mean(close, 20))), neg(pct_change(close, 3)), 0.0)",rare_operator_booster,"where,logical_not,neg,gt,pct_change,ts_mean"
op_case_0733,rare_logic_not_lt,"当不是价格低于 20 日均价时使用反转收益信号。（字段 close；核心算子 where, logical_not, neg, lt, pct_change, ts_mean；数值参数 20, 5, 0.0；参数化版本 2。）","where(logical_not(lt(close, ts_mean(close, 20))), neg(pct_change(close, 5)), 0.0)",rare_operator_booster,"where,logical_not,neg,lt,pct_change,ts_mean"
op_case_0734,rare_logic_not_le,"当不是成交量小于等于 20 日均量时使用反转收益信号。（字段 close, volume；核心算子 where, logical_not, neg, le, pct_change, ts_mean；数值参数 20, 10, 0.0；参数化版本 2。）","where(logical_not(le(volume, ts_mean(volume, 20))), neg(pct_change(close, 10)), 0.0)",rare_operator_booster,"where,logical_not,neg,le,pct_change,ts_mean"
op_case_0735,rare_logic_not_ne,"当不是日收益符号不等于负号时使用反转收益信号。（字段 close；核心算子 where, logical_not, neg, ne, pct_change, sign；数值参数 1, -1.0, 3, 0.0；参数化版本 2。）","where(logical_not(ne(sign(pct_change(close, 1)), -1.0)), neg(pct_change(close, 3)), 0.0)",rare_operator_booster,"where,logical_not,neg,ne,pct_change,sign,pct_change"
op_case_0736,v21_stable_not_and_cheap_liquid,当估值便宜和流动性高不同时成立时使用反向稳健风格信号。,"where(logical_not(logical_and(gt(recip(pb), xs_mean(recip(pb))), gt(log1p(ts_mean(volume, 20)), xs_mean(log1p(ts_mean(volume, 20)))))), neg(recip(pb)), 0.0)",conditional_v21,"where,logical_not,neg,logical_and,recip,gt,gt,recip,xs_mean,log1p,xs_mean,recip,ts_mean,log1p,ts_mean"
op_case_0737,v21_stable_not_and_small_momentum,当小市值和动量强不同时成立时使用反向稳健风格信号。,"where(logical_not(logical_and(gt(neg(log(market_cap)), xs_mean(neg(log(market_cap)))), gt(pct_change(close, 20), xs_mean(pct_change(close, 20))))), neg(neg(log(market_cap))), 0.0)",conditional_v21,"where,logical_not,neg,logical_and,neg,gt,gt,log,neg,xs_mean,pct_change,xs_mean,log,neg,pct_change,log"
op_case_0738,v21_stable_not_and_liquid_low_vol,当流动性高和低波不同时成立时使用反向稳健风格信号。,"where(logical_not(logical_and(gt(log1p(ts_mean(volume, 20)), xs_mean(log1p(ts_mean(volume, 20)))), le(ts_std(pct_change(close, 1), 20), xs_mean(ts_std(pct_change(close, 1), 20))))), neg(pct_change(close, 20)), 0.0)",conditional_v21,"where,logical_not,neg,logical_and,pct_change,gt,le,log1p,xs_mean,ts_std,xs_mean,ts_mean,log1p,pct_change,ts_std,ts_mean,pct_change"
op_case_0739,v21_stable_not_and_momentum_industry_value,当动量强和行业内估值强不同时成立时使用反向稳健风格信号。,"where(logical_not(logical_and(gt(pct_change(close, 20), xs_mean(pct_change(close, 20))), gt(div(sub(recip(pb), group_mean(recip(pb), industry)), group_std(recip(pb), industry)), 0.0))), neg(log1p(ts_mean(volume, 20))), 0.0)",conditional_v21,"where,logical_not,neg,logical_and,log1p,gt,gt,ts_mean,pct_change,xs_mean,div,pct_change,sub,group_std,recip,group_mean,recip,recip"
op_case_0740,v21_stable_not_low_vol,当不是低波时使用反向稳健风格信号。,"where(logical_not(le(ts_std(pct_change(close, 1), 20), xs_mean(ts_std(pct_change(close, 1), 20)))), neg(div(volume, market_cap)), 0.0)",conditional_v21,"where,logical_not,neg,le,div,ts_std,xs_mean,pct_change,ts_std,pct_change"
op_case_0741,v21_stable_not_and_low_vol_turnover,当低波和换手代理高不同时成立时使用反向稳健风格信号。,"where(logical_not(logical_and(le(ts_std(pct_change(close, 1), 20), xs_mean(ts_std(pct_change(close, 1), 20))), gt(div(volume, market_cap), xs_mean(div(volume, market_cap))))), neg(div(volume, market_cap)), 0.0)",conditional_v21,"where,logical_not,neg,logical_and,div,le,gt,ts_std,xs_mean,div,xs_mean,pct_change,ts_std,div,pct_change"
op_case_0742,v21_stable_not_and_industry_value_vwap_strength,当行业内估值强和VWAP 强势不同时成立时使用反向稳健风格信号。,"where(logical_not(logical_and(gt(div(sub(recip(pb), group_mean(recip(pb), industry)), group_std(recip(pb), industry)), 0.0), gt(div(sub(close, vwap), vwap), xs_mean(div(sub(close, vwap), vwap))))), neg(recip(pb)), 0.0)",conditional_v21,"where,logical_not,neg,logical_and,recip,gt,gt,div,div,xs_mean,sub,group_std,sub,div,recip,group_mean,recip,sub,recip"
op_case_0743,v21_stable_not_turnover,当不是换手代理高时使用反向稳健风格信号。,"where(logical_not(gt(div(volume, market_cap), xs_mean(div(volume, market_cap)))), neg(neg(log(market_cap))), 0.0)",conditional_v21,"where,logical_not,neg,gt,neg,div,xs_mean,log,div"
op_case_0744,rare_logic_xor_lt_le,"当价格低于 20 日均价和成交量小于等于 20 日均量只有一个成立时保留收益信号。（字段 close, volume；核心算子 where, logical_xor, pct_change, lt, le, ts_mean；数值参数 20, 3, 0.0；参数化版本 1。）","where(logical_xor(lt(close, ts_mean(close, 20)), le(volume, ts_mean(volume, 20))), pct_change(close, 3), 0.0)",rare_operator_booster,"where,logical_xor,pct_change,lt,le,ts_mean,ts_mean"
op_case_0745,rare_logic_xor_le_ne,"当成交量小于等于 20 日均量和日收益符号不等于负号只有一个成立时保留收益信号。（字段 close, volume；核心算子 where, logical_xor, pct_change, le, ne, ts_mean, sign；数值参数 20, 1, -1.0, 7, 0.0；参数化版本 1。）","where(logical_xor(le(volume, ts_mean(volume, 20)), ne(sign(pct_change(close, 1)), -1.0)), pct_change(close, 7), 0.0)",rare_operator_booster,"where,logical_xor,pct_change,le,ne,ts_mean,sign,pct_change"
op_case_0746,rare_logic_xor_ne_lt,"当日收益符号不等于负号和价格低于 20 日均价只有一个成立时保留收益信号。（字段 close；核心算子 where, logical_xor, pct_change, ne, lt, sign, ts_mean；数值参数 1, -1.0, 20, 2, 0.0；参数化版本 1。）","where(logical_xor(ne(sign(pct_change(close, 1)), -1.0), lt(close, ts_mean(close, 20))), pct_change(close, 2), 0.0)",rare_operator_booster,"where,logical_xor,pct_change,ne,lt,sign,ts_mean,pct_change"
op_case_0747,rare_logic_xor_lt_le,"当价格低于 20 日均价和成交量小于等于 20 日均量只有一个成立时保留收益信号。（字段 close, volume；核心算子 where, logical_xor, pct_change, lt, le, ts_mean；数值参数 20, 5, 0.0；参数化版本 2。）","where(logical_xor(lt(close, ts_mean(close, 20)), le(volume, ts_mean(volume, 20))), pct_change(close, 5), 0.0)",rare_operator_booster,"where,logical_xor,pct_change,lt,le,ts_mean,ts_mean"
op_case_0748,rare_logic_xor_le_ne,"当成交量小于等于 20 日均量和日收益符号不等于负号只有一个成立时保留收益信号。（字段 close, volume；核心算子 where, logical_xor, pct_change, le, ne, ts_mean, sign；数值参数 20, 1, -1.0, 10, 0.0；参数化版本 2。）","where(logical_xor(le(volume, ts_mean(volume, 20)), ne(sign(pct_change(close, 1)), -1.0)), pct_change(close, 10), 0.0)",rare_operator_booster,"where,logical_xor,pct_change,le,ne,ts_mean,sign,pct_change"
op_case_0749,rare_logic_xor_ne_lt,"当日收益符号不等于负号和价格低于 20 日均价只有一个成立时保留收益信号。（字段 close；核心算子 where, logical_xor, pct_change, ne, lt, sign, ts_mean；数值参数 1, -1.0, 20, 3, 0.0；参数化版本 2。）","where(logical_xor(ne(sign(pct_change(close, 1)), -1.0), lt(close, ts_mean(close, 20))), pct_change(close, 3), 0.0)",rare_operator_booster,"where,logical_xor,pct_change,ne,lt,sign,ts_mean,pct_change"
op_case_0750,v21_stable_xor_cheap_liquid,当估值便宜和流动性高只有一个成立时保留稳健风格信号。,"where(logical_xor(gt(recip(pb), xs_mean(recip(pb))), gt(log1p(ts_mean(volume, 20)), xs_mean(log1p(ts_mean(volume, 20))))), recip(pb), 0.0)",conditional_v21,"where,logical_xor,recip,gt,gt,recip,xs_mean,log1p,xs_mean,recip,ts_mean,log1p,ts_mean"
op_case_0751,v21_stable_xor_chain_cheap_liquid_low_vol,"三个风格条件中奇数个成立时保留稳健风格信号。（字段 close, pb, volume；核心算子 where, logical_xor, recip, le, gt, ts_std, xs_mean, log1p, pct_change, ts_mean；数值参数 20, 1, 0.0；参数化版本 1。）","where(logical_xor(logical_xor(gt(recip(pb), xs_mean(recip(pb))), gt(log1p(ts_mean(volume, 20)), xs_mean(log1p(ts_mean(volume, 20))))), le(ts_std(pct_change(close, 1), 20), xs_mean(ts_std(pct_change(close, 1), 20)))), recip(pb), 0.0)",conditional_v21,"where,logical_xor,recip,logical_xor,le,gt,gt,ts_std,xs_mean,recip,xs_mean,log1p,xs_mean,pct_change,ts_std,recip,ts_mean,log1p,pct_change,ts_mean"
op_case_0752,v21_stable_xor_small_momentum,当小市值和动量强只有一个成立时保留稳健风格信号。,"where(logical_xor(gt(neg(log(market_cap)), xs_mean(neg(log(market_cap)))), gt(pct_change(close, 20), xs_mean(pct_change(close, 20)))), neg(log(market_cap)), 0.0)",conditional_v21,"where,logical_xor,neg,gt,gt,log,neg,xs_mean,pct_change,xs_mean,log,neg,pct_change,log"
op_case_0753,v21_stable_xor_chain_small_momentum_industry_value,"三个风格条件中奇数个成立时保留稳健风格信号。（字段 close, industry, market_cap, pb；核心算子 where, logical_xor, neg, gt, log, div, xs_mean, pct_change, sub, group_std, recip, group_mean；数值参数 20, 0.0；参数化版本 2。）","where(logical_xor(logical_xor(gt(neg(log(market_cap)), xs_mean(neg(log(market_cap)))), gt(pct_change(close, 20), xs_mean(pct_change(close, 20)))), gt(div(sub(recip(pb), group_mean(recip(pb), industry)), group_std(recip(pb), industry)), 0.0)), neg(log(market_cap)), 0.0)",conditional_v21,"where,logical_xor,neg,logical_xor,gt,log,gt,gt,div,neg,xs_mean,pct_change,xs_mean,sub,group_std,log,neg,pct_change,recip,group_mean,recip,log,recip"
op_case_0754,v21_stable_xor_liquid_low_vol,当流动性高和低波只有一个成立时保留稳健风格信号。,"where(logical_xor(gt(log1p(ts_mean(volume, 20)), xs_mean(log1p(ts_mean(volume, 20)))), le(ts_std(pct_change(close, 1), 20), xs_mean(ts_std(pct_change(close, 1), 20)))), pct_change(close, 20), 0.0)",conditional_v21,"where,logical_xor,pct_change,gt,le,log1p,xs_mean,ts_std,xs_mean,ts_mean,log1p,pct_change,ts_std,ts_mean,pct_change"
op_case_0755,v21_stable_xor_chain_liquid_low_vol_turnover,"三个风格条件中奇数个成立时保留稳健风格信号。（字段 close, market_cap, volume；核心算子 where, logical_xor, pct_change, gt, le, div, xs_mean, log1p, ts_std, ts_mean；数值参数 20, 1, 0.0；参数化版本 3。）","where(logical_xor(logical_xor(gt(log1p(ts_mean(volume, 20)), xs_mean(log1p(ts_mean(volume, 20)))), le(ts_std(pct_change(close, 1), 20), xs_mean(ts_std(pct_change(close, 1), 20)))), gt(div(volume, market_cap), xs_mean(div(volume, market_cap)))), pct_change(close, 20), 0.0)",conditional_v21,"where,logical_xor,pct_change,logical_xor,gt,gt,le,div,xs_mean,log1p,xs_mean,ts_std,xs_mean,div,ts_mean,log1p,pct_change,ts_std,ts_mean,pct_change"
op_case_0756,rare_logic_and_lt_le,"当价格低于 20 日均价且成交量小于等于 20 日均量时保留收益信号。（字段 close, volume；核心算子 where, logical_and, pct_change, lt, le, ts_mean；数值参数 20, 3, 0.0；参数化版本 1。）","where(logical_and(lt(close, ts_mean(close, 20)), le(volume, ts_mean(volume, 20))), pct_change(close, 3), 0.0)",rare_operator_booster,"where,logical_and,pct_change,lt,le,ts_mean,ts_mean"
op_case_0757,rare_logic_or_lt_le,"当价格低于 20 日均价或成交量小于等于 20 日均量至少一个成立时保留收益信号。（字段 close, volume；核心算子 where, logical_or, pct_change, lt, le, ts_mean；数值参数 20, 3, 0.0；参数化版本 1。）","where(logical_or(lt(close, ts_mean(close, 20)), le(volume, ts_mean(volume, 20))), pct_change(close, 3), 0.0)",rare_operator_booster,"where,logical_or,pct_change,lt,le,ts_mean,ts_mean"
op_case_0758,rare_logic_and_ne_lt,"当日收益符号不等于负号且价格低于 20 日均价时保留收益信号。（字段 close；核心算子 where, logical_and, pct_change, ne, lt, sign, ts_mean；数值参数 1, -1.0, 20, 2, 0.0；参数化版本 1。）","where(logical_and(ne(sign(pct_change(close, 1)), -1.0), lt(close, ts_mean(close, 20))), pct_change(close, 2), 0.0)",rare_operator_booster,"where,logical_and,pct_change,ne,lt,sign,ts_mean,pct_change"
op_case_0759,rare_logic_or_ne_lt,"当日收益符号不等于负号或价格低于 20 日均价至少一个成立时保留收益信号。（字段 close；核心算子 where, logical_or, pct_change, ne, lt, sign, ts_mean；数值参数 1, -1.0, 20, 2, 0.0；参数化版本 1。）","where(logical_or(ne(sign(pct_change(close, 1)), -1.0), lt(close, ts_mean(close, 20))), pct_change(close, 2), 0.0)",rare_operator_booster,"where,logical_or,pct_change,ne,lt,sign,ts_mean,pct_change"
op_case_0760,rare_logic_and_lt_le,"当价格低于 20 日均价且成交量小于等于 20 日均量时保留收益信号。（字段 close, volume；核心算子 where, logical_and, pct_change, lt, le, ts_mean；数值参数 20, 5, 0.0；参数化版本 2。）","where(logical_and(lt(close, ts_mean(close, 20)), le(volume, ts_mean(volume, 20))), pct_change(close, 5), 0.0)",rare_operator_booster,"where,logical_and,pct_change,lt,le,ts_mean,ts_mean"
op_case_0761,rare_logic_or_lt_le,"当价格低于 20 日均价或成交量小于等于 20 日均量至少一个成立时保留收益信号。（字段 close, volume；核心算子 where, logical_or, pct_change, lt, le, ts_mean；数值参数 20, 5, 0.0；参数化版本 2。）","where(logical_or(lt(close, ts_mean(close, 20)), le(volume, ts_mean(volume, 20))), pct_change(close, 5), 0.0)",rare_operator_booster,"where,logical_or,pct_change,lt,le,ts_mean,ts_mean"
op_case_0762,rare_logic_and_ne_lt,"当日收益符号不等于负号且价格低于 20 日均价时保留收益信号。（字段 close；核心算子 where, logical_and, pct_change, ne, lt, sign, ts_mean；数值参数 1, -1.0, 20, 3, 0.0；参数化版本 2。）","where(logical_and(ne(sign(pct_change(close, 1)), -1.0), lt(close, ts_mean(close, 20))), pct_change(close, 3), 0.0)",rare_operator_booster,"where,logical_and,pct_change,ne,lt,sign,ts_mean,pct_change"
op_case_0763,rare_logic_or_ne_lt,"当日收益符号不等于负号或价格低于 20 日均价至少一个成立时保留收益信号。（字段 close；核心算子 where, logical_or, pct_change, ne, lt, sign, ts_mean；数值参数 1, -1.0, 20, 3, 0.0；参数化版本 2。）","where(logical_or(ne(sign(pct_change(close, 1)), -1.0), lt(close, ts_mean(close, 20))), pct_change(close, 3), 0.0)",rare_operator_booster,"where,logical_or,pct_change,ne,lt,sign,ts_mean,pct_change"
op_case_0764,downside_volatility,只统计负收益部分的 2 日波动，刻画下行风险。,"ts_std(where(lt(pct_change(close, 1), 0.0), pct_change(close, 1), 0.0), 2)",volatility,"ts_std,where,lt,pct_change,pct_change"
op_case_0765,downside_volatility,只统计负收益部分的 3 日波动，刻画下行风险。,"ts_std(where(lt(pct_change(close, 1), 0.0), pct_change(close, 1), 0.0), 3)",volatility,"ts_std,where,lt,pct_change,pct_change"
op_case_0766,downside_volatility,只统计负收益部分的 5 日波动，刻画下行风险。,"ts_std(where(lt(pct_change(close, 1), 0.0), pct_change(close, 1), 0.0), 5)",volatility,"ts_std,where,lt,pct_change,pct_change"
op_case_0767,downside_volatility,只统计负收益部分的 7 日波动，刻画下行风险。,"ts_std(where(lt(pct_change(close, 1), 0.0), pct_change(close, 1), 0.0), 7)",volatility,"ts_std,where,lt,pct_change,pct_change"
op_case_0768,downside_volatility,只统计负收益部分的 10 日波动，刻画下行风险。,"ts_std(where(lt(pct_change(close, 1), 0.0), pct_change(close, 1), 0.0), 10)",volatility,"ts_std,where,lt,pct_change,pct_change"
op_case_0769,downside_volatility,只统计负收益部分的 15 日波动，刻画下行风险。,"ts_std(where(lt(pct_change(close, 1), 0.0), pct_change(close, 1), 0.0), 15)",volatility,"ts_std,where,lt,pct_change,pct_change"
op_case_0770,downside_volatility,只统计负收益部分的 20 日波动，刻画下行风险。,"ts_std(where(lt(pct_change(close, 1), 0.0), pct_change(close, 1), 0.0), 20)",volatility,"ts_std,where,lt,pct_change,pct_change"
op_case_0771,downside_volatility,只统计负收益部分的 30 日波动，刻画下行风险。,"ts_std(where(lt(pct_change(close, 1), 0.0), pct_change(close, 1), 0.0), 30)",volatility,"ts_std,where,lt,pct_change,pct_change"
op_case_0772,downside_volatility,只统计负收益部分的 45 日波动，刻画下行风险。,"ts_std(where(lt(pct_change(close, 1), 0.0), pct_change(close, 1), 0.0), 45)",volatility,"ts_std,where,lt,pct_change,pct_change"
op_case_0773,downside_volatility,只统计负收益部分的 60 日波动，刻画下行风险。,"ts_std(where(lt(pct_change(close, 1), 0.0), pct_change(close, 1), 0.0), 60)",volatility,"ts_std,where,lt,pct_change,pct_change"
op_case_0774,downside_volatility,只统计负收益部分的 90 日波动，刻画下行风险。,"ts_std(where(lt(pct_change(close, 1), 0.0), pct_change(close, 1), 0.0), 90)",volatility,"ts_std,where,lt,pct_change,pct_change"
op_case_0775,where_price_below_mean_1d,当价格低于 20 日均价时保留 1d 收益，否则置零。,"where(lt(close, ts_mean(close, 20)), pct_change(close, 1), 0.0)",conditional,"where,lt,pct_change,ts_mean"
op_case_0776,mask_price_below_mean_1d,用 mask 只在价格低于 20 日均价时保留 1d 收益。,"mask(pct_change(close, 1), lt(close, ts_mean(close, 20)), 0.0)",conditional,"mask,pct_change,lt,ts_mean"
op_case_0777,where_negative_return_1d,当日收益为负时保留 1d 收益，否则置零。,"where(lt(pct_change(close, 1), 0.0), pct_change(close, 1), 0.0)",conditional,"where,lt,pct_change,pct_change"
op_case_0778,mask_negative_return_1d,用 mask 只在日收益为负时保留 1d 收益。,"mask(pct_change(close, 1), lt(pct_change(close, 1), 0.0), 0.0)",conditional,"mask,pct_change,lt,pct_change"
op_case_0779,where_price_below_mean_5d,当价格低于 20 日均价时保留 5d 收益，否则置零。,"where(lt(close, ts_mean(close, 20)), pct_change(close, 5), 0.0)",conditional,"where,lt,pct_change,ts_mean"
op_case_0780,v21_mask_xs_high_vwap,当成交量加权平均价高于横截面均值时保留标准化信号。,"mask(div(sub(vwap, xs_mean(vwap)), xs_std(vwap)), gt(vwap, xs_mean(vwap)), 0.0)",conditional_v21,"mask,div,gt,sub,xs_std,xs_mean,xs_mean"
op_case_0781,v21_mask_xs_low_vwap,当成交量加权平均价不高于横截面均值时保留标准化信号。,"mask(div(sub(vwap, xs_mean(vwap)), xs_std(vwap)), le(vwap, xs_mean(vwap)), 0.0)",conditional_v21,"mask,div,le,sub,xs_std,xs_mean,xs_mean"
op_case_0782,v21_mask_xs_high_pb,当市净率 PB高于横截面均值时保留标准化信号。,"mask(div(sub(pb, xs_mean(pb)), xs_std(pb)), gt(pb, xs_mean(pb)), 0.0)",conditional_v21,"mask,div,gt,sub,xs_std,xs_mean,xs_mean"
op_case_0783,v21_mask_xs_low_pb,当市净率 PB不高于横截面均值时保留标准化信号。,"mask(div(sub(pb, xs_mean(pb)), xs_std(pb)), le(pb, xs_mean(pb)), 0.0)",conditional_v21,"mask,div,le,sub,xs_std,xs_mean,xs_mean"
op_case_0784,v21_mask_xs_high_market_cap,当总市值高于横截面均值时保留标准化信号。,"mask(div(sub(market_cap, xs_mean(market_cap)), xs_std(market_cap)), gt(market_cap, xs_mean(market_cap)), 0.0)",conditional_v21,"mask,div,gt,sub,xs_std,xs_mean,xs_mean"
op_case_0785,v21_mask_xs_low_market_cap,当总市值不高于横截面均值时保留标准化信号。,"mask(div(sub(market_cap, xs_mean(market_cap)), xs_std(market_cap)), le(market_cap, xs_mean(market_cap)), 0.0)",conditional_v21,"mask,div,le,sub,xs_std,xs_mean,xs_mean"
op_case_0786,mask_price_above_mean_1d,用 mask 只在价格高于 20 日均价时保留 1d 收益。,"mask(pct_change(close, 1), gt(close, ts_mean(close, 20)), 0.0)",conditional,"mask,pct_change,gt,ts_mean"
op_case_0787,mask_volume_above_mean_1d,用 mask 只在成交量大于等于 20 日均量时保留 1d 收益。,"mask(pct_change(close, 1), ge(volume, ts_mean(volume, 20)), 0.0)",conditional,"mask,pct_change,ge,ts_mean"
op_case_0788,mask_volume_below_mean_1d,用 mask 只在成交量小于等于 20 日均量时保留 1d 收益。,"mask(pct_change(close, 1), le(volume, ts_mean(volume, 20)), 0.0)",conditional,"mask,pct_change,le,ts_mean"
op_case_0789,mask_positive_return_1d,用 mask 只在日收益为正时保留 1d 收益。,"mask(pct_change(close, 1), gt(pct_change(close, 1), 0.0), 0.0)",conditional,"mask,pct_change,gt,pct_change"
op_case_0790,mask_equal_up_sign_1d,用 mask 只在日收益符号等于正号时保留 1d 收益。,"mask(pct_change(close, 1), eq(sign(pct_change(close, 1)), 1.0), 0.0)",conditional,"mask,pct_change,eq,sign,pct_change"
op_case_0791,mask_not_down_sign_1d,用 mask 只在日收益符号不为负号时保留 1d 收益。,"mask(pct_change(close, 1), ne(sign(pct_change(close, 1)), -1.0), 0.0)",conditional,"mask,pct_change,ne,sign,pct_change"
op_case_0792,mask_price_above_mean_5d,用 mask 只在价格高于 20 日均价时保留 5d 收益。,"mask(pct_change(close, 5), gt(close, ts_mean(close, 20)), 0.0)",conditional,"mask,pct_change,gt,ts_mean"
op_case_0793,mask_price_below_mean_5d,用 mask 只在价格低于 20 日均价时保留 5d 收益。,"mask(pct_change(close, 5), lt(close, ts_mean(close, 20)), 0.0)",conditional,"mask,pct_change,lt,ts_mean"
op_case_0794,mask_volume_above_mean_5d,用 mask 只在成交量大于等于 20 日均量时保留 5d 收益。,"mask(pct_change(close, 5), ge(volume, ts_mean(volume, 20)), 0.0)",conditional,"mask,pct_change,ge,ts_mean"
op_case_0795,mask_volume_below_mean_5d,用 mask 只在成交量小于等于 20 日均量时保留 5d 收益。,"mask(pct_change(close, 5), le(volume, ts_mean(volume, 20)), 0.0)",conditional,"mask,pct_change,le,ts_mean"
op_case_0796,mask_positive_return_5d,用 mask 只在日收益为正时保留 5d 收益。,"mask(pct_change(close, 5), gt(pct_change(close, 1), 0.0), 0.0)",conditional,"mask,pct_change,gt,pct_change"
op_case_0797,mask_negative_return_5d,用 mask 只在日收益为负时保留 5d 收益。,"mask(pct_change(close, 5), lt(pct_change(close, 1), 0.0), 0.0)",conditional,"mask,pct_change,lt,pct_change"
op_case_0798,volume_mod_bucket,成交量对 20000 取模，构造教学用离散残差信号。,"mod(volume, 20000.0)",liquidity,mod
op_case_0799,volume_mod_bucket,成交量对 30000 取模，构造教学用离散残差信号。,"mod(volume, 30000.0)",liquidity,mod
op_case_0800,v21_mod_extra_volume_50000,成交量对 50000 取模，构造教学用离散残差信号。,"mod(volume, 50000.0)",rare_operator_v21,mod
op_case_0801,volume_mod_bucket,成交量对 70000 取模，构造教学用离散残差信号。,"mod(volume, 70000.0)",liquidity,mod
op_case_0802,v21_mod_extra_volume_100000,成交量对 100000 取模，构造教学用离散残差信号。,"mod(volume, 100000.0)",rare_operator_v21,mod
op_case_0803,volume_mod_bucket,成交量对 150000 取模，构造教学用离散残差信号。,"mod(volume, 150000.0)",liquidity,mod
op_case_0804,volume_mod_bucket,成交量对 200000 取模，构造教学用离散残差信号。,"mod(volume, 200000.0)",liquidity,mod
op_case_0805,volume_mod_bucket,成交量对 300000 取模，构造教学用离散残差信号。,"mod(volume, 300000.0)",liquidity,mod
op_case_0806,volume_mod_bucket,成交量对 450000 取模，构造教学用离散残差信号。,"mod(volume, 450000.0)",liquidity,mod
op_case_0807,volume_mod_bucket,成交量对 600000 取模，构造教学用离散残差信号。,"mod(volume, 600000.0)",liquidity,mod
op_case_0808,volume_mod_bucket,成交量对 900000 取模，构造教学用离散残差信号。,"mod(volume, 900000.0)",liquidity,mod
op_case_0809,v21_mod_market_cap_50000,总市值对 50000 取模，作为教学用规模残差信号。,"mod(market_cap, 50000.0)",rare_operator_v21,mod
op_case_0810,v21_mod_market_cap_100000,总市值对 100000 取模，作为教学用规模残差信号。,"mod(market_cap, 100000.0)",rare_operator_v21,mod
op_case_0811,v21_mod_market_cap_200000,总市值对 200000 取模，作为教学用规模残差信号。,"mod(market_cap, 200000.0)",rare_operator_v21,mod
op_case_0812,v21_mod_volume_500000,成交量对 500000 取模，作为教学用离散残差信号。,"mod(volume, 500000.0)",rare_operator_v21,mod
op_case_0813,v21_mod_market_cap_500000,总市值对 500000 取模，作为教学用规模残差信号。,"mod(market_cap, 500000.0)",rare_operator_v21,mod
op_case_0814,v21_mod_volume_1000000,成交量对 1000000 取模，作为教学用离散残差信号。,"mod(volume, 1000000.0)",rare_operator_v21,mod
op_case_0815,v21_mod_market_cap_1000000,总市值对 1000000 取模，作为教学用规模残差信号。,"mod(market_cap, 1000000.0)",rare_operator_v21,mod
op_case_0816,v21_mod_volume_2000000,成交量对 2000000 取模，作为教学用离散残差信号。,"mod(volume, 2000000.0)",rare_operator_v21,mod
op_case_0817,v21_mod_market_cap_2000000,总市值对 2000000 取模，作为教学用规模残差信号。,"mod(market_cap, 2000000.0)",rare_operator_v21,mod
op_case_0818,v21_mod_volume_5000000,成交量对 5000000 取模，作为教学用离散残差信号。,"mod(volume, 5000000.0)",rare_operator_v21,mod
op_case_0819,v21_mod_market_cap_5000000,总市值对 5000000 取模，作为教学用规模残差信号。,"mod(market_cap, 5000000.0)",rare_operator_v21,mod
op_case_0820,v21_mod_volume_10000000,成交量对 10000000 取模，作为教学用离散残差信号。,"mod(volume, 10000000.0)",rare_operator_v21,mod
op_case_0821,v21_mod_market_cap_10000000,总市值对 10000000 取模，作为教学用规模残差信号。,"mod(market_cap, 10000000.0)",rare_operator_v21,mod
op_case_0822,v21_mod_extra_volume_10,成交量对 10 取模，构造教学用离散残差信号。,"mod(volume, 10.0)",rare_operator_v21,mod
op_case_0823,v21_mod_extra_volume_50,成交量对 50 取模，构造教学用离散残差信号。,"mod(volume, 50.0)",rare_operator_v21,mod
op_case_0824,v21_mod_extra_volume_100,成交量对 100 取模，构造教学用离散残差信号。,"mod(volume, 100.0)",rare_operator_v21,mod
op_case_0825,v21_mod_extra_volume_500,成交量对 500 取模，构造教学用离散残差信号。,"mod(volume, 500.0)",rare_operator_v21,mod
op_case_0826,v21_mod_extra_volume_1000,成交量对 1000 取模，构造教学用离散残差信号。,"mod(volume, 1000.0)",rare_operator_v21,mod
op_case_0827,v21_mod_extra_volume_5000,成交量对 5000 取模，构造教学用离散残差信号。,"mod(volume, 5000.0)",rare_operator_v21,mod
op_case_0828,volume_shock_reversal,"2 日放量上涨可能较拥挤，后续更容易反转。（字段 close, volume；核心算子 neg, mul, div, pct_change, ts_mean；数值参数 2, 20；参数化版本 1。）","neg(mul(div(ts_mean(volume, 2), ts_mean(volume, 20)), pct_change(close, 2)))",volume,"neg,mul,div,pct_change,ts_mean,ts_mean"
op_case_0829,volume_confirmed_momentum,"短期放量同时价格上涨越明显，量价确认的动量越强。（字段 close, volume；核心算子 mul, div, pct_change, ts_mean；数值参数 2, 20；参数化版本 1。）","mul(div(ts_mean(volume, 2), ts_mean(volume, 20)), pct_change(close, 2))",volume,"mul,div,pct_change,ts_mean,ts_mean"
op_case_0830,volume_shock_reversal,"2 日放量上涨可能较拥挤，后续更容易反转。（字段 close, volume；核心算子 neg, mul, div, pct_change, ts_mean；数值参数 2, 30；参数化版本 2。）","neg(mul(div(ts_mean(volume, 2), ts_mean(volume, 30)), pct_change(close, 2)))",volume,"neg,mul,div,pct_change,ts_mean,ts_mean"
op_case_0831,volume_confirmed_momentum,"短期放量同时价格上涨越明显，量价确认的动量越强。（字段 close, volume；核心算子 mul, div, pct_change, ts_mean；数值参数 2, 30；参数化版本 2。）","mul(div(ts_mean(volume, 2), ts_mean(volume, 30)), pct_change(close, 2))",volume,"mul,div,pct_change,ts_mean,ts_mean"
op_case_0832,volume_shock_reversal,"2 日放量上涨可能较拥挤，后续更容易反转。（字段 close, volume；核心算子 neg, mul, div, pct_change, ts_mean；数值参数 2, 60；参数化版本 3。）","neg(mul(div(ts_mean(volume, 2), ts_mean(volume, 60)), pct_change(close, 2)))",volume,"neg,mul,div,pct_change,ts_mean,ts_mean"
op_case_0833,volume_confirmed_momentum,"短期放量同时价格上涨越明显，量价确认的动量越强。（字段 close, volume；核心算子 mul, div, pct_change, ts_mean；数值参数 2, 60；参数化版本 3。）","mul(div(ts_mean(volume, 2), ts_mean(volume, 60)), pct_change(close, 2))",volume,"mul,div,pct_change,ts_mean,ts_mean"
op_case_0834,volume_shock_reversal,"2 日放量上涨可能较拥挤，后续更容易反转。（字段 close, volume；核心算子 neg, mul, div, pct_change, ts_mean；数值参数 2, 90；参数化版本 4。）","neg(mul(div(ts_mean(volume, 2), ts_mean(volume, 90)), pct_change(close, 2)))",volume,"neg,mul,div,pct_change,ts_mean,ts_mean"
op_case_0835,volume_confirmed_momentum,"短期放量同时价格上涨越明显，量价确认的动量越强。（字段 close, volume；核心算子 mul, div, pct_change, ts_mean；数值参数 2, 90；参数化版本 4。）","mul(div(ts_mean(volume, 2), ts_mean(volume, 90)), pct_change(close, 2))",volume,"mul,div,pct_change,ts_mean,ts_mean"
op_case_0836,volume_shock_reversal,"3 日放量上涨可能较拥挤，后续更容易反转。（字段 close, volume；核心算子 neg, mul, div, pct_change, ts_mean；数值参数 3, 20；参数化版本 1。）","neg(mul(div(ts_mean(volume, 3), ts_mean(volume, 20)), pct_change(close, 3)))",volume,"neg,mul,div,pct_change,ts_mean,ts_mean"
op_case_0837,volume_confirmed_momentum,"短期放量同时价格上涨越明显，量价确认的动量越强。（字段 close, volume；核心算子 mul, div, pct_change, ts_mean；数值参数 3, 20；参数化版本 5。）","mul(div(ts_mean(volume, 3), ts_mean(volume, 20)), pct_change(close, 3))",volume,"mul,div,pct_change,ts_mean,ts_mean"
op_case_0838,volume_shock_reversal,"3 日放量上涨可能较拥挤，后续更容易反转。（字段 close, volume；核心算子 neg, mul, div, pct_change, ts_mean；数值参数 3, 30；参数化版本 2。）","neg(mul(div(ts_mean(volume, 3), ts_mean(volume, 30)), pct_change(close, 3)))",volume,"neg,mul,div,pct_change,ts_mean,ts_mean"
op_case_0839,volume_confirmed_momentum,"短期放量同时价格上涨越明显，量价确认的动量越强。（字段 close, volume；核心算子 mul, div, pct_change, ts_mean；数值参数 3, 30；参数化版本 6。）","mul(div(ts_mean(volume, 3), ts_mean(volume, 30)), pct_change(close, 3))",volume,"mul,div,pct_change,ts_mean,ts_mean"
op_case_0840,volume_shock_reversal,"3 日放量上涨可能较拥挤，后续更容易反转。（字段 close, volume；核心算子 neg, mul, div, pct_change, ts_mean；数值参数 3, 60；参数化版本 3。）","neg(mul(div(ts_mean(volume, 3), ts_mean(volume, 60)), pct_change(close, 3)))",volume,"neg,mul,div,pct_change,ts_mean,ts_mean"
op_case_0841,volume_confirmed_momentum,"短期放量同时价格上涨越明显，量价确认的动量越强。（字段 close, volume；核心算子 mul, div, pct_change, ts_mean；数值参数 3, 60；参数化版本 7。）","mul(div(ts_mean(volume, 3), ts_mean(volume, 60)), pct_change(close, 3))",volume,"mul,div,pct_change,ts_mean,ts_mean"
op_case_0842,volume_shock_reversal,"3 日放量上涨可能较拥挤，后续更容易反转。（字段 close, volume；核心算子 neg, mul, div, pct_change, ts_mean；数值参数 3, 90；参数化版本 4。）","neg(mul(div(ts_mean(volume, 3), ts_mean(volume, 90)), pct_change(close, 3)))",volume,"neg,mul,div,pct_change,ts_mean,ts_mean"
op_case_0843,volume_confirmed_momentum,"短期放量同时价格上涨越明显，量价确认的动量越强。（字段 close, volume；核心算子 mul, div, pct_change, ts_mean；数值参数 3, 90；参数化版本 8。）","mul(div(ts_mean(volume, 3), ts_mean(volume, 90)), pct_change(close, 3))",volume,"mul,div,pct_change,ts_mean,ts_mean"
op_case_0844,volume_shock_reversal,"5 日放量上涨可能较拥挤，后续更容易反转。（字段 close, volume；核心算子 neg, mul, div, pct_change, ts_mean；数值参数 5, 20；参数化版本 1。）","neg(mul(div(ts_mean(volume, 5), ts_mean(volume, 20)), pct_change(close, 5)))",volume,"neg,mul,div,pct_change,ts_mean,ts_mean"
op_case_0845,volume_confirmed_momentum,"短期放量同时价格上涨越明显，量价确认的动量越强。（字段 close, volume；核心算子 mul, div, pct_change, ts_mean；数值参数 5, 20；参数化版本 9。）","mul(div(ts_mean(volume, 5), ts_mean(volume, 20)), pct_change(close, 5))",volume,"mul,div,pct_change,ts_mean,ts_mean"
op_case_0846,volume_shock_reversal,"5 日放量上涨可能较拥挤，后续更容易反转。（字段 close, volume；核心算子 neg, mul, div, pct_change, ts_mean；数值参数 5, 30；参数化版本 2。）","neg(mul(div(ts_mean(volume, 5), ts_mean(volume, 30)), pct_change(close, 5)))",volume,"neg,mul,div,pct_change,ts_mean,ts_mean"
op_case_0847,volume_confirmed_momentum,"短期放量同时价格上涨越明显，量价确认的动量越强。（字段 close, volume；核心算子 mul, div, pct_change, ts_mean；数值参数 5, 30；参数化版本 10。）","mul(div(ts_mean(volume, 5), ts_mean(volume, 30)), pct_change(close, 5))",volume,"mul,div,pct_change,ts_mean,ts_mean"
op_case_0848,volume_shock_reversal,"5 日放量上涨可能较拥挤，后续更容易反转。（字段 close, volume；核心算子 neg, mul, div, pct_change, ts_mean；数值参数 5, 60；参数化版本 3。）","neg(mul(div(ts_mean(volume, 5), ts_mean(volume, 60)), pct_change(close, 5)))",volume,"neg,mul,div,pct_change,ts_mean,ts_mean"
op_case_0849,volume_confirmed_momentum,"短期放量同时价格上涨越明显，量价确认的动量越强。（字段 close, volume；核心算子 mul, div, pct_change, ts_mean；数值参数 5, 60；参数化版本 11。）","mul(div(ts_mean(volume, 5), ts_mean(volume, 60)), pct_change(close, 5))",volume,"mul,div,pct_change,ts_mean,ts_mean"
op_case_0850,volume_shock_reversal,"5 日放量上涨可能较拥挤，后续更容易反转。（字段 close, volume；核心算子 neg, mul, div, pct_change, ts_mean；数值参数 5, 90；参数化版本 4。）","neg(mul(div(ts_mean(volume, 5), ts_mean(volume, 90)), pct_change(close, 5)))",volume,"neg,mul,div,pct_change,ts_mean,ts_mean"
op_case_0851,volume_confirmed_momentum,"短期放量同时价格上涨越明显，量价确认的动量越强。（字段 close, volume；核心算子 mul, div, pct_change, ts_mean；数值参数 5, 90；参数化版本 12。）","mul(div(ts_mean(volume, 5), ts_mean(volume, 90)), pct_change(close, 5))",volume,"mul,div,pct_change,ts_mean,ts_mean"
op_case_0852,volume_shock_reversal,"7 日放量上涨可能较拥挤，后续更容易反转。（字段 close, volume；核心算子 neg, mul, div, pct_change, ts_mean；数值参数 7, 20；参数化版本 1。）","neg(mul(div(ts_mean(volume, 7), ts_mean(volume, 20)), pct_change(close, 7)))",volume,"neg,mul,div,pct_change,ts_mean,ts_mean"
op_case_0853,volume_confirmed_momentum,"短期放量同时价格上涨越明显，量价确认的动量越强。（字段 close, volume；核心算子 mul, div, pct_change, ts_mean；数值参数 7, 20；参数化版本 13。）","mul(div(ts_mean(volume, 7), ts_mean(volume, 20)), pct_change(close, 7))",volume,"mul,div,pct_change,ts_mean,ts_mean"
op_case_0854,volume_shock_reversal,"7 日放量上涨可能较拥挤，后续更容易反转。（字段 close, volume；核心算子 neg, mul, div, pct_change, ts_mean；数值参数 7, 30；参数化版本 2。）","neg(mul(div(ts_mean(volume, 7), ts_mean(volume, 30)), pct_change(close, 7)))",volume,"neg,mul,div,pct_change,ts_mean,ts_mean"
op_case_0855,volume_confirmed_momentum,"短期放量同时价格上涨越明显，量价确认的动量越强。（字段 close, volume；核心算子 mul, div, pct_change, ts_mean；数值参数 7, 30；参数化版本 14。）","mul(div(ts_mean(volume, 7), ts_mean(volume, 30)), pct_change(close, 7))",volume,"mul,div,pct_change,ts_mean,ts_mean"
op_case_0856,volume_shock_reversal,"7 日放量上涨可能较拥挤，后续更容易反转。（字段 close, volume；核心算子 neg, mul, div, pct_change, ts_mean；数值参数 7, 60；参数化版本 3。）","neg(mul(div(ts_mean(volume, 7), ts_mean(volume, 60)), pct_change(close, 7)))",volume,"neg,mul,div,pct_change,ts_mean,ts_mean"
op_case_0857,volume_confirmed_momentum,"短期放量同时价格上涨越明显，量价确认的动量越强。（字段 close, volume；核心算子 mul, div, pct_change, ts_mean；数值参数 7, 60；参数化版本 15。）","mul(div(ts_mean(volume, 7), ts_mean(volume, 60)), pct_change(close, 7))",volume,"mul,div,pct_change,ts_mean,ts_mean"
op_case_0858,rare_logic_and_le_ne,"当成交量小于等于 20 日均量且日收益符号不等于负号时保留收益信号。（字段 close, volume；核心算子 where, logical_and, pct_change, le, ne, ts_mean, sign；数值参数 20, 1, -1.0, 7, 0.0；参数化版本 1。）","where(logical_and(le(volume, ts_mean(volume, 20)), ne(sign(pct_change(close, 1)), -1.0)), pct_change(close, 7), 0.0)",rare_operator_booster,"where,logical_and,pct_change,le,ne,ts_mean,sign,pct_change"
op_case_0859,rare_logic_or_le_ne,"当成交量小于等于 20 日均量或日收益符号不等于负号至少一个成立时保留收益信号。（字段 close, volume；核心算子 where, logical_or, pct_change, le, ne, ts_mean, sign；数值参数 20, 1, -1.0, 7, 0.0；参数化版本 1。）","where(logical_or(le(volume, ts_mean(volume, 20)), ne(sign(pct_change(close, 1)), -1.0)), pct_change(close, 7), 0.0)",rare_operator_booster,"where,logical_or,pct_change,le,ne,ts_mean,sign,pct_change"
op_case_0860,rare_logic_and_le_ne,"当成交量小于等于 20 日均量且日收益符号不等于负号时保留收益信号。（字段 close, volume；核心算子 where, logical_and, pct_change, le, ne, ts_mean, sign；数值参数 20, 1, -1.0, 10, 0.0；参数化版本 2。）","where(logical_and(le(volume, ts_mean(volume, 20)), ne(sign(pct_change(close, 1)), -1.0)), pct_change(close, 10), 0.0)",rare_operator_booster,"where,logical_and,pct_change,le,ne,ts_mean,sign,pct_change"
op_case_0861,rare_logic_or_le_ne,"当成交量小于等于 20 日均量或日收益符号不等于负号至少一个成立时保留收益信号。（字段 close, volume；核心算子 where, logical_or, pct_change, le, ne, ts_mean, sign；数值参数 20, 1, -1.0, 10, 0.0；参数化版本 2。）","where(logical_or(le(volume, ts_mean(volume, 20)), ne(sign(pct_change(close, 1)), -1.0)), pct_change(close, 10), 0.0)",rare_operator_booster,"where,logical_or,pct_change,le,ne,ts_mean,sign,pct_change"
op_case_0862,v21_ne_xs_sign_volume,当成交量横截面偏离符号不为负号时保留标准化信号。,"where(ne(sign(sub(volume, xs_mean(volume))), -1.0), div(sub(volume, xs_mean(volume)), xs_std(volume)), 0.0)",conditional_v21,"where,ne,div,sign,sub,xs_std,sub,xs_mean,xs_mean"
op_case_0863,v21_ne_xs_sign_vwap,当成交量加权平均价横截面偏离符号不为负号时保留标准化信号。,"where(ne(sign(sub(vwap, xs_mean(vwap))), -1.0), div(sub(vwap, xs_mean(vwap)), xs_std(vwap)), 0.0)",conditional_v21,"where,ne,div,sign,sub,xs_std,sub,xs_mean,xs_mean"
op_case_0864,v21_ne_xs_sign_pb,当市净率 PB横截面偏离符号不为负号时保留标准化信号。,"where(ne(sign(sub(pb, xs_mean(pb))), -1.0), div(sub(pb, xs_mean(pb)), xs_std(pb)), 0.0)",conditional_v21,"where,ne,div,sign,sub,xs_std,sub,xs_mean,xs_mean"
op_case_0865,positive_momentum,只保留 2 日收盘价收益中的正向部分，强调上涨趋势。,"pos(pct_change(close, 2))",price_transform,"pos,pct_change"
op_case_0866,positive_momentum,只保留 3 日收盘价收益中的正向部分，强调上涨趋势。,"pos(pct_change(close, 3))",price_transform,"pos,pct_change"
op_case_0867,positive_momentum,只保留 5 日收盘价收益中的正向部分，强调上涨趋势。,"pos(pct_change(close, 5))",price_transform,"pos,pct_change"
op_case_0868,positive_momentum,只保留 7 日收盘价收益中的正向部分，强调上涨趋势。,"pos(pct_change(close, 7))",price_transform,"pos,pct_change"
op_case_0869,positive_momentum,只保留 10 日收盘价收益中的正向部分，强调上涨趋势。,"pos(pct_change(close, 10))",price_transform,"pos,pct_change"
op_case_0870,positive_momentum,只保留 15 日收盘价收益中的正向部分，强调上涨趋势。,"pos(pct_change(close, 15))",price_transform,"pos,pct_change"
op_case_0871,positive_momentum,只保留 20 日收盘价收益中的正向部分，强调上涨趋势。,"pos(pct_change(close, 20))",price_transform,"pos,pct_change"
op_case_0872,positive_momentum,只保留 30 日收盘价收益中的正向部分，强调上涨趋势。,"pos(pct_change(close, 30))",price_transform,"pos,pct_change"
op_case_0873,positive_momentum,只保留 45 日收盘价收益中的正向部分，强调上涨趋势。,"pos(pct_change(close, 45))",price_transform,"pos,pct_change"
op_case_0874,positive_momentum,只保留 60 日收盘价收益中的正向部分，强调上涨趋势。,"pos(pct_change(close, 60))",price_transform,"pos,pct_change"
op_case_0875,positive_momentum,只保留 90 日收盘价收益中的正向部分，强调上涨趋势。,"pos(pct_change(close, 90))",price_transform,"pos,pct_change"
op_case_0876,positive_momentum,只保留 2 日成交量加权平均价收益中的正向部分，强调上涨趋势。,"pos(pct_change(vwap, 2))",price_transform,"pos,pct_change"
op_case_0877,positive_momentum,只保留 3 日成交量加权平均价收益中的正向部分，强调上涨趋势。,"pos(pct_change(vwap, 3))",price_transform,"pos,pct_change"
op_case_0878,positive_momentum,只保留 5 日成交量加权平均价收益中的正向部分，强调上涨趋势。,"pos(pct_change(vwap, 5))",price_transform,"pos,pct_change"
op_case_0879,positive_momentum,只保留 7 日成交量加权平均价收益中的正向部分，强调上涨趋势。,"pos(pct_change(vwap, 7))",price_transform,"pos,pct_change"
op_case_0880,positive_momentum,只保留 10 日成交量加权平均价收益中的正向部分，强调上涨趋势。,"pos(pct_change(vwap, 10))",price_transform,"pos,pct_change"
op_case_0881,positive_momentum,只保留 15 日成交量加权平均价收益中的正向部分，强调上涨趋势。,"pos(pct_change(vwap, 15))",price_transform,"pos,pct_change"
op_case_0882,positive_momentum,只保留 20 日成交量加权平均价收益中的正向部分，强调上涨趋势。,"pos(pct_change(vwap, 20))",price_transform,"pos,pct_change"
op_case_0883,positive_momentum,只保留 30 日成交量加权平均价收益中的正向部分，强调上涨趋势。,"pos(pct_change(vwap, 30))",price_transform,"pos,pct_change"
op_case_0884,positive_momentum,只保留 45 日成交量加权平均价收益中的正向部分，强调上涨趋势。,"pos(pct_change(vwap, 45))",price_transform,"pos,pct_change"
op_case_0885,positive_momentum,只保留 60 日成交量加权平均价收益中的正向部分，强调上涨趋势。,"pos(pct_change(vwap, 60))",price_transform,"pos,pct_change"
op_case_0886,positive_momentum,只保留 90 日成交量加权平均价收益中的正向部分，强调上涨趋势。,"pos(pct_change(vwap, 90))",price_transform,"pos,pct_change"
op_case_0887,positive_momentum,只保留 2 日开盘价收益中的正向部分，强调上涨趋势。,"pos(pct_change(open, 2))",price_transform,"pos,pct_change"
op_case_0888,positive_momentum,只保留 3 日开盘价收益中的正向部分，强调上涨趋势。,"pos(pct_change(open, 3))",price_transform,"pos,pct_change"
op_case_0889,positive_momentum,只保留 5 日开盘价收益中的正向部分，强调上涨趋势。,"pos(pct_change(open, 5))",price_transform,"pos,pct_change"
op_case_0890,positive_momentum,只保留 7 日开盘价收益中的正向部分，强调上涨趋势。,"pos(pct_change(open, 7))",price_transform,"pos,pct_change"
op_case_0891,positive_momentum,只保留 10 日开盘价收益中的正向部分，强调上涨趋势。,"pos(pct_change(open, 10))",price_transform,"pos,pct_change"
op_case_0892,positive_momentum,只保留 15 日开盘价收益中的正向部分，强调上涨趋势。,"pos(pct_change(open, 15))",price_transform,"pos,pct_change"
op_case_0893,positive_momentum,只保留 20 日开盘价收益中的正向部分，强调上涨趋势。,"pos(pct_change(open, 20))",price_transform,"pos,pct_change"
op_case_0894,positive_momentum,只保留 30 日开盘价收益中的正向部分，强调上涨趋势。,"pos(pct_change(open, 30))",price_transform,"pos,pct_change"
op_case_0895,return_power,对 2 日收益绝对值做 0.5 次幂，压缩极端波动。,"power(absolute(pct_change(close, 2)), 0.5)",volatility,"power,absolute,pct_change"
op_case_0896,return_power,对 3 日收益绝对值做 0.5 次幂，压缩极端波动。,"power(absolute(pct_change(close, 3)), 0.5)",volatility,"power,absolute,pct_change"
op_case_0897,return_power,对 5 日收益绝对值做 0.5 次幂，压缩极端波动。,"power(absolute(pct_change(close, 5)), 0.5)",volatility,"power,absolute,pct_change"
op_case_0898,return_power,对 7 日收益绝对值做 0.5 次幂，压缩极端波动。,"power(absolute(pct_change(close, 7)), 0.5)",volatility,"power,absolute,pct_change"
op_case_0899,return_power,对 10 日收益绝对值做 0.5 次幂，压缩极端波动。,"power(absolute(pct_change(close, 10)), 0.5)",volatility,"power,absolute,pct_change"
op_case_0900,return_power,对 15 日收益绝对值做 0.5 次幂，压缩极端波动。,"power(absolute(pct_change(close, 15)), 0.5)",volatility,"power,absolute,pct_change"
op_case_0901,return_power,对 20 日收益绝对值做 0.5 次幂，压缩极端波动。,"power(absolute(pct_change(close, 20)), 0.5)",volatility,"power,absolute,pct_change"
op_case_0902,return_power,对 30 日收益绝对值做 0.5 次幂，压缩极端波动。,"power(absolute(pct_change(close, 30)), 0.5)",volatility,"power,absolute,pct_change"
op_case_0903,return_power,对 45 日收益绝对值做 0.5 次幂，压缩极端波动。,"power(absolute(pct_change(close, 45)), 0.5)",volatility,"power,absolute,pct_change"
op_case_0904,return_power,对 60 日收益绝对值做 0.5 次幂，压缩极端波动。,"power(absolute(pct_change(close, 60)), 0.5)",volatility,"power,absolute,pct_change"
op_case_0905,return_power,对 90 日收益绝对值做 0.5 次幂，压缩极端波动。,"power(absolute(pct_change(close, 90)), 0.5)",volatility,"power,absolute,pct_change"
op_case_0906,v21_power_extra_open_2,对 2 日开盘价变化绝对值做 0.5 次幂。,"power(absolute(pct_change(open, 2)), 0.5)",rare_operator_v21,"power,absolute,pct_change"
op_case_0907,v21_power_square_root_open_2,对 2 日开盘价变化绝对值做 0.25 次幂，进一步压缩极端值。,"power(absolute(pct_change(open, 2)), 0.25)",rare_operator_v21,"power,absolute,pct_change"
op_case_0908,v21_power_extra_open_3,对 3 日开盘价变化绝对值做 0.5 次幂。,"power(absolute(pct_change(open, 3)), 0.5)",rare_operator_v21,"power,absolute,pct_change"
op_case_0909,v21_power_square_root_open_3,对 3 日开盘价变化绝对值做 0.25 次幂，进一步压缩极端值。,"power(absolute(pct_change(open, 3)), 0.25)",rare_operator_v21,"power,absolute,pct_change"
op_case_0910,v21_power_extra_open_5,对 5 日开盘价变化绝对值做 0.5 次幂。,"power(absolute(pct_change(open, 5)), 0.5)",rare_operator_v21,"power,absolute,pct_change"
op_case_0911,v21_power_square_root_open_5,对 5 日开盘价变化绝对值做 0.25 次幂，进一步压缩极端值。,"power(absolute(pct_change(open, 5)), 0.25)",rare_operator_v21,"power,absolute,pct_change"
op_case_0912,v21_power_extra_open_7,对 7 日开盘价变化绝对值做 0.5 次幂。,"power(absolute(pct_change(open, 7)), 0.5)",rare_operator_v21,"power,absolute,pct_change"
op_case_0913,v21_power_square_root_open_7,对 7 日开盘价变化绝对值做 0.25 次幂，进一步压缩极端值。,"power(absolute(pct_change(open, 7)), 0.25)",rare_operator_v21,"power,absolute,pct_change"
op_case_0914,v21_power_extra_open_10,对 10 日开盘价变化绝对值做 0.5 次幂。,"power(absolute(pct_change(open, 10)), 0.5)",rare_operator_v21,"power,absolute,pct_change"
op_case_0915,v21_power_square_root_open_10,对 10 日开盘价变化绝对值做 0.25 次幂，进一步压缩极端值。,"power(absolute(pct_change(open, 10)), 0.25)",rare_operator_v21,"power,absolute,pct_change"
op_case_0916,v21_power_extra_open_15,对 15 日开盘价变化绝对值做 0.5 次幂。,"power(absolute(pct_change(open, 15)), 0.5)",rare_operator_v21,"power,absolute,pct_change"
op_case_0917,v21_power_square_root_open_15,对 15 日开盘价变化绝对值做 0.25 次幂，进一步压缩极端值。,"power(absolute(pct_change(open, 15)), 0.25)",rare_operator_v21,"power,absolute,pct_change"
op_case_0918,v21_power_extra_open_20,对 20 日开盘价变化绝对值做 0.5 次幂。,"power(absolute(pct_change(open, 20)), 0.5)",rare_operator_v21,"power,absolute,pct_change"
op_case_0919,v21_power_square_root_open_20,对 20 日开盘价变化绝对值做 0.25 次幂，进一步压缩极端值。,"power(absolute(pct_change(open, 20)), 0.25)",rare_operator_v21,"power,absolute,pct_change"
op_case_0920,v21_power_square_root_close_2,对 2 日收盘价变化绝对值做 0.25 次幂，进一步压缩极端值。,"power(absolute(pct_change(close, 2)), 0.25)",rare_operator_v21,"power,absolute,pct_change"
op_case_0921,v21_power_square_root_close_3,对 3 日收盘价变化绝对值做 0.25 次幂，进一步压缩极端值。,"power(absolute(pct_change(close, 3)), 0.25)",rare_operator_v21,"power,absolute,pct_change"
op_case_0922,v21_power_square_root_close_5,对 5 日收盘价变化绝对值做 0.25 次幂，进一步压缩极端值。,"power(absolute(pct_change(close, 5)), 0.25)",rare_operator_v21,"power,absolute,pct_change"
op_case_0923,v21_power_square_root_close_7,对 7 日收盘价变化绝对值做 0.25 次幂，进一步压缩极端值。,"power(absolute(pct_change(close, 7)), 0.25)",rare_operator_v21,"power,absolute,pct_change"
op_case_0924,v21_power_square_root_close_10,对 10 日收盘价变化绝对值做 0.25 次幂，进一步压缩极端值。,"power(absolute(pct_change(close, 10)), 0.25)",rare_operator_v21,"power,absolute,pct_change"
op_case_0925,lagged_return,用 shift 引用 2 天前收盘价并计算变化比例。,"div(sub(close, shift(close, 2)), shift(close, 2))",price_momentum,"div,sub,shift,shift"
op_case_0926,lagged_return,用 shift 引用 3 天前收盘价并计算变化比例。,"div(sub(close, shift(close, 3)), shift(close, 3))",price_momentum,"div,sub,shift,shift"
op_case_0927,lagged_return,用 shift 引用 5 天前收盘价并计算变化比例。,"div(sub(close, shift(close, 5)), shift(close, 5))",price_momentum,"div,sub,shift,shift"
op_case_0928,lagged_return,用 shift 引用 7 天前收盘价并计算变化比例。,"div(sub(close, shift(close, 7)), shift(close, 7))",price_momentum,"div,sub,shift,shift"
op_case_0929,lagged_return,用 shift 引用 10 天前收盘价并计算变化比例。,"div(sub(close, shift(close, 10)), shift(close, 10))",price_momentum,"div,sub,shift,shift"
op_case_0930,lagged_return,用 shift 引用 15 天前收盘价并计算变化比例。,"div(sub(close, shift(close, 15)), shift(close, 15))",price_momentum,"div,sub,shift,shift"
op_case_0931,lagged_return,用 shift 引用 20 天前收盘价并计算变化比例。,"div(sub(close, shift(close, 20)), shift(close, 20))",price_momentum,"div,sub,shift,shift"
op_case_0932,lagged_return,用 shift 引用 30 天前收盘价并计算变化比例。,"div(sub(close, shift(close, 30)), shift(close, 30))",price_momentum,"div,sub,shift,shift"
op_case_0933,lagged_return,用 shift 引用 45 天前收盘价并计算变化比例。,"div(sub(close, shift(close, 45)), shift(close, 45))",price_momentum,"div,sub,shift,shift"
op_case_0934,lagged_return,用 shift 引用 60 天前收盘价并计算变化比例。,"div(sub(close, shift(close, 60)), shift(close, 60))",price_momentum,"div,sub,shift,shift"
op_case_0935,lagged_return,用 shift 引用 90 天前收盘价并计算变化比例。,"div(sub(close, shift(close, 90)), shift(close, 90))",price_momentum,"div,sub,shift,shift"
op_case_0936,lagged_return,用 shift 引用 2 天前成交量加权平均价并计算变化比例。,"div(sub(vwap, shift(vwap, 2)), shift(vwap, 2))",price_momentum,"div,sub,shift,shift"
op_case_0937,lagged_return,用 shift 引用 3 天前成交量加权平均价并计算变化比例。,"div(sub(vwap, shift(vwap, 3)), shift(vwap, 3))",price_momentum,"div,sub,shift,shift"
op_case_0938,lagged_return,用 shift 引用 5 天前成交量加权平均价并计算变化比例。,"div(sub(vwap, shift(vwap, 5)), shift(vwap, 5))",price_momentum,"div,sub,shift,shift"
op_case_0939,lagged_return,用 shift 引用 7 天前成交量加权平均价并计算变化比例。,"div(sub(vwap, shift(vwap, 7)), shift(vwap, 7))",price_momentum,"div,sub,shift,shift"
op_case_0940,lagged_return,用 shift 引用 10 天前成交量加权平均价并计算变化比例。,"div(sub(vwap, shift(vwap, 10)), shift(vwap, 10))",price_momentum,"div,sub,shift,shift"
op_case_0941,lagged_return,用 shift 引用 15 天前成交量加权平均价并计算变化比例。,"div(sub(vwap, shift(vwap, 15)), shift(vwap, 15))",price_momentum,"div,sub,shift,shift"
op_case_0942,lagged_return,用 shift 引用 20 天前成交量加权平均价并计算变化比例。,"div(sub(vwap, shift(vwap, 20)), shift(vwap, 20))",price_momentum,"div,sub,shift,shift"
op_case_0943,lagged_return,用 shift 引用 30 天前成交量加权平均价并计算变化比例。,"div(sub(vwap, shift(vwap, 30)), shift(vwap, 30))",price_momentum,"div,sub,shift,shift"
op_case_0944,lagged_return,用 shift 引用 45 天前成交量加权平均价并计算变化比例。,"div(sub(vwap, shift(vwap, 45)), shift(vwap, 45))",price_momentum,"div,sub,shift,shift"
op_case_0945,lagged_return,用 shift 引用 60 天前成交量加权平均价并计算变化比例。,"div(sub(vwap, shift(vwap, 60)), shift(vwap, 60))",price_momentum,"div,sub,shift,shift"
op_case_0946,lagged_return,用 shift 引用 90 天前成交量加权平均价并计算变化比例。,"div(sub(vwap, shift(vwap, 90)), shift(vwap, 90))",price_momentum,"div,sub,shift,shift"
op_case_0947,lagged_return,用 shift 引用 2 天前开盘价并计算变化比例。,"div(sub(open, shift(open, 2)), shift(open, 2))",price_momentum,"div,sub,shift,shift"
op_case_0948,lagged_return,用 shift 引用 3 天前开盘价并计算变化比例。,"div(sub(open, shift(open, 3)), shift(open, 3))",price_momentum,"div,sub,shift,shift"
op_case_0949,lagged_return,用 shift 引用 5 天前开盘价并计算变化比例。,"div(sub(open, shift(open, 5)), shift(open, 5))",price_momentum,"div,sub,shift,shift"
op_case_0950,lagged_return,用 shift 引用 7 天前开盘价并计算变化比例。,"div(sub(open, shift(open, 7)), shift(open, 7))",price_momentum,"div,sub,shift,shift"
op_case_0951,lagged_return,用 shift 引用 10 天前开盘价并计算变化比例。,"div(sub(open, shift(open, 10)), shift(open, 10))",price_momentum,"div,sub,shift,shift"
op_case_0952,lagged_return,用 shift 引用 15 天前开盘价并计算变化比例。,"div(sub(open, shift(open, 15)), shift(open, 15))",price_momentum,"div,sub,shift,shift"
op_case_0953,lagged_return,用 shift 引用 20 天前开盘价并计算变化比例。,"div(sub(open, shift(open, 20)), shift(open, 20))",price_momentum,"div,sub,shift,shift"
op_case_0954,lagged_return,用 shift 引用 30 天前开盘价并计算变化比例。,"div(sub(open, shift(open, 30)), shift(open, 30))",price_momentum,"div,sub,shift,shift"
op_case_0955,sqrt_abs_momentum,对 5 日收盘价收益绝对值取平方根，压缩极端波动。,"sqrt(absolute(pct_change(close, 5)))",price_transform,"sqrt,absolute,pct_change"
op_case_0956,squared_momentum,对 2 日收盘价收益平方，突出大幅波动。,"square(pct_change(close, 2))",price_transform,"square,pct_change"
op_case_0957,squared_momentum,对 3 日收盘价收益平方，突出大幅波动。,"square(pct_change(close, 3))",price_transform,"square,pct_change"
op_case_0958,squared_momentum,对 5 日收盘价收益平方，突出大幅波动。,"square(pct_change(close, 5))",price_transform,"square,pct_change"
op_case_0959,squared_momentum,对 7 日收盘价收益平方，突出大幅波动。,"square(pct_change(close, 7))",price_transform,"square,pct_change"
op_case_0960,squared_momentum,对 10 日收盘价收益平方，突出大幅波动。,"square(pct_change(close, 10))",price_transform,"square,pct_change"
op_case_0961,squared_momentum,对 15 日收盘价收益平方，突出大幅波动。,"square(pct_change(close, 15))",price_transform,"square,pct_change"
op_case_0962,squared_momentum,对 20 日收盘价收益平方，突出大幅波动。,"square(pct_change(close, 20))",price_transform,"square,pct_change"
op_case_0963,squared_momentum,对 30 日收盘价收益平方，突出大幅波动。,"square(pct_change(close, 30))",price_transform,"square,pct_change"
op_case_0964,squared_momentum,对 45 日收盘价收益平方，突出大幅波动。,"square(pct_change(close, 45))",price_transform,"square,pct_change"
op_case_0965,squared_momentum,对 60 日收盘价收益平方，突出大幅波动。,"square(pct_change(close, 60))",price_transform,"square,pct_change"
op_case_0966,squared_momentum,对 90 日收盘价收益平方，突出大幅波动。,"square(pct_change(close, 90))",price_transform,"square,pct_change"
op_case_0967,squared_momentum,对 2 日成交量加权平均价收益平方，突出大幅波动。,"square(pct_change(vwap, 2))",price_transform,"square,pct_change"
op_case_0968,squared_momentum,对 3 日成交量加权平均价收益平方，突出大幅波动。,"square(pct_change(vwap, 3))",price_transform,"square,pct_change"
op_case_0969,squared_momentum,对 5 日成交量加权平均价收益平方，突出大幅波动。,"square(pct_change(vwap, 5))",price_transform,"square,pct_change"
op_case_0970,squared_momentum,对 7 日成交量加权平均价收益平方，突出大幅波动。,"square(pct_change(vwap, 7))",price_transform,"square,pct_change"
op_case_0971,squared_momentum,对 10 日成交量加权平均价收益平方，突出大幅波动。,"square(pct_change(vwap, 10))",price_transform,"square,pct_change"
op_case_0972,squared_momentum,对 15 日成交量加权平均价收益平方，突出大幅波动。,"square(pct_change(vwap, 15))",price_transform,"square,pct_change"
op_case_0973,squared_momentum,对 20 日成交量加权平均价收益平方，突出大幅波动。,"square(pct_change(vwap, 20))",price_transform,"square,pct_change"
op_case_0974,squared_momentum,对 30 日成交量加权平均价收益平方，突出大幅波动。,"square(pct_change(vwap, 30))",price_transform,"square,pct_change"
op_case_0975,squared_momentum,对 45 日成交量加权平均价收益平方，突出大幅波动。,"square(pct_change(vwap, 45))",price_transform,"square,pct_change"
op_case_0976,squared_momentum,对 60 日成交量加权平均价收益平方，突出大幅波动。,"square(pct_change(vwap, 60))",price_transform,"square,pct_change"
op_case_0977,squared_momentum,对 90 日成交量加权平均价收益平方，突出大幅波动。,"square(pct_change(vwap, 90))",price_transform,"square,pct_change"
op_case_0978,squared_momentum,对 2 日开盘价收益平方，突出大幅波动。,"square(pct_change(open, 2))",price_transform,"square,pct_change"
op_case_0979,squared_momentum,对 3 日开盘价收益平方，突出大幅波动。,"square(pct_change(open, 3))",price_transform,"square,pct_change"
op_case_0980,squared_momentum,对 5 日开盘价收益平方，突出大幅波动。,"square(pct_change(open, 5))",price_transform,"square,pct_change"
op_case_0981,squared_momentum,对 7 日开盘价收益平方，突出大幅波动。,"square(pct_change(open, 7))",price_transform,"square,pct_change"
op_case_0982,squared_momentum,对 10 日开盘价收益平方，突出大幅波动。,"square(pct_change(open, 10))",price_transform,"square,pct_change"
op_case_0983,squared_momentum,对 15 日开盘价收益平方，突出大幅波动。,"square(pct_change(open, 15))",price_transform,"square,pct_change"
op_case_0984,squared_momentum,对 20 日开盘价收益平方，突出大幅波动。,"square(pct_change(open, 20))",price_transform,"square,pct_change"
op_case_0985,squared_momentum,对 30 日开盘价收益平方，突出大幅波动。,"square(pct_change(open, 30))",price_transform,"square,pct_change"
op_case_0986,rare_ts_argmax,5 日最高收盘价出现位置越靠近当前，趋势新鲜度越高。,"neg(ts_argmax(close, 5))",rare_operator_booster,"neg,ts_argmax"
op_case_0987,rare_ts_argmax,7 日最高收盘价出现位置越靠近当前，趋势新鲜度越高。,"neg(ts_argmax(close, 7))",rare_operator_booster,"neg,ts_argmax"
op_case_0988,argmax_recency,10 日最高收盘价出现位置越靠近当前，趋势新鲜度越高。,"neg(ts_argmax(close, 10))",range_breakout,"neg,ts_argmax"
op_case_0989,argmax_recency,15 日最高收盘价出现位置越靠近当前，趋势新鲜度越高。,"neg(ts_argmax(close, 15))",range_breakout,"neg,ts_argmax"
op_case_0990,argmax_recency,20 日最高收盘价出现位置越靠近当前，趋势新鲜度越高。,"neg(ts_argmax(close, 20))",range_breakout,"neg,ts_argmax"
op_case_0991,argmax_recency,30 日最高收盘价出现位置越靠近当前，趋势新鲜度越高。,"neg(ts_argmax(close, 30))",range_breakout,"neg,ts_argmax"
op_case_0992,argmax_recency,45 日最高收盘价出现位置越靠近当前，趋势新鲜度越高。,"neg(ts_argmax(close, 45))",range_breakout,"neg,ts_argmax"
op_case_0993,argmax_recency,60 日最高收盘价出现位置越靠近当前，趋势新鲜度越高。,"neg(ts_argmax(close, 60))",range_breakout,"neg,ts_argmax"
op_case_0994,rare_ts_argmax,75 日最高收盘价出现位置越靠近当前，趋势新鲜度越高。,"neg(ts_argmax(close, 75))",rare_operator_booster,"neg,ts_argmax"
op_case_0995,argmax_recency,90 日最高收盘价出现位置越靠近当前，趋势新鲜度越高。,"neg(ts_argmax(close, 90))",range_breakout,"neg,ts_argmax"
op_case_0996,v21_ts_argmax_volume_5,5 日窗口内成交量最高值出现越靠近当前，信号越新。,"neg(ts_argmax(volume, 5))",rare_operator_v21,"neg,ts_argmax"
op_case_0997,v21_ts_argmax_volume_10,10 日窗口内成交量最高值出现越靠近当前，信号越新。,"neg(ts_argmax(volume, 10))",rare_operator_v21,"neg,ts_argmax"
op_case_0998,v21_ts_argmax_volume_15,15 日窗口内成交量最高值出现越靠近当前，信号越新。,"neg(ts_argmax(volume, 15))",rare_operator_v21,"neg,ts_argmax"
op_case_0999,v21_ts_argmax_volume_20,20 日窗口内成交量最高值出现越靠近当前，信号越新。,"neg(ts_argmax(volume, 20))",rare_operator_v21,"neg,ts_argmax"
op_case_1000,v21_ts_argmax_volume_30,30 日窗口内成交量最高值出现越靠近当前，信号越新。,"neg(ts_argmax(volume, 30))",rare_operator_v21,"neg,ts_argmax"
op_case_1001,v21_ts_argmax_volume_45,45 日窗口内成交量最高值出现越靠近当前，信号越新。,"neg(ts_argmax(volume, 45))",rare_operator_v21,"neg,ts_argmax"
op_case_1002,v21_ts_argmax_volume_60,60 日窗口内成交量最高值出现越靠近当前，信号越新。,"neg(ts_argmax(volume, 60))",rare_operator_v21,"neg,ts_argmax"
op_case_1003,v21_ts_argmax_volume_90,90 日窗口内成交量最高值出现越靠近当前，信号越新。,"neg(ts_argmax(volume, 90))",rare_operator_v21,"neg,ts_argmax"
op_case_1004,v21_ts_argmax_vwap_5,5 日窗口内成交量加权平均价最高值出现越靠近当前，信号越新。,"neg(ts_argmax(vwap, 5))",rare_operator_v21,"neg,ts_argmax"
op_case_1005,v21_ts_argmax_vwap_10,10 日窗口内成交量加权平均价最高值出现越靠近当前，信号越新。,"neg(ts_argmax(vwap, 10))",rare_operator_v21,"neg,ts_argmax"
op_case_1006,v21_ts_argmax_vwap_15,15 日窗口内成交量加权平均价最高值出现越靠近当前，信号越新。,"neg(ts_argmax(vwap, 15))",rare_operator_v21,"neg,ts_argmax"
op_case_1007,v21_ts_argmax_vwap_20,20 日窗口内成交量加权平均价最高值出现越靠近当前，信号越新。,"neg(ts_argmax(vwap, 20))",rare_operator_v21,"neg,ts_argmax"
op_case_1008,v21_ts_argmax_vwap_30,30 日窗口内成交量加权平均价最高值出现越靠近当前，信号越新。,"neg(ts_argmax(vwap, 30))",rare_operator_v21,"neg,ts_argmax"
op_case_1009,v21_ts_argmax_vwap_45,45 日窗口内成交量加权平均价最高值出现越靠近当前，信号越新。,"neg(ts_argmax(vwap, 45))",rare_operator_v21,"neg,ts_argmax"
op_case_1010,v21_ts_argmax_vwap_60,60 日窗口内成交量加权平均价最高值出现越靠近当前，信号越新。,"neg(ts_argmax(vwap, 60))",rare_operator_v21,"neg,ts_argmax"
op_case_1011,v21_ts_argmax_vwap_90,90 日窗口内成交量加权平均价最高值出现越靠近当前，信号越新。,"neg(ts_argmax(vwap, 90))",rare_operator_v21,"neg,ts_argmax"
op_case_1012,v21_ts_argmax_pb_15,15 日窗口内市净率 PB最高值出现越靠近当前，信号越新。,"neg(ts_argmax(pb, 15))",rare_operator_v21,"neg,ts_argmax"
op_case_1013,v21_ts_argmax_pb_20,20 日窗口内市净率 PB最高值出现越靠近当前，信号越新。,"neg(ts_argmax(pb, 20))",rare_operator_v21,"neg,ts_argmax"
op_case_1014,rare_ts_argmaxmin,比较 5 日窗口内最高点和最低点的位置差，刻画价格路径。,"ts_argmaxmin(close, 5)",rare_operator_booster,ts_argmaxmin
op_case_1015,rare_ts_argmaxmin,比较 7 日窗口内最高点和最低点的位置差，刻画价格路径。,"ts_argmaxmin(close, 7)",rare_operator_booster,ts_argmaxmin
op_case_1016,rare_ts_argmaxmin,比较 10 日窗口内最高点和最低点的位置差，刻画价格路径。,"ts_argmaxmin(close, 10)",rare_operator_booster,ts_argmaxmin
op_case_1017,rare_ts_argmaxmin,比较 15 日窗口内最高点和最低点的位置差，刻画价格路径。,"ts_argmaxmin(close, 15)",rare_operator_booster,ts_argmaxmin
op_case_1018,rare_ts_argmaxmin,比较 20 日窗口内最高点和最低点的位置差，刻画价格路径。,"ts_argmaxmin(close, 20)",rare_operator_booster,ts_argmaxmin
op_case_1019,rare_ts_argmaxmin,比较 30 日窗口内最高点和最低点的位置差，刻画价格路径。,"ts_argmaxmin(close, 30)",rare_operator_booster,ts_argmaxmin
op_case_1020,rare_ts_argmaxmin,比较 45 日窗口内最高点和最低点的位置差，刻画价格路径。,"ts_argmaxmin(close, 45)",rare_operator_booster,ts_argmaxmin
op_case_1021,rare_ts_argmaxmin,比较 60 日窗口内最高点和最低点的位置差，刻画价格路径。,"ts_argmaxmin(close, 60)",rare_operator_booster,ts_argmaxmin
op_case_1022,rare_ts_argmaxmin,比较 75 日窗口内最高点和最低点的位置差，刻画价格路径。,"ts_argmaxmin(close, 75)",rare_operator_booster,ts_argmaxmin
op_case_1023,rare_ts_argmaxmin,比较 90 日窗口内最高点和最低点的位置差，刻画价格路径。,"ts_argmaxmin(close, 90)",rare_operator_booster,ts_argmaxmin
op_case_1024,v21_ts_argmaxmin_volume_5,比较 5 日窗口内成交量高点和低点的位置差。,"ts_argmaxmin(volume, 5)",rare_operator_v21,ts_argmaxmin
op_case_1025,v21_ts_argmaxmin_volume_10,比较 10 日窗口内成交量高点和低点的位置差。,"ts_argmaxmin(volume, 10)",rare_operator_v21,ts_argmaxmin
op_case_1026,v21_ts_argmaxmin_volume_15,比较 15 日窗口内成交量高点和低点的位置差。,"ts_argmaxmin(volume, 15)",rare_operator_v21,ts_argmaxmin
op_case_1027,v21_ts_argmaxmin_volume_20,比较 20 日窗口内成交量高点和低点的位置差。,"ts_argmaxmin(volume, 20)",rare_operator_v21,ts_argmaxmin
op_case_1028,v21_ts_argmaxmin_volume_30,比较 30 日窗口内成交量高点和低点的位置差。,"ts_argmaxmin(volume, 30)",rare_operator_v21,ts_argmaxmin
op_case_1029,v21_ts_argmaxmin_volume_45,比较 45 日窗口内成交量高点和低点的位置差。,"ts_argmaxmin(volume, 45)",rare_operator_v21,ts_argmaxmin
op_case_1030,v21_ts_argmaxmin_volume_60,比较 60 日窗口内成交量高点和低点的位置差。,"ts_argmaxmin(volume, 60)",rare_operator_v21,ts_argmaxmin
op_case_1031,v21_ts_argmaxmin_volume_90,比较 90 日窗口内成交量高点和低点的位置差。,"ts_argmaxmin(volume, 90)",rare_operator_v21,ts_argmaxmin
op_case_1032,v21_ts_argmaxmin_vwap_5,比较 5 日窗口内成交量加权平均价高点和低点的位置差。,"ts_argmaxmin(vwap, 5)",rare_operator_v21,ts_argmaxmin
op_case_1033,v21_ts_argmaxmin_vwap_10,比较 10 日窗口内成交量加权平均价高点和低点的位置差。,"ts_argmaxmin(vwap, 10)",rare_operator_v21,ts_argmaxmin
op_case_1034,v21_ts_argmaxmin_vwap_15,比较 15 日窗口内成交量加权平均价高点和低点的位置差。,"ts_argmaxmin(vwap, 15)",rare_operator_v21,ts_argmaxmin
op_case_1035,v21_ts_argmaxmin_vwap_20,比较 20 日窗口内成交量加权平均价高点和低点的位置差。,"ts_argmaxmin(vwap, 20)",rare_operator_v21,ts_argmaxmin
op_case_1036,v21_ts_argmaxmin_vwap_30,比较 30 日窗口内成交量加权平均价高点和低点的位置差。,"ts_argmaxmin(vwap, 30)",rare_operator_v21,ts_argmaxmin
op_case_1037,v21_ts_argmaxmin_vwap_45,比较 45 日窗口内成交量加权平均价高点和低点的位置差。,"ts_argmaxmin(vwap, 45)",rare_operator_v21,ts_argmaxmin
op_case_1038,v21_ts_argmaxmin_vwap_60,比较 60 日窗口内成交量加权平均价高点和低点的位置差。,"ts_argmaxmin(vwap, 60)",rare_operator_v21,ts_argmaxmin
op_case_1039,v21_ts_argmaxmin_vwap_90,比较 90 日窗口内成交量加权平均价高点和低点的位置差。,"ts_argmaxmin(vwap, 90)",rare_operator_v21,ts_argmaxmin
op_case_1040,v21_ts_argmaxmin_pb_15,比较 15 日窗口内市净率 PB高点和低点的位置差。,"ts_argmaxmin(pb, 15)",rare_operator_v21,ts_argmaxmin
op_case_1041,v21_ts_argmaxmin_pb_20,比较 20 日窗口内市净率 PB高点和低点的位置差。,"ts_argmaxmin(pb, 20)",rare_operator_v21,ts_argmaxmin
op_case_1042,rare_ts_argmin,5 日最低收盘价出现位置用于描述低点远近。,"ts_argmin(close, 5)",rare_operator_booster,ts_argmin
op_case_1043,rare_ts_argmin,7 日最低收盘价出现位置用于描述低点远近。,"ts_argmin(close, 7)",rare_operator_booster,ts_argmin
op_case_1044,rare_ts_argmin,10 日最低收盘价出现位置用于描述低点远近。,"ts_argmin(close, 10)",rare_operator_booster,ts_argmin
op_case_1045,rare_ts_argmin,15 日最低收盘价出现位置用于描述低点远近。,"ts_argmin(close, 15)",rare_operator_booster,ts_argmin
op_case_1046,rare_ts_argmin,20 日最低收盘价出现位置用于描述低点远近。,"ts_argmin(close, 20)",rare_operator_booster,ts_argmin
op_case_1047,rare_ts_argmin,30 日最低收盘价出现位置用于描述低点远近。,"ts_argmin(close, 30)",rare_operator_booster,ts_argmin
op_case_1048,rare_ts_argmin,45 日最低收盘价出现位置用于描述低点远近。,"ts_argmin(close, 45)",rare_operator_booster,ts_argmin
op_case_1049,rare_ts_argmin,60 日最低收盘价出现位置用于描述低点远近。,"ts_argmin(close, 60)",rare_operator_booster,ts_argmin
op_case_1050,rare_ts_argmin,75 日最低收盘价出现位置用于描述低点远近。,"ts_argmin(close, 75)",rare_operator_booster,ts_argmin
op_case_1051,rare_ts_argmin,90 日最低收盘价出现位置用于描述低点远近。,"ts_argmin(close, 90)",rare_operator_booster,ts_argmin
op_case_1052,v21_ts_argmin_volume_5,5 日窗口内成交量最低值位置刻画低点远近。,"ts_argmin(volume, 5)",rare_operator_v21,ts_argmin
op_case_1053,v21_ts_argmin_volume_10,10 日窗口内成交量最低值位置刻画低点远近。,"ts_argmin(volume, 10)",rare_operator_v21,ts_argmin
op_case_1054,v21_ts_argmin_volume_15,15 日窗口内成交量最低值位置刻画低点远近。,"ts_argmin(volume, 15)",rare_operator_v21,ts_argmin
op_case_1055,v21_ts_argmin_volume_20,20 日窗口内成交量最低值位置刻画低点远近。,"ts_argmin(volume, 20)",rare_operator_v21,ts_argmin
op_case_1056,v21_ts_argmin_volume_30,30 日窗口内成交量最低值位置刻画低点远近。,"ts_argmin(volume, 30)",rare_operator_v21,ts_argmin
op_case_1057,v21_ts_argmin_volume_45,45 日窗口内成交量最低值位置刻画低点远近。,"ts_argmin(volume, 45)",rare_operator_v21,ts_argmin
op_case_1058,v21_ts_argmin_volume_60,60 日窗口内成交量最低值位置刻画低点远近。,"ts_argmin(volume, 60)",rare_operator_v21,ts_argmin
op_case_1059,v21_ts_argmin_volume_90,90 日窗口内成交量最低值位置刻画低点远近。,"ts_argmin(volume, 90)",rare_operator_v21,ts_argmin
op_case_1060,v21_ts_argmin_vwap_5,5 日窗口内成交量加权平均价最低值位置刻画低点远近。,"ts_argmin(vwap, 5)",rare_operator_v21,ts_argmin
op_case_1061,v21_ts_argmin_vwap_10,10 日窗口内成交量加权平均价最低值位置刻画低点远近。,"ts_argmin(vwap, 10)",rare_operator_v21,ts_argmin
op_case_1062,v21_ts_argmin_vwap_15,15 日窗口内成交量加权平均价最低值位置刻画低点远近。,"ts_argmin(vwap, 15)",rare_operator_v21,ts_argmin
op_case_1063,v21_ts_argmin_vwap_20,20 日窗口内成交量加权平均价最低值位置刻画低点远近。,"ts_argmin(vwap, 20)",rare_operator_v21,ts_argmin
op_case_1064,v21_ts_argmin_vwap_30,30 日窗口内成交量加权平均价最低值位置刻画低点远近。,"ts_argmin(vwap, 30)",rare_operator_v21,ts_argmin
op_case_1065,v21_ts_argmin_vwap_45,45 日窗口内成交量加权平均价最低值位置刻画低点远近。,"ts_argmin(vwap, 45)",rare_operator_v21,ts_argmin
op_case_1066,v21_ts_argmin_vwap_60,60 日窗口内成交量加权平均价最低值位置刻画低点远近。,"ts_argmin(vwap, 60)",rare_operator_v21,ts_argmin
op_case_1067,v21_ts_argmin_vwap_90,90 日窗口内成交量加权平均价最低值位置刻画低点远近。,"ts_argmin(vwap, 90)",rare_operator_v21,ts_argmin
op_case_1068,v21_ts_argmin_pb_15,15 日窗口内市净率 PB最低值位置刻画低点远近。,"ts_argmin(pb, 15)",rare_operator_v21,ts_argmin
op_case_1069,v21_ts_argmin_pb_20,20 日窗口内市净率 PB最低值位置刻画低点远近。,"ts_argmin(pb, 20)",rare_operator_v21,ts_argmin
op_case_1070,v21_ts_last_extra_close_5,用当前收盘价相对 5 日窗口最近历史有效值的变化构造信号。,"div(sub(close, ts_last(shift(close, 1), 5)), ts_last(shift(close, 1), 5))",rare_operator_v21,"div,sub,ts_last,ts_last,shift,shift"
op_case_1071,v21_ts_last_extra_close_10,用当前收盘价相对 10 日窗口最近历史有效值的变化构造信号。,"div(sub(close, ts_last(shift(close, 1), 10)), ts_last(shift(close, 1), 10))",rare_operator_v21,"div,sub,ts_last,ts_last,shift,shift"
op_case_1072,v21_ts_last_extra_close_20,用当前收盘价相对 20 日窗口最近历史有效值的变化构造信号。,"div(sub(close, ts_last(shift(close, 1), 20)), ts_last(shift(close, 1), 20))",rare_operator_v21,"div,sub,ts_last,ts_last,shift,shift"
op_case_1073,v21_ts_last_extra_close_30,用当前收盘价相对 30 日窗口最近历史有效值的变化构造信号。,"div(sub(close, ts_last(shift(close, 1), 30)), ts_last(shift(close, 1), 30))",rare_operator_v21,"div,sub,ts_last,ts_last,shift,shift"
op_case_1074,v21_ts_last_extra_volume_5,用当前成交量相对 5 日窗口最近历史有效值的变化构造信号。,"div(sub(volume, ts_last(shift(volume, 1), 5)), ts_last(shift(volume, 1), 5))",rare_operator_v21,"div,sub,ts_last,ts_last,shift,shift"
op_case_1075,v21_ts_last_extra_volume_10,用当前成交量相对 10 日窗口最近历史有效值的变化构造信号。,"div(sub(volume, ts_last(shift(volume, 1), 10)), ts_last(shift(volume, 1), 10))",rare_operator_v21,"div,sub,ts_last,ts_last,shift,shift"
op_case_1076,v21_ts_last_extra_volume_20,用当前成交量相对 20 日窗口最近历史有效值的变化构造信号。,"div(sub(volume, ts_last(shift(volume, 1), 20)), ts_last(shift(volume, 1), 20))",rare_operator_v21,"div,sub,ts_last,ts_last,shift,shift"
op_case_1077,v21_ts_last_extra_volume_30,用当前成交量相对 30 日窗口最近历史有效值的变化构造信号。,"div(sub(volume, ts_last(shift(volume, 1), 30)), ts_last(shift(volume, 1), 30))",rare_operator_v21,"div,sub,ts_last,ts_last,shift,shift"
op_case_1078,v21_ts_last_extra_vwap_5,用当前成交量加权平均价相对 5 日窗口最近历史有效值的变化构造信号。,"div(sub(vwap, ts_last(shift(vwap, 1), 5)), ts_last(shift(vwap, 1), 5))",rare_operator_v21,"div,sub,ts_last,ts_last,shift,shift"
op_case_1079,v21_ts_last_extra_vwap_10,用当前成交量加权平均价相对 10 日窗口最近历史有效值的变化构造信号。,"div(sub(vwap, ts_last(shift(vwap, 1), 10)), ts_last(shift(vwap, 1), 10))",rare_operator_v21,"div,sub,ts_last,ts_last,shift,shift"
op_case_1080,v21_ts_last_extra_vwap_20,用当前成交量加权平均价相对 20 日窗口最近历史有效值的变化构造信号。,"div(sub(vwap, ts_last(shift(vwap, 1), 20)), ts_last(shift(vwap, 1), 20))",rare_operator_v21,"div,sub,ts_last,ts_last,shift,shift"
op_case_1081,v21_ts_last_extra_vwap_30,用当前成交量加权平均价相对 30 日窗口最近历史有效值的变化构造信号。,"div(sub(vwap, ts_last(shift(vwap, 1), 30)), ts_last(shift(vwap, 1), 30))",rare_operator_v21,"div,sub,ts_last,ts_last,shift,shift"
op_case_1082,v21_ts_last_extra_pb_5,用当前市净率 PB相对 5 日窗口最近历史有效值的变化构造信号。,"div(sub(pb, ts_last(shift(pb, 1), 5)), ts_last(shift(pb, 1), 5))",rare_operator_v21,"div,sub,ts_last,ts_last,shift,shift"
op_case_1083,v21_ts_last_extra_pb_10,用当前市净率 PB相对 10 日窗口最近历史有效值的变化构造信号。,"div(sub(pb, ts_last(shift(pb, 1), 10)), ts_last(shift(pb, 1), 10))",rare_operator_v21,"div,sub,ts_last,ts_last,shift,shift"
op_case_1084,v21_ts_last_extra_pb_20,用当前市净率 PB相对 20 日窗口最近历史有效值的变化构造信号。,"div(sub(pb, ts_last(shift(pb, 1), 20)), ts_last(shift(pb, 1), 20))",rare_operator_v21,"div,sub,ts_last,ts_last,shift,shift"
op_case_1085,v21_ts_last_extra_pb_30,用当前市净率 PB相对 30 日窗口最近历史有效值的变化构造信号。,"div(sub(pb, ts_last(shift(pb, 1), 30)), ts_last(shift(pb, 1), 30))",rare_operator_v21,"div,sub,ts_last,ts_last,shift,shift"
op_case_1086,v21_ts_last_extra_market_cap_5,用当前总市值相对 5 日窗口最近历史有效值的变化构造信号。,"div(sub(market_cap, ts_last(shift(market_cap, 1), 5)), ts_last(shift(market_cap, 1), 5))",rare_operator_v21,"div,sub,ts_last,ts_last,shift,shift"
op_case_1087,v21_ts_last_extra_market_cap_10,用当前总市值相对 10 日窗口最近历史有效值的变化构造信号。,"div(sub(market_cap, ts_last(shift(market_cap, 1), 10)), ts_last(shift(market_cap, 1), 10))",rare_operator_v21,"div,sub,ts_last,ts_last,shift,shift"
op_case_1088,v21_ts_last_extra_market_cap_20,用当前总市值相对 20 日窗口最近历史有效值的变化构造信号。,"div(sub(market_cap, ts_last(shift(market_cap, 1), 20)), ts_last(shift(market_cap, 1), 20))",rare_operator_v21,"div,sub,ts_last,ts_last,shift,shift"
op_case_1089,v21_ts_last_extra_market_cap_30,用当前总市值相对 30 日窗口最近历史有效值的变化构造信号。,"div(sub(market_cap, ts_last(shift(market_cap, 1), 30)), ts_last(shift(market_cap, 1), 30))",rare_operator_v21,"div,sub,ts_last,ts_last,shift,shift"
op_case_1090,range_position,收盘价越接近过去 10 日高低价通道上沿，突破位置越强。,"div(sub(close, ts_min(low, 10)), sub(ts_max(high, 10), ts_min(low, 10)))",range_breakout,"div,sub,sub,ts_min,ts_max,ts_min"
op_case_1091,range_reversal,收盘价越接近过去 10 日区间上沿，短期过热反转压力越大。,"neg(div(sub(close, ts_min(low, 10)), sub(ts_max(high, 10), ts_min(low, 10))))",range_breakout,"neg,div,sub,sub,ts_min,ts_max,ts_min"
op_case_1092,drawdown_position,当前收盘价距离过去 10 日高点回撤越大，价格压力越明显。,"div(sub(ts_max(high, 10), close), ts_max(high, 10))",range_breakout,"div,sub,ts_max,ts_max"
op_case_1093,range_position,收盘价越接近过去 15 日高低价通道上沿，突破位置越强。,"div(sub(close, ts_min(low, 15)), sub(ts_max(high, 15), ts_min(low, 15)))",range_breakout,"div,sub,sub,ts_min,ts_max,ts_min"
op_case_1094,range_reversal,收盘价越接近过去 15 日区间上沿，短期过热反转压力越大。,"neg(div(sub(close, ts_min(low, 15)), sub(ts_max(high, 15), ts_min(low, 15))))",range_breakout,"neg,div,sub,sub,ts_min,ts_max,ts_min"
op_case_1095,drawdown_position,当前收盘价距离过去 15 日高点回撤越大，价格压力越明显。,"div(sub(ts_max(high, 15), close), ts_max(high, 15))",range_breakout,"div,sub,ts_max,ts_max"
op_case_1096,range_position,收盘价越接近过去 20 日高低价通道上沿，突破位置越强。,"div(sub(close, ts_min(low, 20)), sub(ts_max(high, 20), ts_min(low, 20)))",range_breakout,"div,sub,sub,ts_min,ts_max,ts_min"
op_case_1097,range_reversal,收盘价越接近过去 20 日区间上沿，短期过热反转压力越大。,"neg(div(sub(close, ts_min(low, 20)), sub(ts_max(high, 20), ts_min(low, 20))))",range_breakout,"neg,div,sub,sub,ts_min,ts_max,ts_min"
op_case_1098,drawdown_position,当前收盘价距离过去 20 日高点回撤越大，价格压力越明显。,"div(sub(ts_max(high, 20), close), ts_max(high, 20))",range_breakout,"div,sub,ts_max,ts_max"
op_case_1099,range_position,收盘价越接近过去 30 日高低价通道上沿，突破位置越强。,"div(sub(close, ts_min(low, 30)), sub(ts_max(high, 30), ts_min(low, 30)))",range_breakout,"div,sub,sub,ts_min,ts_max,ts_min"
op_case_1100,range_reversal,收盘价越接近过去 30 日区间上沿，短期过热反转压力越大。,"neg(div(sub(close, ts_min(low, 30)), sub(ts_max(high, 30), ts_min(low, 30))))",range_breakout,"neg,div,sub,sub,ts_min,ts_max,ts_min"
op_case_1101,drawdown_position,当前收盘价距离过去 30 日高点回撤越大，价格压力越明显。,"div(sub(ts_max(high, 30), close), ts_max(high, 30))",range_breakout,"div,sub,ts_max,ts_max"
op_case_1102,range_position,收盘价越接近过去 45 日高低价通道上沿，突破位置越强。,"div(sub(close, ts_min(low, 45)), sub(ts_max(high, 45), ts_min(low, 45)))",range_breakout,"div,sub,sub,ts_min,ts_max,ts_min"
op_case_1103,range_reversal,收盘价越接近过去 45 日区间上沿，短期过热反转压力越大。,"neg(div(sub(close, ts_min(low, 45)), sub(ts_max(high, 45), ts_min(low, 45))))",range_breakout,"neg,div,sub,sub,ts_min,ts_max,ts_min"
op_case_1104,drawdown_position,当前收盘价距离过去 45 日高点回撤越大，价格压力越明显。,"div(sub(ts_max(high, 45), close), ts_max(high, 45))",range_breakout,"div,sub,ts_max,ts_max"
op_case_1105,range_position,收盘价越接近过去 60 日高低价通道上沿，突破位置越强。,"div(sub(close, ts_min(low, 60)), sub(ts_max(high, 60), ts_min(low, 60)))",range_breakout,"div,sub,sub,ts_min,ts_max,ts_min"
op_case_1106,range_reversal,收盘价越接近过去 60 日区间上沿，短期过热反转压力越大。,"neg(div(sub(close, ts_min(low, 60)), sub(ts_max(high, 60), ts_min(low, 60))))",range_breakout,"neg,div,sub,sub,ts_min,ts_max,ts_min"
op_case_1107,drawdown_position,当前收盘价距离过去 60 日高点回撤越大，价格压力越明显。,"div(sub(ts_max(high, 60), close), ts_max(high, 60))",range_breakout,"div,sub,ts_max,ts_max"
op_case_1108,range_position,收盘价越接近过去 90 日高低价通道上沿，突破位置越强。,"div(sub(close, ts_min(low, 90)), sub(ts_max(high, 90), ts_min(low, 90)))",range_breakout,"div,sub,sub,ts_min,ts_max,ts_min"
op_case_1109,range_reversal,收盘价越接近过去 90 日区间上沿，短期过热反转压力越大。,"neg(div(sub(close, ts_min(low, 90)), sub(ts_max(high, 90), ts_min(low, 90))))",range_breakout,"neg,div,sub,sub,ts_min,ts_max,ts_min"
op_case_1110,drawdown_position,当前收盘价距离过去 90 日高点回撤越大，价格压力越明显。,"div(sub(ts_max(high, 90), close), ts_max(high, 90))",range_breakout,"div,sub,ts_max,ts_max"
op_case_1111,combo_div_momentum_range_position,用2 日动量除以2 日区间位置的绝对强度，得到相对性价比。,"div(pct_change(close, 2), absolute(div(sub(close, ts_min(low, 10)), sub(ts_max(high, 10), ts_min(low, 10)))))",pairwise_composition,"div,pct_change,absolute,div,sub,sub,ts_min,ts_max,ts_min"
op_case_1112,combo_div_momentum_range_position,用2 日动量除以15 日区间位置的绝对强度，得到相对性价比。,"div(pct_change(close, 2), absolute(div(sub(close, ts_min(low, 15)), sub(ts_max(high, 15), ts_min(low, 15)))))",pairwise_composition,"div,pct_change,absolute,div,sub,sub,ts_min,ts_max,ts_min"
op_case_1113,combo_div_momentum_range_position,用2 日动量除以20 日区间位置的绝对强度，得到相对性价比。,"div(pct_change(close, 2), absolute(div(sub(close, ts_min(low, 20)), sub(ts_max(high, 20), ts_min(low, 20)))))",pairwise_composition,"div,pct_change,absolute,div,sub,sub,ts_min,ts_max,ts_min"
op_case_1114,combo_div_momentum_range_position,用2 日动量除以30 日区间位置的绝对强度，得到相对性价比。,"div(pct_change(close, 2), absolute(div(sub(close, ts_min(low, 30)), sub(ts_max(high, 30), ts_min(low, 30)))))",pairwise_composition,"div,pct_change,absolute,div,sub,sub,ts_min,ts_max,ts_min"
op_case_1115,combo_div_momentum_range_position,用2 日动量除以45 日区间位置的绝对强度，得到相对性价比。,"div(pct_change(close, 2), absolute(div(sub(close, ts_min(low, 45)), sub(ts_max(high, 45), ts_min(low, 45)))))",pairwise_composition,"div,pct_change,absolute,div,sub,sub,ts_min,ts_max,ts_min"
op_case_1116,combo_div_momentum_range_position,用2 日动量除以60 日区间位置的绝对强度，得到相对性价比。,"div(pct_change(close, 2), absolute(div(sub(close, ts_min(low, 60)), sub(ts_max(high, 60), ts_min(low, 60)))))",pairwise_composition,"div,pct_change,absolute,div,sub,sub,ts_min,ts_max,ts_min"
op_case_1117,combo_div_momentum_range_position,用2 日动量除以90 日区间位置的绝对强度，得到相对性价比。,"div(pct_change(close, 2), absolute(div(sub(close, ts_min(low, 90)), sub(ts_max(high, 90), ts_min(low, 90)))))",pairwise_composition,"div,pct_change,absolute,div,sub,sub,ts_min,ts_max,ts_min"
op_case_1118,combo_sub_reversal_range_position,偏好2 日反转更强且2 日区间位置更弱的股票。,"sub(neg(pct_change(close, 2)), div(sub(close, ts_min(low, 10)), sub(ts_max(high, 10), ts_min(low, 10))))",pairwise_composition,"sub,neg,div,pct_change,sub,sub,ts_min,ts_max,ts_min"
op_case_1119,combo_sub_reversal_range_position,偏好2 日反转更强且15 日区间位置更弱的股票。,"sub(neg(pct_change(close, 2)), div(sub(close, ts_min(low, 15)), sub(ts_max(high, 15), ts_min(low, 15))))",pairwise_composition,"sub,neg,div,pct_change,sub,sub,ts_min,ts_max,ts_min"
op_case_1120,low_rebound,收盘价相对过去 10 日低点反弹越多，低位修复越明显。,"div(sub(close, ts_min(low, 10)), ts_min(low, 10))",range_breakout,"div,sub,ts_min,ts_min"
op_case_1121,low_rebound,收盘价相对过去 15 日低点反弹越多，低位修复越明显。,"div(sub(close, ts_min(low, 15)), ts_min(low, 15))",range_breakout,"div,sub,ts_min,ts_min"
op_case_1122,low_rebound,收盘价相对过去 20 日低点反弹越多，低位修复越明显。,"div(sub(close, ts_min(low, 20)), ts_min(low, 20))",range_breakout,"div,sub,ts_min,ts_min"
op_case_1123,low_rebound,收盘价相对过去 30 日低点反弹越多，低位修复越明显。,"div(sub(close, ts_min(low, 30)), ts_min(low, 30))",range_breakout,"div,sub,ts_min,ts_min"
op_case_1124,low_rebound,收盘价相对过去 45 日低点反弹越多，低位修复越明显。,"div(sub(close, ts_min(low, 45)), ts_min(low, 45))",range_breakout,"div,sub,ts_min,ts_min"
op_case_1125,low_rebound,收盘价相对过去 60 日低点反弹越多，低位修复越明显。,"div(sub(close, ts_min(low, 60)), ts_min(low, 60))",range_breakout,"div,sub,ts_min,ts_min"
op_case_1126,low_rebound,收盘价相对过去 90 日低点反弹越多，低位修复越明显。,"div(sub(close, ts_min(low, 90)), ts_min(low, 90))",range_breakout,"div,sub,ts_min,ts_min"
op_case_1127,compound_return,用 2 日日收益连乘近似复合收益。,"sub(ts_prod(add(1.0, pct_change(close, 1)), 2), 1.0)",volatility,"sub,ts_prod,add,pct_change"
op_case_1128,compound_return,用 3 日日收益连乘近似复合收益。,"sub(ts_prod(add(1.0, pct_change(close, 1)), 3), 1.0)",volatility,"sub,ts_prod,add,pct_change"
op_case_1129,compound_return,用 5 日日收益连乘近似复合收益。,"sub(ts_prod(add(1.0, pct_change(close, 1)), 5), 1.0)",volatility,"sub,ts_prod,add,pct_change"
op_case_1130,compound_return,用 7 日日收益连乘近似复合收益。,"sub(ts_prod(add(1.0, pct_change(close, 1)), 7), 1.0)",volatility,"sub,ts_prod,add,pct_change"
op_case_1131,compound_return,用 10 日日收益连乘近似复合收益。,"sub(ts_prod(add(1.0, pct_change(close, 1)), 10), 1.0)",volatility,"sub,ts_prod,add,pct_change"
op_case_1132,compound_return,用 15 日日收益连乘近似复合收益。,"sub(ts_prod(add(1.0, pct_change(close, 1)), 15), 1.0)",volatility,"sub,ts_prod,add,pct_change"
op_case_1133,compound_return,用 20 日日收益连乘近似复合收益。,"sub(ts_prod(add(1.0, pct_change(close, 1)), 20), 1.0)",volatility,"sub,ts_prod,add,pct_change"
op_case_1134,compound_return,用 30 日日收益连乘近似复合收益。,"sub(ts_prod(add(1.0, pct_change(close, 1)), 30), 1.0)",volatility,"sub,ts_prod,add,pct_change"
op_case_1135,compound_return,用 45 日日收益连乘近似复合收益。,"sub(ts_prod(add(1.0, pct_change(close, 1)), 45), 1.0)",volatility,"sub,ts_prod,add,pct_change"
op_case_1136,compound_return,用 60 日日收益连乘近似复合收益。,"sub(ts_prod(add(1.0, pct_change(close, 1)), 60), 1.0)",volatility,"sub,ts_prod,add,pct_change"
op_case_1137,compound_return,用 90 日日收益连乘近似复合收益。,"sub(ts_prod(add(1.0, pct_change(close, 1)), 90), 1.0)",volatility,"sub,ts_prod,add,pct_change"
op_case_1138,v21_ts_prod_close_5,对 5 日收盘价日变化加一后连乘。,"ts_prod(add(1.0, pct_change(close, 1)), 5)",rare_operator_v21,"ts_prod,add,pct_change"
op_case_1139,v21_ts_prod_close_10,对 10 日收盘价日变化加一后连乘。,"ts_prod(add(1.0, pct_change(close, 1)), 10)",rare_operator_v21,"ts_prod,add,pct_change"
op_case_1140,v21_ts_prod_close_15,对 15 日收盘价日变化加一后连乘。,"ts_prod(add(1.0, pct_change(close, 1)), 15)",rare_operator_v21,"ts_prod,add,pct_change"
op_case_1141,v21_ts_prod_close_20,对 20 日收盘价日变化加一后连乘。,"ts_prod(add(1.0, pct_change(close, 1)), 20)",rare_operator_v21,"ts_prod,add,pct_change"
op_case_1142,v21_ts_prod_close_30,对 30 日收盘价日变化加一后连乘。,"ts_prod(add(1.0, pct_change(close, 1)), 30)",rare_operator_v21,"ts_prod,add,pct_change"
op_case_1143,v21_ts_prod_close_45,对 45 日收盘价日变化加一后连乘。,"ts_prod(add(1.0, pct_change(close, 1)), 45)",rare_operator_v21,"ts_prod,add,pct_change"
op_case_1144,v21_ts_prod_close_60,对 60 日收盘价日变化加一后连乘。,"ts_prod(add(1.0, pct_change(close, 1)), 60)",rare_operator_v21,"ts_prod,add,pct_change"
op_case_1145,v21_ts_prod_close_90,对 90 日收盘价日变化加一后连乘。,"ts_prod(add(1.0, pct_change(close, 1)), 90)",rare_operator_v21,"ts_prod,add,pct_change"
op_case_1146,v21_ts_prod_volume_5,对 5 日成交量日变化加一后连乘。,"ts_prod(add(1.0, pct_change(volume, 1)), 5)",rare_operator_v21,"ts_prod,add,pct_change"
op_case_1147,v21_ts_prod_volume_10,对 10 日成交量日变化加一后连乘。,"ts_prod(add(1.0, pct_change(volume, 1)), 10)",rare_operator_v21,"ts_prod,add,pct_change"
op_case_1148,v21_ts_prod_volume_15,对 15 日成交量日变化加一后连乘。,"ts_prod(add(1.0, pct_change(volume, 1)), 15)",rare_operator_v21,"ts_prod,add,pct_change"
op_case_1149,v21_ts_prod_volume_20,对 20 日成交量日变化加一后连乘。,"ts_prod(add(1.0, pct_change(volume, 1)), 20)",rare_operator_v21,"ts_prod,add,pct_change"
op_case_1150,v21_ts_prod_volume_30,对 30 日成交量日变化加一后连乘。,"ts_prod(add(1.0, pct_change(volume, 1)), 30)",rare_operator_v21,"ts_prod,add,pct_change"
op_case_1151,v21_ts_prod_volume_45,对 45 日成交量日变化加一后连乘。,"ts_prod(add(1.0, pct_change(volume, 1)), 45)",rare_operator_v21,"ts_prod,add,pct_change"
op_case_1152,v21_ts_prod_volume_60,对 60 日成交量日变化加一后连乘。,"ts_prod(add(1.0, pct_change(volume, 1)), 60)",rare_operator_v21,"ts_prod,add,pct_change"
op_case_1153,v21_ts_prod_volume_90,对 90 日成交量日变化加一后连乘。,"ts_prod(add(1.0, pct_change(volume, 1)), 90)",rare_operator_v21,"ts_prod,add,pct_change"
op_case_1154,v21_ts_prod_vwap_5,对 5 日成交量加权平均价日变化加一后连乘。,"ts_prod(add(1.0, pct_change(vwap, 1)), 5)",rare_operator_v21,"ts_prod,add,pct_change"
op_case_1155,v21_ts_prod_vwap_10,对 10 日成交量加权平均价日变化加一后连乘。,"ts_prod(add(1.0, pct_change(vwap, 1)), 10)",rare_operator_v21,"ts_prod,add,pct_change"
op_case_1156,quantile_breakout,收盘价高于自身 10 日 80% 分位数越多，突破越强。,"sub(close, ts_quantile(close, 10, 0.8))",range_breakout,"sub,ts_quantile"
op_case_1157,quantile_support,收盘价高于自身 10 日 20% 分位数越多，脱离低位越明显。,"sub(close, ts_quantile(close, 10, 0.2))",range_breakout,"sub,ts_quantile"
op_case_1158,quantile_breakout,收盘价高于自身 15 日 80% 分位数越多，突破越强。,"sub(close, ts_quantile(close, 15, 0.8))",range_breakout,"sub,ts_quantile"
op_case_1159,quantile_support,收盘价高于自身 15 日 20% 分位数越多，脱离低位越明显。,"sub(close, ts_quantile(close, 15, 0.2))",range_breakout,"sub,ts_quantile"
op_case_1160,quantile_breakout,收盘价高于自身 20 日 80% 分位数越多，突破越强。,"sub(close, ts_quantile(close, 20, 0.8))",range_breakout,"sub,ts_quantile"
op_case_1161,quantile_support,收盘价高于自身 20 日 20% 分位数越多，脱离低位越明显。,"sub(close, ts_quantile(close, 20, 0.2))",range_breakout,"sub,ts_quantile"
op_case_1162,quantile_breakout,收盘价高于自身 30 日 80% 分位数越多，突破越强。,"sub(close, ts_quantile(close, 30, 0.8))",range_breakout,"sub,ts_quantile"
op_case_1163,quantile_support,收盘价高于自身 30 日 20% 分位数越多，脱离低位越明显。,"sub(close, ts_quantile(close, 30, 0.2))",range_breakout,"sub,ts_quantile"
op_case_1164,quantile_breakout,收盘价高于自身 45 日 80% 分位数越多，突破越强。,"sub(close, ts_quantile(close, 45, 0.8))",range_breakout,"sub,ts_quantile"
op_case_1165,quantile_support,收盘价高于自身 45 日 20% 分位数越多，脱离低位越明显。,"sub(close, ts_quantile(close, 45, 0.2))",range_breakout,"sub,ts_quantile"
op_case_1166,quantile_breakout,收盘价高于自身 60 日 80% 分位数越多，突破越强。,"sub(close, ts_quantile(close, 60, 0.8))",range_breakout,"sub,ts_quantile"
op_case_1167,quantile_support,收盘价高于自身 60 日 20% 分位数越多，脱离低位越明显。,"sub(close, ts_quantile(close, 60, 0.2))",range_breakout,"sub,ts_quantile"
op_case_1168,quantile_breakout,收盘价高于自身 90 日 80% 分位数越多，突破越强。,"sub(close, ts_quantile(close, 90, 0.8))",range_breakout,"sub,ts_quantile"
op_case_1169,quantile_support,收盘价高于自身 90 日 20% 分位数越多，脱离低位越明显。,"sub(close, ts_quantile(close, 90, 0.2))",range_breakout,"sub,ts_quantile"
op_case_1170,v21_ts_quantile_close_5,收盘价高于自身 5 日 70% 分位数越多，历史位置越高。,"sub(close, ts_quantile(close, 5, 0.7))",rare_operator_v21,"sub,ts_quantile"
op_case_1171,v21_ts_quantile_close_10,收盘价高于自身 10 日 70% 分位数越多，历史位置越高。,"sub(close, ts_quantile(close, 10, 0.7))",rare_operator_v21,"sub,ts_quantile"
op_case_1172,v21_ts_quantile_close_15,收盘价高于自身 15 日 70% 分位数越多，历史位置越高。,"sub(close, ts_quantile(close, 15, 0.7))",rare_operator_v21,"sub,ts_quantile"
op_case_1173,v21_ts_quantile_close_20,收盘价高于自身 20 日 70% 分位数越多，历史位置越高。,"sub(close, ts_quantile(close, 20, 0.7))",rare_operator_v21,"sub,ts_quantile"
op_case_1174,v21_ts_quantile_close_30,收盘价高于自身 30 日 70% 分位数越多，历史位置越高。,"sub(close, ts_quantile(close, 30, 0.7))",rare_operator_v21,"sub,ts_quantile"
op_case_1175,v21_ts_quantile_close_45,收盘价高于自身 45 日 70% 分位数越多，历史位置越高。,"sub(close, ts_quantile(close, 45, 0.7))",rare_operator_v21,"sub,ts_quantile"
op_case_1176,v21_ts_quantile_close_60,收盘价高于自身 60 日 70% 分位数越多，历史位置越高。,"sub(close, ts_quantile(close, 60, 0.7))",rare_operator_v21,"sub,ts_quantile"
op_case_1177,v21_ts_quantile_close_90,收盘价高于自身 90 日 70% 分位数越多，历史位置越高。,"sub(close, ts_quantile(close, 90, 0.7))",rare_operator_v21,"sub,ts_quantile"
op_case_1178,v21_ts_quantile_volume_5,成交量高于自身 5 日 70% 分位数越多，历史位置越高。,"sub(volume, ts_quantile(volume, 5, 0.7))",rare_operator_v21,"sub,ts_quantile"
op_case_1179,v21_ts_quantile_volume_10,成交量高于自身 10 日 70% 分位数越多，历史位置越高。,"sub(volume, ts_quantile(volume, 10, 0.7))",rare_operator_v21,"sub,ts_quantile"
op_case_1180,v21_ts_quantile_volume_15,成交量高于自身 15 日 70% 分位数越多，历史位置越高。,"sub(volume, ts_quantile(volume, 15, 0.7))",rare_operator_v21,"sub,ts_quantile"
op_case_1181,v21_ts_quantile_volume_20,成交量高于自身 20 日 70% 分位数越多，历史位置越高。,"sub(volume, ts_quantile(volume, 20, 0.7))",rare_operator_v21,"sub,ts_quantile"
op_case_1182,v21_ts_quantile_volume_30,成交量高于自身 30 日 70% 分位数越多，历史位置越高。,"sub(volume, ts_quantile(volume, 30, 0.7))",rare_operator_v21,"sub,ts_quantile"
op_case_1183,v21_ts_quantile_volume_45,成交量高于自身 45 日 70% 分位数越多，历史位置越高。,"sub(volume, ts_quantile(volume, 45, 0.7))",rare_operator_v21,"sub,ts_quantile"
op_case_1184,return_sum,用 2 日日收益求和近似短期累计涨幅。,"ts_sum(pct_change(close, 1), 2)",volatility,"ts_sum,pct_change"
op_case_1185,return_sum,用 3 日日收益求和近似短期累计涨幅。,"ts_sum(pct_change(close, 1), 3)",volatility,"ts_sum,pct_change"
op_case_1186,return_sum,用 5 日日收益求和近似短期累计涨幅。,"ts_sum(pct_change(close, 1), 5)",volatility,"ts_sum,pct_change"
op_case_1187,return_sum,用 7 日日收益求和近似短期累计涨幅。,"ts_sum(pct_change(close, 1), 7)",volatility,"ts_sum,pct_change"
op_case_1188,return_sum,用 10 日日收益求和近似短期累计涨幅。,"ts_sum(pct_change(close, 1), 10)",volatility,"ts_sum,pct_change"
op_case_1189,return_sum,用 15 日日收益求和近似短期累计涨幅。,"ts_sum(pct_change(close, 1), 15)",volatility,"ts_sum,pct_change"
op_case_1190,return_sum,用 20 日日收益求和近似短期累计涨幅。,"ts_sum(pct_change(close, 1), 20)",volatility,"ts_sum,pct_change"
op_case_1191,return_sum,用 30 日日收益求和近似短期累计涨幅。,"ts_sum(pct_change(close, 1), 30)",volatility,"ts_sum,pct_change"
op_case_1192,return_sum,用 45 日日收益求和近似短期累计涨幅。,"ts_sum(pct_change(close, 1), 45)",volatility,"ts_sum,pct_change"
op_case_1193,return_sum,用 60 日日收益求和近似短期累计涨幅。,"ts_sum(pct_change(close, 1), 60)",volatility,"ts_sum,pct_change"
op_case_1194,return_sum,用 90 日日收益求和近似短期累计涨幅。,"ts_sum(pct_change(close, 1), 90)",volatility,"ts_sum,pct_change"
op_case_1195,v21_ts_sum_volume_5,用 5 日成交量日变化求和近似累计变化。,"ts_sum(pct_change(volume, 1), 5)",rare_operator_v21,"ts_sum,pct_change"
op_case_1196,v21_ts_sum_volume_10,用 10 日成交量日变化求和近似累计变化。,"ts_sum(pct_change(volume, 1), 10)",rare_operator_v21,"ts_sum,pct_change"
op_case_1197,v21_ts_sum_volume_15,用 15 日成交量日变化求和近似累计变化。,"ts_sum(pct_change(volume, 1), 15)",rare_operator_v21,"ts_sum,pct_change"
op_case_1198,v21_ts_sum_volume_20,用 20 日成交量日变化求和近似累计变化。,"ts_sum(pct_change(volume, 1), 20)",rare_operator_v21,"ts_sum,pct_change"
op_case_1199,v21_ts_sum_volume_30,用 30 日成交量日变化求和近似累计变化。,"ts_sum(pct_change(volume, 1), 30)",rare_operator_v21,"ts_sum,pct_change"
op_case_1200,v21_ts_sum_volume_45,用 45 日成交量日变化求和近似累计变化。,"ts_sum(pct_change(volume, 1), 45)",rare_operator_v21,"ts_sum,pct_change"
op_case_1201,v21_ts_sum_volume_60,用 60 日成交量日变化求和近似累计变化。,"ts_sum(pct_change(volume, 1), 60)",rare_operator_v21,"ts_sum,pct_change"
op_case_1202,v21_ts_sum_volume_90,用 90 日成交量日变化求和近似累计变化。,"ts_sum(pct_change(volume, 1), 90)",rare_operator_v21,"ts_sum,pct_change"
op_case_1203,v21_ts_sum_vwap_5,用 5 日成交量加权平均价日变化求和近似累计变化。,"ts_sum(pct_change(vwap, 1), 5)",rare_operator_v21,"ts_sum,pct_change"
op_case_1204,v21_ts_sum_vwap_10,用 10 日成交量加权平均价日变化求和近似累计变化。,"ts_sum(pct_change(vwap, 1), 10)",rare_operator_v21,"ts_sum,pct_change"
op_case_1205,v21_ts_sum_vwap_15,用 15 日成交量加权平均价日变化求和近似累计变化。,"ts_sum(pct_change(vwap, 1), 15)",rare_operator_v21,"ts_sum,pct_change"
op_case_1206,v21_ts_sum_vwap_20,用 20 日成交量加权平均价日变化求和近似累计变化。,"ts_sum(pct_change(vwap, 1), 20)",rare_operator_v21,"ts_sum,pct_change"
op_case_1207,v21_ts_sum_vwap_30,用 30 日成交量加权平均价日变化求和近似累计变化。,"ts_sum(pct_change(vwap, 1), 30)",rare_operator_v21,"ts_sum,pct_change"
op_case_1208,v21_ts_sum_vwap_45,用 45 日成交量加权平均价日变化求和近似累计变化。,"ts_sum(pct_change(vwap, 1), 45)",rare_operator_v21,"ts_sum,pct_change"
op_case_1209,v21_ts_sum_vwap_60,用 60 日成交量加权平均价日变化求和近似累计变化。,"ts_sum(pct_change(vwap, 1), 60)",rare_operator_v21,"ts_sum,pct_change"
op_case_1210,v21_ts_sum_vwap_90,用 90 日成交量加权平均价日变化求和近似累计变化。,"ts_sum(pct_change(vwap, 1), 90)",rare_operator_v21,"ts_sum,pct_change"
op_case_1211,v21_ts_sum_pb_15,用 15 日市净率 PB日变化求和近似累计变化。,"ts_sum(pct_change(pb, 1), 15)",rare_operator_v21,"ts_sum,pct_change"
op_case_1212,trend_stability,偏好 2 日平均收益高且 20 日方差低的稳定趋势。,"sub(ts_mean(pct_change(close, 1), 2), ts_var(pct_change(close, 1), 20))",price_acceleration,"sub,ts_mean,ts_var,pct_change,pct_change"
op_case_1213,trend_stability,偏好 2 日平均收益高且 30 日方差低的稳定趋势。,"sub(ts_mean(pct_change(close, 1), 2), ts_var(pct_change(close, 1), 30))",price_acceleration,"sub,ts_mean,ts_var,pct_change,pct_change"
op_case_1214,trend_stability,偏好 2 日平均收益高且 60 日方差低的稳定趋势。,"sub(ts_mean(pct_change(close, 1), 2), ts_var(pct_change(close, 1), 60))",price_acceleration,"sub,ts_mean,ts_var,pct_change,pct_change"
op_case_1215,trend_stability,偏好 2 日平均收益高且 90 日方差低的稳定趋势。,"sub(ts_mean(pct_change(close, 1), 2), ts_var(pct_change(close, 1), 90))",price_acceleration,"sub,ts_mean,ts_var,pct_change,pct_change"
op_case_1216,trend_stability,偏好 3 日平均收益高且 20 日方差低的稳定趋势。,"sub(ts_mean(pct_change(close, 1), 3), ts_var(pct_change(close, 1), 20))",price_acceleration,"sub,ts_mean,ts_var,pct_change,pct_change"
op_case_1217,trend_stability,偏好 3 日平均收益高且 30 日方差低的稳定趋势。,"sub(ts_mean(pct_change(close, 1), 3), ts_var(pct_change(close, 1), 30))",price_acceleration,"sub,ts_mean,ts_var,pct_change,pct_change"
op_case_1218,trend_stability,偏好 3 日平均收益高且 60 日方差低的稳定趋势。,"sub(ts_mean(pct_change(close, 1), 3), ts_var(pct_change(close, 1), 60))",price_acceleration,"sub,ts_mean,ts_var,pct_change,pct_change"
op_case_1219,trend_stability,偏好 3 日平均收益高且 90 日方差低的稳定趋势。,"sub(ts_mean(pct_change(close, 1), 3), ts_var(pct_change(close, 1), 90))",price_acceleration,"sub,ts_mean,ts_var,pct_change,pct_change"
op_case_1220,trend_stability,偏好 5 日平均收益高且 20 日方差低的稳定趋势。,"sub(ts_mean(pct_change(close, 1), 5), ts_var(pct_change(close, 1), 20))",price_acceleration,"sub,ts_mean,ts_var,pct_change,pct_change"
op_case_1221,trend_stability,偏好 5 日平均收益高且 30 日方差低的稳定趋势。,"sub(ts_mean(pct_change(close, 1), 5), ts_var(pct_change(close, 1), 30))",price_acceleration,"sub,ts_mean,ts_var,pct_change,pct_change"
op_case_1222,trend_stability,偏好 5 日平均收益高且 60 日方差低的稳定趋势。,"sub(ts_mean(pct_change(close, 1), 5), ts_var(pct_change(close, 1), 60))",price_acceleration,"sub,ts_mean,ts_var,pct_change,pct_change"
op_case_1223,trend_stability,偏好 5 日平均收益高且 90 日方差低的稳定趋势。,"sub(ts_mean(pct_change(close, 1), 5), ts_var(pct_change(close, 1), 90))",price_acceleration,"sub,ts_mean,ts_var,pct_change,pct_change"
op_case_1224,trend_stability,偏好 7 日平均收益高且 20 日方差低的稳定趋势。,"sub(ts_mean(pct_change(close, 1), 7), ts_var(pct_change(close, 1), 20))",price_acceleration,"sub,ts_mean,ts_var,pct_change,pct_change"
op_case_1225,trend_stability,偏好 7 日平均收益高且 30 日方差低的稳定趋势。,"sub(ts_mean(pct_change(close, 1), 7), ts_var(pct_change(close, 1), 30))",price_acceleration,"sub,ts_mean,ts_var,pct_change,pct_change"
op_case_1226,trend_stability,偏好 7 日平均收益高且 60 日方差低的稳定趋势。,"sub(ts_mean(pct_change(close, 1), 7), ts_var(pct_change(close, 1), 60))",price_acceleration,"sub,ts_mean,ts_var,pct_change,pct_change"
op_case_1227,trend_stability,偏好 7 日平均收益高且 90 日方差低的稳定趋势。,"sub(ts_mean(pct_change(close, 1), 7), ts_var(pct_change(close, 1), 90))",price_acceleration,"sub,ts_mean,ts_var,pct_change,pct_change"
op_case_1228,trend_stability,偏好 10 日平均收益高且 20 日方差低的稳定趋势。,"sub(ts_mean(pct_change(close, 1), 10), ts_var(pct_change(close, 1), 20))",price_acceleration,"sub,ts_mean,ts_var,pct_change,pct_change"
op_case_1229,trend_stability,偏好 10 日平均收益高且 30 日方差低的稳定趋势。,"sub(ts_mean(pct_change(close, 1), 10), ts_var(pct_change(close, 1), 30))",price_acceleration,"sub,ts_mean,ts_var,pct_change,pct_change"
op_case_1230,trend_stability,偏好 10 日平均收益高且 60 日方差低的稳定趋势。,"sub(ts_mean(pct_change(close, 1), 10), ts_var(pct_change(close, 1), 60))",price_acceleration,"sub,ts_mean,ts_var,pct_change,pct_change"
op_case_1231,trend_stability,偏好 10 日平均收益高且 90 日方差低的稳定趋势。,"sub(ts_mean(pct_change(close, 1), 10), ts_var(pct_change(close, 1), 90))",price_acceleration,"sub,ts_mean,ts_var,pct_change,pct_change"
op_case_1232,trend_stability,偏好 15 日平均收益高且 20 日方差低的稳定趋势。,"sub(ts_mean(pct_change(close, 1), 15), ts_var(pct_change(close, 1), 20))",price_acceleration,"sub,ts_mean,ts_var,pct_change,pct_change"
op_case_1233,trend_stability,偏好 15 日平均收益高且 30 日方差低的稳定趋势。,"sub(ts_mean(pct_change(close, 1), 15), ts_var(pct_change(close, 1), 30))",price_acceleration,"sub,ts_mean,ts_var,pct_change,pct_change"
op_case_1234,trend_stability,偏好 15 日平均收益高且 60 日方差低的稳定趋势。,"sub(ts_mean(pct_change(close, 1), 15), ts_var(pct_change(close, 1), 60))",price_acceleration,"sub,ts_mean,ts_var,pct_change,pct_change"
op_case_1235,trend_stability,偏好 15 日平均收益高且 90 日方差低的稳定趋势。,"sub(ts_mean(pct_change(close, 1), 15), ts_var(pct_change(close, 1), 90))",price_acceleration,"sub,ts_mean,ts_var,pct_change,pct_change"
op_case_1236,trend_stability,偏好 20 日平均收益高且 30 日方差低的稳定趋势。,"sub(ts_mean(pct_change(close, 1), 20), ts_var(pct_change(close, 1), 30))",price_acceleration,"sub,ts_mean,ts_var,pct_change,pct_change"
op_case_1237,trend_stability,偏好 20 日平均收益高且 60 日方差低的稳定趋势。,"sub(ts_mean(pct_change(close, 1), 20), ts_var(pct_change(close, 1), 60))",price_acceleration,"sub,ts_mean,ts_var,pct_change,pct_change"
op_case_1238,trend_stability,偏好 20 日平均收益高且 90 日方差低的稳定趋势。,"sub(ts_mean(pct_change(close, 1), 20), ts_var(pct_change(close, 1), 90))",price_acceleration,"sub,ts_mean,ts_var,pct_change,pct_change"
op_case_1239,trend_stability,偏好 30 日平均收益高且 60 日方差低的稳定趋势。,"sub(ts_mean(pct_change(close, 1), 30), ts_var(pct_change(close, 1), 60))",price_acceleration,"sub,ts_mean,ts_var,pct_change,pct_change"
op_case_1240,trend_stability,偏好 30 日平均收益高且 90 日方差低的稳定趋势。,"sub(ts_mean(pct_change(close, 1), 30), ts_var(pct_change(close, 1), 90))",price_acceleration,"sub,ts_mean,ts_var,pct_change,pct_change"
op_case_1241,variance_low,过去 2 日日收益方差越低，价格越稳定。,"neg(ts_var(pct_change(close, 1), 2))",volatility,"neg,ts_var,pct_change"
op_case_1242,window_cumsum_return,在 2 日窗口内累计日收益。,"ts_win_cumsum(pct_change(close, 1), 2)",volatility,"ts_win_cumsum,pct_change"
op_case_1243,window_cumsum_return,在 3 日窗口内累计日收益。,"ts_win_cumsum(pct_change(close, 1), 3)",volatility,"ts_win_cumsum,pct_change"
op_case_1244,window_cumsum_return,在 5 日窗口内累计日收益。,"ts_win_cumsum(pct_change(close, 1), 5)",volatility,"ts_win_cumsum,pct_change"
op_case_1245,window_cumsum_return,在 7 日窗口内累计日收益。,"ts_win_cumsum(pct_change(close, 1), 7)",volatility,"ts_win_cumsum,pct_change"
op_case_1246,window_cumsum_return,在 10 日窗口内累计日收益。,"ts_win_cumsum(pct_change(close, 1), 10)",volatility,"ts_win_cumsum,pct_change"
op_case_1247,window_cumsum_return,在 15 日窗口内累计日收益。,"ts_win_cumsum(pct_change(close, 1), 15)",volatility,"ts_win_cumsum,pct_change"
op_case_1248,window_cumsum_return,在 20 日窗口内累计日收益。,"ts_win_cumsum(pct_change(close, 1), 20)",volatility,"ts_win_cumsum,pct_change"
op_case_1249,window_cumsum_return,在 30 日窗口内累计日收益。,"ts_win_cumsum(pct_change(close, 1), 30)",volatility,"ts_win_cumsum,pct_change"
op_case_1250,window_cumsum_return,在 45 日窗口内累计日收益。,"ts_win_cumsum(pct_change(close, 1), 45)",volatility,"ts_win_cumsum,pct_change"
op_case_1251,window_cumsum_return,在 60 日窗口内累计日收益。,"ts_win_cumsum(pct_change(close, 1), 60)",volatility,"ts_win_cumsum,pct_change"
op_case_1252,window_cumsum_return,在 90 日窗口内累计日收益。,"ts_win_cumsum(pct_change(close, 1), 90)",volatility,"ts_win_cumsum,pct_change"
op_case_1253,v21_ts_win_cumsum_volume_5,在 5 日窗口内累计成交量日变化。,"ts_win_cumsum(pct_change(volume, 1), 5)",rare_operator_v21,"ts_win_cumsum,pct_change"
op_case_1254,v21_ts_win_cumsum_volume_10,在 10 日窗口内累计成交量日变化。,"ts_win_cumsum(pct_change(volume, 1), 10)",rare_operator_v21,"ts_win_cumsum,pct_change"
op_case_1255,v21_ts_win_cumsum_volume_15,在 15 日窗口内累计成交量日变化。,"ts_win_cumsum(pct_change(volume, 1), 15)",rare_operator_v21,"ts_win_cumsum,pct_change"
op_case_1256,v21_ts_win_cumsum_volume_20,在 20 日窗口内累计成交量日变化。,"ts_win_cumsum(pct_change(volume, 1), 20)",rare_operator_v21,"ts_win_cumsum,pct_change"
op_case_1257,v21_ts_win_cumsum_volume_30,在 30 日窗口内累计成交量日变化。,"ts_win_cumsum(pct_change(volume, 1), 30)",rare_operator_v21,"ts_win_cumsum,pct_change"
op_case_1258,v21_ts_win_cumsum_volume_45,在 45 日窗口内累计成交量日变化。,"ts_win_cumsum(pct_change(volume, 1), 45)",rare_operator_v21,"ts_win_cumsum,pct_change"
op_case_1259,v21_ts_win_cumsum_volume_60,在 60 日窗口内累计成交量日变化。,"ts_win_cumsum(pct_change(volume, 1), 60)",rare_operator_v21,"ts_win_cumsum,pct_change"
op_case_1260,v21_ts_win_cumsum_volume_90,在 90 日窗口内累计成交量日变化。,"ts_win_cumsum(pct_change(volume, 1), 90)",rare_operator_v21,"ts_win_cumsum,pct_change"
op_case_1261,v21_ts_win_cumsum_vwap_5,在 5 日窗口内累计成交量加权平均价日变化。,"ts_win_cumsum(pct_change(vwap, 1), 5)",rare_operator_v21,"ts_win_cumsum,pct_change"
op_case_1262,v21_ts_win_cumsum_vwap_10,在 10 日窗口内累计成交量加权平均价日变化。,"ts_win_cumsum(pct_change(vwap, 1), 10)",rare_operator_v21,"ts_win_cumsum,pct_change"
op_case_1263,v21_ts_win_cumsum_vwap_15,在 15 日窗口内累计成交量加权平均价日变化。,"ts_win_cumsum(pct_change(vwap, 1), 15)",rare_operator_v21,"ts_win_cumsum,pct_change"
op_case_1264,v21_ts_win_cumsum_vwap_20,在 20 日窗口内累计成交量加权平均价日变化。,"ts_win_cumsum(pct_change(vwap, 1), 20)",rare_operator_v21,"ts_win_cumsum,pct_change"
op_case_1265,v21_ts_win_cumsum_vwap_30,在 30 日窗口内累计成交量加权平均价日变化。,"ts_win_cumsum(pct_change(vwap, 1), 30)",rare_operator_v21,"ts_win_cumsum,pct_change"
op_case_1266,v21_ts_win_cumsum_vwap_45,在 45 日窗口内累计成交量加权平均价日变化。,"ts_win_cumsum(pct_change(vwap, 1), 45)",rare_operator_v21,"ts_win_cumsum,pct_change"
op_case_1267,v21_ts_win_cumsum_vwap_60,在 60 日窗口内累计成交量加权平均价日变化。,"ts_win_cumsum(pct_change(vwap, 1), 60)",rare_operator_v21,"ts_win_cumsum,pct_change"
op_case_1268,v21_ts_win_cumsum_vwap_90,在 90 日窗口内累计成交量加权平均价日变化。,"ts_win_cumsum(pct_change(vwap, 1), 90)",rare_operator_v21,"ts_win_cumsum,pct_change"
op_case_1269,v21_ts_win_cumsum_pb_10,在 10 日窗口内累计市净率 PB日变化。,"ts_win_cumsum(pct_change(pb, 1), 10)",rare_operator_v21,"ts_win_cumsum,pct_change"
op_case_1270,v21_ts_win_cumsum_pb_15,在 15 日窗口内累计市净率 PB日变化。,"ts_win_cumsum(pct_change(pb, 1), 15)",rare_operator_v21,"ts_win_cumsum,pct_change"
op_case_1271,v21_xs_corr_composite_value_size,横截面上计算价值和规模的相关性。,"xs_corr(recip(pb), log(market_cap))",cross_section_v21,"xs_corr,recip,log"
op_case_1272,v21_xs_corr_composite_value_turnover,横截面上计算价值和换手代理的相关性。,"xs_corr(recip(pb), div(volume, market_cap))",cross_section_v21,"xs_corr,recip,div"
op_case_1273,v21_xs_corr_composite_value_liquidity20,横截面上计算价值和20 日流动性的相关性。,"xs_corr(recip(pb), log1p(ts_mean(volume, 20)))",cross_section_v21,"xs_corr,recip,log1p,ts_mean"
op_case_1274,v21_xs_corr_composite_value_vol20,横截面上计算价值和20 日波动的相关性。,"xs_corr(recip(pb), ts_std(pct_change(close, 1), 20))",cross_section_v21,"xs_corr,recip,ts_std,pct_change"
op_case_1275,v21_xs_corr_composite_value_vwap_gap,横截面上计算价值和VWAP 偏离的相关性。,"xs_corr(recip(pb), div(sub(close, vwap), vwap))",cross_section_v21,"xs_corr,recip,div,sub"
op_case_1276,v21_xs_corr_composite_size_turnover,横截面上计算规模和换手代理的相关性。,"xs_corr(log(market_cap), div(volume, market_cap))",cross_section_v21,"xs_corr,log,div"
op_case_1277,v21_xs_corr_composite_size_liquidity20,横截面上计算规模和20 日流动性的相关性。,"xs_corr(log(market_cap), log1p(ts_mean(volume, 20)))",cross_section_v21,"xs_corr,log,log1p,ts_mean"
op_case_1278,v21_xs_prod_extra_open_2,2 日开盘价变化加一后的横截面乘积。,"xs_prod(add(1.0, pct_change(open, 2)))",cross_section_v21,"xs_prod,add,pct_change"
op_case_1279,volume_share,个股成交量占当日全市场成交量的比例越高，交易关注度越高。,"div(volume, xs_sum(volume))",liquidity,"div,xs_sum"
op_case_1280,v21_xs_composite_share_value,价值绝对值占横截面总量的比例。,"div(absolute(recip(pb)), xs_sum(absolute(recip(pb))))",cross_section_v21,"div,absolute,xs_sum,recip,absolute,recip"
op_case_1281,v21_xs_composite_share_size,规模绝对值占横截面总量的比例。,"div(absolute(log(market_cap)), xs_sum(absolute(log(market_cap))))",cross_section_v21,"div,absolute,xs_sum,log,absolute,log"
op_case_1282,v21_xs_composite_share_turnover,换手代理绝对值占横截面总量的比例。,"div(absolute(div(volume, market_cap)), xs_sum(absolute(div(volume, market_cap))))",cross_section_v21,"div,absolute,xs_sum,div,absolute,div"
op_case_1283,v21_xs_composite_share_liquidity20,20 日流动性绝对值占横截面总量的比例。,"div(absolute(log1p(ts_mean(volume, 20))), xs_sum(absolute(log1p(ts_mean(volume, 20)))))",cross_section_v21,"div,absolute,xs_sum,log1p,absolute,ts_mean,log1p,ts_mean"
op_case_1284,v21_xs_composite_share_momentum20,20 日动量绝对值占横截面总量的比例。,"div(absolute(pct_change(close, 20)), xs_sum(absolute(pct_change(close, 20))))",cross_section_v21,"div,absolute,xs_sum,pct_change,absolute,pct_change"
op_case_1285,v21_xs_composite_share_vol20,20 日波动绝对值占横截面总量的比例。,"div(absolute(ts_std(pct_change(close, 1), 20)), xs_sum(absolute(ts_std(pct_change(close, 1), 20))))",cross_section_v21,"div,absolute,xs_sum,ts_std,absolute,pct_change,ts_std,pct_change"
op_case_1286,v21_xs_composite_share_vwap_gap,VWAP 偏离绝对值占横截面总量的比例。,"div(absolute(div(sub(close, vwap), vwap)), xs_sum(absolute(div(sub(close, vwap), vwap))))",cross_section_v21,"div,absolute,xs_sum,div,absolute,sub,div,sub"
op_case_1287,v21_xs_share_spread_value_size,价值占比相对规模占比越高，风格倾斜越明显。,"sub(div(absolute(recip(pb)), xs_sum(absolute(recip(pb)))), div(absolute(log(market_cap)), xs_sum(absolute(log(market_cap)))))",cross_section_v21,"sub,div,div,absolute,xs_sum,absolute,xs_sum,recip,absolute,log,absolute,recip,log"
op_case_1288,v21_xs_share_spread_value_turnover,价值占比相对换手代理占比越高，风格倾斜越明显。,"sub(div(absolute(recip(pb)), xs_sum(absolute(recip(pb)))), div(absolute(div(volume, market_cap)), xs_sum(absolute(div(volume, market_cap)))))",cross_section_v21,"sub,div,div,absolute,xs_sum,absolute,xs_sum,recip,absolute,div,absolute,recip,div"
op_case_1289,v21_xs_share_spread_value_liquidity20,价值占比相对20 日流动性占比越高，风格倾斜越明显。,"sub(div(absolute(recip(pb)), xs_sum(absolute(recip(pb)))), div(absolute(log1p(ts_mean(volume, 20))), xs_sum(absolute(log1p(ts_mean(volume, 20))))))",cross_section_v21,"sub,div,div,absolute,xs_sum,absolute,xs_sum,recip,absolute,log1p,absolute,recip,ts_mean,log1p,ts_mean"
op_case_1290,v21_xs_share_spread_value_momentum20,价值占比相对20 日动量占比越高，风格倾斜越明显。,"sub(div(absolute(recip(pb)), xs_sum(absolute(recip(pb)))), div(absolute(pct_change(close, 20)), xs_sum(absolute(pct_change(close, 20)))))",cross_section_v21,"sub,div,div,absolute,xs_sum,absolute,xs_sum,recip,absolute,pct_change,absolute,recip,pct_change"
op_case_1291,v21_xs_share_spread_value_vol20,价值占比相对20 日波动占比越高，风格倾斜越明显。,"sub(div(absolute(recip(pb)), xs_sum(absolute(recip(pb)))), div(absolute(ts_std(pct_change(close, 1), 20)), xs_sum(absolute(ts_std(pct_change(close, 1), 20)))))",cross_section_v21,"sub,div,div,absolute,xs_sum,absolute,xs_sum,recip,absolute,ts_std,absolute,recip,pct_change,ts_std,pct_change"
op_case_1292,v21_xs_share_spread_value_vwap_gap,价值占比相对VWAP 偏离占比越高，风格倾斜越明显。,"sub(div(absolute(recip(pb)), xs_sum(absolute(recip(pb)))), div(absolute(div(sub(close, vwap), vwap)), xs_sum(absolute(div(sub(close, vwap), vwap)))))",cross_section_v21,"sub,div,div,absolute,xs_sum,absolute,xs_sum,recip,absolute,div,absolute,recip,sub,div,sub"
op_case_1293,v21_xs_share_spread_size_turnover,规模占比相对换手代理占比越高，风格倾斜越明显。,"sub(div(absolute(log(market_cap)), xs_sum(absolute(log(market_cap)))), div(absolute(div(volume, market_cap)), xs_sum(absolute(div(volume, market_cap)))))",cross_section_v21,"sub,div,div,absolute,xs_sum,absolute,xs_sum,log,absolute,div,absolute,log,div"
op_case_1294,v21_xs_share_spread_size_liquidity20,规模占比相对20 日流动性占比越高，风格倾斜越明显。,"sub(div(absolute(log(market_cap)), xs_sum(absolute(log(market_cap)))), div(absolute(log1p(ts_mean(volume, 20))), xs_sum(absolute(log1p(ts_mean(volume, 20))))))",cross_section_v21,"sub,div,div,absolute,xs_sum,absolute,xs_sum,log,absolute,log1p,absolute,log,ts_mean,log1p,ts_mean"
op_case_1295,v21_xs_share_spread_size_momentum20,规模占比相对20 日动量占比越高，风格倾斜越明显。,"sub(div(absolute(log(market_cap)), xs_sum(absolute(log(market_cap)))), div(absolute(pct_change(close, 20)), xs_sum(absolute(pct_change(close, 20)))))",cross_section_v21,"sub,div,div,absolute,xs_sum,absolute,xs_sum,log,absolute,pct_change,absolute,log,pct_change"
op_case_1296,v21_xs_share_spread_size_vol20,规模占比相对20 日波动占比越高，风格倾斜越明显。,"sub(div(absolute(log(market_cap)), xs_sum(absolute(log(market_cap)))), div(absolute(ts_std(pct_change(close, 1), 20)), xs_sum(absolute(ts_std(pct_change(close, 1), 20)))))",cross_section_v21,"sub,div,div,absolute,xs_sum,absolute,xs_sum,log,absolute,ts_std,absolute,log,pct_change,ts_std,pct_change"
op_case_1297,v21_xs_share_spread_size_vwap_gap,规模占比相对VWAP 偏离占比越高，风格倾斜越明显。,"sub(div(absolute(log(market_cap)), xs_sum(absolute(log(market_cap)))), div(absolute(div(sub(close, vwap), vwap)), xs_sum(absolute(div(sub(close, vwap), vwap)))))",cross_section_v21,"sub,div,div,absolute,xs_sum,absolute,xs_sum,log,absolute,div,absolute,log,sub,div,sub"
op_case_1298,v21_xs_share_spread_turnover_liquidity20,换手代理占比相对20 日流动性占比越高，风格倾斜越明显。,"sub(div(absolute(div(volume, market_cap)), xs_sum(absolute(div(volume, market_cap)))), div(absolute(log1p(ts_mean(volume, 20))), xs_sum(absolute(log1p(ts_mean(volume, 20))))))",cross_section_v21,"sub,div,div,absolute,xs_sum,absolute,xs_sum,div,absolute,log1p,absolute,div,ts_mean,log1p,ts_mean"
op_case_1299,v21_xs_share_spread_turnover_momentum20,换手代理占比相对20 日动量占比越高，风格倾斜越明显。,"sub(div(absolute(div(volume, market_cap)), xs_sum(absolute(div(volume, market_cap)))), div(absolute(pct_change(close, 20)), xs_sum(absolute(pct_change(close, 20)))))",cross_section_v21,"sub,div,div,absolute,xs_sum,absolute,xs_sum,div,absolute,pct_change,absolute,div,pct_change"
op_case_1300,v21_xs_share_spread_turnover_vol20,换手代理占比相对20 日波动占比越高，风格倾斜越明显。,"sub(div(absolute(div(volume, market_cap)), xs_sum(absolute(div(volume, market_cap)))), div(absolute(ts_std(pct_change(close, 1), 20)), xs_sum(absolute(ts_std(pct_change(close, 1), 20)))))",cross_section_v21,"sub,div,div,absolute,xs_sum,absolute,xs_sum,div,absolute,ts_std,absolute,div,pct_change,ts_std,pct_change"
op_case_1301,v21_group_capped_vwap_3,对成交量加权平均价行业内标准化值做正负 3 截断。,"minimum(maximum(div(sub(vwap, group_mean(vwap, industry)), group_std(vwap, industry)), -3.0), 3.0)",group_v21,"minimum,maximum,div,sub,group_std,group_mean"
op_case_1302,v21_group_capped_pb_1,对市净率 PB行业内标准化值做正负 1 截断。,"minimum(maximum(div(sub(pb, group_mean(pb, industry)), group_std(pb, industry)), -1.0), 1.0)",group_v21,"minimum,maximum,div,sub,group_std,group_mean"
op_case_1303,v21_group_capped_pb_2,对市净率 PB行业内标准化值做正负 2 截断。,"minimum(maximum(div(sub(pb, group_mean(pb, industry)), group_std(pb, industry)), -2.0), 2.0)",group_v21,"minimum,maximum,div,sub,group_std,group_mean"
op_case_1304,v21_group_capped_pb_3,对市净率 PB行业内标准化值做正负 3 截断。,"minimum(maximum(div(sub(pb, group_mean(pb, industry)), group_std(pb, industry)), -3.0), 3.0)",group_v21,"minimum,maximum,div,sub,group_std,group_mean"
op_case_1305,v21_group_capped_market_cap_1,对总市值行业内标准化值做正负 1 截断。,"minimum(maximum(div(sub(market_cap, group_mean(market_cap, industry)), group_std(market_cap, industry)), -1.0), 1.0)",group_v21,"minimum,maximum,div,sub,group_std,group_mean"
op_case_1306,v21_group_capped_market_cap_2,对总市值行业内标准化值做正负 2 截断。,"minimum(maximum(div(sub(market_cap, group_mean(market_cap, industry)), group_std(market_cap, industry)), -2.0), 2.0)",group_v21,"minimum,maximum,div,sub,group_std,group_mean"
op_case_1307,v21_group_capped_market_cap_3,对总市值行业内标准化值做正负 3 截断。,"minimum(maximum(div(sub(market_cap, group_mean(market_cap, industry)), group_std(market_cap, industry)), -3.0), 3.0)",group_v21,"minimum,maximum,div,sub,group_std,group_mean"
op_case_1308,v21_xs_high_median_gate_market_cap,只有总市值高于横截面中位数时保留标准化信号。,"where(gt(market_cap, xs_median(market_cap)), div(sub(market_cap, xs_mean(market_cap)), xs_std(market_cap)), 0.0)",cross_section_v21,"where,gt,div,xs_median,sub,xs_std,xs_mean"
op_case_1309,v21_xs_low_median_gate_market_cap,只有总市值不高于横截面中位数时保留反向标准化信号。,"where(le(market_cap, xs_median(market_cap)), neg(div(sub(market_cap, xs_mean(market_cap)), xs_std(market_cap))), 0.0)",cross_section_v21,"where,le,neg,xs_median,div,sub,xs_std,xs_mean"
op_case_1310,v21_xs_composite_median_value,价值相对横截面中位数的偏离。,"sub(recip(pb), xs_median(recip(pb)))",cross_section_v21,"sub,recip,xs_median,recip"
op_case_1311,v21_xs_composite_quantile_high_value,价值相对横截面 80% 分位数的偏离。,"sub(recip(pb), xs_quantile(recip(pb), 0.8))",cross_section_v21,"sub,recip,xs_quantile,recip"
op_case_1312,v21_xs_composite_quantile_low_value,价值相对横截面 20% 分位数的偏离。,"sub(recip(pb), xs_quantile(recip(pb), 0.2))",cross_section_v21,"sub,recip,xs_quantile,recip"
op_case_1313,v21_xs_composite_median_size,规模相对横截面中位数的偏离。,"sub(log(market_cap), xs_median(log(market_cap)))",cross_section_v21,"sub,log,xs_median,log"
op_case_1314,v21_xs_composite_quantile_high_size,规模相对横截面 80% 分位数的偏离。,"sub(log(market_cap), xs_quantile(log(market_cap), 0.8))",cross_section_v21,"sub,log,xs_quantile,log"
op_case_1315,v21_xs_composite_quantile_low_size,规模相对横截面 20% 分位数的偏离。,"sub(log(market_cap), xs_quantile(log(market_cap), 0.2))",cross_section_v21,"sub,log,xs_quantile,log"
op_case_1316,v21_xs_composite_median_turnover,换手代理相对横截面中位数的偏离。,"sub(div(volume, market_cap), xs_median(div(volume, market_cap)))",cross_section_v21,"sub,div,xs_median,div"
op_case_1317,v21_xs_composite_quantile_high_turnover,换手代理相对横截面 80% 分位数的偏离。,"sub(div(volume, market_cap), xs_quantile(div(volume, market_cap), 0.8))",cross_section_v21,"sub,div,xs_quantile,div"
op_case_1318,v21_xs_composite_quantile_low_turnover,换手代理相对横截面 20% 分位数的偏离。,"sub(div(volume, market_cap), xs_quantile(div(volume, market_cap), 0.2))",cross_section_v21,"sub,div,xs_quantile,div"
op_case_1319,v21_xs_composite_median_liquidity20,20 日流动性相对横截面中位数的偏离。,"sub(log1p(ts_mean(volume, 20)), xs_median(log1p(ts_mean(volume, 20))))",cross_section_v21,"sub,log1p,xs_median,ts_mean,log1p,ts_mean"
op_case_1320,v21_xs_composite_quantile_high_liquidity20,20 日流动性相对横截面 80% 分位数的偏离。,"sub(log1p(ts_mean(volume, 20)), xs_quantile(log1p(ts_mean(volume, 20)), 0.8))",cross_section_v21,"sub,log1p,xs_quantile,ts_mean,log1p,ts_mean"
op_case_1321,v21_xs_composite_quantile_low_liquidity20,20 日流动性相对横截面 20% 分位数的偏离。,"sub(log1p(ts_mean(volume, 20)), xs_quantile(log1p(ts_mean(volume, 20)), 0.2))",cross_section_v21,"sub,log1p,xs_quantile,ts_mean,log1p,ts_mean"
op_case_1322,v21_xs_composite_z_momentum20,对20 日动量做横截面标准化。,"div(sub(pct_change(close, 20), xs_mean(pct_change(close, 20))), xs_std(pct_change(close, 20)))",cross_section_v21,"div,sub,xs_std,pct_change,xs_mean,pct_change,pct_change"
op_case_1323,v21_xs_composite_median_momentum20,20 日动量相对横截面中位数的偏离。,"sub(pct_change(close, 20), xs_median(pct_change(close, 20)))",cross_section_v21,"sub,pct_change,xs_median,pct_change"
op_case_1324,v21_xs_composite_quantile_high_momentum20,20 日动量相对横截面 80% 分位数的偏离。,"sub(pct_change(close, 20), xs_quantile(pct_change(close, 20), 0.8))",cross_section_v21,"sub,pct_change,xs_quantile,pct_change"
op_case_1325,v21_xs_composite_quantile_low_momentum20,20 日动量相对横截面 20% 分位数的偏离。,"sub(pct_change(close, 20), xs_quantile(pct_change(close, 20), 0.2))",cross_section_v21,"sub,pct_change,xs_quantile,pct_change"
op_case_1326,v21_xs_composite_z_vol20,对20 日波动做横截面标准化。,"div(sub(ts_std(pct_change(close, 1), 20), xs_mean(ts_std(pct_change(close, 1), 20))), xs_std(ts_std(pct_change(close, 1), 20)))",cross_section_v21,"div,sub,xs_std,ts_std,xs_mean,ts_std,pct_change,ts_std,pct_change,pct_change"
op_case_1327,v21_xs_composite_median_vol20,20 日波动相对横截面中位数的偏离。,"sub(ts_std(pct_change(close, 1), 20), xs_median(ts_std(pct_change(close, 1), 20)))",cross_section_v21,"sub,ts_std,xs_median,pct_change,ts_std,pct_change"
op_case_1328,v21_xs_composite_quantile_high_vol20,20 日波动相对横截面 80% 分位数的偏离。,"sub(ts_std(pct_change(close, 1), 20), xs_quantile(ts_std(pct_change(close, 1), 20), 0.8))",cross_section_v21,"sub,ts_std,xs_quantile,pct_change,ts_std,pct_change"
op_case_1329,v21_xs_composite_quantile_low_vol20,20 日波动相对横截面 20% 分位数的偏离。,"sub(ts_std(pct_change(close, 1), 20), xs_quantile(ts_std(pct_change(close, 1), 20), 0.2))",cross_section_v21,"sub,ts_std,xs_quantile,pct_change,ts_std,pct_change"
op_case_1330,v21_xs_composite_median_vwap_gap,VWAP 偏离相对横截面中位数的偏离。,"sub(div(sub(close, vwap), vwap), xs_median(div(sub(close, vwap), vwap)))",cross_section_v21,"sub,div,xs_median,sub,div,sub"
op_case_1331,v21_xs_composite_quantile_high_vwap_gap,VWAP 偏离相对横截面 80% 分位数的偏离。,"sub(div(sub(close, vwap), vwap), xs_quantile(div(sub(close, vwap), vwap), 0.8))",cross_section_v21,"sub,div,xs_quantile,sub,div,sub"
op_case_1332,v21_xs_composite_quantile_low_vwap_gap,VWAP 偏离相对横截面 20% 分位数的偏离。,"sub(div(sub(close, vwap), vwap), xs_quantile(div(sub(close, vwap), vwap), 0.2))",cross_section_v21,"sub,div,xs_quantile,sub,div,sub"
op_case_1333,v21_xs_corr_composite_size_vol20,横截面上计算规模和20 日波动的相关性。,"xs_corr(log(market_cap), ts_std(pct_change(close, 1), 20))",cross_section_v21,"xs_corr,log,ts_std,pct_change"
op_case_1334,v21_xs_corr_composite_size_vwap_gap,横截面上计算规模和VWAP 偏离的相关性。,"xs_corr(log(market_cap), div(sub(close, vwap), vwap))",cross_section_v21,"xs_corr,log,div,sub"
op_case_1335,v21_xs_corr_composite_turnover_liquidity20,横截面上计算换手代理和20 日流动性的相关性。,"xs_corr(div(volume, market_cap), log1p(ts_mean(volume, 20)))",cross_section_v21,"xs_corr,div,log1p,ts_mean"
op_case_1336,v21_xs_corr_composite_turnover_momentum20,横截面上计算换手代理和20 日动量的相关性。,"xs_corr(div(volume, market_cap), pct_change(close, 20))",cross_section_v21,"xs_corr,div,pct_change"
op_case_1337,v21_xs_corr_composite_turnover_vol20,横截面上计算换手代理和20 日波动的相关性。,"xs_corr(div(volume, market_cap), ts_std(pct_change(close, 1), 20))",cross_section_v21,"xs_corr,div,ts_std,pct_change"
op_case_1338,v21_xs_corr_composite_turnover_vwap_gap,横截面上计算换手代理和VWAP 偏离的相关性。,"xs_corr(div(volume, market_cap), div(sub(close, vwap), vwap))",cross_section_v21,"xs_corr,div,div,sub"
op_case_1339,v21_xs_share_spread_turnover_vwap_gap,换手代理占比相对VWAP 偏离占比越高，风格倾斜越明显。,"sub(div(absolute(div(volume, market_cap)), xs_sum(absolute(div(volume, market_cap)))), div(absolute(div(sub(close, vwap), vwap)), xs_sum(absolute(div(sub(close, vwap), vwap)))))",cross_section_v21,"sub,div,div,absolute,xs_sum,absolute,xs_sum,div,absolute,div,absolute,div,sub,div,sub"
op_case_1340,v21_xs_corr_composite_liquidity20_momentum20,横截面上计算20 日流动性和20 日动量的相关性。,"xs_corr(log1p(ts_mean(volume, 20)), pct_change(close, 20))",cross_section_v21,"xs_corr,log1p,pct_change,ts_mean"
op_case_1341,v21_xs_share_spread_liquidity20_momentum20,20 日流动性占比相对20 日动量占比越高，风格倾斜越明显。,"sub(div(absolute(log1p(ts_mean(volume, 20))), xs_sum(absolute(log1p(ts_mean(volume, 20))))), div(absolute(pct_change(close, 20)), xs_sum(absolute(pct_change(close, 20)))))",cross_section_v21,"sub,div,div,absolute,xs_sum,absolute,xs_sum,log1p,absolute,pct_change,absolute,ts_mean,log1p,pct_change,ts_mean"
op_case_1342,v21_xs_corr_composite_liquidity20_vol20,横截面上计算20 日流动性和20 日波动的相关性。,"xs_corr(log1p(ts_mean(volume, 20)), ts_std(pct_change(close, 1), 20))",cross_section_v21,"xs_corr,log1p,ts_std,ts_mean,pct_change"
op_case_1343,v21_xs_share_spread_liquidity20_vol20,20 日流动性占比相对20 日波动占比越高，风格倾斜越明显。,"sub(div(absolute(log1p(ts_mean(volume, 20))), xs_sum(absolute(log1p(ts_mean(volume, 20))))), div(absolute(ts_std(pct_change(close, 1), 20)), xs_sum(absolute(ts_std(pct_change(close, 1), 20)))))",cross_section_v21,"sub,div,div,absolute,xs_sum,absolute,xs_sum,log1p,absolute,ts_std,absolute,ts_mean,log1p,pct_change,ts_std,ts_mean,pct_change"
op_case_1344,v21_xs_corr_composite_liquidity20_vwap_gap,横截面上计算20 日流动性和VWAP 偏离的相关性。,"xs_corr(log1p(ts_mean(volume, 20)), div(sub(close, vwap), vwap))",cross_section_v21,"xs_corr,log1p,div,ts_mean,sub"
op_case_1345,v21_xs_share_spread_liquidity20_vwap_gap,20 日流动性占比相对VWAP 偏离占比越高，风格倾斜越明显。,"sub(div(absolute(log1p(ts_mean(volume, 20))), xs_sum(absolute(log1p(ts_mean(volume, 20))))), div(absolute(div(sub(close, vwap), vwap)), xs_sum(absolute(div(sub(close, vwap), vwap)))))",cross_section_v21,"sub,div,div,absolute,xs_sum,absolute,xs_sum,log1p,absolute,div,absolute,ts_mean,log1p,sub,div,ts_mean,sub"
op_case_1346,v21_xs_corr_composite_momentum20_vol20,横截面上计算20 日动量和20 日波动的相关性。,"xs_corr(pct_change(close, 20), ts_std(pct_change(close, 1), 20))",cross_section_v21,"xs_corr,pct_change,ts_std,pct_change"
op_case_1347,v21_xs_share_spread_momentum20_vol20,20 日动量占比相对20 日波动占比越高，风格倾斜越明显。,"sub(div(absolute(pct_change(close, 20)), xs_sum(absolute(pct_change(close, 20)))), div(absolute(ts_std(pct_change(close, 1), 20)), xs_sum(absolute(ts_std(pct_change(close, 1), 20)))))",cross_section_v21,"sub,div,div,absolute,xs_sum,absolute,xs_sum,pct_change,absolute,ts_std,absolute,pct_change,pct_change,ts_std,pct_change"
op_case_1348,v21_xs_corr_composite_momentum20_vwap_gap,横截面上计算20 日动量和VWAP 偏离的相关性。,"xs_corr(pct_change(close, 20), div(sub(close, vwap), vwap))",cross_section_v21,"xs_corr,pct_change,div,sub"
op_case_1349,v21_xs_share_spread_momentum20_vwap_gap,20 日动量占比相对VWAP 偏离占比越高，风格倾斜越明显。,"sub(div(absolute(pct_change(close, 20)), xs_sum(absolute(pct_change(close, 20)))), div(absolute(div(sub(close, vwap), vwap)), xs_sum(absolute(div(sub(close, vwap), vwap)))))",cross_section_v21,"sub,div,div,absolute,xs_sum,absolute,xs_sum,pct_change,absolute,div,absolute,pct_change,sub,div,sub"
op_case_1350,v21_xs_corr_composite_vol20_vwap_gap,横截面上计算20 日波动和VWAP 偏离的相关性。,"xs_corr(ts_std(pct_change(close, 1), 20), div(sub(close, vwap), vwap))",cross_section_v21,"xs_corr,ts_std,div,pct_change,sub"
op_case_1351,v21_xs_share_spread_vol20_vwap_gap,20 日波动占比相对VWAP 偏离占比越高，风格倾斜越明显。,"sub(div(absolute(ts_std(pct_change(close, 1), 20)), xs_sum(absolute(ts_std(pct_change(close, 1), 20)))), div(absolute(div(sub(close, vwap), vwap)), xs_sum(absolute(div(sub(close, vwap), vwap)))))",cross_section_v21,"sub,div,div,absolute,xs_sum,absolute,xs_sum,ts_std,absolute,div,absolute,pct_change,ts_std,sub,div,pct_change,sub"
op_case_1352,v21_xs_prod_extra_open_3,3 日开盘价变化加一后的横截面乘积。,"xs_prod(add(1.0, pct_change(open, 3)))",cross_section_v21,"xs_prod,add,pct_change"
op_case_1353,v21_xs_prod_extra_open_5,5 日开盘价变化加一后的横截面乘积。,"xs_prod(add(1.0, pct_change(open, 5)))",cross_section_v21,"xs_prod,add,pct_change"
op_case_1354,v21_xs_prod_extra_open_7,7 日开盘价变化加一后的横截面乘积。,"xs_prod(add(1.0, pct_change(open, 7)))",cross_section_v21,"xs_prod,add,pct_change"
op_case_1355,v21_xs_prod_extra_open_10,10 日开盘价变化加一后的横截面乘积。,"xs_prod(add(1.0, pct_change(open, 10)))",cross_section_v21,"xs_prod,add,pct_change"
op_case_1356,v21_xs_prod_extra_open_15,15 日开盘价变化加一后的横截面乘积。,"xs_prod(add(1.0, pct_change(open, 15)))",cross_section_v21,"xs_prod,add,pct_change"
op_case_1357,v21_xs_prod_extra_open_20,20 日开盘价变化加一后的横截面乘积。,"xs_prod(add(1.0, pct_change(open, 20)))",cross_section_v21,"xs_prod,add,pct_change"
op_case_1358,v21_xs_prod_extra_open_30,30 日开盘价变化加一后的横截面乘积。,"xs_prod(add(1.0, pct_change(open, 30)))",cross_section_v21,"xs_prod,add,pct_change"
op_case_1359,v21_xs_prod_extra_high_2,2 日最高价变化加一后的横截面乘积。,"xs_prod(add(1.0, pct_change(high, 2)))",cross_section_v21,"xs_prod,add,pct_change"
op_case_1360,v21_xs_prod_extra_high_3,3 日最高价变化加一后的横截面乘积。,"xs_prod(add(1.0, pct_change(high, 3)))",cross_section_v21,"xs_prod,add,pct_change"
op_case_1361,v21_xs_prod_extra_high_5,5 日最高价变化加一后的横截面乘积。,"xs_prod(add(1.0, pct_change(high, 5)))",cross_section_v21,"xs_prod,add,pct_change"
op_case_1362,v21_xs_prod_extra_high_7,7 日最高价变化加一后的横截面乘积。,"xs_prod(add(1.0, pct_change(high, 7)))",cross_section_v21,"xs_prod,add,pct_change"
op_case_1363,v21_xs_prod_extra_high_10,10 日最高价变化加一后的横截面乘积。,"xs_prod(add(1.0, pct_change(high, 10)))",cross_section_v21,"xs_prod,add,pct_change"
op_case_1364,v21_xs_prod_extra_high_15,15 日最高价变化加一后的横截面乘积。,"xs_prod(add(1.0, pct_change(high, 15)))",cross_section_v21,"xs_prod,add,pct_change"
op_case_1365,v21_xs_prod_extra_high_20,20 日最高价变化加一后的横截面乘积。,"xs_prod(add(1.0, pct_change(high, 20)))",cross_section_v21,"xs_prod,add,pct_change"
op_case_1366,v21_xs_prod_extra_high_30,30 日最高价变化加一后的横截面乘积。,"xs_prod(add(1.0, pct_change(high, 30)))",cross_section_v21,"xs_prod,add,pct_change"
op_case_1367,v21_xs_prod_extra_low_2,2 日最低价变化加一后的横截面乘积。,"xs_prod(add(1.0, pct_change(low, 2)))",cross_section_v21,"xs_prod,add,pct_change"
op_case_1368,v21_xs_prod_extra_low_3,3 日最低价变化加一后的横截面乘积。,"xs_prod(add(1.0, pct_change(low, 3)))",cross_section_v21,"xs_prod,add,pct_change"
op_case_1369,v21_xs_prod_extra_low_5,5 日最低价变化加一后的横截面乘积。,"xs_prod(add(1.0, pct_change(low, 5)))",cross_section_v21,"xs_prod,add,pct_change"
op_case_1370,v21_xs_prod_extra_low_7,7 日最低价变化加一后的横截面乘积。,"xs_prod(add(1.0, pct_change(low, 7)))",cross_section_v21,"xs_prod,add,pct_change"
op_case_1371,v21_xs_prod_extra_low_10,10 日最低价变化加一后的横截面乘积。,"xs_prod(add(1.0, pct_change(low, 10)))",cross_section_v21,"xs_prod,add,pct_change"
op_case_1372,v21_xs_prod_extra_low_15,15 日最低价变化加一后的横截面乘积。,"xs_prod(add(1.0, pct_change(low, 15)))",cross_section_v21,"xs_prod,add,pct_change"
op_case_1373,v21_xs_prod_extra_low_20,20 日最低价变化加一后的横截面乘积。,"xs_prod(add(1.0, pct_change(low, 20)))",cross_section_v21,"xs_prod,add,pct_change"
op_case_1374,v21_xs_prod_extra_low_30,30 日最低价变化加一后的横截面乘积。,"xs_prod(add(1.0, pct_change(low, 30)))",cross_section_v21,"xs_prod,add,pct_change"
op_case_1375,v21_xs_prod_extra_volume_2,2 日成交量变化加一后的横截面乘积。,"xs_prod(add(1.0, pct_change(volume, 2)))",cross_section_v21,"xs_prod,add,pct_change"
op_case_1376,v21_xs_prod_extra_volume_7,7 日成交量变化加一后的横截面乘积。,"xs_prod(add(1.0, pct_change(volume, 7)))",cross_section_v21,"xs_prod,add,pct_change"
op_case_1377,v21_xs_prod_extra_volume_15,15 日成交量变化加一后的横截面乘积。,"xs_prod(add(1.0, pct_change(volume, 15)))",cross_section_v21,"xs_prod,add,pct_change"
op_case_1378,v21_ne_xs_sign_market_cap,当总市值横截面偏离符号不为负号时保留标准化信号。,"where(ne(sign(sub(market_cap, xs_mean(market_cap))), -1.0), div(sub(market_cap, xs_mean(market_cap)), xs_std(market_cap)), 0.0)",conditional_v21,"where,ne,div,sign,sub,xs_std,sub,xs_mean,xs_mean"
op_case_1379,v21_stable_xor_chain_momentum_industry_value_vwap_strength,"三个风格条件中奇数个成立时保留稳健风格信号。（字段 close, industry, pb, volume, vwap；核心算子 where, logical_xor, log1p, gt, ts_mean, div, xs_mean, pct_change, sub, group_std, recip, group_mean；数值参数 20, 0.0；参数化版本 4。）","where(logical_xor(logical_xor(gt(pct_change(close, 20), xs_mean(pct_change(close, 20))), gt(div(sub(recip(pb), group_mean(recip(pb), industry)), group_std(recip(pb), industry)), 0.0)), gt(div(sub(close, vwap), vwap), xs_mean(div(sub(close, vwap), vwap)))), log1p(ts_mean(volume, 20)), 0.0)",conditional_v21,"where,logical_xor,log1p,logical_xor,gt,ts_mean,gt,gt,div,xs_mean,pct_change,xs_mean,div,sub,div,pct_change,sub,group_std,sub,recip,group_mean,recip,recip"
op_case_1380,v21_stable_xor_low_vol_turnover,当低波和换手代理高只有一个成立时保留稳健风格信号。,"where(logical_xor(le(ts_std(pct_change(close, 1), 20), xs_mean(ts_std(pct_change(close, 1), 20))), gt(div(volume, market_cap), xs_mean(div(volume, market_cap)))), div(volume, market_cap), 0.0)",conditional_v21,"where,logical_xor,div,le,gt,ts_std,xs_mean,div,xs_mean,pct_change,ts_std,div,pct_change"
op_case_1381,v21_stable_xor_chain_low_vol_turnover_cheap,"三个风格条件中奇数个成立时保留稳健风格信号。（字段 close, market_cap, pb, volume；核心算子 where, logical_xor, div, gt, le, recip, xs_mean, ts_std, pct_change；数值参数 1, 20, 0.0；参数化版本 5。）","where(logical_xor(logical_xor(le(ts_std(pct_change(close, 1), 20), xs_mean(ts_std(pct_change(close, 1), 20))), gt(div(volume, market_cap), xs_mean(div(volume, market_cap)))), gt(recip(pb), xs_mean(recip(pb)))), div(volume, market_cap), 0.0)",conditional_v21,"where,logical_xor,div,logical_xor,gt,le,gt,recip,xs_mean,ts_std,xs_mean,div,xs_mean,recip,pct_change,ts_std,div,pct_change"
op_case_1382,v21_stable_xor_industry_value_vwap_strength,当行业内估值强和VWAP 强势只有一个成立时保留稳健风格信号。,"where(logical_xor(gt(div(sub(recip(pb), group_mean(recip(pb), industry)), group_std(recip(pb), industry)), 0.0), gt(div(sub(close, vwap), vwap), xs_mean(div(sub(close, vwap), vwap)))), recip(pb), 0.0)",conditional_v21,"where,logical_xor,recip,gt,gt,div,div,xs_mean,sub,group_std,sub,div,recip,group_mean,recip,sub,recip"
op_case_1383,v21_stable_xor_chain_industry_value_vwap_strength_small,"三个风格条件中奇数个成立时保留稳健风格信号。（字段 close, industry, market_cap, pb, vwap；核心算子 where, logical_xor, recip, gt, neg, xs_mean, div, log, sub, group_std, group_mean；数值参数 0.0；参数化版本 6。）","where(logical_xor(logical_xor(gt(div(sub(recip(pb), group_mean(recip(pb), industry)), group_std(recip(pb), industry)), 0.0), gt(div(sub(close, vwap), vwap), xs_mean(div(sub(close, vwap), vwap)))), gt(neg(log(market_cap)), xs_mean(neg(log(market_cap))))), recip(pb), 0.0)",conditional_v21,"where,logical_xor,recip,logical_xor,gt,gt,gt,neg,xs_mean,div,div,xs_mean,log,neg,sub,group_std,sub,div,log,recip,group_mean,recip,sub,recip"
op_case_1384,v21_stable_xor_turnover_cheap,当换手代理高和估值便宜只有一个成立时保留稳健风格信号。,"where(logical_xor(gt(div(volume, market_cap), xs_mean(div(volume, market_cap))), gt(recip(pb), xs_mean(recip(pb)))), neg(log(market_cap)), 0.0)",conditional_v21,"where,logical_xor,neg,gt,gt,log,div,xs_mean,recip,xs_mean,div,recip"
op_case_1385,v21_stable_xor_chain_turnover_cheap_liquid,"三个风格条件中奇数个成立时保留稳健风格信号。（字段 market_cap, pb, volume；核心算子 where, logical_xor, neg, gt, log, log1p, xs_mean, div, recip, ts_mean；数值参数 20, 0.0；参数化版本 7。）","where(logical_xor(logical_xor(gt(div(volume, market_cap), xs_mean(div(volume, market_cap))), gt(recip(pb), xs_mean(recip(pb)))), gt(log1p(ts_mean(volume, 20)), xs_mean(log1p(ts_mean(volume, 20))))), neg(log(market_cap)), 0.0)",conditional_v21,"where,logical_xor,neg,logical_xor,gt,log,gt,gt,log1p,xs_mean,div,xs_mean,recip,xs_mean,ts_mean,log1p,div,recip,ts_mean"
op_case_1386,v21_stable_not_and_turnover_cheap,当换手代理高和估值便宜不同时成立时使用反向稳健风格信号。,"where(logical_not(logical_and(gt(div(volume, market_cap), xs_mean(div(volume, market_cap))), gt(recip(pb), xs_mean(recip(pb))))), neg(neg(log(market_cap))), 0.0)",conditional_v21,"where,logical_not,neg,logical_and,neg,gt,gt,log,div,xs_mean,recip,xs_mean,div,recip"
op_case_1387,v21_stable_xor_vwap_strength_small,当VWAP 强势和小市值只有一个成立时保留稳健风格信号。,"where(logical_xor(gt(div(sub(close, vwap), vwap), xs_mean(div(sub(close, vwap), vwap))), gt(neg(log(market_cap)), xs_mean(neg(log(market_cap))))), pct_change(close, 20), 0.0)",conditional_v21,"where,logical_xor,pct_change,gt,gt,div,xs_mean,neg,xs_mean,sub,div,log,neg,sub,log"
op_case_1388,v21_stable_xor_chain_vwap_strength_small_momentum,"三个风格条件中奇数个成立时保留稳健风格信号。（字段 close, market_cap, vwap；核心算子 where, logical_xor, pct_change, gt, xs_mean, div, neg, sub, log；数值参数 20, 0.0；参数化版本 8。）","where(logical_xor(logical_xor(gt(div(sub(close, vwap), vwap), xs_mean(div(sub(close, vwap), vwap))), gt(neg(log(market_cap)), xs_mean(neg(log(market_cap))))), gt(pct_change(close, 20), xs_mean(pct_change(close, 20)))), pct_change(close, 20), 0.0)",conditional_v21,"where,logical_xor,pct_change,logical_xor,gt,gt,gt,pct_change,xs_mean,div,xs_mean,neg,xs_mean,pct_change,sub,div,log,neg,sub,log"
op_case_1389,v21_stable_not_vwap_strength,当不是VWAP 强势时使用反向稳健风格信号。,"where(logical_not(gt(div(sub(close, vwap), vwap), xs_mean(div(sub(close, vwap), vwap)))), neg(pct_change(close, 20)), 0.0)",conditional_v21,"where,logical_not,neg,gt,pct_change,div,xs_mean,sub,div,sub"
op_case_1390,v21_stable_not_and_vwap_strength_small,当VWAP 强势和小市值不同时成立时使用反向稳健风格信号。,"where(logical_not(logical_and(gt(div(sub(close, vwap), vwap), xs_mean(div(sub(close, vwap), vwap))), gt(neg(log(market_cap)), xs_mean(neg(log(market_cap)))))), neg(pct_change(close, 20)), 0.0)",conditional_v21,"where,logical_not,neg,logical_and,pct_change,gt,gt,div,xs_mean,neg,xs_mean,sub,div,log,neg,sub,log"
op_case_1391,v21_ts_quantile_volume_60,成交量高于自身 60 日 70% 分位数越多，历史位置越高。,"sub(volume, ts_quantile(volume, 60, 0.7))",rare_operator_v21,"sub,ts_quantile"
op_case_1392,v21_ts_quantile_volume_90,成交量高于自身 90 日 70% 分位数越多，历史位置越高。,"sub(volume, ts_quantile(volume, 90, 0.7))",rare_operator_v21,"sub,ts_quantile"
op_case_1393,v21_ts_quantile_vwap_5,成交量加权平均价高于自身 5 日 70% 分位数越多，历史位置越高。,"sub(vwap, ts_quantile(vwap, 5, 0.7))",rare_operator_v21,"sub,ts_quantile"
op_case_1394,v21_ts_quantile_vwap_10,成交量加权平均价高于自身 10 日 70% 分位数越多，历史位置越高。,"sub(vwap, ts_quantile(vwap, 10, 0.7))",rare_operator_v21,"sub,ts_quantile"
op_case_1395,v21_ts_quantile_vwap_15,成交量加权平均价高于自身 15 日 70% 分位数越多，历史位置越高。,"sub(vwap, ts_quantile(vwap, 15, 0.7))",rare_operator_v21,"sub,ts_quantile"
op_case_1396,v21_ts_prod_vwap_15,对 15 日成交量加权平均价日变化加一后连乘。,"ts_prod(add(1.0, pct_change(vwap, 1)), 15)",rare_operator_v21,"ts_prod,add,pct_change"
op_case_1397,v21_ts_quantile_vwap_20,成交量加权平均价高于自身 20 日 70% 分位数越多，历史位置越高。,"sub(vwap, ts_quantile(vwap, 20, 0.7))",rare_operator_v21,"sub,ts_quantile"
op_case_1398,v21_ts_prod_vwap_20,对 20 日成交量加权平均价日变化加一后连乘。,"ts_prod(add(1.0, pct_change(vwap, 1)), 20)",rare_operator_v21,"ts_prod,add,pct_change"
op_case_1399,v21_ts_quantile_vwap_30,成交量加权平均价高于自身 30 日 70% 分位数越多，历史位置越高。,"sub(vwap, ts_quantile(vwap, 30, 0.7))",rare_operator_v21,"sub,ts_quantile"
op_case_1400,v21_ts_prod_vwap_30,对 30 日成交量加权平均价日变化加一后连乘。,"ts_prod(add(1.0, pct_change(vwap, 1)), 30)",rare_operator_v21,"ts_prod,add,pct_change"
op_case_1401,v21_ts_quantile_vwap_45,成交量加权平均价高于自身 45 日 70% 分位数越多，历史位置越高。,"sub(vwap, ts_quantile(vwap, 45, 0.7))",rare_operator_v21,"sub,ts_quantile"
op_case_1402,v21_ts_prod_vwap_45,对 45 日成交量加权平均价日变化加一后连乘。,"ts_prod(add(1.0, pct_change(vwap, 1)), 45)",rare_operator_v21,"ts_prod,add,pct_change"
op_case_1403,v21_ts_quantile_vwap_60,成交量加权平均价高于自身 60 日 70% 分位数越多，历史位置越高。,"sub(vwap, ts_quantile(vwap, 60, 0.7))",rare_operator_v21,"sub,ts_quantile"
op_case_1404,v21_ts_prod_vwap_60,对 60 日成交量加权平均价日变化加一后连乘。,"ts_prod(add(1.0, pct_change(vwap, 1)), 60)",rare_operator_v21,"ts_prod,add,pct_change"
op_case_1405,v21_ts_quantile_vwap_90,成交量加权平均价高于自身 90 日 70% 分位数越多，历史位置越高。,"sub(vwap, ts_quantile(vwap, 90, 0.7))",rare_operator_v21,"sub,ts_quantile"
op_case_1406,v21_ts_prod_vwap_90,对 90 日成交量加权平均价日变化加一后连乘。,"ts_prod(add(1.0, pct_change(vwap, 1)), 90)",rare_operator_v21,"ts_prod,add,pct_change"
op_case_1407,v21_ts_prod_pb_10,对 10 日市净率 PB日变化加一后连乘。,"ts_prod(add(1.0, pct_change(pb, 1)), 10)",rare_operator_v21,"ts_prod,add,pct_change"
op_case_1408,v21_ts_quantile_pb_15,市净率 PB高于自身 15 日 70% 分位数越多，历史位置越高。,"sub(pb, ts_quantile(pb, 15, 0.7))",rare_operator_v21,"sub,ts_quantile"
op_case_1409,v21_ts_prod_pb_15,对 15 日市净率 PB日变化加一后连乘。,"ts_prod(add(1.0, pct_change(pb, 1)), 15)",rare_operator_v21,"ts_prod,add,pct_change"
op_case_1410,v21_ts_quantile_pb_20,市净率 PB高于自身 20 日 70% 分位数越多，历史位置越高。,"sub(pb, ts_quantile(pb, 20, 0.7))",rare_operator_v21,"sub,ts_quantile"
op_case_1411,v21_ts_sum_pb_20,用 20 日市净率 PB日变化求和近似累计变化。,"ts_sum(pct_change(pb, 1), 20)",rare_operator_v21,"ts_sum,pct_change"
op_case_1412,v21_ts_win_cumsum_pb_20,在 20 日窗口内累计市净率 PB日变化。,"ts_win_cumsum(pct_change(pb, 1), 20)",rare_operator_v21,"ts_win_cumsum,pct_change"
op_case_1413,v21_ts_prod_pb_20,对 20 日市净率 PB日变化加一后连乘。,"ts_prod(add(1.0, pct_change(pb, 1)), 20)",rare_operator_v21,"ts_prod,add,pct_change"
op_case_1414,v21_ts_argmax_pb_30,30 日窗口内市净率 PB最高值出现越靠近当前，信号越新。,"neg(ts_argmax(pb, 30))",rare_operator_v21,"neg,ts_argmax"
op_case_1415,v21_ts_argmin_pb_30,30 日窗口内市净率 PB最低值位置刻画低点远近。,"ts_argmin(pb, 30)",rare_operator_v21,ts_argmin
op_case_1416,v21_ts_argmaxmin_pb_30,比较 30 日窗口内市净率 PB高点和低点的位置差。,"ts_argmaxmin(pb, 30)",rare_operator_v21,ts_argmaxmin
op_case_1417,v21_ts_quantile_pb_30,市净率 PB高于自身 30 日 70% 分位数越多，历史位置越高。,"sub(pb, ts_quantile(pb, 30, 0.7))",rare_operator_v21,"sub,ts_quantile"
op_case_1418,v21_ts_sum_pb_30,用 30 日市净率 PB日变化求和近似累计变化。,"ts_sum(pct_change(pb, 1), 30)",rare_operator_v21,"ts_sum,pct_change"
op_case_1419,v21_ts_win_cumsum_pb_30,在 30 日窗口内累计市净率 PB日变化。,"ts_win_cumsum(pct_change(pb, 1), 30)",rare_operator_v21,"ts_win_cumsum,pct_change"
op_case_1420,v21_ts_prod_pb_30,对 30 日市净率 PB日变化加一后连乘。,"ts_prod(add(1.0, pct_change(pb, 1)), 30)",rare_operator_v21,"ts_prod,add,pct_change"
op_case_1421,v21_ts_argmax_pb_45,45 日窗口内市净率 PB最高值出现越靠近当前，信号越新。,"neg(ts_argmax(pb, 45))",rare_operator_v21,"neg,ts_argmax"
op_case_1422,v21_ts_argmin_pb_45,45 日窗口内市净率 PB最低值位置刻画低点远近。,"ts_argmin(pb, 45)",rare_operator_v21,ts_argmin
op_case_1423,v21_ts_argmaxmin_pb_45,比较 45 日窗口内市净率 PB高点和低点的位置差。,"ts_argmaxmin(pb, 45)",rare_operator_v21,ts_argmaxmin
op_case_1424,v21_ts_quantile_pb_45,市净率 PB高于自身 45 日 70% 分位数越多，历史位置越高。,"sub(pb, ts_quantile(pb, 45, 0.7))",rare_operator_v21,"sub,ts_quantile"
op_case_1425,v21_ts_sum_pb_45,用 45 日市净率 PB日变化求和近似累计变化。,"ts_sum(pct_change(pb, 1), 45)",rare_operator_v21,"ts_sum,pct_change"
op_case_1426,v21_ts_win_cumsum_pb_45,在 45 日窗口内累计市净率 PB日变化。,"ts_win_cumsum(pct_change(pb, 1), 45)",rare_operator_v21,"ts_win_cumsum,pct_change"
op_case_1427,v21_ts_prod_pb_45,对 45 日市净率 PB日变化加一后连乘。,"ts_prod(add(1.0, pct_change(pb, 1)), 45)",rare_operator_v21,"ts_prod,add,pct_change"
op_case_1428,v21_ts_argmax_pb_60,60 日窗口内市净率 PB最高值出现越靠近当前，信号越新。,"neg(ts_argmax(pb, 60))",rare_operator_v21,"neg,ts_argmax"
op_case_1429,v21_ts_argmin_pb_60,60 日窗口内市净率 PB最低值位置刻画低点远近。,"ts_argmin(pb, 60)",rare_operator_v21,ts_argmin
op_case_1430,v21_ts_argmaxmin_pb_60,比较 60 日窗口内市净率 PB高点和低点的位置差。,"ts_argmaxmin(pb, 60)",rare_operator_v21,ts_argmaxmin
op_case_1431,v21_ts_quantile_pb_60,市净率 PB高于自身 60 日 70% 分位数越多，历史位置越高。,"sub(pb, ts_quantile(pb, 60, 0.7))",rare_operator_v21,"sub,ts_quantile"
op_case_1432,v21_ts_sum_pb_60,用 60 日市净率 PB日变化求和近似累计变化。,"ts_sum(pct_change(pb, 1), 60)",rare_operator_v21,"ts_sum,pct_change"
op_case_1433,v21_ts_win_cumsum_pb_60,在 60 日窗口内累计市净率 PB日变化。,"ts_win_cumsum(pct_change(pb, 1), 60)",rare_operator_v21,"ts_win_cumsum,pct_change"
op_case_1434,v21_ts_prod_pb_60,对 60 日市净率 PB日变化加一后连乘。,"ts_prod(add(1.0, pct_change(pb, 1)), 60)",rare_operator_v21,"ts_prod,add,pct_change"
op_case_1435,v21_ts_argmax_pb_90,90 日窗口内市净率 PB最高值出现越靠近当前，信号越新。,"neg(ts_argmax(pb, 90))",rare_operator_v21,"neg,ts_argmax"
op_case_1436,v21_ts_argmin_pb_90,90 日窗口内市净率 PB最低值位置刻画低点远近。,"ts_argmin(pb, 90)",rare_operator_v21,ts_argmin
op_case_1437,v21_ts_argmaxmin_pb_90,比较 90 日窗口内市净率 PB高点和低点的位置差。,"ts_argmaxmin(pb, 90)",rare_operator_v21,ts_argmaxmin
op_case_1438,v21_ts_quantile_pb_90,市净率 PB高于自身 90 日 70% 分位数越多，历史位置越高。,"sub(pb, ts_quantile(pb, 90, 0.7))",rare_operator_v21,"sub,ts_quantile"
op_case_1439,v21_ts_sum_pb_90,用 90 日市净率 PB日变化求和近似累计变化。,"ts_sum(pct_change(pb, 1), 90)",rare_operator_v21,"ts_sum,pct_change"
op_case_1440,v21_ts_win_cumsum_pb_90,在 90 日窗口内累计市净率 PB日变化。,"ts_win_cumsum(pct_change(pb, 1), 90)",rare_operator_v21,"ts_win_cumsum,pct_change"
op_case_1441,v21_ts_prod_pb_90,对 90 日市净率 PB日变化加一后连乘。,"ts_prod(add(1.0, pct_change(pb, 1)), 90)",rare_operator_v21,"ts_prod,add,pct_change"
op_case_1442,v21_ts_argmax_market_cap_5,5 日窗口内总市值最高值出现越靠近当前，信号越新。,"neg(ts_argmax(market_cap, 5))",rare_operator_v21,"neg,ts_argmax"
op_case_1443,v21_ts_argmin_market_cap_5,5 日窗口内总市值最低值位置刻画低点远近。,"ts_argmin(market_cap, 5)",rare_operator_v21,ts_argmin
op_case_1444,v21_ts_argmaxmin_market_cap_5,比较 5 日窗口内总市值高点和低点的位置差。,"ts_argmaxmin(market_cap, 5)",rare_operator_v21,ts_argmaxmin
op_case_1445,v21_ts_quantile_market_cap_5,总市值高于自身 5 日 70% 分位数越多，历史位置越高。,"sub(market_cap, ts_quantile(market_cap, 5, 0.7))",rare_operator_v21,"sub,ts_quantile"
op_case_1446,v21_ts_sum_market_cap_5,用 5 日总市值日变化求和近似累计变化。,"ts_sum(pct_change(market_cap, 1), 5)",rare_operator_v21,"ts_sum,pct_change"
op_case_1447,v21_ts_win_cumsum_market_cap_5,在 5 日窗口内累计总市值日变化。,"ts_win_cumsum(pct_change(market_cap, 1), 5)",rare_operator_v21,"ts_win_cumsum,pct_change"
op_case_1448,v21_ts_prod_market_cap_5,对 5 日总市值日变化加一后连乘。,"ts_prod(add(1.0, pct_change(market_cap, 1)), 5)",rare_operator_v21,"ts_prod,add,pct_change"
op_case_1449,v21_ts_argmax_market_cap_10,10 日窗口内总市值最高值出现越靠近当前，信号越新。,"neg(ts_argmax(market_cap, 10))",rare_operator_v21,"neg,ts_argmax"
op_case_1450,v21_ts_argmin_market_cap_10,10 日窗口内总市值最低值位置刻画低点远近。,"ts_argmin(market_cap, 10)",rare_operator_v21,ts_argmin
op_case_1451,v21_ts_argmaxmin_market_cap_10,比较 10 日窗口内总市值高点和低点的位置差。,"ts_argmaxmin(market_cap, 10)",rare_operator_v21,ts_argmaxmin
op_case_1452,v21_ts_quantile_market_cap_10,总市值高于自身 10 日 70% 分位数越多，历史位置越高。,"sub(market_cap, ts_quantile(market_cap, 10, 0.7))",rare_operator_v21,"sub,ts_quantile"
op_case_1453,v21_ts_sum_market_cap_10,用 10 日总市值日变化求和近似累计变化。,"ts_sum(pct_change(market_cap, 1), 10)",rare_operator_v21,"ts_sum,pct_change"
op_case_1454,v21_ts_win_cumsum_market_cap_10,在 10 日窗口内累计总市值日变化。,"ts_win_cumsum(pct_change(market_cap, 1), 10)",rare_operator_v21,"ts_win_cumsum,pct_change"
op_case_1455,v21_ts_prod_market_cap_10,对 10 日总市值日变化加一后连乘。,"ts_prod(add(1.0, pct_change(market_cap, 1)), 10)",rare_operator_v21,"ts_prod,add,pct_change"
op_case_1456,v21_ts_argmax_market_cap_15,15 日窗口内总市值最高值出现越靠近当前，信号越新。,"neg(ts_argmax(market_cap, 15))",rare_operator_v21,"neg,ts_argmax"
op_case_1457,v21_ts_argmin_market_cap_15,15 日窗口内总市值最低值位置刻画低点远近。,"ts_argmin(market_cap, 15)",rare_operator_v21,ts_argmin
op_case_1458,v21_ts_argmaxmin_market_cap_15,比较 15 日窗口内总市值高点和低点的位置差。,"ts_argmaxmin(market_cap, 15)",rare_operator_v21,ts_argmaxmin
op_case_1459,v21_ts_quantile_market_cap_15,总市值高于自身 15 日 70% 分位数越多，历史位置越高。,"sub(market_cap, ts_quantile(market_cap, 15, 0.7))",rare_operator_v21,"sub,ts_quantile"
op_case_1460,v21_ts_sum_market_cap_15,用 15 日总市值日变化求和近似累计变化。,"ts_sum(pct_change(market_cap, 1), 15)",rare_operator_v21,"ts_sum,pct_change"
op_case_1461,v21_ts_win_cumsum_market_cap_15,在 15 日窗口内累计总市值日变化。,"ts_win_cumsum(pct_change(market_cap, 1), 15)",rare_operator_v21,"ts_win_cumsum,pct_change"
op_case_1462,v21_ts_prod_market_cap_15,对 15 日总市值日变化加一后连乘。,"ts_prod(add(1.0, pct_change(market_cap, 1)), 15)",rare_operator_v21,"ts_prod,add,pct_change"
op_case_1463,v21_ts_argmax_market_cap_20,20 日窗口内总市值最高值出现越靠近当前，信号越新。,"neg(ts_argmax(market_cap, 20))",rare_operator_v21,"neg,ts_argmax"
op_case_1464,v21_ts_argmin_market_cap_20,20 日窗口内总市值最低值位置刻画低点远近。,"ts_argmin(market_cap, 20)",rare_operator_v21,ts_argmin
op_case_1465,v21_ts_argmaxmin_market_cap_20,比较 20 日窗口内总市值高点和低点的位置差。,"ts_argmaxmin(market_cap, 20)",rare_operator_v21,ts_argmaxmin
op_case_1466,v21_ts_quantile_market_cap_20,总市值高于自身 20 日 70% 分位数越多，历史位置越高。,"sub(market_cap, ts_quantile(market_cap, 20, 0.7))",rare_operator_v21,"sub,ts_quantile"
op_case_1467,v21_ts_sum_market_cap_20,用 20 日总市值日变化求和近似累计变化。,"ts_sum(pct_change(market_cap, 1), 20)",rare_operator_v21,"ts_sum,pct_change"
op_case_1468,v21_ts_win_cumsum_market_cap_20,在 20 日窗口内累计总市值日变化。,"ts_win_cumsum(pct_change(market_cap, 1), 20)",rare_operator_v21,"ts_win_cumsum,pct_change"
op_case_1469,v21_ts_prod_market_cap_20,对 20 日总市值日变化加一后连乘。,"ts_prod(add(1.0, pct_change(market_cap, 1)), 20)",rare_operator_v21,"ts_prod,add,pct_change"
op_case_1470,v21_ts_argmax_market_cap_30,30 日窗口内总市值最高值出现越靠近当前，信号越新。,"neg(ts_argmax(market_cap, 30))",rare_operator_v21,"neg,ts_argmax"
op_case_1471,v21_ts_argmin_market_cap_30,30 日窗口内总市值最低值位置刻画低点远近。,"ts_argmin(market_cap, 30)",rare_operator_v21,ts_argmin
op_case_1472,v21_ts_argmaxmin_market_cap_30,比较 30 日窗口内总市值高点和低点的位置差。,"ts_argmaxmin(market_cap, 30)",rare_operator_v21,ts_argmaxmin
op_case_1473,v21_ts_quantile_market_cap_30,总市值高于自身 30 日 70% 分位数越多，历史位置越高。,"sub(market_cap, ts_quantile(market_cap, 30, 0.7))",rare_operator_v21,"sub,ts_quantile"
op_case_1474,v21_ts_sum_market_cap_30,用 30 日总市值日变化求和近似累计变化。,"ts_sum(pct_change(market_cap, 1), 30)",rare_operator_v21,"ts_sum,pct_change"
op_case_1475,v21_ts_win_cumsum_market_cap_30,在 30 日窗口内累计总市值日变化。,"ts_win_cumsum(pct_change(market_cap, 1), 30)",rare_operator_v21,"ts_win_cumsum,pct_change"
op_case_1476,v21_ts_prod_market_cap_30,对 30 日总市值日变化加一后连乘。,"ts_prod(add(1.0, pct_change(market_cap, 1)), 30)",rare_operator_v21,"ts_prod,add,pct_change"
op_case_1477,v21_ts_argmax_market_cap_45,45 日窗口内总市值最高值出现越靠近当前，信号越新。,"neg(ts_argmax(market_cap, 45))",rare_operator_v21,"neg,ts_argmax"
op_case_1478,v21_ts_argmin_market_cap_45,45 日窗口内总市值最低值位置刻画低点远近。,"ts_argmin(market_cap, 45)",rare_operator_v21,ts_argmin
op_case_1479,v21_ts_argmaxmin_market_cap_45,比较 45 日窗口内总市值高点和低点的位置差。,"ts_argmaxmin(market_cap, 45)",rare_operator_v21,ts_argmaxmin
op_case_1480,v21_ts_quantile_market_cap_45,总市值高于自身 45 日 70% 分位数越多，历史位置越高。,"sub(market_cap, ts_quantile(market_cap, 45, 0.7))",rare_operator_v21,"sub,ts_quantile"
op_case_1481,v21_ts_sum_market_cap_45,用 45 日总市值日变化求和近似累计变化。,"ts_sum(pct_change(market_cap, 1), 45)",rare_operator_v21,"ts_sum,pct_change"
op_case_1482,v21_ts_win_cumsum_market_cap_45,在 45 日窗口内累计总市值日变化。,"ts_win_cumsum(pct_change(market_cap, 1), 45)",rare_operator_v21,"ts_win_cumsum,pct_change"
op_case_1483,v21_ts_prod_market_cap_45,对 45 日总市值日变化加一后连乘。,"ts_prod(add(1.0, pct_change(market_cap, 1)), 45)",rare_operator_v21,"ts_prod,add,pct_change"
op_case_1484,v21_ts_argmax_market_cap_60,60 日窗口内总市值最高值出现越靠近当前，信号越新。,"neg(ts_argmax(market_cap, 60))",rare_operator_v21,"neg,ts_argmax"
op_case_1485,v21_ts_argmin_market_cap_60,60 日窗口内总市值最低值位置刻画低点远近。,"ts_argmin(market_cap, 60)",rare_operator_v21,ts_argmin
op_case_1486,v21_ts_argmaxmin_market_cap_60,比较 60 日窗口内总市值高点和低点的位置差。,"ts_argmaxmin(market_cap, 60)",rare_operator_v21,ts_argmaxmin
op_case_1487,v21_ts_quantile_market_cap_60,总市值高于自身 60 日 70% 分位数越多，历史位置越高。,"sub(market_cap, ts_quantile(market_cap, 60, 0.7))",rare_operator_v21,"sub,ts_quantile"
op_case_1488,v21_ts_sum_market_cap_60,用 60 日总市值日变化求和近似累计变化。,"ts_sum(pct_change(market_cap, 1), 60)",rare_operator_v21,"ts_sum,pct_change"
op_case_1489,v21_ts_win_cumsum_market_cap_60,在 60 日窗口内累计总市值日变化。,"ts_win_cumsum(pct_change(market_cap, 1), 60)",rare_operator_v21,"ts_win_cumsum,pct_change"
op_case_1490,v21_ts_prod_market_cap_60,对 60 日总市值日变化加一后连乘。,"ts_prod(add(1.0, pct_change(market_cap, 1)), 60)",rare_operator_v21,"ts_prod,add,pct_change"
op_case_1491,v21_ts_argmax_market_cap_90,90 日窗口内总市值最高值出现越靠近当前，信号越新。,"neg(ts_argmax(market_cap, 90))",rare_operator_v21,"neg,ts_argmax"
op_case_1492,v21_ts_argmin_market_cap_90,90 日窗口内总市值最低值位置刻画低点远近。,"ts_argmin(market_cap, 90)",rare_operator_v21,ts_argmin
op_case_1493,v21_ts_argmaxmin_market_cap_90,比较 90 日窗口内总市值高点和低点的位置差。,"ts_argmaxmin(market_cap, 90)",rare_operator_v21,ts_argmaxmin
op_case_1494,v21_ts_quantile_market_cap_90,总市值高于自身 90 日 70% 分位数越多，历史位置越高。,"sub(market_cap, ts_quantile(market_cap, 90, 0.7))",rare_operator_v21,"sub,ts_quantile"
op_case_1495,v21_ts_sum_market_cap_90,用 90 日总市值日变化求和近似累计变化。,"ts_sum(pct_change(market_cap, 1), 90)",rare_operator_v21,"ts_sum,pct_change"
op_case_1496,v21_ts_win_cumsum_market_cap_90,在 90 日窗口内累计总市值日变化。,"ts_win_cumsum(pct_change(market_cap, 1), 90)",rare_operator_v21,"ts_win_cumsum,pct_change"
op_case_1497,v21_ts_prod_market_cap_90,对 90 日总市值日变化加一后连乘。,"ts_prod(add(1.0, pct_change(market_cap, 1)), 90)",rare_operator_v21,"ts_prod,add,pct_change"
op_case_1498,v21_maximum_return_3,只保留 3 日收益和 0 之间的较大值，刻画正向收益下限。,"maximum(pct_change(close, 3), 0.0)",rare_operator_v21,"maximum,pct_change"
op_case_1499,v21_minimum_return_3,只保留 3 日收益和 0 之间的较小值，刻画负向收益压力。,"minimum(pct_change(close, 3), 0.0)",rare_operator_v21,"minimum,pct_change"
op_case_1500,v21_maximum_return_5,只保留 5 日收益和 0 之间的较大值，刻画正向收益下限。,"maximum(pct_change(close, 5), 0.0)",rare_operator_v21,"maximum,pct_change"
op_case_1501,v21_minimum_return_5,只保留 5 日收益和 0 之间的较小值，刻画负向收益压力。,"minimum(pct_change(close, 5), 0.0)",rare_operator_v21,"minimum,pct_change"
op_case_1502,v21_maximum_return_10,只保留 10 日收益和 0 之间的较大值，刻画正向收益下限。,"maximum(pct_change(close, 10), 0.0)",rare_operator_v21,"maximum,pct_change"
op_case_1503,v21_minimum_return_10,只保留 10 日收益和 0 之间的较小值，刻画负向收益压力。,"minimum(pct_change(close, 10), 0.0)",rare_operator_v21,"minimum,pct_change"
op_case_1504,v21_maximum_return_20,只保留 20 日收益和 0 之间的较大值，刻画正向收益下限。,"maximum(pct_change(close, 20), 0.0)",rare_operator_v21,"maximum,pct_change"
op_case_1505,v21_minimum_return_20,只保留 20 日收益和 0 之间的较小值，刻画负向收益压力。,"minimum(pct_change(close, 20), 0.0)",rare_operator_v21,"minimum,pct_change"
op_case_1506,v21_exp_return_20,对截断后的 20 日收益做指数变换，强调高收益端。,"exp(minimum(pct_change(close, 20), 0.1))",rare_operator_v21,"exp,minimum,pct_change"
op_case_1507,v21_maximum_return_30,只保留 30 日收益和 0 之间的较大值，刻画正向收益下限。,"maximum(pct_change(close, 30), 0.0)",rare_operator_v21,"maximum,pct_change"
op_case_1508,v21_minimum_return_30,只保留 30 日收益和 0 之间的较小值，刻画负向收益压力。,"minimum(pct_change(close, 30), 0.0)",rare_operator_v21,"minimum,pct_change"
op_case_1509,v21_exp_return_30,对截断后的 30 日收益做指数变换，强调高收益端。,"exp(minimum(pct_change(close, 30), 0.1))",rare_operator_v21,"exp,minimum,pct_change"
op_case_1510,v21_maximum_return_60,只保留 60 日收益和 0 之间的较大值，刻画正向收益下限。,"maximum(pct_change(close, 60), 0.0)",rare_operator_v21,"maximum,pct_change"
op_case_1511,v21_minimum_return_60,只保留 60 日收益和 0 之间的较小值，刻画负向收益压力。,"minimum(pct_change(close, 60), 0.0)",rare_operator_v21,"minimum,pct_change"
op_case_1512,v21_exp_return_60,对截断后的 60 日收益做指数变换，强调高收益端。,"exp(minimum(pct_change(close, 60), 0.1))",rare_operator_v21,"exp,minimum,pct_change"
op_case_1513,v21_exp_extra_open_2,对截断后的 2 日开盘价变化做指数变换。,"exp(minimum(pct_change(open, 2), 0.1))",rare_operator_v21,"exp,minimum,pct_change"
op_case_1514,v21_maximum_extra_open_2,只保留 2 日开盘价变化和零之间的较大值。,"maximum(pct_change(open, 2), 0.0)",rare_operator_v21,"maximum,pct_change"
op_case_1515,v21_minimum_extra_open_2,只保留 2 日开盘价变化和零之间的较小值。,"minimum(pct_change(open, 2), 0.0)",rare_operator_v21,"minimum,pct_change"
op_case_1516,v21_exp_extra_open_3,对截断后的 3 日开盘价变化做指数变换。,"exp(minimum(pct_change(open, 3), 0.1))",rare_operator_v21,"exp,minimum,pct_change"
op_case_1517,v21_maximum_extra_open_3,只保留 3 日开盘价变化和零之间的较大值。,"maximum(pct_change(open, 3), 0.0)",rare_operator_v21,"maximum,pct_change"
op_case_1518,v21_minimum_extra_open_3,只保留 3 日开盘价变化和零之间的较小值。,"minimum(pct_change(open, 3), 0.0)",rare_operator_v21,"minimum,pct_change"
op_case_1519,v21_exp_extra_open_5,对截断后的 5 日开盘价变化做指数变换。,"exp(minimum(pct_change(open, 5), 0.1))",rare_operator_v21,"exp,minimum,pct_change"
op_case_1520,v21_maximum_extra_open_5,只保留 5 日开盘价变化和零之间的较大值。,"maximum(pct_change(open, 5), 0.0)",rare_operator_v21,"maximum,pct_change"
op_case_1521,v21_minimum_extra_open_5,只保留 5 日开盘价变化和零之间的较小值。,"minimum(pct_change(open, 5), 0.0)",rare_operator_v21,"minimum,pct_change"
op_case_1522,v21_exp_extra_open_7,对截断后的 7 日开盘价变化做指数变换。,"exp(minimum(pct_change(open, 7), 0.1))",rare_operator_v21,"exp,minimum,pct_change"
op_case_1523,v21_maximum_extra_open_7,只保留 7 日开盘价变化和零之间的较大值。,"maximum(pct_change(open, 7), 0.0)",rare_operator_v21,"maximum,pct_change"
op_case_1524,v21_minimum_extra_open_7,只保留 7 日开盘价变化和零之间的较小值。,"minimum(pct_change(open, 7), 0.0)",rare_operator_v21,"minimum,pct_change"
op_case_1525,v21_exp_extra_open_10,对截断后的 10 日开盘价变化做指数变换。,"exp(minimum(pct_change(open, 10), 0.1))",rare_operator_v21,"exp,minimum,pct_change"
op_case_1526,v21_maximum_extra_open_10,只保留 10 日开盘价变化和零之间的较大值。,"maximum(pct_change(open, 10), 0.0)",rare_operator_v21,"maximum,pct_change"
op_case_1527,v21_minimum_extra_open_10,只保留 10 日开盘价变化和零之间的较小值。,"minimum(pct_change(open, 10), 0.0)",rare_operator_v21,"minimum,pct_change"
op_case_1528,v21_exp_extra_open_15,对截断后的 15 日开盘价变化做指数变换。,"exp(minimum(pct_change(open, 15), 0.1))",rare_operator_v21,"exp,minimum,pct_change"
op_case_1529,v21_maximum_extra_open_15,只保留 15 日开盘价变化和零之间的较大值。,"maximum(pct_change(open, 15), 0.0)",rare_operator_v21,"maximum,pct_change"
op_case_1530,v21_minimum_extra_open_15,只保留 15 日开盘价变化和零之间的较小值。,"minimum(pct_change(open, 15), 0.0)",rare_operator_v21,"minimum,pct_change"
op_case_1531,v21_exp_extra_open_20,对截断后的 20 日开盘价变化做指数变换。,"exp(minimum(pct_change(open, 20), 0.1))",rare_operator_v21,"exp,minimum,pct_change"
op_case_1532,v21_maximum_extra_open_20,只保留 20 日开盘价变化和零之间的较大值。,"maximum(pct_change(open, 20), 0.0)",rare_operator_v21,"maximum,pct_change"
op_case_1533,v21_minimum_extra_open_20,只保留 20 日开盘价变化和零之间的较小值。,"minimum(pct_change(open, 20), 0.0)",rare_operator_v21,"minimum,pct_change"
op_case_1534,v21_maximum_extra_close_2,只保留 2 日收盘价变化和零之间的较大值。,"maximum(pct_change(close, 2), 0.0)",rare_operator_v21,"maximum,pct_change"
op_case_1535,v21_minimum_extra_close_2,只保留 2 日收盘价变化和零之间的较小值。,"minimum(pct_change(close, 2), 0.0)",rare_operator_v21,"minimum,pct_change"
op_case_1536,v21_maximum_extra_close_7,只保留 7 日收盘价变化和零之间的较大值。,"maximum(pct_change(close, 7), 0.0)",rare_operator_v21,"maximum,pct_change"
op_case_1537,v21_minimum_extra_close_7,只保留 7 日收盘价变化和零之间的较小值。,"minimum(pct_change(close, 7), 0.0)",rare_operator_v21,"minimum,pct_change"
op_case_1538,v21_power_square_root_close_15,对 15 日收盘价变化绝对值做 0.25 次幂，进一步压缩极端值。,"power(absolute(pct_change(close, 15)), 0.25)",rare_operator_v21,"power,absolute,pct_change"
op_case_1539,v21_exp_extra_close_15,对截断后的 15 日收盘价变化做指数变换。,"exp(minimum(pct_change(close, 15), 0.1))",rare_operator_v21,"exp,minimum,pct_change"
op_case_1540,v21_maximum_extra_close_15,只保留 15 日收盘价变化和零之间的较大值。,"maximum(pct_change(close, 15), 0.0)",rare_operator_v21,"maximum,pct_change"
op_case_1541,v21_minimum_extra_close_15,只保留 15 日收盘价变化和零之间的较小值。,"minimum(pct_change(close, 15), 0.0)",rare_operator_v21,"minimum,pct_change"
op_case_1542,v21_power_square_root_close_20,对 20 日收盘价变化绝对值做 0.25 次幂，进一步压缩极端值。,"power(absolute(pct_change(close, 20)), 0.25)",rare_operator_v21,"power,absolute,pct_change"
op_case_1543,v21_power_extra_high_2,对 2 日最高价变化绝对值做 0.5 次幂。,"power(absolute(pct_change(high, 2)), 0.5)",rare_operator_v21,"power,absolute,pct_change"
op_case_1544,v21_power_square_root_high_2,对 2 日最高价变化绝对值做 0.25 次幂，进一步压缩极端值。,"power(absolute(pct_change(high, 2)), 0.25)",rare_operator_v21,"power,absolute,pct_change"
op_case_1545,v21_exp_extra_high_2,对截断后的 2 日最高价变化做指数变换。,"exp(minimum(pct_change(high, 2), 0.1))",rare_operator_v21,"exp,minimum,pct_change"
op_case_1546,v21_maximum_extra_high_2,只保留 2 日最高价变化和零之间的较大值。,"maximum(pct_change(high, 2), 0.0)",rare_operator_v21,"maximum,pct_change"
op_case_1547,v21_minimum_extra_high_2,只保留 2 日最高价变化和零之间的较小值。,"minimum(pct_change(high, 2), 0.0)",rare_operator_v21,"minimum,pct_change"
op_case_1548,v21_power_extra_high_3,对 3 日最高价变化绝对值做 0.5 次幂。,"power(absolute(pct_change(high, 3)), 0.5)",rare_operator_v21,"power,absolute,pct_change"
op_case_1549,v21_power_square_root_high_3,对 3 日最高价变化绝对值做 0.25 次幂，进一步压缩极端值。,"power(absolute(pct_change(high, 3)), 0.25)",rare_operator_v21,"power,absolute,pct_change"
op_case_1550,v21_exp_extra_high_3,对截断后的 3 日最高价变化做指数变换。,"exp(minimum(pct_change(high, 3), 0.1))",rare_operator_v21,"exp,minimum,pct_change"
op_case_1551,v21_maximum_extra_high_3,只保留 3 日最高价变化和零之间的较大值。,"maximum(pct_change(high, 3), 0.0)",rare_operator_v21,"maximum,pct_change"
op_case_1552,v21_minimum_extra_high_3,只保留 3 日最高价变化和零之间的较小值。,"minimum(pct_change(high, 3), 0.0)",rare_operator_v21,"minimum,pct_change"
op_case_1553,v21_power_extra_high_5,对 5 日最高价变化绝对值做 0.5 次幂。,"power(absolute(pct_change(high, 5)), 0.5)",rare_operator_v21,"power,absolute,pct_change"
op_case_1554,v21_power_square_root_high_5,对 5 日最高价变化绝对值做 0.25 次幂，进一步压缩极端值。,"power(absolute(pct_change(high, 5)), 0.25)",rare_operator_v21,"power,absolute,pct_change"
op_case_1555,v21_exp_extra_high_5,对截断后的 5 日最高价变化做指数变换。,"exp(minimum(pct_change(high, 5), 0.1))",rare_operator_v21,"exp,minimum,pct_change"
op_case_1556,v21_maximum_extra_high_5,只保留 5 日最高价变化和零之间的较大值。,"maximum(pct_change(high, 5), 0.0)",rare_operator_v21,"maximum,pct_change"
op_case_1557,v21_minimum_extra_high_5,只保留 5 日最高价变化和零之间的较小值。,"minimum(pct_change(high, 5), 0.0)",rare_operator_v21,"minimum,pct_change"
op_case_1558,v21_power_extra_high_7,对 7 日最高价变化绝对值做 0.5 次幂。,"power(absolute(pct_change(high, 7)), 0.5)",rare_operator_v21,"power,absolute,pct_change"
op_case_1559,v21_power_square_root_high_7,对 7 日最高价变化绝对值做 0.25 次幂，进一步压缩极端值。,"power(absolute(pct_change(high, 7)), 0.25)",rare_operator_v21,"power,absolute,pct_change"
op_case_1560,v21_exp_extra_high_7,对截断后的 7 日最高价变化做指数变换。,"exp(minimum(pct_change(high, 7), 0.1))",rare_operator_v21,"exp,minimum,pct_change"
op_case_1561,v21_log10_extra_high_7,对 7 日最高价变化绝对值加一后取 10 底对数。,"log10(add(1.0, absolute(pct_change(high, 7))))",rare_operator_v21,"log10,add,absolute,pct_change"
op_case_1562,v21_maximum_extra_high_7,只保留 7 日最高价变化和零之间的较大值。,"maximum(pct_change(high, 7), 0.0)",rare_operator_v21,"maximum,pct_change"
op_case_1563,v21_minimum_extra_high_7,只保留 7 日最高价变化和零之间的较小值。,"minimum(pct_change(high, 7), 0.0)",rare_operator_v21,"minimum,pct_change"
op_case_1564,v21_power_extra_high_10,对 10 日最高价变化绝对值做 0.5 次幂。,"power(absolute(pct_change(high, 10)), 0.5)",rare_operator_v21,"power,absolute,pct_change"
op_case_1565,v21_power_square_root_high_10,对 10 日最高价变化绝对值做 0.25 次幂，进一步压缩极端值。,"power(absolute(pct_change(high, 10)), 0.25)",rare_operator_v21,"power,absolute,pct_change"
op_case_1566,v21_exp_extra_high_10,对截断后的 10 日最高价变化做指数变换。,"exp(minimum(pct_change(high, 10), 0.1))",rare_operator_v21,"exp,minimum,pct_change"
op_case_1567,v21_log10_extra_high_10,对 10 日最高价变化绝对值加一后取 10 底对数。,"log10(add(1.0, absolute(pct_change(high, 10))))",rare_operator_v21,"log10,add,absolute,pct_change"
op_case_1568,v21_maximum_extra_high_10,只保留 10 日最高价变化和零之间的较大值。,"maximum(pct_change(high, 10), 0.0)",rare_operator_v21,"maximum,pct_change"
op_case_1569,v21_minimum_extra_high_10,只保留 10 日最高价变化和零之间的较小值。,"minimum(pct_change(high, 10), 0.0)",rare_operator_v21,"minimum,pct_change"
op_case_1570,v21_power_extra_high_15,对 15 日最高价变化绝对值做 0.5 次幂。,"power(absolute(pct_change(high, 15)), 0.5)",rare_operator_v21,"power,absolute,pct_change"
op_case_1571,v21_power_square_root_high_15,对 15 日最高价变化绝对值做 0.25 次幂，进一步压缩极端值。,"power(absolute(pct_change(high, 15)), 0.25)",rare_operator_v21,"power,absolute,pct_change"
op_case_1572,v21_exp_extra_high_15,对截断后的 15 日最高价变化做指数变换。,"exp(minimum(pct_change(high, 15), 0.1))",rare_operator_v21,"exp,minimum,pct_change"
op_case_1573,v21_log10_extra_high_15,对 15 日最高价变化绝对值加一后取 10 底对数。,"log10(add(1.0, absolute(pct_change(high, 15))))",rare_operator_v21,"log10,add,absolute,pct_change"
op_case_1574,v21_maximum_extra_high_15,只保留 15 日最高价变化和零之间的较大值。,"maximum(pct_change(high, 15), 0.0)",rare_operator_v21,"maximum,pct_change"
op_case_1575,v21_minimum_extra_high_15,只保留 15 日最高价变化和零之间的较小值。,"minimum(pct_change(high, 15), 0.0)",rare_operator_v21,"minimum,pct_change"
op_case_1576,v21_power_extra_high_20,对 20 日最高价变化绝对值做 0.5 次幂。,"power(absolute(pct_change(high, 20)), 0.5)",rare_operator_v21,"power,absolute,pct_change"
op_case_1577,v21_power_square_root_high_20,对 20 日最高价变化绝对值做 0.25 次幂，进一步压缩极端值。,"power(absolute(pct_change(high, 20)), 0.25)",rare_operator_v21,"power,absolute,pct_change"
op_case_1578,v21_exp_extra_high_20,对截断后的 20 日最高价变化做指数变换。,"exp(minimum(pct_change(high, 20), 0.1))",rare_operator_v21,"exp,minimum,pct_change"
op_case_1579,v21_log10_extra_high_20,对 20 日最高价变化绝对值加一后取 10 底对数。,"log10(add(1.0, absolute(pct_change(high, 20))))",rare_operator_v21,"log10,add,absolute,pct_change"
op_case_1580,v21_maximum_extra_high_20,只保留 20 日最高价变化和零之间的较大值。,"maximum(pct_change(high, 20), 0.0)",rare_operator_v21,"maximum,pct_change"
op_case_1581,v21_minimum_extra_high_20,只保留 20 日最高价变化和零之间的较小值。,"minimum(pct_change(high, 20), 0.0)",rare_operator_v21,"minimum,pct_change"
op_case_1582,v21_power_extra_low_2,对 2 日最低价变化绝对值做 0.5 次幂。,"power(absolute(pct_change(low, 2)), 0.5)",rare_operator_v21,"power,absolute,pct_change"
op_case_1583,v21_power_square_root_low_2,对 2 日最低价变化绝对值做 0.25 次幂，进一步压缩极端值。,"power(absolute(pct_change(low, 2)), 0.25)",rare_operator_v21,"power,absolute,pct_change"
op_case_1584,v21_exp_extra_low_2,对截断后的 2 日最低价变化做指数变换。,"exp(minimum(pct_change(low, 2), 0.1))",rare_operator_v21,"exp,minimum,pct_change"
op_case_1585,v21_log10_extra_low_2,对 2 日最低价变化绝对值加一后取 10 底对数。,"log10(add(1.0, absolute(pct_change(low, 2))))",rare_operator_v21,"log10,add,absolute,pct_change"
op_case_1586,v21_maximum_extra_low_2,只保留 2 日最低价变化和零之间的较大值。,"maximum(pct_change(low, 2), 0.0)",rare_operator_v21,"maximum,pct_change"
op_case_1587,v21_minimum_extra_low_2,只保留 2 日最低价变化和零之间的较小值。,"minimum(pct_change(low, 2), 0.0)",rare_operator_v21,"minimum,pct_change"
op_case_1588,v21_power_extra_low_3,对 3 日最低价变化绝对值做 0.5 次幂。,"power(absolute(pct_change(low, 3)), 0.5)",rare_operator_v21,"power,absolute,pct_change"
op_case_1589,v21_power_square_root_low_3,对 3 日最低价变化绝对值做 0.25 次幂，进一步压缩极端值。,"power(absolute(pct_change(low, 3)), 0.25)",rare_operator_v21,"power,absolute,pct_change"
op_case_1590,v21_exp_extra_low_3,对截断后的 3 日最低价变化做指数变换。,"exp(minimum(pct_change(low, 3), 0.1))",rare_operator_v21,"exp,minimum,pct_change"
op_case_1591,v21_log10_extra_low_3,对 3 日最低价变化绝对值加一后取 10 底对数。,"log10(add(1.0, absolute(pct_change(low, 3))))",rare_operator_v21,"log10,add,absolute,pct_change"
op_case_1592,v21_maximum_extra_low_3,只保留 3 日最低价变化和零之间的较大值。,"maximum(pct_change(low, 3), 0.0)",rare_operator_v21,"maximum,pct_change"
op_case_1593,v21_minimum_extra_low_3,只保留 3 日最低价变化和零之间的较小值。,"minimum(pct_change(low, 3), 0.0)",rare_operator_v21,"minimum,pct_change"
op_case_1594,v21_power_extra_low_5,对 5 日最低价变化绝对值做 0.5 次幂。,"power(absolute(pct_change(low, 5)), 0.5)",rare_operator_v21,"power,absolute,pct_change"
op_case_1595,v21_power_square_root_low_5,对 5 日最低价变化绝对值做 0.25 次幂，进一步压缩极端值。,"power(absolute(pct_change(low, 5)), 0.25)",rare_operator_v21,"power,absolute,pct_change"
op_case_1596,v21_exp_extra_low_5,对截断后的 5 日最低价变化做指数变换。,"exp(minimum(pct_change(low, 5), 0.1))",rare_operator_v21,"exp,minimum,pct_change"
op_case_1597,v21_log10_extra_low_5,对 5 日最低价变化绝对值加一后取 10 底对数。,"log10(add(1.0, absolute(pct_change(low, 5))))",rare_operator_v21,"log10,add,absolute,pct_change"
op_case_1598,v21_maximum_extra_low_5,只保留 5 日最低价变化和零之间的较大值。,"maximum(pct_change(low, 5), 0.0)",rare_operator_v21,"maximum,pct_change"
op_case_1599,v21_minimum_extra_low_5,只保留 5 日最低价变化和零之间的较小值。,"minimum(pct_change(low, 5), 0.0)",rare_operator_v21,"minimum,pct_change"
op_case_1600,v21_power_extra_low_7,对 7 日最低价变化绝对值做 0.5 次幂。,"power(absolute(pct_change(low, 7)), 0.5)",rare_operator_v21,"power,absolute,pct_change"
op_case_1601,v21_power_square_root_low_7,对 7 日最低价变化绝对值做 0.25 次幂，进一步压缩极端值。,"power(absolute(pct_change(low, 7)), 0.25)",rare_operator_v21,"power,absolute,pct_change"
op_case_1602,v21_exp_extra_low_7,对截断后的 7 日最低价变化做指数变换。,"exp(minimum(pct_change(low, 7), 0.1))",rare_operator_v21,"exp,minimum,pct_change"
op_case_1603,v21_log10_extra_low_7,对 7 日最低价变化绝对值加一后取 10 底对数。,"log10(add(1.0, absolute(pct_change(low, 7))))",rare_operator_v21,"log10,add,absolute,pct_change"
op_case_1604,v21_maximum_extra_low_7,只保留 7 日最低价变化和零之间的较大值。,"maximum(pct_change(low, 7), 0.0)",rare_operator_v21,"maximum,pct_change"
op_case_1605,v21_minimum_extra_low_7,只保留 7 日最低价变化和零之间的较小值。,"minimum(pct_change(low, 7), 0.0)",rare_operator_v21,"minimum,pct_change"
op_case_1606,v21_power_extra_low_10,对 10 日最低价变化绝对值做 0.5 次幂。,"power(absolute(pct_change(low, 10)), 0.5)",rare_operator_v21,"power,absolute,pct_change"
op_case_1607,v21_power_square_root_low_10,对 10 日最低价变化绝对值做 0.25 次幂，进一步压缩极端值。,"power(absolute(pct_change(low, 10)), 0.25)",rare_operator_v21,"power,absolute,pct_change"
op_case_1608,v21_exp_extra_low_10,对截断后的 10 日最低价变化做指数变换。,"exp(minimum(pct_change(low, 10), 0.1))",rare_operator_v21,"exp,minimum,pct_change"
op_case_1609,v21_log10_extra_low_10,对 10 日最低价变化绝对值加一后取 10 底对数。,"log10(add(1.0, absolute(pct_change(low, 10))))",rare_operator_v21,"log10,add,absolute,pct_change"
op_case_1610,v21_maximum_extra_low_10,只保留 10 日最低价变化和零之间的较大值。,"maximum(pct_change(low, 10), 0.0)",rare_operator_v21,"maximum,pct_change"
op_case_1611,v21_minimum_extra_low_10,只保留 10 日最低价变化和零之间的较小值。,"minimum(pct_change(low, 10), 0.0)",rare_operator_v21,"minimum,pct_change"
op_case_1612,v21_power_extra_low_15,对 15 日最低价变化绝对值做 0.5 次幂。,"power(absolute(pct_change(low, 15)), 0.5)",rare_operator_v21,"power,absolute,pct_change"
op_case_1613,v21_power_square_root_low_15,对 15 日最低价变化绝对值做 0.25 次幂，进一步压缩极端值。,"power(absolute(pct_change(low, 15)), 0.25)",rare_operator_v21,"power,absolute,pct_change"
op_case_1614,v21_exp_extra_low_15,对截断后的 15 日最低价变化做指数变换。,"exp(minimum(pct_change(low, 15), 0.1))",rare_operator_v21,"exp,minimum,pct_change"
op_case_1615,v21_log10_extra_low_15,对 15 日最低价变化绝对值加一后取 10 底对数。,"log10(add(1.0, absolute(pct_change(low, 15))))",rare_operator_v21,"log10,add,absolute,pct_change"
op_case_1616,v21_maximum_extra_low_15,只保留 15 日最低价变化和零之间的较大值。,"maximum(pct_change(low, 15), 0.0)",rare_operator_v21,"maximum,pct_change"
op_case_1617,v21_minimum_extra_low_15,只保留 15 日最低价变化和零之间的较小值。,"minimum(pct_change(low, 15), 0.0)",rare_operator_v21,"minimum,pct_change"
op_case_1618,v21_power_extra_low_20,对 20 日最低价变化绝对值做 0.5 次幂。,"power(absolute(pct_change(low, 20)), 0.5)",rare_operator_v21,"power,absolute,pct_change"
op_case_1619,v21_power_square_root_low_20,对 20 日最低价变化绝对值做 0.25 次幂，进一步压缩极端值。,"power(absolute(pct_change(low, 20)), 0.25)",rare_operator_v21,"power,absolute,pct_change"
op_case_1620,v21_exp_extra_low_20,对截断后的 20 日最低价变化做指数变换。,"exp(minimum(pct_change(low, 20), 0.1))",rare_operator_v21,"exp,minimum,pct_change"
op_case_1621,v21_log10_extra_low_20,对 20 日最低价变化绝对值加一后取 10 底对数。,"log10(add(1.0, absolute(pct_change(low, 20))))",rare_operator_v21,"log10,add,absolute,pct_change"
op_case_1622,v21_maximum_extra_low_20,只保留 20 日最低价变化和零之间的较大值。,"maximum(pct_change(low, 20), 0.0)",rare_operator_v21,"maximum,pct_change"
op_case_1623,v21_minimum_extra_low_20,只保留 20 日最低价变化和零之间的较小值。,"minimum(pct_change(low, 20), 0.0)",rare_operator_v21,"minimum,pct_change"
op_case_1624,v21_power_extra_volume_2,对 2 日成交量变化绝对值做 0.5 次幂。,"power(absolute(pct_change(volume, 2)), 0.5)",rare_operator_v21,"power,absolute,pct_change"
op_case_1625,v21_power_square_root_volume_2,对 2 日成交量变化绝对值做 0.25 次幂，进一步压缩极端值。,"power(absolute(pct_change(volume, 2)), 0.25)",rare_operator_v21,"power,absolute,pct_change"
op_case_1626,v21_exp_extra_volume_2,对截断后的 2 日成交量变化做指数变换。,"exp(minimum(pct_change(volume, 2), 0.1))",rare_operator_v21,"exp,minimum,pct_change"
op_case_1627,v21_log10_extra_volume_2,对 2 日成交量变化绝对值加一后取 10 底对数。,"log10(add(1.0, absolute(pct_change(volume, 2))))",rare_operator_v21,"log10,add,absolute,pct_change"
op_case_1628,v21_maximum_extra_volume_2,只保留 2 日成交量变化和零之间的较大值。,"maximum(pct_change(volume, 2), 0.0)",rare_operator_v21,"maximum,pct_change"
op_case_1629,v21_minimum_extra_volume_2,只保留 2 日成交量变化和零之间的较小值。,"minimum(pct_change(volume, 2), 0.0)",rare_operator_v21,"minimum,pct_change"
op_case_1630,v21_power_extra_volume_3,对 3 日成交量变化绝对值做 0.5 次幂。,"power(absolute(pct_change(volume, 3)), 0.5)",rare_operator_v21,"power,absolute,pct_change"
op_case_1631,v21_power_square_root_volume_3,对 3 日成交量变化绝对值做 0.25 次幂，进一步压缩极端值。,"power(absolute(pct_change(volume, 3)), 0.25)",rare_operator_v21,"power,absolute,pct_change"
op_case_1632,v21_exp_extra_volume_3,对截断后的 3 日成交量变化做指数变换。,"exp(minimum(pct_change(volume, 3), 0.1))",rare_operator_v21,"exp,minimum,pct_change"
op_case_1633,v21_log10_extra_volume_3,对 3 日成交量变化绝对值加一后取 10 底对数。,"log10(add(1.0, absolute(pct_change(volume, 3))))",rare_operator_v21,"log10,add,absolute,pct_change"
op_case_1634,v21_maximum_extra_volume_3,只保留 3 日成交量变化和零之间的较大值。,"maximum(pct_change(volume, 3), 0.0)",rare_operator_v21,"maximum,pct_change"
op_case_1635,v21_minimum_extra_volume_3,只保留 3 日成交量变化和零之间的较小值。,"minimum(pct_change(volume, 3), 0.0)",rare_operator_v21,"minimum,pct_change"
op_case_1636,v21_power_extra_volume_5,对 5 日成交量变化绝对值做 0.5 次幂。,"power(absolute(pct_change(volume, 5)), 0.5)",rare_operator_v21,"power,absolute,pct_change"
op_case_1637,v21_power_square_root_volume_5,对 5 日成交量变化绝对值做 0.25 次幂，进一步压缩极端值。,"power(absolute(pct_change(volume, 5)), 0.25)",rare_operator_v21,"power,absolute,pct_change"
op_case_1638,v21_exp_extra_volume_5,对截断后的 5 日成交量变化做指数变换。,"exp(minimum(pct_change(volume, 5), 0.1))",rare_operator_v21,"exp,minimum,pct_change"
op_case_1639,v21_log10_extra_volume_5,对 5 日成交量变化绝对值加一后取 10 底对数。,"log10(add(1.0, absolute(pct_change(volume, 5))))",rare_operator_v21,"log10,add,absolute,pct_change"
op_case_1640,v21_maximum_extra_volume_5,只保留 5 日成交量变化和零之间的较大值。,"maximum(pct_change(volume, 5), 0.0)",rare_operator_v21,"maximum,pct_change"
op_case_1641,v21_minimum_extra_volume_5,只保留 5 日成交量变化和零之间的较小值。,"minimum(pct_change(volume, 5), 0.0)",rare_operator_v21,"minimum,pct_change"
op_case_1642,v21_power_extra_volume_7,对 7 日成交量变化绝对值做 0.5 次幂。,"power(absolute(pct_change(volume, 7)), 0.5)",rare_operator_v21,"power,absolute,pct_change"
op_case_1643,v21_power_square_root_volume_7,对 7 日成交量变化绝对值做 0.25 次幂，进一步压缩极端值。,"power(absolute(pct_change(volume, 7)), 0.25)",rare_operator_v21,"power,absolute,pct_change"
op_case_1644,v21_exp_extra_volume_7,对截断后的 7 日成交量变化做指数变换。,"exp(minimum(pct_change(volume, 7), 0.1))",rare_operator_v21,"exp,minimum,pct_change"
op_case_1645,v21_log10_extra_volume_7,对 7 日成交量变化绝对值加一后取 10 底对数。,"log10(add(1.0, absolute(pct_change(volume, 7))))",rare_operator_v21,"log10,add,absolute,pct_change"
op_case_1646,v21_maximum_extra_volume_7,只保留 7 日成交量变化和零之间的较大值。,"maximum(pct_change(volume, 7), 0.0)",rare_operator_v21,"maximum,pct_change"
op_case_1647,v21_minimum_extra_volume_7,只保留 7 日成交量变化和零之间的较小值。,"minimum(pct_change(volume, 7), 0.0)",rare_operator_v21,"minimum,pct_change"
op_case_1648,v21_power_extra_volume_10,对 10 日成交量变化绝对值做 0.5 次幂。,"power(absolute(pct_change(volume, 10)), 0.5)",rare_operator_v21,"power,absolute,pct_change"
op_case_1649,v21_power_square_root_volume_10,对 10 日成交量变化绝对值做 0.25 次幂，进一步压缩极端值。,"power(absolute(pct_change(volume, 10)), 0.25)",rare_operator_v21,"power,absolute,pct_change"
op_case_1650,v21_exp_extra_volume_10,对截断后的 10 日成交量变化做指数变换。,"exp(minimum(pct_change(volume, 10), 0.1))",rare_operator_v21,"exp,minimum,pct_change"
op_case_1651,v21_log10_extra_volume_10,对 10 日成交量变化绝对值加一后取 10 底对数。,"log10(add(1.0, absolute(pct_change(volume, 10))))",rare_operator_v21,"log10,add,absolute,pct_change"
op_case_1652,v21_maximum_extra_volume_10,只保留 10 日成交量变化和零之间的较大值。,"maximum(pct_change(volume, 10), 0.0)",rare_operator_v21,"maximum,pct_change"
op_case_1653,v21_minimum_extra_volume_10,只保留 10 日成交量变化和零之间的较小值。,"minimum(pct_change(volume, 10), 0.0)",rare_operator_v21,"minimum,pct_change"
op_case_1654,v21_power_extra_volume_15,对 15 日成交量变化绝对值做 0.5 次幂。,"power(absolute(pct_change(volume, 15)), 0.5)",rare_operator_v21,"power,absolute,pct_change"
op_case_1655,v21_power_square_root_volume_15,对 15 日成交量变化绝对值做 0.25 次幂，进一步压缩极端值。,"power(absolute(pct_change(volume, 15)), 0.25)",rare_operator_v21,"power,absolute,pct_change"
op_case_1656,v21_exp_extra_volume_15,对截断后的 15 日成交量变化做指数变换。,"exp(minimum(pct_change(volume, 15), 0.1))",rare_operator_v21,"exp,minimum,pct_change"
op_case_1657,v21_log10_extra_volume_15,对 15 日成交量变化绝对值加一后取 10 底对数。,"log10(add(1.0, absolute(pct_change(volume, 15))))",rare_operator_v21,"log10,add,absolute,pct_change"
op_case_1658,v21_maximum_extra_volume_15,只保留 15 日成交量变化和零之间的较大值。,"maximum(pct_change(volume, 15), 0.0)",rare_operator_v21,"maximum,pct_change"
op_case_1659,v21_minimum_extra_volume_15,只保留 15 日成交量变化和零之间的较小值。,"minimum(pct_change(volume, 15), 0.0)",rare_operator_v21,"minimum,pct_change"
op_case_1660,v21_power_extra_volume_20,对 20 日成交量变化绝对值做 0.5 次幂。,"power(absolute(pct_change(volume, 20)), 0.5)",rare_operator_v21,"power,absolute,pct_change"
op_case_1661,v21_power_square_root_volume_20,对 20 日成交量变化绝对值做 0.25 次幂，进一步压缩极端值。,"power(absolute(pct_change(volume, 20)), 0.25)",rare_operator_v21,"power,absolute,pct_change"
op_case_1662,v21_exp_extra_volume_20,对截断后的 20 日成交量变化做指数变换。,"exp(minimum(pct_change(volume, 20), 0.1))",rare_operator_v21,"exp,minimum,pct_change"
op_case_1663,v21_log10_extra_volume_20,对 20 日成交量变化绝对值加一后取 10 底对数。,"log10(add(1.0, absolute(pct_change(volume, 20))))",rare_operator_v21,"log10,add,absolute,pct_change"
op_case_1664,v21_maximum_extra_volume_20,只保留 20 日成交量变化和零之间的较大值。,"maximum(pct_change(volume, 20), 0.0)",rare_operator_v21,"maximum,pct_change"
op_case_1665,v21_minimum_extra_volume_20,只保留 20 日成交量变化和零之间的较小值。,"minimum(pct_change(volume, 20), 0.0)",rare_operator_v21,"minimum,pct_change"
op_case_1666,v21_power_extra_vwap_2,对 2 日成交量加权平均价变化绝对值做 0.5 次幂。,"power(absolute(pct_change(vwap, 2)), 0.5)",rare_operator_v21,"power,absolute,pct_change"
op_case_1667,v21_power_square_root_vwap_2,对 2 日成交量加权平均价变化绝对值做 0.25 次幂，进一步压缩极端值。,"power(absolute(pct_change(vwap, 2)), 0.25)",rare_operator_v21,"power,absolute,pct_change"
op_case_1668,v21_exp_extra_vwap_2,对截断后的 2 日成交量加权平均价变化做指数变换。,"exp(minimum(pct_change(vwap, 2), 0.1))",rare_operator_v21,"exp,minimum,pct_change"
op_case_1669,v21_log10_extra_vwap_2,对 2 日成交量加权平均价变化绝对值加一后取 10 底对数。,"log10(add(1.0, absolute(pct_change(vwap, 2))))",rare_operator_v21,"log10,add,absolute,pct_change"
op_case_1670,v21_maximum_extra_vwap_2,只保留 2 日成交量加权平均价变化和零之间的较大值。,"maximum(pct_change(vwap, 2), 0.0)",rare_operator_v21,"maximum,pct_change"
op_case_1671,v21_minimum_extra_vwap_2,只保留 2 日成交量加权平均价变化和零之间的较小值。,"minimum(pct_change(vwap, 2), 0.0)",rare_operator_v21,"minimum,pct_change"
op_case_1672,v21_power_extra_vwap_3,对 3 日成交量加权平均价变化绝对值做 0.5 次幂。,"power(absolute(pct_change(vwap, 3)), 0.5)",rare_operator_v21,"power,absolute,pct_change"
op_case_1673,v21_power_square_root_vwap_3,对 3 日成交量加权平均价变化绝对值做 0.25 次幂，进一步压缩极端值。,"power(absolute(pct_change(vwap, 3)), 0.25)",rare_operator_v21,"power,absolute,pct_change"
op_case_1674,v21_exp_extra_vwap_3,对截断后的 3 日成交量加权平均价变化做指数变换。,"exp(minimum(pct_change(vwap, 3), 0.1))",rare_operator_v21,"exp,minimum,pct_change"
op_case_1675,v21_log10_extra_vwap_3,对 3 日成交量加权平均价变化绝对值加一后取 10 底对数。,"log10(add(1.0, absolute(pct_change(vwap, 3))))",rare_operator_v21,"log10,add,absolute,pct_change"
op_case_1676,v21_maximum_extra_vwap_3,只保留 3 日成交量加权平均价变化和零之间的较大值。,"maximum(pct_change(vwap, 3), 0.0)",rare_operator_v21,"maximum,pct_change"
op_case_1677,v21_minimum_extra_vwap_3,只保留 3 日成交量加权平均价变化和零之间的较小值。,"minimum(pct_change(vwap, 3), 0.0)",rare_operator_v21,"minimum,pct_change"
op_case_1678,v21_power_extra_vwap_5,对 5 日成交量加权平均价变化绝对值做 0.5 次幂。,"power(absolute(pct_change(vwap, 5)), 0.5)",rare_operator_v21,"power,absolute,pct_change"
op_case_1679,v21_power_square_root_vwap_5,对 5 日成交量加权平均价变化绝对值做 0.25 次幂，进一步压缩极端值。,"power(absolute(pct_change(vwap, 5)), 0.25)",rare_operator_v21,"power,absolute,pct_change"
op_case_1680,v21_exp_extra_vwap_5,对截断后的 5 日成交量加权平均价变化做指数变换。,"exp(minimum(pct_change(vwap, 5), 0.1))",rare_operator_v21,"exp,minimum,pct_change"
op_case_1681,v21_log10_extra_vwap_5,对 5 日成交量加权平均价变化绝对值加一后取 10 底对数。,"log10(add(1.0, absolute(pct_change(vwap, 5))))",rare_operator_v21,"log10,add,absolute,pct_change"
op_case_1682,v21_maximum_extra_vwap_5,只保留 5 日成交量加权平均价变化和零之间的较大值。,"maximum(pct_change(vwap, 5), 0.0)",rare_operator_v21,"maximum,pct_change"
op_case_1683,v21_minimum_extra_vwap_5,只保留 5 日成交量加权平均价变化和零之间的较小值。,"minimum(pct_change(vwap, 5), 0.0)",rare_operator_v21,"minimum,pct_change"
op_case_1684,v21_power_extra_vwap_7,对 7 日成交量加权平均价变化绝对值做 0.5 次幂。,"power(absolute(pct_change(vwap, 7)), 0.5)",rare_operator_v21,"power,absolute,pct_change"
op_case_1685,v21_power_square_root_vwap_7,对 7 日成交量加权平均价变化绝对值做 0.25 次幂，进一步压缩极端值。,"power(absolute(pct_change(vwap, 7)), 0.25)",rare_operator_v21,"power,absolute,pct_change"
op_case_1686,v21_exp_extra_vwap_7,对截断后的 7 日成交量加权平均价变化做指数变换。,"exp(minimum(pct_change(vwap, 7), 0.1))",rare_operator_v21,"exp,minimum,pct_change"
op_case_1687,v21_log10_extra_vwap_7,对 7 日成交量加权平均价变化绝对值加一后取 10 底对数。,"log10(add(1.0, absolute(pct_change(vwap, 7))))",rare_operator_v21,"log10,add,absolute,pct_change"
op_case_1688,v21_maximum_extra_vwap_7,只保留 7 日成交量加权平均价变化和零之间的较大值。,"maximum(pct_change(vwap, 7), 0.0)",rare_operator_v21,"maximum,pct_change"
op_case_1689,v21_minimum_extra_vwap_7,只保留 7 日成交量加权平均价变化和零之间的较小值。,"minimum(pct_change(vwap, 7), 0.0)",rare_operator_v21,"minimum,pct_change"
op_case_1690,v21_power_extra_vwap_10,对 10 日成交量加权平均价变化绝对值做 0.5 次幂。,"power(absolute(pct_change(vwap, 10)), 0.5)",rare_operator_v21,"power,absolute,pct_change"
op_case_1691,v21_power_square_root_vwap_10,对 10 日成交量加权平均价变化绝对值做 0.25 次幂，进一步压缩极端值。,"power(absolute(pct_change(vwap, 10)), 0.25)",rare_operator_v21,"power,absolute,pct_change"
op_case_1692,v21_exp_extra_vwap_10,对截断后的 10 日成交量加权平均价变化做指数变换。,"exp(minimum(pct_change(vwap, 10), 0.1))",rare_operator_v21,"exp,minimum,pct_change"
op_case_1693,v21_log10_extra_vwap_10,对 10 日成交量加权平均价变化绝对值加一后取 10 底对数。,"log10(add(1.0, absolute(pct_change(vwap, 10))))",rare_operator_v21,"log10,add,absolute,pct_change"
op_case_1694,v21_maximum_extra_vwap_10,只保留 10 日成交量加权平均价变化和零之间的较大值。,"maximum(pct_change(vwap, 10), 0.0)",rare_operator_v21,"maximum,pct_change"
op_case_1695,v21_minimum_extra_vwap_10,只保留 10 日成交量加权平均价变化和零之间的较小值。,"minimum(pct_change(vwap, 10), 0.0)",rare_operator_v21,"minimum,pct_change"
op_case_1696,v21_power_extra_vwap_15,对 15 日成交量加权平均价变化绝对值做 0.5 次幂。,"power(absolute(pct_change(vwap, 15)), 0.5)",rare_operator_v21,"power,absolute,pct_change"
op_case_1697,v21_power_square_root_vwap_15,对 15 日成交量加权平均价变化绝对值做 0.25 次幂，进一步压缩极端值。,"power(absolute(pct_change(vwap, 15)), 0.25)",rare_operator_v21,"power,absolute,pct_change"
op_case_1698,v21_exp_extra_vwap_15,对截断后的 15 日成交量加权平均价变化做指数变换。,"exp(minimum(pct_change(vwap, 15), 0.1))",rare_operator_v21,"exp,minimum,pct_change"
op_case_1699,v21_log10_extra_vwap_15,对 15 日成交量加权平均价变化绝对值加一后取 10 底对数。,"log10(add(1.0, absolute(pct_change(vwap, 15))))",rare_operator_v21,"log10,add,absolute,pct_change"
op_case_1700,v21_maximum_extra_vwap_15,只保留 15 日成交量加权平均价变化和零之间的较大值。,"maximum(pct_change(vwap, 15), 0.0)",rare_operator_v21,"maximum,pct_change"
op_case_1701,v21_minimum_extra_vwap_15,只保留 15 日成交量加权平均价变化和零之间的较小值。,"minimum(pct_change(vwap, 15), 0.0)",rare_operator_v21,"minimum,pct_change"
op_case_1702,v21_power_extra_vwap_20,对 20 日成交量加权平均价变化绝对值做 0.5 次幂。,"power(absolute(pct_change(vwap, 20)), 0.5)",rare_operator_v21,"power,absolute,pct_change"
op_case_1703,v21_power_square_root_vwap_20,对 20 日成交量加权平均价变化绝对值做 0.25 次幂，进一步压缩极端值。,"power(absolute(pct_change(vwap, 20)), 0.25)",rare_operator_v21,"power,absolute,pct_change"
op_case_1704,v21_exp_extra_vwap_20,对截断后的 20 日成交量加权平均价变化做指数变换。,"exp(minimum(pct_change(vwap, 20), 0.1))",rare_operator_v21,"exp,minimum,pct_change"
op_case_1705,v21_log10_extra_vwap_20,对 20 日成交量加权平均价变化绝对值加一后取 10 底对数。,"log10(add(1.0, absolute(pct_change(vwap, 20))))",rare_operator_v21,"log10,add,absolute,pct_change"
op_case_1706,v21_maximum_extra_vwap_20,只保留 20 日成交量加权平均价变化和零之间的较大值。,"maximum(pct_change(vwap, 20), 0.0)",rare_operator_v21,"maximum,pct_change"
op_case_1707,v21_minimum_extra_vwap_20,只保留 20 日成交量加权平均价变化和零之间的较小值。,"minimum(pct_change(vwap, 20), 0.0)",rare_operator_v21,"minimum,pct_change"
op_case_1708,v21_power_extra_pb_2,对 2 日市净率 PB变化绝对值做 0.5 次幂。,"power(absolute(pct_change(pb, 2)), 0.5)",rare_operator_v21,"power,absolute,pct_change"
op_case_1709,v21_power_square_root_pb_2,对 2 日市净率 PB变化绝对值做 0.25 次幂，进一步压缩极端值。,"power(absolute(pct_change(pb, 2)), 0.25)",rare_operator_v21,"power,absolute,pct_change"
op_case_1710,v21_exp_extra_pb_2,对截断后的 2 日市净率 PB变化做指数变换。,"exp(minimum(pct_change(pb, 2), 0.1))",rare_operator_v21,"exp,minimum,pct_change"
op_case_1711,v21_log10_extra_pb_2,对 2 日市净率 PB变化绝对值加一后取 10 底对数。,"log10(add(1.0, absolute(pct_change(pb, 2))))",rare_operator_v21,"log10,add,absolute,pct_change"
op_case_1712,v21_maximum_extra_pb_2,只保留 2 日市净率 PB变化和零之间的较大值。,"maximum(pct_change(pb, 2), 0.0)",rare_operator_v21,"maximum,pct_change"
op_case_1713,v21_minimum_extra_pb_2,只保留 2 日市净率 PB变化和零之间的较小值。,"minimum(pct_change(pb, 2), 0.0)",rare_operator_v21,"minimum,pct_change"
op_case_1714,v21_power_extra_pb_3,对 3 日市净率 PB变化绝对值做 0.5 次幂。,"power(absolute(pct_change(pb, 3)), 0.5)",rare_operator_v21,"power,absolute,pct_change"
op_case_1715,v21_power_square_root_pb_3,对 3 日市净率 PB变化绝对值做 0.25 次幂，进一步压缩极端值。,"power(absolute(pct_change(pb, 3)), 0.25)",rare_operator_v21,"power,absolute,pct_change"
op_case_1716,v21_exp_extra_pb_3,对截断后的 3 日市净率 PB变化做指数变换。,"exp(minimum(pct_change(pb, 3), 0.1))",rare_operator_v21,"exp,minimum,pct_change"
op_case_1717,v21_log10_extra_pb_3,对 3 日市净率 PB变化绝对值加一后取 10 底对数。,"log10(add(1.0, absolute(pct_change(pb, 3))))",rare_operator_v21,"log10,add,absolute,pct_change"
op_case_1718,v21_maximum_extra_pb_3,只保留 3 日市净率 PB变化和零之间的较大值。,"maximum(pct_change(pb, 3), 0.0)",rare_operator_v21,"maximum,pct_change"
op_case_1719,v21_minimum_extra_pb_3,只保留 3 日市净率 PB变化和零之间的较小值。,"minimum(pct_change(pb, 3), 0.0)",rare_operator_v21,"minimum,pct_change"
op_case_1720,v21_power_extra_pb_5,对 5 日市净率 PB变化绝对值做 0.5 次幂。,"power(absolute(pct_change(pb, 5)), 0.5)",rare_operator_v21,"power,absolute,pct_change"
op_case_1721,v21_power_square_root_pb_5,对 5 日市净率 PB变化绝对值做 0.25 次幂，进一步压缩极端值。,"power(absolute(pct_change(pb, 5)), 0.25)",rare_operator_v21,"power,absolute,pct_change"
op_case_1722,v21_exp_extra_pb_5,对截断后的 5 日市净率 PB变化做指数变换。,"exp(minimum(pct_change(pb, 5), 0.1))",rare_operator_v21,"exp,minimum,pct_change"
op_case_1723,v21_log10_extra_pb_5,对 5 日市净率 PB变化绝对值加一后取 10 底对数。,"log10(add(1.0, absolute(pct_change(pb, 5))))",rare_operator_v21,"log10,add,absolute,pct_change"
op_case_1724,v21_maximum_extra_pb_5,只保留 5 日市净率 PB变化和零之间的较大值。,"maximum(pct_change(pb, 5), 0.0)",rare_operator_v21,"maximum,pct_change"
op_case_1725,v21_minimum_extra_pb_5,只保留 5 日市净率 PB变化和零之间的较小值。,"minimum(pct_change(pb, 5), 0.0)",rare_operator_v21,"minimum,pct_change"
op_case_1726,v21_power_extra_pb_7,对 7 日市净率 PB变化绝对值做 0.5 次幂。,"power(absolute(pct_change(pb, 7)), 0.5)",rare_operator_v21,"power,absolute,pct_change"
op_case_1727,v21_power_square_root_pb_7,对 7 日市净率 PB变化绝对值做 0.25 次幂，进一步压缩极端值。,"power(absolute(pct_change(pb, 7)), 0.25)",rare_operator_v21,"power,absolute,pct_change"
op_case_1728,v21_exp_extra_pb_7,对截断后的 7 日市净率 PB变化做指数变换。,"exp(minimum(pct_change(pb, 7), 0.1))",rare_operator_v21,"exp,minimum,pct_change"
op_case_1729,v21_log10_extra_pb_7,对 7 日市净率 PB变化绝对值加一后取 10 底对数。,"log10(add(1.0, absolute(pct_change(pb, 7))))",rare_operator_v21,"log10,add,absolute,pct_change"
op_case_1730,v21_maximum_extra_pb_7,只保留 7 日市净率 PB变化和零之间的较大值。,"maximum(pct_change(pb, 7), 0.0)",rare_operator_v21,"maximum,pct_change"
op_case_1731,v21_minimum_extra_pb_7,只保留 7 日市净率 PB变化和零之间的较小值。,"minimum(pct_change(pb, 7), 0.0)",rare_operator_v21,"minimum,pct_change"
op_case_1732,v21_power_extra_pb_10,对 10 日市净率 PB变化绝对值做 0.5 次幂。,"power(absolute(pct_change(pb, 10)), 0.5)",rare_operator_v21,"power,absolute,pct_change"
op_case_1733,v21_power_square_root_pb_10,对 10 日市净率 PB变化绝对值做 0.25 次幂，进一步压缩极端值。,"power(absolute(pct_change(pb, 10)), 0.25)",rare_operator_v21,"power,absolute,pct_change"
op_case_1734,v21_exp_extra_pb_10,对截断后的 10 日市净率 PB变化做指数变换。,"exp(minimum(pct_change(pb, 10), 0.1))",rare_operator_v21,"exp,minimum,pct_change"
op_case_1735,v21_log10_extra_pb_10,对 10 日市净率 PB变化绝对值加一后取 10 底对数。,"log10(add(1.0, absolute(pct_change(pb, 10))))",rare_operator_v21,"log10,add,absolute,pct_change"
op_case_1736,v21_maximum_extra_pb_10,只保留 10 日市净率 PB变化和零之间的较大值。,"maximum(pct_change(pb, 10), 0.0)",rare_operator_v21,"maximum,pct_change"
op_case_1737,v21_minimum_extra_pb_10,只保留 10 日市净率 PB变化和零之间的较小值。,"minimum(pct_change(pb, 10), 0.0)",rare_operator_v21,"minimum,pct_change"
op_case_1738,v21_power_extra_pb_15,对 15 日市净率 PB变化绝对值做 0.5 次幂。,"power(absolute(pct_change(pb, 15)), 0.5)",rare_operator_v21,"power,absolute,pct_change"
op_case_1739,v21_power_square_root_pb_15,对 15 日市净率 PB变化绝对值做 0.25 次幂，进一步压缩极端值。,"power(absolute(pct_change(pb, 15)), 0.25)",rare_operator_v21,"power,absolute,pct_change"
op_case_1740,v21_exp_extra_pb_15,对截断后的 15 日市净率 PB变化做指数变换。,"exp(minimum(pct_change(pb, 15), 0.1))",rare_operator_v21,"exp,minimum,pct_change"
op_case_1741,v21_log10_extra_pb_15,对 15 日市净率 PB变化绝对值加一后取 10 底对数。,"log10(add(1.0, absolute(pct_change(pb, 15))))",rare_operator_v21,"log10,add,absolute,pct_change"
op_case_1742,v21_maximum_extra_pb_15,只保留 15 日市净率 PB变化和零之间的较大值。,"maximum(pct_change(pb, 15), 0.0)",rare_operator_v21,"maximum,pct_change"
op_case_1743,v21_minimum_extra_pb_15,只保留 15 日市净率 PB变化和零之间的较小值。,"minimum(pct_change(pb, 15), 0.0)",rare_operator_v21,"minimum,pct_change"
op_case_1744,v21_power_extra_pb_20,对 20 日市净率 PB变化绝对值做 0.5 次幂。,"power(absolute(pct_change(pb, 20)), 0.5)",rare_operator_v21,"power,absolute,pct_change"
op_case_1745,v21_power_square_root_pb_20,对 20 日市净率 PB变化绝对值做 0.25 次幂，进一步压缩极端值。,"power(absolute(pct_change(pb, 20)), 0.25)",rare_operator_v21,"power,absolute,pct_change"
op_case_1746,v21_exp_extra_pb_20,对截断后的 20 日市净率 PB变化做指数变换。,"exp(minimum(pct_change(pb, 20), 0.1))",rare_operator_v21,"exp,minimum,pct_change"
op_case_1747,v21_log10_extra_pb_20,对 20 日市净率 PB变化绝对值加一后取 10 底对数。,"log10(add(1.0, absolute(pct_change(pb, 20))))",rare_operator_v21,"log10,add,absolute,pct_change"
op_case_1748,v21_maximum_extra_pb_20,只保留 20 日市净率 PB变化和零之间的较大值。,"maximum(pct_change(pb, 20), 0.0)",rare_operator_v21,"maximum,pct_change"
op_case_1749,v21_minimum_extra_pb_20,只保留 20 日市净率 PB变化和零之间的较小值。,"minimum(pct_change(pb, 20), 0.0)",rare_operator_v21,"minimum,pct_change"
op_case_1750,v21_power_extra_market_cap_2,对 2 日总市值变化绝对值做 0.5 次幂。,"power(absolute(pct_change(market_cap, 2)), 0.5)",rare_operator_v21,"power,absolute,pct_change"
op_case_1751,v21_power_square_root_market_cap_2,对 2 日总市值变化绝对值做 0.25 次幂，进一步压缩极端值。,"power(absolute(pct_change(market_cap, 2)), 0.25)",rare_operator_v21,"power,absolute,pct_change"
op_case_1752,v21_exp_extra_market_cap_2,对截断后的 2 日总市值变化做指数变换。,"exp(minimum(pct_change(market_cap, 2), 0.1))",rare_operator_v21,"exp,minimum,pct_change"
op_case_1753,v21_log10_extra_market_cap_2,对 2 日总市值变化绝对值加一后取 10 底对数。,"log10(add(1.0, absolute(pct_change(market_cap, 2))))",rare_operator_v21,"log10,add,absolute,pct_change"
op_case_1754,v21_maximum_extra_market_cap_2,只保留 2 日总市值变化和零之间的较大值。,"maximum(pct_change(market_cap, 2), 0.0)",rare_operator_v21,"maximum,pct_change"
op_case_1755,v21_minimum_extra_market_cap_2,只保留 2 日总市值变化和零之间的较小值。,"minimum(pct_change(market_cap, 2), 0.0)",rare_operator_v21,"minimum,pct_change"
op_case_1756,v21_power_extra_market_cap_3,对 3 日总市值变化绝对值做 0.5 次幂。,"power(absolute(pct_change(market_cap, 3)), 0.5)",rare_operator_v21,"power,absolute,pct_change"
op_case_1757,v21_power_square_root_market_cap_3,对 3 日总市值变化绝对值做 0.25 次幂，进一步压缩极端值。,"power(absolute(pct_change(market_cap, 3)), 0.25)",rare_operator_v21,"power,absolute,pct_change"
op_case_1758,v21_exp_extra_market_cap_3,对截断后的 3 日总市值变化做指数变换。,"exp(minimum(pct_change(market_cap, 3), 0.1))",rare_operator_v21,"exp,minimum,pct_change"
op_case_1759,v21_log10_extra_market_cap_3,对 3 日总市值变化绝对值加一后取 10 底对数。,"log10(add(1.0, absolute(pct_change(market_cap, 3))))",rare_operator_v21,"log10,add,absolute,pct_change"
op_case_1760,v21_maximum_extra_market_cap_3,只保留 3 日总市值变化和零之间的较大值。,"maximum(pct_change(market_cap, 3), 0.0)",rare_operator_v21,"maximum,pct_change"
op_case_1761,v21_minimum_extra_market_cap_3,只保留 3 日总市值变化和零之间的较小值。,"minimum(pct_change(market_cap, 3), 0.0)",rare_operator_v21,"minimum,pct_change"
op_case_1762,v21_power_extra_market_cap_5,对 5 日总市值变化绝对值做 0.5 次幂。,"power(absolute(pct_change(market_cap, 5)), 0.5)",rare_operator_v21,"power,absolute,pct_change"
op_case_1763,v21_power_square_root_market_cap_5,对 5 日总市值变化绝对值做 0.25 次幂，进一步压缩极端值。,"power(absolute(pct_change(market_cap, 5)), 0.25)",rare_operator_v21,"power,absolute,pct_change"
op_case_1764,v21_exp_extra_market_cap_5,对截断后的 5 日总市值变化做指数变换。,"exp(minimum(pct_change(market_cap, 5), 0.1))",rare_operator_v21,"exp,minimum,pct_change"
op_case_1765,v21_log10_extra_market_cap_5,对 5 日总市值变化绝对值加一后取 10 底对数。,"log10(add(1.0, absolute(pct_change(market_cap, 5))))",rare_operator_v21,"log10,add,absolute,pct_change"
op_case_1766,v21_maximum_extra_market_cap_5,只保留 5 日总市值变化和零之间的较大值。,"maximum(pct_change(market_cap, 5), 0.0)",rare_operator_v21,"maximum,pct_change"
op_case_1767,v21_minimum_extra_market_cap_5,只保留 5 日总市值变化和零之间的较小值。,"minimum(pct_change(market_cap, 5), 0.0)",rare_operator_v21,"minimum,pct_change"
op_case_1768,v21_power_extra_market_cap_7,对 7 日总市值变化绝对值做 0.5 次幂。,"power(absolute(pct_change(market_cap, 7)), 0.5)",rare_operator_v21,"power,absolute,pct_change"
op_case_1769,v21_power_square_root_market_cap_7,对 7 日总市值变化绝对值做 0.25 次幂，进一步压缩极端值。,"power(absolute(pct_change(market_cap, 7)), 0.25)",rare_operator_v21,"power,absolute,pct_change"
op_case_1770,v21_exp_extra_market_cap_7,对截断后的 7 日总市值变化做指数变换。,"exp(minimum(pct_change(market_cap, 7), 0.1))",rare_operator_v21,"exp,minimum,pct_change"
op_case_1771,v21_log10_extra_market_cap_7,对 7 日总市值变化绝对值加一后取 10 底对数。,"log10(add(1.0, absolute(pct_change(market_cap, 7))))",rare_operator_v21,"log10,add,absolute,pct_change"
op_case_1772,v21_maximum_extra_market_cap_7,只保留 7 日总市值变化和零之间的较大值。,"maximum(pct_change(market_cap, 7), 0.0)",rare_operator_v21,"maximum,pct_change"
op_case_1773,v21_minimum_extra_market_cap_7,只保留 7 日总市值变化和零之间的较小值。,"minimum(pct_change(market_cap, 7), 0.0)",rare_operator_v21,"minimum,pct_change"
op_case_1774,v21_power_extra_market_cap_10,对 10 日总市值变化绝对值做 0.5 次幂。,"power(absolute(pct_change(market_cap, 10)), 0.5)",rare_operator_v21,"power,absolute,pct_change"
op_case_1775,v21_power_square_root_market_cap_10,对 10 日总市值变化绝对值做 0.25 次幂，进一步压缩极端值。,"power(absolute(pct_change(market_cap, 10)), 0.25)",rare_operator_v21,"power,absolute,pct_change"
op_case_1776,v21_exp_extra_market_cap_10,对截断后的 10 日总市值变化做指数变换。,"exp(minimum(pct_change(market_cap, 10), 0.1))",rare_operator_v21,"exp,minimum,pct_change"
op_case_1777,v21_log10_extra_market_cap_10,对 10 日总市值变化绝对值加一后取 10 底对数。,"log10(add(1.0, absolute(pct_change(market_cap, 10))))",rare_operator_v21,"log10,add,absolute,pct_change"
op_case_1778,v21_maximum_extra_market_cap_10,只保留 10 日总市值变化和零之间的较大值。,"maximum(pct_change(market_cap, 10), 0.0)",rare_operator_v21,"maximum,pct_change"
op_case_1779,v21_minimum_extra_market_cap_10,只保留 10 日总市值变化和零之间的较小值。,"minimum(pct_change(market_cap, 10), 0.0)",rare_operator_v21,"minimum,pct_change"
op_case_1780,v21_power_extra_market_cap_15,对 15 日总市值变化绝对值做 0.5 次幂。,"power(absolute(pct_change(market_cap, 15)), 0.5)",rare_operator_v21,"power,absolute,pct_change"
op_case_1781,v21_power_square_root_market_cap_15,对 15 日总市值变化绝对值做 0.25 次幂，进一步压缩极端值。,"power(absolute(pct_change(market_cap, 15)), 0.25)",rare_operator_v21,"power,absolute,pct_change"
op_case_1782,v21_exp_extra_market_cap_15,对截断后的 15 日总市值变化做指数变换。,"exp(minimum(pct_change(market_cap, 15), 0.1))",rare_operator_v21,"exp,minimum,pct_change"
op_case_1783,v21_log10_extra_market_cap_15,对 15 日总市值变化绝对值加一后取 10 底对数。,"log10(add(1.0, absolute(pct_change(market_cap, 15))))",rare_operator_v21,"log10,add,absolute,pct_change"
op_case_1784,v21_maximum_extra_market_cap_15,只保留 15 日总市值变化和零之间的较大值。,"maximum(pct_change(market_cap, 15), 0.0)",rare_operator_v21,"maximum,pct_change"
op_case_1785,v21_minimum_extra_market_cap_15,只保留 15 日总市值变化和零之间的较小值。,"minimum(pct_change(market_cap, 15), 0.0)",rare_operator_v21,"minimum,pct_change"
op_case_1786,v21_power_extra_market_cap_20,对 20 日总市值变化绝对值做 0.5 次幂。,"power(absolute(pct_change(market_cap, 20)), 0.5)",rare_operator_v21,"power,absolute,pct_change"
op_case_1787,v21_power_square_root_market_cap_20,对 20 日总市值变化绝对值做 0.25 次幂，进一步压缩极端值。,"power(absolute(pct_change(market_cap, 20)), 0.25)",rare_operator_v21,"power,absolute,pct_change"
op_case_1788,v21_exp_extra_market_cap_20,对截断后的 20 日总市值变化做指数变换。,"exp(minimum(pct_change(market_cap, 20), 0.1))",rare_operator_v21,"exp,minimum,pct_change"
op_case_1789,v21_log10_extra_market_cap_20,对 20 日总市值变化绝对值加一后取 10 底对数。,"log10(add(1.0, absolute(pct_change(market_cap, 20))))",rare_operator_v21,"log10,add,absolute,pct_change"
op_case_1790,v21_maximum_extra_market_cap_20,只保留 20 日总市值变化和零之间的较大值。,"maximum(pct_change(market_cap, 20), 0.0)",rare_operator_v21,"maximum,pct_change"
op_case_1791,v21_minimum_extra_market_cap_20,只保留 20 日总市值变化和零之间的较小值。,"minimum(pct_change(market_cap, 20), 0.0)",rare_operator_v21,"minimum,pct_change"
op_case_1792,v21_mod_extra_volume_10000,成交量对 10000 取模，构造教学用离散残差信号。,"mod(volume, 10000.0)",rare_operator_v21,mod
op_case_1793,v21_mod_extra_market_cap_10,总市值对 10 取模，构造教学用离散残差信号。,"mod(market_cap, 10.0)",rare_operator_v21,mod
op_case_1794,v21_mod_extra_market_cap_50,总市值对 50 取模，构造教学用离散残差信号。,"mod(market_cap, 50.0)",rare_operator_v21,mod
op_case_1795,v21_mod_extra_market_cap_100,总市值对 100 取模，构造教学用离散残差信号。,"mod(market_cap, 100.0)",rare_operator_v21,mod
op_case_1796,v21_mod_extra_market_cap_500,总市值对 500 取模，构造教学用离散残差信号。,"mod(market_cap, 500.0)",rare_operator_v21,mod
op_case_1797,v21_mod_extra_market_cap_1000,总市值对 1000 取模，构造教学用离散残差信号。,"mod(market_cap, 1000.0)",rare_operator_v21,mod
op_case_1798,v21_mod_extra_market_cap_5000,总市值对 5000 取模，构造教学用离散残差信号。,"mod(market_cap, 5000.0)",rare_operator_v21,mod
op_case_1799,v21_mod_extra_market_cap_10000,总市值对 10000 取模，构造教学用离散残差信号。,"mod(market_cap, 10000.0)",rare_operator_v21,mod
op_case_1800,v21_mod_extra_pb_10,市净率 PB对 10 取模，构造教学用离散残差信号。,"mod(pb, 10.0)",rare_operator_v21,mod
op_case_1801,v21_mod_extra_pb_50,市净率 PB对 50 取模，构造教学用离散残差信号。,"mod(pb, 50.0)",rare_operator_v21,mod
op_case_1802,v21_mod_extra_pb_100,市净率 PB对 100 取模，构造教学用离散残差信号。,"mod(pb, 100.0)",rare_operator_v21,mod
op_case_1803,v21_mod_extra_pb_500,市净率 PB对 500 取模，构造教学用离散残差信号。,"mod(pb, 500.0)",rare_operator_v21,mod
op_case_1804,v21_mod_extra_pb_1000,市净率 PB对 1000 取模，构造教学用离散残差信号。,"mod(pb, 1000.0)",rare_operator_v21,mod
op_case_1805,v21_mod_extra_pb_5000,市净率 PB对 5000 取模，构造教学用离散残差信号。,"mod(pb, 5000.0)",rare_operator_v21,mod
op_case_1806,v21_mod_extra_pb_10000,市净率 PB对 10000 取模，构造教学用离散残差信号。,"mod(pb, 10000.0)",rare_operator_v21,mod
op_case_1807,v21_mod_extra_pb_50000,市净率 PB对 50000 取模，构造教学用离散残差信号。,"mod(pb, 50000.0)",rare_operator_v21,mod
op_case_1808,v21_mod_extra_pb_100000,市净率 PB对 100000 取模，构造教学用离散残差信号。,"mod(pb, 100000.0)",rare_operator_v21,mod
op_case_1809,v21_mod_extra_pb_500000,市净率 PB对 500000 取模，构造教学用离散残差信号。,"mod(pb, 500000.0)",rare_operator_v21,mod
op_case_1810,rare_exp_vwap,对横截面标准化后的成交量加权平均价截断后取指数，强调高分端差异。,"exp(minimum(div(sub(vwap, xs_mean(vwap)), xs_std(vwap)), 3.0))",rare_operator_booster,"exp,minimum,div,sub,xs_std,xs_mean"
op_case_1811,rare_exp,对截断后的 2 日收益取指数，强调正收益变化。,"exp(minimum(pct_change(close, 2), 0.1))",rare_operator_booster,"exp,minimum,pct_change"
op_case_1812,rare_exp,对截断后的 3 日收益取指数，强调正收益变化。,"exp(minimum(pct_change(close, 3), 0.1))",rare_operator_booster,"exp,minimum,pct_change"
op_case_1813,rare_exp,对截断后的 5 日收益取指数，强调正收益变化。,"exp(minimum(pct_change(close, 5), 0.1))",rare_operator_booster,"exp,minimum,pct_change"
op_case_1814,rare_exp,对截断后的 7 日收益取指数，强调正收益变化。,"exp(minimum(pct_change(close, 7), 0.1))",rare_operator_booster,"exp,minimum,pct_change"
op_case_1815,rare_exp,对截断后的 10 日收益取指数，强调正收益变化。,"exp(minimum(pct_change(close, 10), 0.1))",rare_operator_booster,"exp,minimum,pct_change"
op_case_1816,exp_scaled_volume,对横截面标准化后的成交量截断后取指数，强调高分端差异。,"exp(minimum(div(sub(volume, xs_mean(volume)), xs_std(volume)), 3.0))",math_transform,"exp,minimum,div,sub,xs_std,xs_mean"
op_case_1817,momentum,过去 2 日收盘价涨幅越高，短期趋势越强。,"pct_change(close, 2)",price_momentum,pct_change
op_case_1818,mean_reversion,过去 2 日收盘价涨幅越高，后续均值回归压力越大。,"neg(pct_change(close, 2))",price_reversal,"neg,pct_change"
op_case_1819,return_sign,用 2 日收盘价收益符号表示上涨、下跌或持平。,"sign(pct_change(close, 2))",price_transform,"sign,pct_change"
op_case_1820,momentum,过去 3 日收盘价涨幅越高，短期趋势越强。,"pct_change(close, 3)",price_momentum,pct_change
op_case_1821,mean_reversion,过去 3 日收盘价涨幅越高，后续均值回归压力越大。,"neg(pct_change(close, 3))",price_reversal,"neg,pct_change"
op_case_1822,return_sign,用 3 日收盘价收益符号表示上涨、下跌或持平。,"sign(pct_change(close, 3))",price_transform,"sign,pct_change"
op_case_1823,momentum,过去 5 日收盘价涨幅越高，短期趋势越强。,"pct_change(close, 5)",price_momentum,pct_change
op_case_1824,mean_reversion,过去 5 日收盘价涨幅越高，后续均值回归压力越大。,"neg(pct_change(close, 5))",price_reversal,"neg,pct_change"
op_case_1825,return_sign,用 5 日收盘价收益符号表示上涨、下跌或持平。,"sign(pct_change(close, 5))",price_transform,"sign,pct_change"
op_case_1826,momentum,过去 7 日收盘价涨幅越高，短期趋势越强。,"pct_change(close, 7)",price_momentum,pct_change
op_case_1827,mean_reversion,过去 7 日收盘价涨幅越高，后续均值回归压力越大。,"neg(pct_change(close, 7))",price_reversal,"neg,pct_change"
op_case_1828,absolute_momentum,用 7 日收盘价收益绝对值衡量波动冲击。,"absolute(pct_change(close, 7))",price_transform,"absolute,pct_change"
op_case_1829,sqrt_abs_momentum,对 7 日收盘价收益绝对值取平方根，压缩极端波动。,"sqrt(absolute(pct_change(close, 7)))",price_transform,"sqrt,absolute,pct_change"
op_case_1830,return_sign,用 7 日收盘价收益符号表示上涨、下跌或持平。,"sign(pct_change(close, 7))",price_transform,"sign,pct_change"
op_case_1831,momentum,过去 10 日收盘价涨幅越高，短期趋势越强。,"pct_change(close, 10)",price_momentum,pct_change
op_case_1832,mean_reversion,过去 10 日收盘价涨幅越高，后续均值回归压力越大。,"neg(pct_change(close, 10))",price_reversal,"neg,pct_change"
op_case_1833,absolute_momentum,用 10 日收盘价收益绝对值衡量波动冲击。,"absolute(pct_change(close, 10))",price_transform,"absolute,pct_change"
op_case_1834,sqrt_abs_momentum,对 10 日收盘价收益绝对值取平方根，压缩极端波动。,"sqrt(absolute(pct_change(close, 10)))",price_transform,"sqrt,absolute,pct_change"
op_case_1835,return_sign,用 10 日收盘价收益符号表示上涨、下跌或持平。,"sign(pct_change(close, 10))",price_transform,"sign,pct_change"
op_case_1836,momentum,过去 15 日收盘价涨幅越高，短期趋势越强。,"pct_change(close, 15)",price_momentum,pct_change
op_case_1837,mean_reversion,过去 15 日收盘价涨幅越高，后续均值回归压力越大。,"neg(pct_change(close, 15))",price_reversal,"neg,pct_change"
op_case_1838,absolute_momentum,用 15 日收盘价收益绝对值衡量波动冲击。,"absolute(pct_change(close, 15))",price_transform,"absolute,pct_change"
op_case_1839,sqrt_abs_momentum,对 15 日收盘价收益绝对值取平方根，压缩极端波动。,"sqrt(absolute(pct_change(close, 15)))",price_transform,"sqrt,absolute,pct_change"
op_case_1840,return_sign,用 15 日收盘价收益符号表示上涨、下跌或持平。,"sign(pct_change(close, 15))",price_transform,"sign,pct_change"
op_case_1841,momentum,过去 20 日收盘价涨幅越高，短期趋势越强。,"pct_change(close, 20)",price_momentum,pct_change
op_case_1842,mean_reversion,过去 20 日收盘价涨幅越高，后续均值回归压力越大。,"neg(pct_change(close, 20))",price_reversal,"neg,pct_change"
op_case_1843,absolute_momentum,用 20 日收盘价收益绝对值衡量波动冲击。,"absolute(pct_change(close, 20))",price_transform,"absolute,pct_change"
op_case_1844,sqrt_abs_momentum,对 20 日收盘价收益绝对值取平方根，压缩极端波动。,"sqrt(absolute(pct_change(close, 20)))",price_transform,"sqrt,absolute,pct_change"
op_case_1845,return_sign,用 20 日收盘价收益符号表示上涨、下跌或持平。,"sign(pct_change(close, 20))",price_transform,"sign,pct_change"
op_case_1846,momentum,过去 30 日收盘价涨幅越高，短期趋势越强。,"pct_change(close, 30)",price_momentum,pct_change
op_case_1847,mean_reversion,过去 30 日收盘价涨幅越高，后续均值回归压力越大。,"neg(pct_change(close, 30))",price_reversal,"neg,pct_change"
op_case_1848,absolute_momentum,用 30 日收盘价收益绝对值衡量波动冲击。,"absolute(pct_change(close, 30))",price_transform,"absolute,pct_change"
op_case_1849,sqrt_abs_momentum,对 30 日收盘价收益绝对值取平方根，压缩极端波动。,"sqrt(absolute(pct_change(close, 30)))",price_transform,"sqrt,absolute,pct_change"
op_case_1850,return_sign,用 30 日收盘价收益符号表示上涨、下跌或持平。,"sign(pct_change(close, 30))",price_transform,"sign,pct_change"
op_case_1851,momentum,过去 45 日收盘价涨幅越高，短期趋势越强。,"pct_change(close, 45)",price_momentum,pct_change
op_case_1852,mean_reversion,过去 45 日收盘价涨幅越高，后续均值回归压力越大。,"neg(pct_change(close, 45))",price_reversal,"neg,pct_change"
op_case_1853,absolute_momentum,用 45 日收盘价收益绝对值衡量波动冲击。,"absolute(pct_change(close, 45))",price_transform,"absolute,pct_change"
op_case_1854,sqrt_abs_momentum,对 45 日收盘价收益绝对值取平方根，压缩极端波动。,"sqrt(absolute(pct_change(close, 45)))",price_transform,"sqrt,absolute,pct_change"
op_case_1855,return_sign,用 45 日收盘价收益符号表示上涨、下跌或持平。,"sign(pct_change(close, 45))",price_transform,"sign,pct_change"
op_case_1856,momentum,过去 60 日收盘价涨幅越高，短期趋势越强。,"pct_change(close, 60)",price_momentum,pct_change
op_case_1857,mean_reversion,过去 60 日收盘价涨幅越高，后续均值回归压力越大。,"neg(pct_change(close, 60))",price_reversal,"neg,pct_change"
op_case_1858,absolute_momentum,用 60 日收盘价收益绝对值衡量波动冲击。,"absolute(pct_change(close, 60))",price_transform,"absolute,pct_change"
op_case_1859,sqrt_abs_momentum,对 60 日收盘价收益绝对值取平方根，压缩极端波动。,"sqrt(absolute(pct_change(close, 60)))",price_transform,"sqrt,absolute,pct_change"
op_case_1860,return_sign,用 60 日收盘价收益符号表示上涨、下跌或持平。,"sign(pct_change(close, 60))",price_transform,"sign,pct_change"
op_case_1861,momentum,过去 90 日收盘价涨幅越高，短期趋势越强。,"pct_change(close, 90)",price_momentum,pct_change
op_case_1862,mean_reversion,过去 90 日收盘价涨幅越高，后续均值回归压力越大。,"neg(pct_change(close, 90))",price_reversal,"neg,pct_change"
op_case_1863,absolute_momentum,用 90 日收盘价收益绝对值衡量波动冲击。,"absolute(pct_change(close, 90))",price_transform,"absolute,pct_change"
op_case_1864,sqrt_abs_momentum,对 90 日收盘价收益绝对值取平方根，压缩极端波动。,"sqrt(absolute(pct_change(close, 90)))",price_transform,"sqrt,absolute,pct_change"
op_case_1865,return_sign,用 90 日收盘价收益符号表示上涨、下跌或持平。,"sign(pct_change(close, 90))",price_transform,"sign,pct_change"
op_case_1866,momentum,过去 2 日成交量加权平均价涨幅越高，短期趋势越强。,"pct_change(vwap, 2)",price_momentum,pct_change
op_case_1867,mean_reversion,过去 2 日成交量加权平均价涨幅越高，后续均值回归压力越大。,"neg(pct_change(vwap, 2))",price_reversal,"neg,pct_change"
op_case_1868,absolute_momentum,用 2 日成交量加权平均价收益绝对值衡量波动冲击。,"absolute(pct_change(vwap, 2))",price_transform,"absolute,pct_change"
op_case_1869,sqrt_abs_momentum,对 2 日成交量加权平均价收益绝对值取平方根，压缩极端波动。,"sqrt(absolute(pct_change(vwap, 2)))",price_transform,"sqrt,absolute,pct_change"
op_case_1870,return_sign,用 2 日成交量加权平均价收益符号表示上涨、下跌或持平。,"sign(pct_change(vwap, 2))",price_transform,"sign,pct_change"
op_case_1871,momentum,过去 3 日成交量加权平均价涨幅越高，短期趋势越强。,"pct_change(vwap, 3)",price_momentum,pct_change
op_case_1872,mean_reversion,过去 3 日成交量加权平均价涨幅越高，后续均值回归压力越大。,"neg(pct_change(vwap, 3))",price_reversal,"neg,pct_change"
op_case_1873,absolute_momentum,用 3 日成交量加权平均价收益绝对值衡量波动冲击。,"absolute(pct_change(vwap, 3))",price_transform,"absolute,pct_change"
op_case_1874,sqrt_abs_momentum,对 3 日成交量加权平均价收益绝对值取平方根，压缩极端波动。,"sqrt(absolute(pct_change(vwap, 3)))",price_transform,"sqrt,absolute,pct_change"
op_case_1875,return_sign,用 3 日成交量加权平均价收益符号表示上涨、下跌或持平。,"sign(pct_change(vwap, 3))",price_transform,"sign,pct_change"
op_case_1876,momentum,过去 5 日成交量加权平均价涨幅越高，短期趋势越强。,"pct_change(vwap, 5)",price_momentum,pct_change
op_case_1877,mean_reversion,过去 5 日成交量加权平均价涨幅越高，后续均值回归压力越大。,"neg(pct_change(vwap, 5))",price_reversal,"neg,pct_change"
op_case_1878,absolute_momentum,用 5 日成交量加权平均价收益绝对值衡量波动冲击。,"absolute(pct_change(vwap, 5))",price_transform,"absolute,pct_change"
op_case_1879,sqrt_abs_momentum,对 5 日成交量加权平均价收益绝对值取平方根，压缩极端波动。,"sqrt(absolute(pct_change(vwap, 5)))",price_transform,"sqrt,absolute,pct_change"
op_case_1880,return_sign,用 5 日成交量加权平均价收益符号表示上涨、下跌或持平。,"sign(pct_change(vwap, 5))",price_transform,"sign,pct_change"
op_case_1881,momentum,过去 7 日成交量加权平均价涨幅越高，短期趋势越强。,"pct_change(vwap, 7)",price_momentum,pct_change
op_case_1882,mean_reversion,过去 7 日成交量加权平均价涨幅越高，后续均值回归压力越大。,"neg(pct_change(vwap, 7))",price_reversal,"neg,pct_change"
op_case_1883,absolute_momentum,用 7 日成交量加权平均价收益绝对值衡量波动冲击。,"absolute(pct_change(vwap, 7))",price_transform,"absolute,pct_change"
op_case_1884,sqrt_abs_momentum,对 7 日成交量加权平均价收益绝对值取平方根，压缩极端波动。,"sqrt(absolute(pct_change(vwap, 7)))",price_transform,"sqrt,absolute,pct_change"
op_case_1885,return_sign,用 7 日成交量加权平均价收益符号表示上涨、下跌或持平。,"sign(pct_change(vwap, 7))",price_transform,"sign,pct_change"
op_case_1886,momentum,过去 10 日成交量加权平均价涨幅越高，短期趋势越强。,"pct_change(vwap, 10)",price_momentum,pct_change
op_case_1887,mean_reversion,过去 10 日成交量加权平均价涨幅越高，后续均值回归压力越大。,"neg(pct_change(vwap, 10))",price_reversal,"neg,pct_change"
op_case_1888,absolute_momentum,用 10 日成交量加权平均价收益绝对值衡量波动冲击。,"absolute(pct_change(vwap, 10))",price_transform,"absolute,pct_change"
op_case_1889,sqrt_abs_momentum,对 10 日成交量加权平均价收益绝对值取平方根，压缩极端波动。,"sqrt(absolute(pct_change(vwap, 10)))",price_transform,"sqrt,absolute,pct_change"
op_case_1890,return_sign,用 10 日成交量加权平均价收益符号表示上涨、下跌或持平。,"sign(pct_change(vwap, 10))",price_transform,"sign,pct_change"
op_case_1891,momentum,过去 15 日成交量加权平均价涨幅越高，短期趋势越强。,"pct_change(vwap, 15)",price_momentum,pct_change
op_case_1892,mean_reversion,过去 15 日成交量加权平均价涨幅越高，后续均值回归压力越大。,"neg(pct_change(vwap, 15))",price_reversal,"neg,pct_change"
op_case_1893,absolute_momentum,用 15 日成交量加权平均价收益绝对值衡量波动冲击。,"absolute(pct_change(vwap, 15))",price_transform,"absolute,pct_change"
op_case_1894,sqrt_abs_momentum,对 15 日成交量加权平均价收益绝对值取平方根，压缩极端波动。,"sqrt(absolute(pct_change(vwap, 15)))",price_transform,"sqrt,absolute,pct_change"
op_case_1895,return_sign,用 15 日成交量加权平均价收益符号表示上涨、下跌或持平。,"sign(pct_change(vwap, 15))",price_transform,"sign,pct_change"
op_case_1896,momentum,过去 20 日成交量加权平均价涨幅越高，短期趋势越强。,"pct_change(vwap, 20)",price_momentum,pct_change
op_case_1897,mean_reversion,过去 20 日成交量加权平均价涨幅越高，后续均值回归压力越大。,"neg(pct_change(vwap, 20))",price_reversal,"neg,pct_change"
op_case_1898,absolute_momentum,用 20 日成交量加权平均价收益绝对值衡量波动冲击。,"absolute(pct_change(vwap, 20))",price_transform,"absolute,pct_change"
op_case_1899,sqrt_abs_momentum,对 20 日成交量加权平均价收益绝对值取平方根，压缩极端波动。,"sqrt(absolute(pct_change(vwap, 20)))",price_transform,"sqrt,absolute,pct_change"
op_case_1900,return_sign,用 20 日成交量加权平均价收益符号表示上涨、下跌或持平。,"sign(pct_change(vwap, 20))",price_transform,"sign,pct_change"
op_case_1901,momentum,过去 30 日成交量加权平均价涨幅越高，短期趋势越强。,"pct_change(vwap, 30)",price_momentum,pct_change
op_case_1902,mean_reversion,过去 30 日成交量加权平均价涨幅越高，后续均值回归压力越大。,"neg(pct_change(vwap, 30))",price_reversal,"neg,pct_change"
op_case_1903,absolute_momentum,用 30 日成交量加权平均价收益绝对值衡量波动冲击。,"absolute(pct_change(vwap, 30))",price_transform,"absolute,pct_change"
op_case_1904,sqrt_abs_momentum,对 30 日成交量加权平均价收益绝对值取平方根，压缩极端波动。,"sqrt(absolute(pct_change(vwap, 30)))",price_transform,"sqrt,absolute,pct_change"
op_case_1905,return_sign,用 30 日成交量加权平均价收益符号表示上涨、下跌或持平。,"sign(pct_change(vwap, 30))",price_transform,"sign,pct_change"
op_case_1906,momentum,过去 45 日成交量加权平均价涨幅越高，短期趋势越强。,"pct_change(vwap, 45)",price_momentum,pct_change
op_case_1907,mean_reversion,过去 45 日成交量加权平均价涨幅越高，后续均值回归压力越大。,"neg(pct_change(vwap, 45))",price_reversal,"neg,pct_change"
op_case_1908,absolute_momentum,用 45 日成交量加权平均价收益绝对值衡量波动冲击。,"absolute(pct_change(vwap, 45))",price_transform,"absolute,pct_change"
op_case_1909,sqrt_abs_momentum,对 45 日成交量加权平均价收益绝对值取平方根，压缩极端波动。,"sqrt(absolute(pct_change(vwap, 45)))",price_transform,"sqrt,absolute,pct_change"
op_case_1910,return_sign,用 45 日成交量加权平均价收益符号表示上涨、下跌或持平。,"sign(pct_change(vwap, 45))",price_transform,"sign,pct_change"
op_case_1911,momentum,过去 60 日成交量加权平均价涨幅越高，短期趋势越强。,"pct_change(vwap, 60)",price_momentum,pct_change
op_case_1912,mean_reversion,过去 60 日成交量加权平均价涨幅越高，后续均值回归压力越大。,"neg(pct_change(vwap, 60))",price_reversal,"neg,pct_change"
op_case_1913,absolute_momentum,用 60 日成交量加权平均价收益绝对值衡量波动冲击。,"absolute(pct_change(vwap, 60))",price_transform,"absolute,pct_change"
op_case_1914,sqrt_abs_momentum,对 60 日成交量加权平均价收益绝对值取平方根，压缩极端波动。,"sqrt(absolute(pct_change(vwap, 60)))",price_transform,"sqrt,absolute,pct_change"
op_case_1915,return_sign,用 60 日成交量加权平均价收益符号表示上涨、下跌或持平。,"sign(pct_change(vwap, 60))",price_transform,"sign,pct_change"
op_case_1916,momentum,过去 90 日成交量加权平均价涨幅越高，短期趋势越强。,"pct_change(vwap, 90)",price_momentum,pct_change
op_case_1917,mean_reversion,过去 90 日成交量加权平均价涨幅越高，后续均值回归压力越大。,"neg(pct_change(vwap, 90))",price_reversal,"neg,pct_change"
op_case_1918,absolute_momentum,用 90 日成交量加权平均价收益绝对值衡量波动冲击。,"absolute(pct_change(vwap, 90))",price_transform,"absolute,pct_change"
op_case_1919,sqrt_abs_momentum,对 90 日成交量加权平均价收益绝对值取平方根，压缩极端波动。,"sqrt(absolute(pct_change(vwap, 90)))",price_transform,"sqrt,absolute,pct_change"
op_case_1920,return_sign,用 90 日成交量加权平均价收益符号表示上涨、下跌或持平。,"sign(pct_change(vwap, 90))",price_transform,"sign,pct_change"
op_case_1921,momentum,过去 2 日开盘价涨幅越高，短期趋势越强。,"pct_change(open, 2)",price_momentum,pct_change
op_case_1922,mean_reversion,过去 2 日开盘价涨幅越高，后续均值回归压力越大。,"neg(pct_change(open, 2))",price_reversal,"neg,pct_change"
op_case_1923,absolute_momentum,用 2 日开盘价收益绝对值衡量波动冲击。,"absolute(pct_change(open, 2))",price_transform,"absolute,pct_change"
op_case_1924,sqrt_abs_momentum,对 2 日开盘价收益绝对值取平方根，压缩极端波动。,"sqrt(absolute(pct_change(open, 2)))",price_transform,"sqrt,absolute,pct_change"
op_case_1925,return_sign,用 2 日开盘价收益符号表示上涨、下跌或持平。,"sign(pct_change(open, 2))",price_transform,"sign,pct_change"
op_case_1926,momentum,过去 3 日开盘价涨幅越高，短期趋势越强。,"pct_change(open, 3)",price_momentum,pct_change
op_case_1927,mean_reversion,过去 3 日开盘价涨幅越高，后续均值回归压力越大。,"neg(pct_change(open, 3))",price_reversal,"neg,pct_change"
op_case_1928,absolute_momentum,用 3 日开盘价收益绝对值衡量波动冲击。,"absolute(pct_change(open, 3))",price_transform,"absolute,pct_change"
op_case_1929,sqrt_abs_momentum,对 3 日开盘价收益绝对值取平方根，压缩极端波动。,"sqrt(absolute(pct_change(open, 3)))",price_transform,"sqrt,absolute,pct_change"
op_case_1930,return_sign,用 3 日开盘价收益符号表示上涨、下跌或持平。,"sign(pct_change(open, 3))",price_transform,"sign,pct_change"
op_case_1931,momentum,过去 5 日开盘价涨幅越高，短期趋势越强。,"pct_change(open, 5)",price_momentum,pct_change
op_case_1932,mean_reversion,过去 5 日开盘价涨幅越高，后续均值回归压力越大。,"neg(pct_change(open, 5))",price_reversal,"neg,pct_change"
op_case_1933,absolute_momentum,用 5 日开盘价收益绝对值衡量波动冲击。,"absolute(pct_change(open, 5))",price_transform,"absolute,pct_change"
op_case_1934,sqrt_abs_momentum,对 5 日开盘价收益绝对值取平方根，压缩极端波动。,"sqrt(absolute(pct_change(open, 5)))",price_transform,"sqrt,absolute,pct_change"
op_case_1935,return_sign,用 5 日开盘价收益符号表示上涨、下跌或持平。,"sign(pct_change(open, 5))",price_transform,"sign,pct_change"
op_case_1936,momentum,过去 7 日开盘价涨幅越高，短期趋势越强。,"pct_change(open, 7)",price_momentum,pct_change
op_case_1937,mean_reversion,过去 7 日开盘价涨幅越高，后续均值回归压力越大。,"neg(pct_change(open, 7))",price_reversal,"neg,pct_change"
op_case_1938,absolute_momentum,用 7 日开盘价收益绝对值衡量波动冲击。,"absolute(pct_change(open, 7))",price_transform,"absolute,pct_change"
op_case_1939,sqrt_abs_momentum,对 7 日开盘价收益绝对值取平方根，压缩极端波动。,"sqrt(absolute(pct_change(open, 7)))",price_transform,"sqrt,absolute,pct_change"
op_case_1940,return_sign,用 7 日开盘价收益符号表示上涨、下跌或持平。,"sign(pct_change(open, 7))",price_transform,"sign,pct_change"
op_case_1941,momentum,过去 10 日开盘价涨幅越高，短期趋势越强。,"pct_change(open, 10)",price_momentum,pct_change
op_case_1942,mean_reversion,过去 10 日开盘价涨幅越高，后续均值回归压力越大。,"neg(pct_change(open, 10))",price_reversal,"neg,pct_change"
op_case_1943,absolute_momentum,用 10 日开盘价收益绝对值衡量波动冲击。,"absolute(pct_change(open, 10))",price_transform,"absolute,pct_change"
op_case_1944,sqrt_abs_momentum,对 10 日开盘价收益绝对值取平方根，压缩极端波动。,"sqrt(absolute(pct_change(open, 10)))",price_transform,"sqrt,absolute,pct_change"
op_case_1945,return_sign,用 10 日开盘价收益符号表示上涨、下跌或持平。,"sign(pct_change(open, 10))",price_transform,"sign,pct_change"
op_case_1946,momentum,过去 15 日开盘价涨幅越高，短期趋势越强。,"pct_change(open, 15)",price_momentum,pct_change
op_case_1947,mean_reversion,过去 15 日开盘价涨幅越高，后续均值回归压力越大。,"neg(pct_change(open, 15))",price_reversal,"neg,pct_change"
op_case_1948,absolute_momentum,用 15 日开盘价收益绝对值衡量波动冲击。,"absolute(pct_change(open, 15))",price_transform,"absolute,pct_change"
op_case_1949,sqrt_abs_momentum,对 15 日开盘价收益绝对值取平方根，压缩极端波动。,"sqrt(absolute(pct_change(open, 15)))",price_transform,"sqrt,absolute,pct_change"
op_case_1950,return_sign,用 15 日开盘价收益符号表示上涨、下跌或持平。,"sign(pct_change(open, 15))",price_transform,"sign,pct_change"
op_case_1951,momentum,过去 20 日开盘价涨幅越高，短期趋势越强。,"pct_change(open, 20)",price_momentum,pct_change
op_case_1952,mean_reversion,过去 20 日开盘价涨幅越高，后续均值回归压力越大。,"neg(pct_change(open, 20))",price_reversal,"neg,pct_change"
op_case_1953,absolute_momentum,用 20 日开盘价收益绝对值衡量波动冲击。,"absolute(pct_change(open, 20))",price_transform,"absolute,pct_change"
op_case_1954,sqrt_abs_momentum,对 20 日开盘价收益绝对值取平方根，压缩极端波动。,"sqrt(absolute(pct_change(open, 20)))",price_transform,"sqrt,absolute,pct_change"
op_case_1955,return_sign,用 20 日开盘价收益符号表示上涨、下跌或持平。,"sign(pct_change(open, 20))",price_transform,"sign,pct_change"
op_case_1956,momentum,过去 30 日开盘价涨幅越高，短期趋势越强。,"pct_change(open, 30)",price_momentum,pct_change
op_case_1957,mean_reversion,过去 30 日开盘价涨幅越高，后续均值回归压力越大。,"neg(pct_change(open, 30))",price_reversal,"neg,pct_change"
op_case_1958,absolute_momentum,用 30 日开盘价收益绝对值衡量波动冲击。,"absolute(pct_change(open, 30))",price_transform,"absolute,pct_change"
op_case_1959,sqrt_abs_momentum,对 30 日开盘价收益绝对值取平方根，压缩极端波动。,"sqrt(absolute(pct_change(open, 30)))",price_transform,"sqrt,absolute,pct_change"
op_case_1960,return_sign,用 30 日开盘价收益符号表示上涨、下跌或持平。,"sign(pct_change(open, 30))",price_transform,"sign,pct_change"
op_case_1961,momentum,过去 45 日开盘价涨幅越高，短期趋势越强。,"pct_change(open, 45)",price_momentum,pct_change
op_case_1962,mean_reversion,过去 45 日开盘价涨幅越高，后续均值回归压力越大。,"neg(pct_change(open, 45))",price_reversal,"neg,pct_change"
op_case_1963,positive_momentum,只保留 45 日开盘价收益中的正向部分，强调上涨趋势。,"pos(pct_change(open, 45))",price_transform,"pos,pct_change"
op_case_1964,absolute_momentum,用 45 日开盘价收益绝对值衡量波动冲击。,"absolute(pct_change(open, 45))",price_transform,"absolute,pct_change"
op_case_1965,squared_momentum,对 45 日开盘价收益平方，突出大幅波动。,"square(pct_change(open, 45))",price_transform,"square,pct_change"
op_case_1966,sqrt_abs_momentum,对 45 日开盘价收益绝对值取平方根，压缩极端波动。,"sqrt(absolute(pct_change(open, 45)))",price_transform,"sqrt,absolute,pct_change"
op_case_1967,cbrt_momentum,对 45 日开盘价收益取立方根，保留方向并压缩极端值。,"cbrt(pct_change(open, 45))",price_transform,"cbrt,pct_change"
op_case_1968,return_sign,用 45 日开盘价收益符号表示上涨、下跌或持平。,"sign(pct_change(open, 45))",price_transform,"sign,pct_change"
op_case_1969,price_diff,计算开盘价相对 45 天前的差分变化。,"diff(open, 45)",price_diff,diff
op_case_1970,lagged_return,用 shift 引用 45 天前开盘价并计算变化比例。,"div(sub(open, shift(open, 45)), shift(open, 45))",price_momentum,"div,sub,shift,shift"
op_case_1971,momentum,过去 60 日开盘价涨幅越高，短期趋势越强。,"pct_change(open, 60)",price_momentum,pct_change
op_case_1972,mean_reversion,过去 60 日开盘价涨幅越高，后续均值回归压力越大。,"neg(pct_change(open, 60))",price_reversal,"neg,pct_change"
op_case_1973,positive_momentum,只保留 60 日开盘价收益中的正向部分，强调上涨趋势。,"pos(pct_change(open, 60))",price_transform,"pos,pct_change"
op_case_1974,absolute_momentum,用 60 日开盘价收益绝对值衡量波动冲击。,"absolute(pct_change(open, 60))",price_transform,"absolute,pct_change"
op_case_1975,squared_momentum,对 60 日开盘价收益平方，突出大幅波动。,"square(pct_change(open, 60))",price_transform,"square,pct_change"
op_case_1976,sqrt_abs_momentum,对 60 日开盘价收益绝对值取平方根，压缩极端波动。,"sqrt(absolute(pct_change(open, 60)))",price_transform,"sqrt,absolute,pct_change"
op_case_1977,cbrt_momentum,对 60 日开盘价收益取立方根，保留方向并压缩极端值。,"cbrt(pct_change(open, 60))",price_transform,"cbrt,pct_change"
op_case_1978,return_sign,用 60 日开盘价收益符号表示上涨、下跌或持平。,"sign(pct_change(open, 60))",price_transform,"sign,pct_change"
op_case_1979,price_diff,计算开盘价相对 60 天前的差分变化。,"diff(open, 60)",price_diff,diff
op_case_1980,lagged_return,用 shift 引用 60 天前开盘价并计算变化比例。,"div(sub(open, shift(open, 60)), shift(open, 60))",price_momentum,"div,sub,shift,shift"
op_case_1981,momentum,过去 90 日开盘价涨幅越高，短期趋势越强。,"pct_change(open, 90)",price_momentum,pct_change
op_case_1982,mean_reversion,过去 90 日开盘价涨幅越高，后续均值回归压力越大。,"neg(pct_change(open, 90))",price_reversal,"neg,pct_change"
op_case_1983,positive_momentum,只保留 90 日开盘价收益中的正向部分，强调上涨趋势。,"pos(pct_change(open, 90))",price_transform,"pos,pct_change"
op_case_1984,absolute_momentum,用 90 日开盘价收益绝对值衡量波动冲击。,"absolute(pct_change(open, 90))",price_transform,"absolute,pct_change"
op_case_1985,squared_momentum,对 90 日开盘价收益平方，突出大幅波动。,"square(pct_change(open, 90))",price_transform,"square,pct_change"
op_case_1986,sqrt_abs_momentum,对 90 日开盘价收益绝对值取平方根，压缩极端波动。,"sqrt(absolute(pct_change(open, 90)))",price_transform,"sqrt,absolute,pct_change"
op_case_1987,cbrt_momentum,对 90 日开盘价收益取立方根，保留方向并压缩极端值。,"cbrt(pct_change(open, 90))",price_transform,"cbrt,pct_change"
op_case_1988,return_sign,用 90 日开盘价收益符号表示上涨、下跌或持平。,"sign(pct_change(open, 90))",price_transform,"sign,pct_change"
op_case_1989,price_diff,计算开盘价相对 90 天前的差分变化。,"diff(open, 90)",price_diff,diff
op_case_1990,lagged_return,用 shift 引用 90 天前开盘价并计算变化比例。,"div(sub(open, shift(open, 90)), shift(open, 90))",price_momentum,"div,sub,shift,shift"
op_case_1991,acceleration,2 日收益高于 20 日收益越多，价格动量加速越明显。,"sub(pct_change(close, 2), pct_change(close, 20))",price_acceleration,"sub,pct_change,pct_change"
op_case_1992,smooth_momentum,用 2 日平均日收益除以 20 日波动，衡量平滑后的风险调整趋势。,"div(ts_mean(pct_change(close, 1), 2), ts_std(pct_change(close, 1), 20))",price_acceleration,"div,ts_mean,ts_std,pct_change,pct_change"
op_case_1993,acceleration,2 日收益高于 30 日收益越多，价格动量加速越明显。,"sub(pct_change(close, 2), pct_change(close, 30))",price_acceleration,"sub,pct_change,pct_change"
op_case_1994,smooth_momentum,用 2 日平均日收益除以 30 日波动，衡量平滑后的风险调整趋势。,"div(ts_mean(pct_change(close, 1), 2), ts_std(pct_change(close, 1), 30))",price_acceleration,"div,ts_mean,ts_std,pct_change,pct_change"
op_case_1995,acceleration,2 日收益高于 60 日收益越多，价格动量加速越明显。,"sub(pct_change(close, 2), pct_change(close, 60))",price_acceleration,"sub,pct_change,pct_change"
op_case_1996,smooth_momentum,用 2 日平均日收益除以 60 日波动，衡量平滑后的风险调整趋势。,"div(ts_mean(pct_change(close, 1), 2), ts_std(pct_change(close, 1), 60))",price_acceleration,"div,ts_mean,ts_std,pct_change,pct_change"
op_case_1997,acceleration,2 日收益高于 90 日收益越多，价格动量加速越明显。,"sub(pct_change(close, 2), pct_change(close, 90))",price_acceleration,"sub,pct_change,pct_change"
op_case_1998,smooth_momentum,用 2 日平均日收益除以 90 日波动，衡量平滑后的风险调整趋势。,"div(ts_mean(pct_change(close, 1), 2), ts_std(pct_change(close, 1), 90))",price_acceleration,"div,ts_mean,ts_std,pct_change,pct_change"
op_case_1999,acceleration,3 日收益高于 20 日收益越多，价格动量加速越明显。,"sub(pct_change(close, 3), pct_change(close, 20))",price_acceleration,"sub,pct_change,pct_change"
