node_id,node_key,node_name,idea_id,mapping,text,reason,dsl,error
factor_taxonomy.trend.absolute_trend.moving_average_structure_trend.dual_ma_trend,dual_ma_trend,双均线趋势,863f5c5b7a5e463785b81f3dc664baf4,unsupported_external_data,Create a dual moving-average slope-confirmation factor by multiplying the sign of the short-minus-long moving-average spread by the slope of the long moving average over a recent period. The mechanism requires both local and broader trend agreement: a bulli...,,,
factor_taxonomy.trend.absolute_trend.path_accumulation_trend.cumulative_nav_path_trend,cumulative_nav_path_trend,累积净值路径趋势,6e8b95b836e94b7e96d180de70bb94f6,unsupported_external_data,"Build a directional-consistency factor from the sign persistence of first differences in cumulative NAV. From the cumulative NAV series, calculate period-to-period NAV changes, then estimate the proportion of changes that share the same sign as the window’s...",,,
factor_taxonomy.trend.relative_trend.industry_relative_trend.within_industry_ranking_persistence,within_industry_ranking_persistence,行业中排序持续性,6660da3d91fc4adfbfdfad64358845e8,unsupported_external_data,"Build a pairwise win-persistence factor that decomposes within-industry ranking into repeated head-to-head contests. For each stock and each date, compare its trend signal with every other stock in the same industry and record a binary win or loss for each...",,,
factor_taxonomy.trend.relative_trend.cross_sectional_trend.ranking_change_trend,ranking_change_trend,排名变化趋势,db9eb36f1db149238ad3828d62b107ac,unsupported_external_data,"Construct a factor that detects sector-relative rank migration net of industry crowding. On each date, first compute the stock’s cross-sectional rank on a base signal within the full universe, then compute the stock’s rank within its own industry or sector....",,,
factor_taxonomy.trend.relative_trend.multi_reference_relative_trend.market_and_industry_dual_reference,market_and_industry_dual_reference,市场+行业双参照,1246fc4258174a12b8d6770e98e596ac,unsupported_external_data,"Construct a dual-reference relative drawdown containment factor that rewards stocks whose ongoing trend suffers less deterioration than both the market and the industry during recent adverse phases. Over a rolling window, compute each series’ pathwise drawd...",,,
factor_taxonomy.trend.residual_trend.dynamic_residual_trend.rolling_regression_residual_trend,rolling_regression_residual_trend,滚动回归残差趋势,094276b2e9d64d5dbf8257c92c9bf2ad,unsupported_external_data,"Define a factor based on cross-horizon consistency of rolling regression residual trends. For each stock, estimate residuals from a rolling factor model, then compute both a short-horizon residual trend slope and a longer-horizon residual trend slope from t...",,,
factor_taxonomy.trend.trend_stability.robustness.stable_across_windows,stable_across_windows,多窗口下稳定,6756484e31f74cdd9848af85a3eeb8cf,unsupported_external_data,"Create a multi-resolution trend vote factor using standardized momentum scores computed over several windows and transformed into comparable z-scores within each date's cross section. For each asset, count the share of windows where the standardized momentu...",,,
factor_taxonomy.trend.trend_acceleration.turning_point_detection.acceleration_to_deceleration,acceleration_to_deceleration,加速转减速,234a26a5a4554f489ccb83f6b6db3adc,unsupported_external_data,"Construct a turning-point factor from the ratio between short-horizon momentum and the change in that momentum, treating acceleration-to-deceleration as a state where momentum remains positive but its derivative turns negative. The factor should reward asse...",,,
factor_taxonomy.trend.trend_acceleration.multi_scale_acceleration.high_to_low_freq_transmission,high_to_low_freq_transmission,高频向低频传导,d7f8f6b0fcdb46b0aba2e38d4de6784e,unsupported_external_data,"Define a factor using the transmission of high-frequency drawdown recovery behavior into low-frequency trend renewal. At the intraday level, identify local adverse excursions against the prevailing short-horizon move and measure how quickly and completely t...",,,
factor_taxonomy.trend.trend_consistency.dimension_consistency.stock_and_group_trend_agree,stock_and_group_trend_agree,个股趋势与所属组别趋势一致,8653ea63f3194b9097bc9fab24653c53,unsupported_external_data,"Build a rank-trend agreement factor by comparing the stock’s cross-sectional percentile rank within its group on recent performance to the group’s own percentile rank versus the broader market or sector hierarchy, then rewarding cases where both ranks imply...",,,
factor_taxonomy.trend.trend_consistency.dimension_consistency.stock_and_group_trend_agree,stock_and_group_trend_agree,个股趋势与所属组别趋势一致,fcbc41874cb840b1a71b15a8f50f1dcc,unsupported_external_data,"Construct a participation breadth factor at the stock level by measuring whether the stock’s trend direction matches the majority trend direction of peer stocks inside its group, with the majority direction itself summarized as the group trend. The factor c...",,,
factor_taxonomy.trend.trend_consistency.signal_vote_consistency.weighted_consistency,weighted_consistency,加权一致性,f9b1f81e12c54af0a6004e4b3cdff495,unsupported_external_data,"Define a persistence-weighted consistency factor where each trend rule contributes a directional vote whose weight depends on how long that rule has continuously maintained the same sign without reversal. For each constituent signal, compute a run-length or...",,,
factor_taxonomy.trend.trend_consistency.signal_vote_consistency.weighted_consistency,weighted_consistency,加权一致性,a63d0dfe0f054dceb0d21b7ad3972ace,unsupported_external_data,"Create a correlation-debiased weighted vote factor by first generating several directional trend signals and then down-weighting signals that are highly redundant with other active signals, using recent pairwise correlation or mutual similarity of their his...",,,
factor_taxonomy.trend.trend_crowdedness.sentiment_crowded_trend.high_attention_trend,high_attention_trend,高关注度趋势,dd14a731dd5e4d6eb5520dd1ef9baa83,unsupported_external_data,"Build a factor that measures retail-dominant attention embedded in a trend. Estimate recent trend direction and magnitude, then decompose attention into retail-oriented and institutional-oriented proxies, for example social-media mentions, mobile-search act...",,,
factor_taxonomy.trend.trend_crowdedness.sentiment_crowded_trend.hot_theme_trend,hot_theme_trend,热门题材趋势,27a7017da0534fbe8e2478e981b0a731,unsupported_external_data,"Construct a stock-level hot-theme trend factor by first mapping each stock to one or more market themes using concept-board or topic-tag classifications, then computing for each theme the recent acceleration in cross-sectional capital concentration, defined...",,,
factor_taxonomy.trend.trend_crowdedness.sentiment_crowded_trend.narrative_driven_trend,narrative_driven_trend,叙事驱动趋势,02adcb7140244ccb93aac908142b0dc2,unsupported_external_data,Design a narrative-to-fundamental divergence factor that measures how much the dominant public story implies future growth or transformation that is not yet corroborated by hard operating evidence. Use text extraction to quantify the intensity of themes suc...,,,
factor_taxonomy.trend.trend_crowdedness.sentiment_crowded_trend.narrative_driven_trend,narrative_driven_trend,叙事驱动趋势,dcc08f56326e4b4683afb9dda820b327,unsupported_external_data,"Build a narrative sentiment skew factor that captures cases where the bullishness of discussion is extreme relative to informational richness. Use text models to estimate both sentiment and specificity for each mention, where specificity distinguishes concr...",,,
factor_taxonomy.trend.trend_crowdedness.fragile_crowded_trend.crowding_prone_to_reflexive_break,crowding_prone_to_reflexive_break,拥挤后易反身破裂趋势,67d4b9dc6a45435bb17d64671f146226,unsupported_external_data,"Build a factor from trend narrowing and failed breadth confirmation within a stock’s related ecosystem, such as industry peers, supply-chain links, or thematic constituents. Measure whether the asset has continued making strong gains while the fraction of r...",,,
factor_taxonomy.trend.trend_crowdedness.fragile_crowded_trend.crowding_prone_to_reflexive_break,crowding_prone_to_reflexive_break,拥挤后易反身破裂趋势,1f0bddbc8fb141c8b413d78dec022e5b,unsupported_external_data,"Create a factor based on reversal sensitivity to small negative surprises after a crowded ascent by estimating asymmetric downside convexity conditional on prior trend strength. Measure the asset’s average reaction to modest market, sector, macro, or news-r...",,,
factor_taxonomy.reversal.medium_term_mean_reversion.long_ma_deviation_repair.deviation_from_long_ma,deviation_from_long_ma,相对长期均线偏离,19aa753172424984a56d1a9e886d085b,unsupported_external_data,"Create a long-MA repair breadth factor using cross-sectional crowding in deviations. On each date, compute each stock’s signed percentage distance from its long moving average and also the cross-sectional average and dispersion of those distances within its...",,,
factor_taxonomy.reversal.sentiment_overheat_reversal.over_optimism_reversal.hot_theme_chasing_fade,hot_theme_chasing_fade,热点追涨回落,e18691f8daa24515b74ae0c1d9b19e65,unsupported_external_data,"Build a cross-theme migration exhaustion factor by detecting stocks that become new recipients of speculative capital rotating out of previously crowded themes into an emerging hot theme. Measure whether the stock belongs to a concept whose attention, turno...",,,
factor_taxonomy.reversal.sentiment_overheat_reversal.over_pessimism_reversal.sentiment_bottom_rebound,sentiment_bottom_rebound,情绪冰点反弹,0c41210754e248ff9e8fe544081074fe,unsupported_external_data,"Build a factor around insider or strategic-holder contrarian activity after public pessimism extremes. Detect stocks with recent sentiment-bottom conditions using sharp drawdown, elevated negative coverage, and poor retail engagement tone. Among them, score...",,,
factor_taxonomy.reversal.sentiment_overheat_reversal.consecutive_extreme_behavior_reversal.limit_up_streak_fade,limit_up_streak_fade,连板后回落,1ae6f7291eaf4002a2d1eec1eb6c632d,unsupported_external_data,"Define a failed-seal factor that measures repeated inability to maintain upper-limit conditions after a limit-up streak. After identifying the streak, track on the next trading day how often the stock trades near or at the daily upper bound, how long it sta...",,,
factor_taxonomy.reversal.sentiment_overheat_reversal.consecutive_extreme_behavior_reversal.limit_up_streak_fade,limit_up_streak_fade,连板后回落,6ade4a9e7fca41ea91cfcffaed93ad9a,unsupported_external_data,"Create an abnormal turnover release factor by comparing turnover during the first pullback day after a limit-up streak with the average turnover during the streak itself, while also conditioning on weak closing behavior. The hypothesis is that a sharp surge...",,,
factor_taxonomy.reversal.sentiment_overheat_reversal.consecutive_extreme_behavior_reversal.limit_up_streak_fade,limit_up_streak_fade,连板后回落,00492fb872dd4940abc513dc2da0be8c,unsupported_external_data,"Build a leader-to-laggard decoupling factor by identifying stocks that completed a limit-up streak while belonging to a hot thematic cluster, then measuring whether the stock underperforms both its sector or concept peers and the equal-weighted basket of re...",,,
factor_taxonomy.reversal.sentiment_overheat_reversal.consecutive_extreme_behavior_reversal.limit_up_streak_fade,limit_up_streak_fade,连板后回落,45153193a8714c41b9143329196fec27,unsupported_external_data,"Create a capital-trap factor based on the quality of breakout retention after a limit-up streak. Compute the distance between the first post-streak close and key reference levels formed during the streak, such as the previous limit-up close average or the b...",,,
factor_taxonomy.reversal.sentiment_overheat_reversal.consecutive_extreme_behavior_reversal.consecutive_big_drop_repair,consecutive_big_drop_repair,连续大跌后修复,824d89acda16486f87d33aed081bb3ea,unsupported_external_data,"Define a gap-exhaustion reversal factor for stocks that have undergone consecutive big down days, then examine the next session’s opening gap relative to the previous close and intraday recovery from that open. The signal is strongest when the stock opens w...",,,
factor_taxonomy.reversal.sentiment_overheat_reversal.consecutive_extreme_behavior_reversal.consecutive_big_drop_repair,consecutive_big_drop_repair,连续大跌后修复,ca21a8376c16485b9545a5fdf46bd553,unsupported_external_data,"Build a downside acceleration exhaustion factor using the shape of the consecutive decline itself. Within a multi-day big-drop sequence, compute whether each successive day contributes less incremental downside than the previous day after adjusting for vola...",,,
factor_taxonomy.reversal.sentiment_overheat_reversal.consecutive_extreme_behavior_reversal.consecutive_big_drop_repair,consecutive_big_drop_repair,连续大跌后修复,d88a826a8a774afbaa8fde8a67440133,unsupported_external_data,"Build a breadth-confirmed individual repair factor that combines stock-specific consecutive big drops with subsequent improvement in local peer behavior. After identifying a stock’s serial sharp decline, measure not only its own rebound but also whether oth...",,,
factor_taxonomy.reversal.sentiment_overheat_reversal.over_consensus_sentiment_reversal.narrative_overheat_reversal,narrative_overheat_reversal,叙事过热反转,ee4152f5320343e3b08d53995a79877b,unsupported_external_data,Construct a narrative overheat reversal factor by identifying stocks whose recent news and social-media text are unusually concentrated in a single hot theme while contemporaneous fundamental disclosures remain sparse. Measure topic concentration with a rol...,,,
factor_taxonomy.reversal.sentiment_overheat_reversal.over_consensus_sentiment_reversal.narrative_overheat_reversal,narrative_overheat_reversal,叙事过热反转,98452300acce4d4b8997657ecc82da92,unsupported_external_data,Define a cross-source disagreement overheat factor that captures when the same bullish narrative is embraced by retail-facing channels but not by information-dense institutional channels. Compute sentiment and topic exposure separately from retail social me...,,,
factor_taxonomy.reversal.sentiment_overheat_reversal.over_consensus_sentiment_reversal.narrative_overheat_reversal,narrative_overheat_reversal,叙事过热反转,ede18ac36beb471c8015bb943603b5e2,unsupported_external_data,Define an identity overheat reversal factor based on the extent to which a stock is discussed through category labels and symbolic narratives rather than company-specific economics. Measure the fraction of mentions that refer to broad identity tags such as...,,,
factor_taxonomy.reversal.sentiment_overheat_reversal.over_consensus_sentiment_reversal.narrative_overheat_reversal,narrative_overheat_reversal,叙事过热反转,f778f63806a14847a347658dd2f1d789,unsupported_external_data,"Create a narrative crowding factor from co-mention centrality within a dynamic text network. Build a graph where edges connect stocks frequently mentioned together in the same hot theme, estimate each stock’s centrality within currently trending narrative c...",,,
factor_taxonomy.reversal.deviation_reversal.cross_sectional_deviation.deviation_from_group_median,deviation_from_group_median,偏离组内中位数,d81f98f0b5084c48ab7c78d3f3384fad,unsupported_external_data,"Construct an analyst-expectation reversal factor by grouping stocks by industry and market-cap segment, measuring the recent change in analyst earnings revisions or recommendation sentiment for each stock, and comparing it to the median revision change of t...",,,
factor_taxonomy.reversal.post_event_repair_reversal.post_gap_event_repair,post_gap_event_repair,跳空事件后修复,c6c1f1148b0a4dd7af6d6cb6ba81fc99,unsupported_external_data,"Create a market-decoupled gap repair factor that isolates stock-specific repair from broader index reversal. After a stock gaps, estimate how much of its subsequent repair can be explained by the repair of the sector or market index over the same horizon, u...",,,
factor_taxonomy.reversal.post_event_repair_reversal.event_mispricing_repair,event_mispricing_repair,事件误定价修复,2baa234b49384679af31fc19a0ae9c19,unsupported_external_data,"Design a litigation or regulatory headline repair factor by flagging major legal, investigation, or enforcement announcements and quantifying the event-day collapse relative to ex ante exposure inferred from text similarity to prior cases, balance-sheet leg...",,,
factor_taxonomy.reversal.structural_reversal.funding_crowding_reversal,funding_crowding_reversal,资金拥挤反转,f1d3c2f66ac747c79c0fdd41192f28e7,unsupported_external_data,Create a crowding-reversal signal from ETF and thematic basket transmission by detecting stocks that have risen mainly because they are heavily owned by hot funds receiving large subscriptions rather than because of stock-specific information. Estimate each...,,,
factor_taxonomy.risk.total_volatility.range_based_volatility,range_based_volatility,区间波动,fb267a16766642e28b267989a7fc642c,unsupported_external_data,"Construct a normalized intraday range factor by computing, for each day, the log high-to-low range divided by the absolute overnight gap measured from previous close to current open, then averaging this ratio over a rolling window. The mechanism targets sto...",,,
factor_taxonomy.risk.total_volatility.range_based_volatility,range_based_volatility,区间波动,d68113aec2f14dc1b970b03b5678cf23,unsupported_external_data,"Form a range asymmetry factor by computing separate upward excursion and downward excursion components, such as high relative to the higher of open and close and low relative to the lower of open and close, then taking their difference or ratio after standa...",,,
factor_taxonomy.risk.idiosyncratic_volatility.idiosyncratic_volatility_stability,idiosyncratic_volatility_stability,特质波动稳定性,8eed461a1bf84137a7f85748f25710b7,unsupported_external_data,"Define an event-insensitivity factor by identifying broad market stress days and firm-specific announcement days, computing each stock’s residual-based idiosyncratic volatility before and after those events, and measuring how consistently the stock maintain...",,,
factor_taxonomy.risk.volatility_change.rising_volatility,rising_volatility,波动上升,f9d1aff58935400b851f975b81bbb121,unsupported_external_data,Design an options-linked rising-volatility factor by comparing the change in implied volatility to the change in realized volatility and focusing on assets where both are moving upward together. Compute the recent time-series increase in at-the-money implie...,,,
factor_taxonomy.risk.volatility_change.shrinking_volatility,shrinking_volatility,波动收缩,04e8f7f79f654a4492b4fa550b9a8f9c,unsupported_external_data,"Define a factor based on the reduction of cross-horizon volatility disagreement, motivated by the idea that shrinking volatility often coincides with convergence of short-, medium-, and slightly longer-term risk estimates. Estimate realized volatility over...",,,
factor_taxonomy.risk.volatility_change.volatility_jump,volatility_jump,波动跳变,4862775ad2cb401d8afb14ad20ba6271,unsupported_external_data,"Define a volatility-of-volatility jump factor by measuring abrupt day-to-day changes in realized volatility itself, using the absolute or squared innovation of daily realized volatility relative to a forecasting model based on its recent autoregressive patt...",,,
factor_taxonomy.risk.volatility_change.volatility_regime_switch,volatility_regime_switch,波动 regime 切换,9e4211bddca743f7b601eb936c7fb621,unsupported_external_data,"Create a volatility regime-switch factor using the ratio between short-horizon realized volatility and the asset’s own long-horizon variance forecast error. First generate a baseline conditional variance forecast from a standard volatility model, then measu...",,,
factor_taxonomy.risk.volatility_change.volatility_regime_switch,volatility_regime_switch,波动 regime 切换,1d941427d1f74640abe5d3168ee53875,unsupported_external_data,Construct a term-structure-based volatility regime-switch factor by comparing near-term implied volatility with longer-dated implied volatility and testing whether the slope has shifted relative to the asset’s own realized-volatility regime. A strongly inve...,,,
factor_taxonomy.risk.risk_exposure.market_risk_exposure,market_risk_exposure,市场风险暴露,6b5cadb35bea436f8295d9d3b3d380bc,unsupported_external_data,"Build a dynamic beta instability factor by estimating rolling market beta over multiple overlapping subperiods and then measuring the time-series variability, trend, or mean absolute change of those beta estimates. The factor is high for stocks whose market...",,,
factor_taxonomy.risk.risk_exposure.industry_risk_exposure,industry_risk_exposure,行业风险暴露,395596b8ffae42b7b41eda4b927cd37b,unsupported_external_data,"Build a factor from supply-chain implied industry exposure by linking each firm’s disclosed major customers and suppliers to their industry classifications, then computing the revenue-weighted customer industry concentration and cost-weighted supplier indus...",,,
factor_taxonomy.risk.risk_exposure.industry_risk_exposure,industry_risk_exposure,行业风险暴露,ec168dd7b3024cb89dc6283ac32824d8,unsupported_external_data,"Create a text-based hidden industry exposure factor using management discussion, business description, and segment-report disclosures to extract the frequency and intensity of references to end-markets or applications associated with specific industries. Ma...",,,
factor_taxonomy.risk.risk_exposure.industry_risk_exposure,industry_risk_exposure,行业风险暴露,84afb260be2e402fb4abad03e51526a9,unsupported_external_data,"Build a geographic-industry interaction exposure factor by combining each firm’s regional revenue distribution with region-level industry activity weights, such as local dependence on construction, autos, semiconductors, or real estate. For each firm, compu...",,,
factor_taxonomy.risk.risk_exposure.industry_risk_exposure,industry_risk_exposure,行业风险暴露,0cfbccbb14264673b66f965e1e6277f6,unsupported_external_data,"Create a balance-sheet-based industry dependency factor by measuring the share of assets, receivables, inventories, and contract assets that are specifically tied to counterparties or projects in certain industries, using note disclosures, segment data, and...",,,
factor_taxonomy.risk.risk_exposure.industry_risk_exposure,industry_risk_exposure,行业风险暴露,211a59406b0a40f3a2b2fc66b38c6554,unsupported_external_data,"Build an ownership-linked industry exposure factor by examining the industry composition of a firm’s major shareholders, strategic investors, parent groups, or affiliated business ecosystems. Measure the fraction of controlling or influential ownership asso...",,,
factor_taxonomy.risk.risk_exposure.exposure_drift_instability,exposure_drift_instability,暴露漂移与不稳定性,8bfa85de403b478cba5e7419a685db33,unsupported_external_data,"Build an instability factor from forecast error of exposure dynamics by fitting a low-order autoregressive model to each stock’s historical vector of factor betas and using it to predict next-period exposures, then measuring the realized out-of-sample beta...",,,
factor_taxonomy.risk.risk_exposure.exposure_drift_instability,exposure_drift_instability,暴露漂移与不稳定性,6f1ed2caf73a4b8da0edc5a99afb00fa,unsupported_external_data,"Form a factor that captures instability in principal risk space by extracting each stock’s rolling covariance with a broad market universe, projecting that covariance structure onto a fixed set of leading cross-sectional eigenportfolios, and then measuring...",,,
factor_taxonomy.risk.risk_exposure.exposure_drift_instability,exposure_drift_instability,暴露漂移与不稳定性,eba722ba4379432abac361afedb850ae,unsupported_external_data,"Define an event-linked exposure instability factor by estimating pre-event and post-event beta vectors around corporate events such as earnings announcements, guidance revisions, major M&A announcements, refinancing, or index membership changes, and then ag...",,,
factor_taxonomy.risk.tail_risk.var_cvar_proxy,var_cvar_proxy,VaR/CVaR代理,2815155602144694a58b4b0166c644ca,unsupported_external_data,"Construct a market-conditioned tail beta factor by identifying dates when the broad market falls into its own worst tail states, then measuring each asset’s conditional loss distribution only on those market-stress dates and estimating the asset-specific qu...",,,
factor_taxonomy.risk.tail_risk.crash_risk,crash_risk,崩盘风险,829a30393eb348cf910b14427403609f,unsupported_external_data,"Build an option-implied crash factor using the slope and curvature of the implied volatility smirk from equity options, especially the relative richness of out-of-the-money puts versus at-the-money options after maturity normalization. A steeper downside sk...",,,
factor_taxonomy.earnings_quality.profitability.margin_level,margin_level,利润率水平,0f4a3b77259149fda7ed3e41e170df65,unsupported_fundamental_growth_or_quality,"Construct an operating margin efficiency factor as trailing twelve month operating income divided by revenue, but neutralize it against the firm’s asset turnover by first estimating the cross-sectional relation between operating margin and sales-to-assets w...",,,
factor_taxonomy.earnings_quality.profitability.margin_level,margin_level,利润率水平,5da97acc0f834a98b2bbd14868d3577a,unsupported_fundamental_growth_or_quality,Construct a tax-burden-adjusted margin factor by first computing pretax income divided by revenue and then multiplying by one minus the firm’s normalized effective tax rate estimated from a multi-year average excluding extreme observations. The resulting af...,,,
factor_taxonomy.earnings_quality.profitability.margin_level,margin_level,利润率水平,5b719e63f6ce4378b92bff74b700891b,unsupported_fundamental_growth_or_quality,"Construct a segment mix-adjusted margin factor for diversified firms by estimating an expected company margin from the weighted average margins of its reported business segments or, if segments are unavailable, the weighted average margins of industry bucke...",,,
factor_taxonomy.earnings_quality.profitability.margin_level,margin_level,利润率水平,292873aa36814d1d9e0d7cac4edf1bc0,unsupported_fundamental_growth_or_quality,"Construct a supplier-customer power margin factor by taking gross margin minus the ratio of selling, general, and administrative expense to revenue, then scaling the result by accounts payable days divided by accounts receivable days. The intuition is that...",,,
factor_taxonomy.earnings_quality.profitability.unit_resource_profitability,unit_resource_profitability,单位资源盈利能力,24220e62bbf143c0a32e04e215c2ad9d,unsupported_fundamental_growth_or_quality,"Construct a factor measuring net income generated per unit of total assets, defined as trailing twelve-month net profit attributable to shareholders divided by average total assets over the same period. The mechanism is that firms able to convert each unit...",,,
factor_taxonomy.earnings_quality.profitability.unit_resource_profitability,unit_resource_profitability,单位资源盈利能力,ba50dd4696a14eaf9069dcb5efcb77ba,unsupported_fundamental_growth_or_quality,"Construct a factor measuring operating profit per unit of invested capital, defined as trailing EBIT or operating income divided by average invested capital, where invested capital equals interest-bearing debt plus shareholders’ equity minus cash and short-...",,,
factor_taxonomy.earnings_quality.profitability.unit_resource_profitability,unit_resource_profitability,单位资源盈利能力,f251b55d1e3b430caea34cdf7018da54,unsupported_fundamental_growth_or_quality,"Construct a factor measuring gross profit per unit of inventory, defined as trailing twelve-month gross profit divided by average inventory. The mechanism is that firms that generate more gross margin from each unit of stock held are using working-capital r...",,,
factor_taxonomy.earnings_quality.profitability.unit_resource_profitability,unit_resource_profitability,单位资源盈利能力,ea6d7b0cf04b4634b95b43fef3c4e01a,unsupported_fundamental_growth_or_quality,"Construct a factor measuring free cash flow per unit of total assets, defined as operating cash flow minus capital expenditures divided by average total assets. The mechanism is that firms that convert their asset base into discretionary cash after reinvest...",,,
factor_taxonomy.earnings_quality.profitability.unit_resource_profitability,unit_resource_profitability,单位资源盈利能力,6f1b3afd93624e79aa9a180204aebf48,unsupported_fundamental_growth_or_quality,"Construct a factor measuring revenue-adjusted employee productivity profit, defined as trailing operating profit divided by average number of employees, with optional industry neutralization to account for labor intensity. The mechanism is that firms genera...",,,
factor_taxonomy.earnings_quality.profitability.unit_resource_profitability,unit_resource_profitability,单位资源盈利能力,76fcb46a9c734e7b9536d25580679403,unsupported_fundamental_growth_or_quality,"Construct a factor measuring profit per unit of working capital, defined as trailing operating income divided by average net operating working capital, where net operating working capital equals accounts receivable plus inventory minus accounts payable and...",,,
factor_taxonomy.earnings_quality.profitability.unit_resource_profitability,unit_resource_profitability,单位资源盈利能力,44bb2330553b4c0bba571cf3a3caa78b,unsupported_fundamental_growth_or_quality,"Construct a factor measuring incremental resource profitability, defined as the change in trailing operating profit over a multi-period horizon divided by the change in average operating assets over the same horizon, excluding observations with very small o...",,,
factor_taxonomy.earnings_quality.profitability.unit_resource_profitability,unit_resource_profitability,单位资源盈利能力,95f0799761e8481b80c73f2f66ac6a21,unsupported_fundamental_growth_or_quality,"Construct a factor measuring relative unit-resource profitability improvement, defined as the firm’s current operating profit divided by average operating assets minus its own historical median of the same ratio, preferably standardized within industry. The...",,,
factor_taxonomy.earnings_quality.earnings_stability.profit_level_stability,profit_level_stability,利润水平稳定性,623ae5ecc68342ef944d8498d6e793aa,unsupported_fundamental_growth_or_quality,"Compute a profit-level stability factor as the negative time-series coefficient of variation of quarterly net profit attributable to shareholders over a multi-year lookback, using the standard deviation divided by the absolute mean and requiring a minimum n...",,,
factor_taxonomy.earnings_quality.earnings_stability.profit_level_stability,profit_level_stability,利润水平稳定性,5c758acbc08a41908b1da3597c828d18,unsupported_fundamental_growth_or_quality,"Define a downside profit stability factor as the negative frequency and magnitude of year-over-year quarterly net profit declines, combining the share of quarters with negative profit growth and the average absolute decline scaled by lagged profit or assets...",,,
factor_taxonomy.earnings_quality.earnings_stability.profit_level_stability,profit_level_stability,利润水平稳定性,508faa4624b04c048ec9729b1654ab15,unsupported_fundamental_growth_or_quality,"Create an earnings sign consistency factor based on the proportion of recent quarters in which net profit, operating profit, and pretax profit are all positive, optionally penalizing quarters where any measure turns negative. Firms with uninterrupted positi...",,,
factor_taxonomy.earnings_quality.earnings_stability.profit_level_stability,profit_level_stability,利润水平稳定性,5f4e42b8b2f448ad96f8dedb20e63e2f,unsupported_fundamental_growth_or_quality,"Build a cross-cycle profit stability factor by calculating the minimum quarterly operating profit margin over the lookback period divided by the median quarterly operating profit margin, with safeguards for negative or very small medians. A ratio closer to...",,,
factor_taxonomy.earnings_quality.earnings_stability.profit_level_stability,profit_level_stability,利润水平稳定性,546d0f3eddb74fd0bb096a222c929e2f,unsupported_fundamental_growth_or_quality,Measure stability of annualized profit level using rolling trailing-twelve-month net income and computing the negative maximum drawdown from its historical peak within the lookback window. Firms whose trailing profit base avoids large drawdowns receive high...,,,
factor_taxonomy.earnings_quality.earnings_stability.margin_stability,margin_stability,利润率稳定性,7bbc3907d3cf4faca4e371c0ea89745e,unsupported_fundamental_growth_or_quality,"Construct a margin stability factor by measuring the time-series variability of gross margin, operating margin, and net margin over a rolling multi-year window, standardizing each ratio by its own historical mean level, and combining them so that firms with...",,,
factor_taxonomy.earnings_quality.earnings_stability.margin_stability,margin_stability,利润率稳定性,4c22b6ea8fb9413292fb0bfa725643da,unsupported_fundamental_growth_or_quality,Build a trend-adjusted margin stability factor by first fitting a linear time trend to a company’s operating margin history over several years and then computing the root mean squared deviation of actual margins from that fitted path; companies whose margin...,,,
factor_taxonomy.earnings_quality.earnings_stability.margin_stability,margin_stability,利润率稳定性,f5444849526e4dcf9c84fe2e218e4a8d,unsupported_fundamental_growth_or_quality,Create a peer-relative margin stability factor by comparing a firm’s operating margin each period to the contemporaneous industry median margin and then calculating the volatility of that industry-adjusted spread over time; companies that maintain a steady...,,,
factor_taxonomy.earnings_quality.earnings_stability.margin_stability,margin_stability,利润率稳定性,b5b0e3b2bdb7473ba9381b7a39ac0d30,unsupported_fundamental_growth_or_quality,Form a directional persistence factor from the sequence of margin changes by counting the frequency and magnitude of large sign reversals in gross or operating margin over a rolling history; firms with fewer abrupt alternations between expansion and compres...,,,
factor_taxonomy.earnings_quality.earnings_stability.margin_stability,margin_stability,利润率稳定性,2d6f3ad8eefd42d78fdd4d043dbf0844,unsupported_fundamental_growth_or_quality,Construct a shock-resilience margin factor by identifying periods of material revenue slowdown or contraction and measuring how much operating or net margin deteriorates during those stress episodes relative to the firm’s own normal-state margin; companies...,,,
factor_taxonomy.earnings_quality.earnings_stability.margin_stability,margin_stability,利润率稳定性,53663fe169154c13a37f02fc2588d83c,unsupported_fundamental_growth_or_quality,"Build an accrual-insulated margin stability factor by comparing the stability of cash-based operating margin, such as operating cash flow divided by sales, with the stability of accrual-based operating margin, and rewarding firms where both measures are con...",,,
factor_taxonomy.earnings_quality.earnings_stability.margin_stability,margin_stability,利润率稳定性,9dc3f0d350fb48b9b09106b8d97a4156,unsupported_fundamental_growth_or_quality,Define a segment-consistency margin factor for firms with segment disclosures by computing the dispersion of segment-level margins each period and then the variability of that dispersion over time; companies whose overall profitability is supported by a con...,,,
factor_taxonomy.earnings_quality.earnings_stability.margin_stability,margin_stability,利润率稳定性,cec5fdf422374ddfbb9cee03e89e2380,unsupported_fundamental_growth_or_quality,Create a seasonality-controlled margin stability factor by estimating the normal seasonal pattern in quarterly gross or operating margins and then measuring the volatility of residual margins after removing predictable seasonal effects; firms whose margins...,,,
factor_taxonomy.earnings_quality.earnings_stability.margin_stability,margin_stability,利润率稳定性,e0687a14f6fb4b26a6c425d4074fae59,unsupported_fundamental_growth_or_quality,"Construct a forecastability-based margin stability factor by using a simple autoregressive or fundamentals-linked model to predict next-period operating margin from its own history and recent sales growth, then measuring the historical prediction error vola...",,,
factor_taxonomy.earnings_quality.earnings_stability.roe_roa_stability,roe_roa_stability,ROE/ROA稳定性,17c071f642294d11b19ab7538e660f4f,unsupported_fundamental_growth_or_quality,Estimate a rolling linear trend of quarterly ROE and ROA over recent fiscal quarters and measure stability as the negative absolute residual error around the fitted trend rather than the raw dispersion. Firms with profitability ratios that follow a smooth g...,,,
factor_taxonomy.earnings_quality.earnings_stability.roe_roa_stability,roe_roa_stability,ROE/ROA稳定性,8472f48ad7834781bb5ef724fee7da2f,unsupported_fundamental_growth_or_quality,"Construct a downside-instability measure using only quarters in which ROE or ROA falls below the firm’s own rolling median, computing the average shortfall magnitude from that median. The factor is the negative combined downside deviation for ROE and ROA, e...",,,
factor_taxonomy.earnings_quality.earnings_stability.roe_roa_stability,roe_roa_stability,ROE/ROA稳定性,b0b9b18eb8dd498a9c8c7ae0b1fa37df,unsupported_fundamental_growth_or_quality,"Compute the stability of DuPont-linked profitability by decomposing ROE into profit margin, asset turnover, and equity multiplier, then measuring whether ROE stability is supported by simultaneously stable ROA rather than offsetting leverage changes. The fa...",,,
factor_taxonomy.earnings_quality.earnings_stability.roe_roa_stability,roe_roa_stability,ROE/ROA稳定性,91c0bb17b38549ac9464f08640995872,unsupported_fundamental_growth_or_quality,Create a relative industry stability score by subtracting each firm’s quarterly ROE and ROA from the contemporaneous industry median and computing the rolling volatility of these industry-adjusted profitability spreads. Firms with low residual volatility re...,,,
factor_taxonomy.earnings_quality.earnings_stability.through_cycle_stability,through_cycle_stability,周期穿越稳定性,9fa1a34d4ebf4eee8b58258d54b67ea3,unsupported_fundamental_growth_or_quality,Construct a through-cycle earnings stability factor by estimating each firm’s earnings sensitivity to macroeconomic conditions and rewarding low residual volatility after controlling for those conditions. Regress quarterly earnings growth or EBITDA margin o...,,,
factor_taxonomy.earnings_quality.earnings_stability.through_cycle_stability,through_cycle_stability,周期穿越稳定性,18642097a8d444d89b954fbc35c9bf31,unsupported_fundamental_growth_or_quality,"Build a cycle-phase consistency factor by splitting history into expansionary and contractionary macro regimes and measuring whether a firm maintains similar profitability levels across both states. For each company, calculate average ROA, EBIT margin, or o...",,,
factor_taxonomy.earnings_quality.earnings_stability.through_cycle_stability,through_cycle_stability,周期穿越稳定性,2840e410f6f94959a1d8e6302ac5faee,unsupported_fundamental_growth_or_quality,"Define a drawdown-and-recovery earnings resilience factor that measures how deeply earnings fall during macro downturns and how quickly they normalize afterward. Identify cycle downturn episodes using market-wide or macro indicators, compute the maximum pea...",,,
factor_taxonomy.earnings_quality.earnings_stability.through_cycle_stability,through_cycle_stability,周期穿越稳定性,777952876f1a4a05a3fc4737a35e3f24,unsupported_fundamental_growth_or_quality,"Create an earnings autocorrection factor based on the serial persistence of profitability deviations from trend across different business-cycle environments. Estimate a firm-specific long-run earnings trend using a rolling structural model, compute quarterl...",,,
factor_taxonomy.earnings_quality.earnings_stability.through_cycle_stability,through_cycle_stability,周期穿越稳定性,d301f45dbfc94001b7e8a82671efb48c,unsupported_fundamental_growth_or_quality,"Measure through-cycle stability using the stability of earnings conversion from revenue under changing demand conditions. For each firm, estimate the relationship between revenue growth and operating profit growth or margin changes across a long history, th...",,,
factor_taxonomy.earnings_quality.earnings_stability.through_cycle_stability,through_cycle_stability,周期穿越稳定性,c20918e0c04842e6a175ca2ebf49949e,unsupported_fundamental_growth_or_quality,"Build a cycle-robust earnings quality factor from the consistency between accrual earnings and cash earnings across expansions and contractions. Compute the gap between net income and operating cash flow, scaled by assets or sales, separately in up-cycle an...",,,
factor_taxonomy.earnings_quality.earnings_stability.through_cycle_stability,through_cycle_stability,周期穿越稳定性,2c3f5ceb6cdc4ec9b0ff9082e21d5e9d,unsupported_fundamental_growth_or_quality,"Create a segment diversification earnings stability factor by evaluating whether a firm’s reported earnings are less synchronized with cyclical weakness across its business exposures. Using segment disclosures or geographic revenue breakdowns, infer concent...",,,
factor_taxonomy.earnings_quality.earnings_stability.through_cycle_stability,through_cycle_stability,周期穿越稳定性,06a1d30924a44c848a1e5bfc8bd1f430,unsupported_fundamental_growth_or_quality,"Construct a revision-resilience factor based on how management or analyst earnings expectations behave across macro turning points relative to realized results. Around identified cycle slowdowns and recoveries, measure the magnitude and frequency of downwar...",,,
factor_taxonomy.earnings_quality.earnings_stability.through_cycle_stability,through_cycle_stability,周期穿越稳定性,6c1c1cd0c9804bb2a7ab6606457c63d9,unsupported_fundamental_growth_or_quality,"Define a relative-cycle insulation factor by comparing a firm’s earnings fluctuation to that of its industry during the same macro episodes. For each downturn and recovery period, compute the firm’s change in profitability and normalize it by the contempora...",,,
factor_taxonomy.earnings_quality.earnings_truthfulness.cash_profit_match,cash_profit_match,现金利润匹配,66506bced1df489dbbf53863176cd2a7,unsupported_fundamental_growth_or_quality,"Construct an accrual gap factor as net income minus operating cash flow, scaled by average total assets over the same trailing period. The signal should be negated so that firms with smaller or negative accrual gaps receive higher scores, reflecting better...",,,
factor_taxonomy.earnings_quality.earnings_truthfulness.cash_profit_match,cash_profit_match,现金利润匹配,22003a1e94144b989639a216f0e6191d,unsupported_fundamental_growth_or_quality,"Measure the mismatch between EBITDA and operating cash flow by computing operating cash flow divided by EBITDA, after excluding firms with non-positive EBITDA. This factor captures whether pre-interest, tax, depreciation, and amortization profitability tran...",,,
factor_taxonomy.earnings_quality.earnings_truthfulness.cash_profit_match,cash_profit_match,现金利润匹配,cd1d40fe949e4953be7263f4f628a908,unsupported_fundamental_growth_or_quality,Create a cash earnings persistence factor by calculating the rolling correlation between operating cash flow and net income across recent reporting periods for each firm. A higher correlation indicates that profit fluctuations are consistently mirrored by c...,,,
factor_taxonomy.earnings_quality.earnings_truthfulness.cash_profit_match,cash_profit_match,现金利润匹配,f821f4eb8a1a4e5597f0fe89f0a63dc7,unsupported_fundamental_growth_or_quality,"Compute a receivables-driven profit warning factor as the change in accounts receivable divided by the change in revenue, with safeguards for small revenue changes, and invert the signal. Firms whose receivables grow faster than sales receive lower scores b...",,,
factor_taxonomy.earnings_quality.earnings_truthfulness.cash_profit_match,cash_profit_match,现金利润匹配,c9edf44651504d53809c84153ffd6d7b,unsupported_fundamental_growth_or_quality,"Measure free-cash-flow confirmation of earnings by calculating free cash flow, defined as operating cash flow minus capital expenditures, divided by net income over a trailing period. This factor rewards firms whose reported earnings remain cash-generative...",,,
factor_taxonomy.earnings_quality.earnings_truthfulness.cash_profit_match,cash_profit_match,现金利润匹配,ddac01ad02be4c69acb105db7f051dec,unsupported_fundamental_growth_or_quality,"Construct a cumulative cash-profit reconciliation factor by summing operating cash flow and net income separately over multiple annual periods, then computing the ratio of cumulative operating cash flow to cumulative net income. The cumulative design reduce...",,,
factor_taxonomy.earnings_quality.earnings_truthfulness.cash_profit_match,cash_profit_match,现金利润匹配,8fada4d3475e452a8cac96b5842cefbc,unsupported_fundamental_growth_or_quality,"Calculate an abnormal accrual intensity factor by estimating expected total accruals from contemporaneous revenue growth and property, plant, and equipment intensity within each industry, then taking the negative residual accrual scaled by assets. Firms wit...",,,
factor_taxonomy.earnings_quality.earnings_truthfulness.accrual_dependence,accrual_dependence,应计依赖度,ccb5b2f794824c95912e65ccc73485c0,unsupported_fundamental_growth_or_quality,"Construct a factor that isolates discretionary accruals using an industry-year accrual model. Regress firm total accruals scaled by lagged assets on drivers such as inverse lagged assets, change in revenue adjusted for change in receivables, and property, p...",,,
factor_taxonomy.earnings_quality.earnings_truthfulness.accrual_dependence,accrual_dependence,应计依赖度,39f14321cc89452dadd241edc7bdef41,unsupported_fundamental_growth_or_quality,"Construct a factor based on the persistence gap between accrual earnings and cash earnings. Decompose earnings into operating cash flow and total accruals, estimate each firm’s historical relation between next-period earnings and the two components, and mea...",,,
factor_taxonomy.earnings_quality.earnings_truthfulness.accrual_dependence,accrual_dependence,应计依赖度,707c08077f0c45f2a940c56af0d07a5d,unsupported_fundamental_growth_or_quality,"Construct a factor based on the ratio of non-cash operating profit to operating profit. Calculate operating profit minus operating cash flow before working-capital changes, or alternatively operating income minus cash flow from operations adjusted for worki...",,,
factor_taxonomy.earnings_quality.earnings_truthfulness.accrual_dependence,accrual_dependence,应计依赖度,9e6de243d4394e09aaa70b9691b3a718,unsupported_fundamental_growth_or_quality,"Construct a factor measuring accrual reversal risk. Identify large positive accruals in prior periods, then compute the extent to which current-period accruals reverse through negative working-capital changes, receivable write-downs, inventory impairments,...",,,
factor_taxonomy.earnings_quality.earnings_truthfulness.accrual_dependence,accrual_dependence,应计依赖度,3f9c97ee9826404bb6af3aa0456f8c3f,unsupported_fundamental_growth_or_quality,"Construct a factor using the balance-sheet expansion of net operating assets. Calculate net operating assets as operating assets minus operating liabilities, excluding cash, financial assets, debt, and other financing items, then compute the period change i...",,,
factor_taxonomy.earnings_quality.earnings_truthfulness.non_recurring_profit_dependence,non_recurring_profit_dependence,一次性收益依赖,d60fbd7d268846ec82416151fa5f82c1,unsupported_fundamental_growth_or_quality,"Compare the growth rate of reported net profit with the growth rate of recurring net profit excluding non-recurring items over the same year-on-year period. A large positive gap, where reported profit grows strongly while recurring profit stagnates or decli...",,,
factor_taxonomy.earnings_quality.earnings_truthfulness.non_recurring_profit_dependence,non_recurring_profit_dependence,一次性收益依赖,1d7b4b2daf9c48ca963ebd449a262909,unsupported_fundamental_growth_or_quality,"Calculate the frequency with which non-recurring profit contributes more than a material share of net profit across recent annual or quarterly reports, for example by counting periods where non-recurring gains are positive and exceed a fixed proportion of r...",,,
factor_taxonomy.earnings_quality.earnings_truthfulness.non_recurring_profit_dependence,non_recurring_profit_dependence,一次性收益依赖,3849ed9230a541859190f507e52c5460,unsupported_fundamental_growth_or_quality,"Estimate the volatility contribution of non-recurring items by computing the time-series standard deviation of non-recurring profit scaled by revenue, assets, or net profit, and compare it with the volatility of recurring operating profit. Firms whose earni...",,,
factor_taxonomy.earnings_quality.earnings_truthfulness.non_recurring_profit_dependence,non_recurring_profit_dependence,一次性收益依赖,3b834865f8854570bd89a35d18c2e250,unsupported_fundamental_growth_or_quality,Identify profit-turnaround dependence by flagging periods in which reported net profit is positive but recurring net profit excluding non-recurring items is negative. The factor can be computed as the proportion of recent reports with this sign reversal or...,,,
factor_taxonomy.earnings_quality.earnings_truthfulness.non_recurring_profit_dependence,non_recurring_profit_dependence,一次性收益依赖,695f76be8f2f4c97b06b366c8432d286,unsupported_fundamental_growth_or_quality,Measure non-recurring item intensity relative to core operating cash generation by dividing after-tax non-recurring gains by operating cash flow or cash flow from sales. A high ratio indicates that accounting profits are being lifted by non-operating gains...,,,
factor_taxonomy.earnings_quality.earnings_truthfulness.non_recurring_profit_dependence,non_recurring_profit_dependence,一次性收益依赖,7c897de98e1a4997b2f61cfbbf4bac59,unsupported_fundamental_growth_or_quality,Compute the subsidy and government grant dependence component by isolating government subsidies included in non-recurring gains and dividing them by net profit or recurring operating profit. Firms with a large portion of earnings coming from subsidies rathe...,,,
factor_taxonomy.earnings_quality.earnings_persistence.positive_earnings_persistence,positive_earnings_persistence,正盈利持续性,eb5ffbdd08104c5685b9123786edc79f,unsupported_fundamental_growth_or_quality,"Construct a factor based on the probability that positive earnings remain positive in the next period using a firm-specific transition history. For each firm, classify each historical reporting period as positive or non-positive earnings, estimate the empir...",,,
factor_taxonomy.earnings_quality.earnings_persistence.positive_earnings_persistence,positive_earnings_persistence,正盈利持续性,c6ecb900199e49f09fad93bedbbb0776,unsupported_fundamental_growth_or_quality,"Create a factor measuring the recurrence of positive earnings surprises conditional on positive reported earnings. For each reporting date, calculate standardized earnings surprise relative to analyst consensus or a rolling historical expectation, retain on...",,,
factor_taxonomy.earnings_quality.earnings_persistence.positive_earnings_persistence,positive_earnings_persistence,正盈利持续性,3406ae8803fa40bba376a5e9fd343cfd,unsupported_fundamental_growth_or_quality,"Define positive earnings persistence through operating cash flow support for positive accounting earnings. For each firm, identify periods with positive net income and compute the fraction of those periods in which operating cash flow is also positive and a...",,,
factor_taxonomy.earnings_quality.earnings_persistence.positive_earnings_persistence,positive_earnings_persistence,正盈利持续性,e40454297cb44259a3d39fc217e747e1,unsupported_fundamental_growth_or_quality,"Build a factor based on the persistence of positive core operating earnings after removing transitory items. Compute recurring earnings as operating income adjusted to exclude special items, gains or losses from asset sales, restructuring charges, impairmen...",,,
factor_taxonomy.earnings_quality.earnings_persistence.positive_earnings_persistence,positive_earnings_persistence,正盈利持续性,53897d01dba742f09f1e40ad2aebb20b,unsupported_fundamental_growth_or_quality,"Estimate a persistence-adjusted positive earnings margin factor. For each firm, calculate net profit margin or operating margin over recent reporting periods, count the proportion of periods with positive margins, and multiply it by the lower-tail margin le...",,,
factor_taxonomy.earnings_quality.earnings_persistence.positive_earnings_persistence,positive_earnings_persistence,正盈利持续性,125b3297ad374681ae84ac0145db0e22,unsupported_fundamental_growth_or_quality,"Create a factor based on the persistence of positive earnings after accrual-quality adjustment. Estimate discretionary or abnormal accruals using an industry-year accrual model, subtract an accrual risk penalty from reported positive earnings, and classify...",,,
factor_taxonomy.earnings_quality.earnings_persistence.high_profitability_persistence,high_profitability_persistence,高盈利持续性,8141763a651946d6a5c15177b858f02f,unsupported_fundamental_growth_or_quality,"Create a high-profitability durability factor based on the slope and fit of a firm’s rolling gross profit margin trend. Estimate a time-series regression of quarterly gross profit margin on time over multiple years, penalize negative slopes and low explanat...",,,
factor_taxonomy.earnings_quality.earnings_persistence.high_profitability_persistence,high_profitability_persistence,高盈利持续性,501a06bab2ac4c96bdc36a35d53c7bae,unsupported_fundamental_growth_or_quality,"Define a recurring operating margin persistence factor that excludes transitory gains and losses from profitability. Compute adjusted operating income after removing one-off items, asset sale gains, restructuring effects, and other nonrecurring components w...",,,
factor_taxonomy.earnings_quality.earnings_persistence.high_profitability_persistence,high_profitability_persistence,高盈利持续性,cfcbbc5a8f6c41e892beb76866d42d95,unsupported_fundamental_growth_or_quality,"Build a profitability persistence surprise-resistance factor by observing profitability following revenue slowdowns. Identify quarters in which a firm’s year-over-year sales growth decelerates materially versus its own recent average, then measure whether o...",,,
factor_taxonomy.earnings_quality.earnings_persistence.high_profitability_persistence,high_profitability_persistence,高盈利持续性,8fb77ba93e2349288eab208e14058abf,unsupported_fundamental_growth_or_quality,"Construct a cash-backed profitability persistence factor by requiring accounting profitability to be repeatedly supported by operating cash flow. For each trailing period, compute net income and operating income profitability ratios alongside cash flow from...",,,
factor_taxonomy.earnings_quality.earnings_persistence.high_profitability_persistence,high_profitability_persistence,高盈利持续性,fd91cba5a40f4df493d124b53fdc5691,unsupported_fundamental_growth_or_quality,"Measure franchise profitability persistence through industry-adjusted pricing power. Compute a firm’s gross margin minus its industry median gross margin over rolling reporting periods, then evaluate both the average positive spread and the frequency with w...",,,
factor_taxonomy.earnings_quality.earnings_persistence.high_profitability_persistence,high_profitability_persistence,高盈利持续性,a02aad243cd7431eadee58723f77d9c5,unsupported_fundamental_growth_or_quality,"Construct a forward-confirmed profitability persistence factor using analyst forecast revisions as validation of historical profitability durability. Start with firms that have high trailing ROIC or operating margin relative to peers, then incorporate wheth...",,,
factor_taxonomy.earnings_quality.earnings_persistence.mean_reversion_speed_of_earnings,mean_reversion_speed_of_earnings,利润均值回复速度,03bd46b7a7724f6f8ade795f51c49139,unsupported_fundamental_growth_or_quality,Construct a factor that estimates the speed at which quarterly earnings per share revert toward the firm’s own long-run earnings level by fitting an AR(1) process to seasonally aligned quarterly EPS over a rolling history. Define earnings as standardized EP...,,,
factor_taxonomy.earnings_quality.earnings_persistence.mean_reversion_speed_of_earnings,mean_reversion_speed_of_earnings,利润均值回复速度,33e70dea1b474fe1848a796d61fa0d1c,unsupported_fundamental_growth_or_quality,Create a factor that measures asymmetry in earnings mean reversion by separately estimating how quickly positive earnings deviations and negative earnings deviations revert toward normal levels. Compute seasonally adjusted earnings surprises relative to the...,,,
factor_taxonomy.earnings_quality.earnings_persistence.mean_reversion_speed_of_earnings,mean_reversion_speed_of_earnings,利润均值回复速度,cee0494f872f49ea8d827295a325a9d3,unsupported_fundamental_growth_or_quality,"Construct a factor using the impulse response of earnings to an earnings shock within a firm-level vector of earnings dynamics. Estimate a simple state-space or autoregressive model on quarterly operating income scaled by assets, identify a one-standard-dev...",,,
factor_taxonomy.earnings_quality.earnings_persistence.mean_reversion_speed_of_earnings,mean_reversion_speed_of_earnings,利润均值回复速度,f65b2c330154412a8e72d26249e4089e,unsupported_fundamental_growth_or_quality,"Develop a factor that compares current earnings deviation with subsequent multi-period reversal, using historical episodes in which earnings moved materially away from the firm’s trend. For each firm, identify prior earnings excursions relative to a rolling...",,,
factor_taxonomy.earnings_quality.earnings_persistence.mean_reversion_speed_of_earnings,mean_reversion_speed_of_earnings,利润均值回复速度,27d4e27db17c4668949e0f2c083fe83c,unsupported_fundamental_growth_or_quality,"Create a factor based on the variance-ratio signature of earnings changes across horizons. Compute changes in seasonally adjusted earnings over short and long horizons, form a variance ratio analogous to time-series mean-reversion tests, and map lower long-...",,,
factor_taxonomy.earnings_quality.earnings_persistence.mean_reversion_speed_of_earnings,mean_reversion_speed_of_earnings,利润均值回复速度,56280005899d4fa786a0e3a26441c565,unsupported_fundamental_growth_or_quality,"Define a factor from the cointegration-style pullback of earnings toward fundamental capacity, where earnings are paired with a slow-moving anchor such as invested capital, asset turnover times margin potential, or operating cash flow. Estimate the long-run...",,,
factor_taxonomy.earnings_quality.earnings_persistence.mean_reversion_speed_of_earnings,mean_reversion_speed_of_earnings,利润均值回复速度,c39cba4334c247659ea029ef24f589d9,unsupported_fundamental_growth_or_quality,"Construct a factor that measures the speed at which standardized earnings surprises wash out from analyst expectation revisions and realized earnings paths jointly. Start with unexpected earnings relative to consensus or the firm’s seasonal benchmark, then...",,,
factor_taxonomy.earnings_quality.earnings_persistence.moat_proxy_persistence,moat_proxy_persistence,盈利护城河代理持续性,37cf96ab19ae4d7db92f8f985e90ae09,unsupported_fundamental_growth_or_quality,"Construct a persistence factor based on the stability of gross margin superiority relative to the industry. For each firm, compute quarterly or annual gross margin minus the industry median gross margin, then estimate both the average spread and the time-se...",,,
factor_taxonomy.earnings_quality.earnings_persistence.moat_proxy_persistence,moat_proxy_persistence,盈利护城河代理持续性,4b7fcf3987d44329a53acec1b20c0be1,unsupported_fundamental_growth_or_quality,"Create a customer-stickiness proxy by examining the persistence of revenue despite reductions in selling expense intensity. For each firm, calculate sales growth and selling, general, and administrative expense to sales, then identify whether revenue remain...",,,
factor_taxonomy.earnings_quality.earnings_persistence.moat_proxy_persistence,moat_proxy_persistence,盈利护城河代理持续性,edcde4f8c4d3406ab536d761e77cfa3b,unsupported_fundamental_growth_or_quality,"Construct a market-share persistence factor by comparing each firm’s revenue growth to the growth of its industry revenue pool. Estimate firm sales as a share of total industry sales each period, then compute the trend and volatility of that share over seve...",,,
factor_taxonomy.earnings_quality.earnings_persistence.moat_proxy_persistence,moat_proxy_persistence,盈利护城河代理持续性,f58f27bef4114a2d858fe33ccbe0508a,unsupported_fundamental_growth_or_quality,"Measure persistence from the stability of asset-turnover advantages relative to peers. Compute sales divided by operating assets or invested capital for each firm and subtract the industry median asset turnover, then evaluate the consistency of this excess...",,,
factor_taxonomy.earnings_quality.earnings_persistence.moat_proxy_persistence,moat_proxy_persistence,盈利护城河代理持续性,4a00233ad4244f52b82afbf55a91efa9,unsupported_fundamental_growth_or_quality,"Create a recurring-revenue moat proxy using the smoothness of revenue and deferred revenue dynamics. For firms reporting contract liabilities or deferred revenue, compute deferred revenue growth and its relationship to subsequent recognized revenue, then sc...",,,
factor_taxonomy.earnings_quality.earnings_efficiency.asset_efficiency,asset_efficiency,资产效率,0821e7cc31fe4e70abe97368ee8c45a6,unsupported_fundamental_growth_or_quality,Construct a factor based on the recent improvement in asset turnover by calculating the change in trailing twelve-month sales-to-average-total-assets from the prior comparable period to the current period. The signal should rank firms higher when asset turn...,,,
factor_taxonomy.earnings_quality.earnings_efficiency.asset_efficiency,asset_efficiency,资产效率,5d6fb94afed547acba5c86574179acf9,unsupported_fundamental_growth_or_quality,"Construct a factor based on working capital efficiency by calculating trailing twelve-month sales divided by average operating working capital, where operating working capital is accounts receivable plus inventory minus accounts payable. Firms with higher s...",,,
factor_taxonomy.earnings_quality.earnings_efficiency.asset_efficiency,asset_efficiency,资产效率,2272f09b71cb4cc7a66117ef2bea87fd,unsupported_fundamental_growth_or_quality,Construct a factor that penalizes firms whose asset growth materially exceeds revenue growth by computing the difference between year-over-year total asset growth and year-over-year sales growth. The signal should be higher when sales growth keeps pace with...,,,
factor_taxonomy.earnings_quality.earnings_efficiency.asset_efficiency,asset_efficiency,资产效率,d5ed52d1503340c9a3523bb64b63d382,unsupported_fundamental_growth_or_quality,"Construct a factor that measures inventory asset efficiency by computing trailing twelve-month cost of goods sold divided by average inventory, or equivalently inventory turnover, using industry-relative standardization. The signal should favor firms with f...",,,
factor_taxonomy.earnings_quality.earnings_efficiency.asset_efficiency,asset_efficiency,资产效率,bef18116130f4dada61601f2b012398e,unsupported_fundamental_growth_or_quality,"Construct a factor that measures capacity absorption by comparing sales growth to growth in net property, plant, and equipment after a lag, such as current sales growth relative to prior-period fixed asset growth. Firms should score higher when earlier incr...",,,
factor_taxonomy.earnings_quality.earnings_efficiency.capital_efficiency,capital_efficiency,资本效率,4a13acccc3c943209573180099fc0c97,unsupported_fundamental_growth_or_quality,"Construct a capital turnover efficiency factor as trailing revenue divided by average invested capital, where invested capital equals net working capital plus net property, plant, and equipment plus capitalized intangibles where available. A higher ratio su...",,,
factor_taxonomy.earnings_quality.earnings_efficiency.capital_efficiency,capital_efficiency,资本效率,b1232fe8a3534cdaae6f051af53318ee,unsupported_fundamental_growth_or_quality,Build a reinvestment quality factor by comparing retained earnings and net capital investment over recent periods to subsequent growth in NOPAT. The signal is high when firms that reinvest a large share of operating cash flow subsequently deliver above-aver...,,,
factor_taxonomy.earnings_quality.earnings_efficiency.capital_efficiency,capital_efficiency,资本效率,1ed23887c2c84e068fabf752e5a8258a,unsupported_fundamental_growth_or_quality,"Measure asset-light earnings efficiency using gross profit divided by average operating assets, where operating assets exclude excess cash, financial investments, and non-operating assets. This captures how much gross economic output the company extracts fr...",,,
factor_taxonomy.earnings_quality.earnings_efficiency.capital_efficiency,capital_efficiency,资本效率,10144ddbfeee47148e9ab0a0ee4b0384,unsupported_fundamental_growth_or_quality,"Create a working-capital efficiency factor as revenue divided by average net operating working capital, with separate treatment for firms with negative working capital by rewarding stable negative working-capital models that still generate positive operatin...",,,
factor_taxonomy.earnings_quality.earnings_efficiency.capital_efficiency,capital_efficiency,资本效率,20978d6b0e4c48a39d4bc9f48f5bcb52,unsupported_fundamental_growth_or_quality,"Compute a capital drag factor based on the proportion of invested capital tied up in construction in progress, idle assets, goodwill, or other low-yield operating assets relative to total invested capital, then invert the measure so lower drag scores higher...",,,
factor_taxonomy.earnings_quality.earnings_efficiency.cost_expense_efficiency,cost_expense_efficiency,成本费用效率,bb2d96b07b824950816fe9dbe1ce7f3b,unsupported_fundamental_growth_or_quality,"Create a cost elasticity factor by comparing the growth rate of total operating costs with the growth rate of revenue over the same trailing twelve-month period. The signal is stronger when revenue grows faster than costs, and weaker or negative when costs...",,,
factor_taxonomy.earnings_quality.earnings_efficiency.cost_expense_efficiency,cost_expense_efficiency,成本费用效率,47f2ad96918c462fa4f88d6808ab91b5,unsupported_fundamental_growth_or_quality,Build a marginal operating efficiency factor using incremental revenue divided by incremental operating cost over a recent multi-quarter horizon. Compute the change in revenue from the prior comparable period and divide it by the change in cost of goods sol...,,,
factor_taxonomy.earnings_quality.earnings_efficiency.cost_expense_efficiency,cost_expense_efficiency,成本费用效率,fe01fcd43bd04cfab48ac57a3a56028b,unsupported_fundamental_growth_or_quality,"Define a fixed-cost leverage factor from the sensitivity of operating profit margin to revenue growth. Estimate whether periods of positive sales growth are accompanied by disproportionate improvement in operating margin, using recent quarterly observations...",,,
factor_taxonomy.earnings_quality.earnings_efficiency.cost_expense_efficiency,cost_expense_efficiency,成本费用效率,65087647aec7466292f60729b3293a25,unsupported_fundamental_growth_or_quality,"Compute an administrative cost efficiency factor as revenue or gross profit per unit of general and administrative expense. Use trailing twelve-month revenue divided by trailing twelve-month G&A expense, optionally winsorized for very small denominators, to...",,,
factor_taxonomy.earnings_quality.earnings_efficiency.cost_expense_efficiency,cost_expense_efficiency,成本费用效率,35f6511917814a29902cd5203e37dbd7,unsupported_fundamental_growth_or_quality,Construct a selling expense productivity factor by dividing trailing twelve-month gross profit or revenue growth by trailing twelve-month selling and marketing expense. The mechanism rewards companies whose customer acquisition and sales spending translate...,,,
factor_taxonomy.earnings_quality.earnings_efficiency.cost_expense_efficiency,cost_expense_efficiency,成本费用效率,fd2cbf7701624e00919ed3636cc7433e,unsupported_fundamental_growth_or_quality,"Measure R&D cost conversion efficiency by relating subsequent revenue growth or gross profit growth to prior-period R&D expense. For each firm, divide the next observed change in sales or gross profit by R&D spending from earlier quarters, or use the most r...",,,
factor_taxonomy.earnings_quality.earnings_efficiency.cost_expense_efficiency,cost_expense_efficiency,成本费用效率,1dd96ae734e240de9176c1599daf5387,unsupported_fundamental_growth_or_quality,Build an expense surprise efficiency factor by comparing actual quarterly operating expenses with an expected expense level predicted from the firm’s recent relationship between revenue and expenses. Estimate expected cost of goods sold plus operating expen...,,,
factor_taxonomy.earnings_quality.earnings_efficiency.operating_efficiency,operating_efficiency,营运效率,cf363dc5a7de4093acff9ec7876c8134,unsupported_fundamental_growth_or_quality,"Construct an inventory conversion efficiency factor as trailing twelve-month cost of goods sold divided by average inventory, optionally adjusted by subtracting the firm’s own multi-year median turnover to capture improvement. Firms with faster inventory tu...",,,
factor_taxonomy.earnings_quality.earnings_efficiency.operating_efficiency,operating_efficiency,营运效率,e0a9cf45a6ef445f981faf772bed59ee,unsupported_fundamental_growth_or_quality,"Define an accounts receivable collection efficiency factor using trailing twelve-month revenue divided by average accounts receivable, with a penalty when receivables grow materially faster than revenue. The mechanism is that firms generating sales while co...",,,
factor_taxonomy.earnings_quality.earnings_efficiency.operating_efficiency,operating_efficiency,营运效率,675880e218c94435ba2f076d6e1158ea,unsupported_fundamental_growth_or_quality,"Create a cash conversion cycle efficiency factor by combining days inventory outstanding, days sales outstanding, and days payables outstanding into a single metric equal to DIO plus DSO minus DPO, then multiply by negative one so higher scores represent sh...",,,
factor_taxonomy.earnings_quality.earnings_efficiency.operating_efficiency,operating_efficiency,营运效率,96ca47a75391401d95ab9a1d6ac455f6,unsupported_fundamental_growth_or_quality,"Compute an operating expense productivity factor as trailing twelve-month gross profit divided by trailing twelve-month selling, general, and administrative expenses. The signal captures how much gross economic output is generated per unit of overhead spend...",,,
factor_taxonomy.earnings_quality.earnings_efficiency.operating_efficiency,operating_efficiency,营运效率,2d1ae970576941bb89ddcd246e9d11e2,unsupported_fundamental_growth_or_quality,"Measure employee operating efficiency as trailing twelve-month revenue or operating profit divided by average number of employees, using year-over-year change in this productivity measure when employee counts are available. Firms that generate more revenue...",,,
factor_taxonomy.earnings_quality.earnings_efficiency.operating_efficiency,operating_efficiency,营运效率,a0a9da2c59cc4ed98b53180dd7ec53e2,unsupported_fundamental_growth_or_quality,"Construct a fixed-asset utilization factor as trailing twelve-month revenue divided by average net property, plant, and equipment, winsorized within industries to reduce capital-intensity bias. Higher turnover of fixed operating assets indicates that plants...",,,
factor_taxonomy.earnings_quality.earnings_efficiency.operating_efficiency,operating_efficiency,营运效率,d13943c18db24d2e9035839796d10ee1,unsupported_fundamental_growth_or_quality,"Create an operating leverage efficiency improvement factor by comparing the growth rate of trailing twelve-month revenue with the growth rate of operating costs excluding depreciation and nonrecurring expenses. A positive spread, where revenue grows faster...",,,
factor_taxonomy.earnings_quality.earnings_efficiency.operating_efficiency,operating_efficiency,营运效率,ea9c9a52b5f0465f8ba159fbb16491dc,unsupported_fundamental_growth_or_quality,"Measure production-to-sales alignment using the ratio of trailing twelve-month cost of goods sold to the sum of cost of goods sold plus the change in inventory, penalizing firms whose inventory accumulation is large relative to sales demand. This factor ide...",,,
factor_taxonomy.earnings_quality.earnings_efficiency.profit_conversion_efficiency,profit_conversion_efficiency,利润转化效率,4cbfc3fb9b254b60b5181305ff00358e,unsupported_fundamental_growth_or_quality,"Construct a profit-to-cash conversion factor by dividing operating cash flow before interest and taxes by EBIT, then adjusting the ratio for working-capital intensity using the change in non-cash working capital scaled by sales; firms with high cash realiza...",,,
factor_taxonomy.earnings_quality.earnings_efficiency.profit_conversion_efficiency,profit_conversion_efficiency,利润转化效率,92e349b424d7412b8d36191980821995,unsupported_fundamental_growth_or_quality,Create a gross-profit monetization factor that measures how much of gross profit survives into operating cash generation after operating expenses by taking operating cash flow divided by gross profit and penalizing firms with rapidly rising SG&A-to-gross-pr...,,,
factor_taxonomy.earnings_quality.earnings_efficiency.profit_conversion_efficiency,profit_conversion_efficiency,利润转化效率,09274e093fc2404183bf86abdb2cab5f,unsupported_fundamental_growth_or_quality,"Build an accrual drag factor using the gap between net income and free cash flow to the firm, scaled by average invested capital, and then isolate the persistent component of that gap over several reporting periods; companies with consistently small or nega...",,,
factor_taxonomy.earnings_quality.earnings_efficiency.profit_conversion_efficiency,profit_conversion_efficiency,利润转化效率,d841408bbe144fe181f9daea04f4be50,unsupported_fundamental_growth_or_quality,"Design a tax-and-interest leakage factor that measures the proportion of pre-tax operating profit that remains after actual cash taxes and cash interest payments, computed as operating cash flow minus maintenance-like capital expenditure divided by pre-tax...",,,
factor_taxonomy.earnings_quality.earnings_efficiency.profit_conversion_efficiency,profit_conversion_efficiency,利润转化效率,1678ce550f30475bbe3c53b300375db8,unsupported_fundamental_growth_or_quality,"Create a margin retention factor by decomposing the path from revenue to free cash flow: start with EBIT margin, subtract the cash impact of inventory, receivables, and payables changes as a percentage of revenue, and subtract capital expenditure as a perce...",,,
factor_taxonomy.earnings_quality.earnings_efficiency.profit_conversion_efficiency,profit_conversion_efficiency,利润转化效率,5de60913db9c4cd794df6a024d3da35b,unsupported_fundamental_growth_or_quality,"Construct a profit realization stability factor by measuring the time-series correlation between cumulative net income and cumulative operating cash flow over rolling multi-period reporting windows, then scaling the result by the absolute deviation between...",,,
factor_taxonomy.earnings_quality.earnings_efficiency.profit_conversion_efficiency,profit_conversion_efficiency,利润转化效率,3e85890bc9a8449e8150e80d956800d8,unsupported_fundamental_growth_or_quality,"Develop an inventory digestion factor that evaluates whether gross profit is turning into cash without being trapped in stock, calculated by combining gross profit growth with operating cash flow growth and penalizing rising inventory days and inventory gro...",,,
factor_taxonomy.earnings_quality.earnings_efficiency.profit_conversion_efficiency,profit_conversion_efficiency,利润转化效率,df6274c46d234064b3fac791d3bf4aa5,unsupported_fundamental_growth_or_quality,"Create a maintenance-burden adjusted conversion factor that compares EBITDA to owner-earnings-style cash generation, defined as operating cash flow minus an estimate of maintenance capital expenditure inferred from depreciation scaled by asset age and capac...",,,
factor_taxonomy.earnings_quality.earnings_improvement.margin_improvement,margin_improvement,利润率改善,11e969d490c243fda964311b53f045d4,unsupported_fundamental_growth_or_quality,"A gross margin inflection factor can be constructed by measuring the change in trailing twelve month gross margin versus its own multi-year historical median, where gross margin is defined as gross profit divided by revenue. The signal is stronger when the...",,,
factor_taxonomy.earnings_quality.earnings_improvement.margin_improvement,margin_improvement,利润率改善,ccbe9774a8a149dfa807d53862e5dab0,unsupported_fundamental_growth_or_quality,An operating margin acceleration factor can compare the year-over-year change in operating margin in the most recent quarter with the average year-over-year change over several previous quarters. Operating margin should be calculated as operating income div...,,,
factor_taxonomy.earnings_quality.earnings_improvement.margin_improvement,margin_improvement,利润率改善,43815a57b94249a0b2bad18e73f6198b,unsupported_fundamental_growth_or_quality,A margin improvement quality factor can isolate margin expansion that is supported by revenue growth by multiplying the year-over-year change in operating margin by an indicator or score for positive year-over-year revenue growth. This penalizes firms whose...,,,
factor_taxonomy.earnings_quality.earnings_improvement.margin_improvement,margin_improvement,利润率改善,a11592ee6fef44ac83c321c0625cabd6,unsupported_fundamental_growth_or_quality,"A cost efficiency margin factor can measure the decline in cost of goods sold as a percentage of revenue, using the change in COGS-to-sales ratio from the prior-year period to the latest period. A lower COGS burden directly contributes to gross margin impro...",,,
factor_taxonomy.earnings_quality.earnings_improvement.margin_improvement,margin_improvement,利润率改善,3c86dacfc1ab4d52843c5be7900a7e76,unsupported_fundamental_growth_or_quality,"A selling and administrative leverage factor can calculate the reduction in SG&A expenses as a percentage of revenue over time, preferably using trailing twelve month SG&A divided by trailing twelve month revenue. The signal is positive when SG&A intensity...",,,
factor_taxonomy.earnings_quality.earnings_improvement.margin_improvement,margin_improvement,利润率改善,2a9b1909ddd144f087e3149c50990cf9,unsupported_fundamental_growth_or_quality,"A margin improvement breadth factor can count how many major margin lines improved simultaneously, such as gross margin, EBITDA margin, operating margin, and net profit margin, comparing each latest TTM margin with the same measure one year earlier. Firms w...",,,
factor_taxonomy.earnings_quality.earnings_improvement.margin_improvement,margin_improvement,利润率改善,5819d25508af4434901c8dbeeb281bc6,unsupported_fundamental_growth_or_quality,A peer-relative margin catch-up factor can rank each firm’s recent change in operating margin against companies in the same industry or sector. The factor should measure the firm’s year-over-year operating margin improvement minus the industry median improv...,,,
factor_taxonomy.earnings_quality.earnings_improvement.margin_improvement,margin_improvement,利润率改善,e5dd0b89c75c4f73941cf3da436c103d,unsupported_fundamental_growth_or_quality,A margin surprise factor can compare the latest reported operating margin with the margin implied by analyst consensus forecasts or by a time-series model based on historical revenue growth and cost ratios. A positive signal occurs when reported margins exc...,,,
factor_taxonomy.earnings_quality.earnings_improvement.margin_improvement,margin_improvement,利润率改善,fa3a7a9480ec4507a24d352b5f946a3a,unsupported_fundamental_growth_or_quality,"A clean margin expansion factor can adjust net margin improvement by excluding unusual items, asset sales, impairment reversals, tax effects, and other nonrecurring gains from earnings before computing profit margin. The factor rewards companies whose adjus...",,,
factor_taxonomy.earnings_quality.earnings_improvement.margin_improvement,margin_improvement,利润率改善,c2b3a791fef04aad9f0ddaded111cab2,unsupported_fundamental_growth_or_quality,"A cash-confirmed margin improvement factor can combine accrual-based margin expansion with improvement in operating cash flow margin, defined as cash flow from operations divided by revenue. The signal is strongest when operating margin or net margin rises...",,,
factor_taxonomy.earnings_quality.earnings_improvement.cost_structure_improvement,cost_structure_improvement,成本结构改善,c941fa4837054ab6acc1c8545d08b4e0,unsupported_fundamental_growth_or_quality,"Measure cost structure improvement by the year-over-year change in gross margin after controlling for industry-level gross margin change. Compute each firm’s trailing twelve-month gross margin as gross profit divided by revenue, subtract the same metric fro...",,,
factor_taxonomy.earnings_quality.earnings_improvement.cost_structure_improvement,cost_structure_improvement,成本结构改善,cb19b93b9c764913aa1cc453e7e0a8fb,unsupported_fundamental_growth_or_quality,"Identify labor cost efficiency improvement using employee expense per unit of revenue where labor cost disclosures are available. Calculate total employee compensation or staff costs divided by revenue for the latest annual or trailing period, compare it wi...",,,
factor_taxonomy.earnings_quality.earnings_improvement.cost_structure_improvement,cost_structure_improvement,成本结构改善,fe0f597588114a5893ed329aa0124c15,unsupported_fundamental_growth_or_quality,Capture fixed-cost absorption improvement by comparing the growth rate of depreciation and amortization expense to revenue growth. Compute trailing twelve-month depreciation and amortization divided by revenue and measure its change from the prior year. A d...,,,
factor_taxonomy.earnings_quality.earnings_improvement.cost_structure_improvement,cost_structure_improvement,成本结构改善,2ae3d5be02d44d5eb439cadf879c01bf,unsupported_fundamental_growth_or_quality,"Detect restructuring-driven cost improvement by combining a reduction in recurring operating expenses with the absence or decline of restructuring charges. Compute the year-over-year decrease in operating expense-to-sales ratio, then penalize firms with hig...",,,
factor_taxonomy.earnings_quality.earnings_improvement.cost_structure_improvement,cost_structure_improvement,成本结构改善,3a59797d832d483499d937c25ef737ec,unsupported_fundamental_growth_or_quality,"Measure distribution and selling efficiency by tracking the change in selling expense relative to revenue or gross profit. Compute selling and marketing expenses divided by revenue, or by gross profit when disclosed, and compare the latest trailing period w...",,,
factor_taxonomy.earnings_quality.earnings_improvement.cost_structure_improvement,cost_structure_improvement,成本结构改善,76e490080b7f4fcc9ff4b7742e1d5d9d,unsupported_fundamental_growth_or_quality,Capture administrative cost discipline by isolating general and administrative expenses from total SG&A where the breakdown is disclosed. Calculate G&A expenses divided by revenue for the latest period and subtract the ratio from the prior comparable period...,,,
factor_taxonomy.earnings_quality.earnings_improvement.cost_structure_improvement,cost_structure_improvement,成本结构改善,b2ff950132754810a0f820b17fea3c7f,unsupported_fundamental_growth_or_quality,Identify firms improving discretionary expense efficiency by measuring the reduction in combined R&D and advertising or promotion expenses relative to sales while maintaining or increasing revenue growth. Compute the year-over-year change in discretionary o...,,,
factor_taxonomy.earnings_quality.earnings_improvement.operating_leverage_improvement,operating_leverage_improvement,经营杠杆改善,2d448b14749d48c282c09e840575e257,unsupported_fundamental_growth_or_quality,"Measure positive operating leverage by comparing the year-over-year growth rate of operating profit to the year-over-year growth rate of revenue, using trailing twelve-month financials where available. A stock receives a higher factor score when revenue is...",,,
factor_taxonomy.earnings_quality.earnings_improvement.operating_leverage_improvement,operating_leverage_improvement,经营杠杆改善,1e9d55931fe146b29d316ff586dafb72,unsupported_fundamental_growth_or_quality,"Compute the change in operating margin relative to the change in revenue over the same reporting interval, defining the signal as the increase in operating income divided by the increase in sales for firms with positive sales growth. This captures whether i...",,,
factor_taxonomy.earnings_quality.earnings_improvement.operating_leverage_improvement,operating_leverage_improvement,经营杠杆改善,86769058a66d4dc187f6bef25f897d4d,unsupported_fundamental_growth_or_quality,Estimate a rolling cost-stickiness improvement factor by regressing changes in operating expenses on changes in revenue over multiple past reporting periods and comparing the most recent expense sensitivity to its earlier level. Firms score highly when oper...,,,
factor_taxonomy.earnings_quality.earnings_improvement.operating_leverage_improvement,operating_leverage_improvement,经营杠杆改善,afb0a10d310449f1b3d5433c81dcd2fb,unsupported_fundamental_growth_or_quality,"Construct a fixed-cost absorption signal using the ratio of selling, general, and administrative expenses plus depreciation and amortization to revenue, and measure its decline over recent reporting periods while revenue is stable or increasing. A higher sc...",,,
factor_taxonomy.earnings_quality.earnings_improvement.operating_leverage_improvement,operating_leverage_improvement,经营杠杆改善,c283c5d548594f8e98e9a8d2bb75102e,unsupported_fundamental_growth_or_quality,"Calculate the spread between gross profit growth and operating expense growth, normalized by revenue growth or total assets. Companies with gross profit expanding faster than operating expenses receive higher scores, as this indicates that the firm is conve...",,,
factor_taxonomy.earnings_quality.earnings_improvement.operating_leverage_improvement,operating_leverage_improvement,经营杠杆改善,c158b3fbed994e579add44b38f788b70,unsupported_fundamental_growth_or_quality,Identify operating leverage inflection by measuring whether operating income has turned from negative to positive while revenue continues to grow and operating expenses grow more slowly than revenue. The factor assigns high scores to firms crossing the oper...,,,
factor_taxonomy.earnings_quality.earnings_improvement.operating_leverage_improvement,operating_leverage_improvement,经营杠杆改善,092b62b63bca4ee6bdd37b71638ee040,unsupported_fundamental_growth_or_quality,Build a sales-per-employee operating leverage factor by tracking the change in revenue per employee and comparing it with the change in operating income per employee. Higher scores go to firms where headcount grows more slowly than revenue and operating inc...,,,
factor_taxonomy.earnings_quality.earnings_improvement.operating_leverage_improvement,operating_leverage_improvement,经营杠杆改善,e9e20ec9d779465085f973fc8dba1478,unsupported_fundamental_growth_or_quality,"Measure improvement in operating leverage through capacity utilization proxies by comparing revenue growth with growth in property, plant, equipment, right-of-use assets, and depreciation expense. Firms receive higher scores when revenue and operating incom...",,,
factor_taxonomy.earnings_quality.earnings_improvement.operating_leverage_improvement,operating_leverage_improvement,经营杠杆改善,db436e57eef843e9bea77c7a3683a57c,unsupported_fundamental_growth_or_quality,Compute an operating cash cost leverage factor by excluding non-cash charges from operating expenses and comparing cash operating expense growth to revenue growth. A high score is assigned when cash operating costs grow materially slower than sales while op...,,,
factor_taxonomy.earnings_quality.earnings_improvement.operating_leverage_improvement,operating_leverage_improvement,经营杠杆改善,1e4cff2b9326432f810ee84ddcc0ca6b,unsupported_fundamental_growth_or_quality,Create an analyst-revision-based operating leverage improvement signal by comparing recent revisions in consensus operating income forecasts with revisions in consensus revenue forecasts for the same fiscal period. Stocks score highly when operating income...,,,
factor_taxonomy.earnings_quality.accrual_quality.total_accrual_level,total_accrual_level,总应计水平,83e6c3bb6ef84e04ae299ecacfa9d67d,unsupported_fundamental_growth_or_quality,"Define a balance-sheet total accrual factor as the period-over-period change in non-cash working capital plus the change in net operating long-term assets, minus depreciation-related adjustments, scaled by average total assets. This captures the extent to w...",,,
factor_taxonomy.earnings_quality.accrual_quality.total_accrual_level,total_accrual_level,总应计水平,9c0c79dce4d84a6c9fdc29adae32ec72,unsupported_fundamental_growth_or_quality,"Measure total accruals relative to operating profitability by computing net income minus cash flow from operations divided by operating income or EBIT, with appropriate handling of small denominators. Firms whose reported operating profit is largely represe...",,,
factor_taxonomy.earnings_quality.accrual_quality.total_accrual_level,total_accrual_level,总应计水平,7d887f4e670344dfa7d2f2040c70a9be,unsupported_fundamental_growth_or_quality,"Create a cumulative total accrual burden factor by summing total accruals over multiple recent fiscal periods and scaling the cumulative amount by current total assets. This captures persistent accrual accumulation on the balance sheet, distinguishing firms...",,,
factor_taxonomy.earnings_quality.accrual_quality.total_accrual_level,total_accrual_level,总应计水平,f2ef8b78e8144ada9908a4bed49e0141,unsupported_fundamental_growth_or_quality,Measure the acceleration in total accrual level by calculating the current period total accruals-to-assets ratio minus its own recent historical average for the same firm. A sharp increase indicates a deterioration in cash backing of earnings relative to th...,,,
factor_taxonomy.earnings_quality.accrual_quality.total_accrual_level,total_accrual_level,总应计水平,a8e824e545eb4bc98aea9a8bb89878fc,unsupported_fundamental_growth_or_quality,Define a total accrual surprise factor using analyst or time-series earnings expectations by comparing realized total accruals scaled by assets against the level implied by expected earnings and recent cash flow trends. Firms with unexpectedly high accruals...,,,
factor_taxonomy.earnings_quality.accrual_quality.working_capital_accrual_level,working_capital_accrual_level,营运应计水平,85492db1f7c44003b4b50a22d167b300,unsupported_fundamental_growth_or_quality,"Create an inventory-driven working capital accrual factor focused on earnings embedded in unsold goods. Calculate the change in inventory scaled by cost of goods sold or average assets, then adjust for revenue growth to separate normal stock buildup from ab...",,,
factor_taxonomy.earnings_quality.accrual_quality.working_capital_accrual_level,working_capital_accrual_level,营运应计水平,e5e67a6c63d14491906020c4f234926d,unsupported_fundamental_growth_or_quality,Create a reversal-risk factor based on the stock of accumulated working capital accruals. Compute cumulative operating working capital growth over multiple reporting periods as the change in non-cash current operating assets minus non-debt current operating...,,,
factor_taxonomy.earnings_quality.accrual_quality.working_capital_accrual_level,working_capital_accrual_level,营运应计水平,f9e2ed9fdf294cf28993f6178ccfd50b,unsupported_fundamental_growth_or_quality,"Measure working capital accrual concentration by identifying whether total operating accruals are dominated by a single current account. Compute the absolute contribution of changes in receivables, inventory, prepaid assets, payables, accrued expenses, and...",,,
factor_taxonomy.earnings_quality.accrual_quality.accrual_volatility,accrual_volatility,应计波动,bd01991382444841909c02cb940aa0e2,unsupported_fundamental_growth_or_quality,"Measure accrual volatility as the rolling standard deviation of total accruals scaled by average total assets, where total accruals are computed as net income minus operating cash flow. The factor assigns lower quality scores to firms whose scaled accruals...",,,
factor_taxonomy.earnings_quality.accrual_quality.accrual_volatility,accrual_volatility,应计波动,d59be40095464c448dff01de1b981ee5,unsupported_fundamental_growth_or_quality,"Construct a factor using the rolling coefficient of variation of working-capital accruals, calculated from changes in accounts receivable, inventory, accounts payable, taxes payable, and other current operating accounts scaled by sales or assets. Firms with...",,,
factor_taxonomy.earnings_quality.accrual_quality.accrual_volatility,accrual_volatility,应计波动,325dbacc75dd4c01a721adb673352dc7,unsupported_fundamental_growth_or_quality,"Estimate accrual volatility from the residual standard deviation of a firm-level accrual model that regresses total accruals on contemporaneous, lagged, and future operating cash flows. The factor captures the unexplained portion of accrual movements after...",,,
factor_taxonomy.earnings_quality.accrual_quality.accrual_volatility,accrual_volatility,应计波动,431f73692f694507a36b37fc1a47e0a9,unsupported_fundamental_growth_or_quality,Create a factor based on the frequency and magnitude of sign reversals in scaled total accruals across consecutive reporting periods. A firm receives a lower score when accruals repeatedly switch from positive to negative or negative to positive with large...,,,
factor_taxonomy.earnings_quality.accrual_quality.accrual_volatility,accrual_volatility,应计波动,c10bc3b3721549b5afaa0ec9c63eeeb9,unsupported_fundamental_growth_or_quality,Compute the volatility of the accrual-to-sales ratio after removing the firm’s own seasonal pattern by comparing each quarter’s accrual ratio with the historical average for the same fiscal quarter. The factor penalizes firms whose seasonally adjusted accru...,,,
factor_taxonomy.earnings_quality.accrual_quality.accrual_volatility,accrual_volatility,应计波动,c3acc382002e4727a6c257b04ff7e9e6,unsupported_fundamental_growth_or_quality,"Build a factor from the rolling standard deviation of discretionary accruals estimated using an industry-year modified Jones model, where nondiscretionary accruals are explained by revenue changes net of receivable changes and property, plant, and equipment...",,,
factor_taxonomy.earnings_quality.accrual_quality.accrual_volatility,accrual_volatility,应计波动,a77f128ef0714b2482f9611fd85be287,unsupported_fundamental_growth_or_quality,"Calculate the volatility of operating accruals relative to the volatility of operating cash flows, using matched reporting periods and scaling both by average assets. The factor is high risk when accrual volatility is large compared with cash-flow volatilit...",,,
factor_taxonomy.earnings_quality.accrual_quality.accrual_volatility,accrual_volatility,应计波动,f23c2ff6cadb46e8b100821cca705e71,unsupported_fundamental_growth_or_quality,"Define a balance-sheet accrual volatility factor as the dispersion of period-to-period changes in net operating assets scaled by lagged total assets. Net operating assets can be measured as operating assets minus operating liabilities, excluding cash, debt,...",,,
factor_taxonomy.earnings_quality.accrual_quality.accrual_volatility,accrual_volatility,应计波动,05c856b2e1d84f9983c60921e18159f7,unsupported_fundamental_growth_or_quality,"Construct a factor using cross-sectional industry-relative accrual volatility by first computing each firm’s rolling volatility of scaled total accruals, then subtracting or dividing by the median volatility of firms in the same industry and reporting perio...",,,
factor_taxonomy.earnings_quality.accrual_quality.accrual_volatility,accrual_volatility,应计波动,1fa1a3d658fc47ce9e9feaef36d85394,unsupported_fundamental_growth_or_quality,"Measure accrual shock volatility as the rolling dispersion of unexpected accrual changes, where expected accruals are forecast from lagged accruals, sales growth, asset growth, and operating cash-flow growth. The factor scores firms poorly when forecast err...",,,
factor_taxonomy.earnings_quality.accrual_quality.abnormal_accrual,abnormal_accrual,异常应计,b4e53fcfac5042e4aafba1f73b30d72c,unsupported_fundamental_growth_or_quality,"Estimate firm-level abnormal accruals using a modified Jones framework: compute total accruals as income before extraordinary items minus operating cash flow, scale by lagged total assets, and run an industry-year cross-sectional regression on inverse asset...",,,
factor_taxonomy.earnings_quality.accrual_quality.abnormal_accrual,abnormal_accrual,异常应计,519b5eedcf034e8b8fbccbfcc1c0987d,unsupported_fundamental_growth_or_quality,Construct an abnormal working-capital accrual factor by modeling changes in non-cash working capital as a normal function of contemporaneous and lagged sales growth within each industry. Non-cash working capital can be defined as accounts receivable plus in...,,,
factor_taxonomy.earnings_quality.accrual_quality.abnormal_accrual,abnormal_accrual,异常应计,46af7c1b78e944258beb855b0e1cb47c,unsupported_fundamental_growth_or_quality,Measure abnormal receivables accruals by comparing the change in accounts receivable to the change in sales for each firm relative to its industry peers. Regress receivables growth scaled by lagged assets on sales growth scaled by lagged assets within each...,,,
factor_taxonomy.earnings_quality.accrual_quality.abnormal_accrual,abnormal_accrual,异常应计,e639c0bb844d48f4aa748838b2ebe6cb,unsupported_fundamental_growth_or_quality,"Create an abnormal inventory accrual factor by estimating expected inventory changes from cost of goods sold growth and sales growth within each industry. Scale inventory change by lagged assets and regress it on changes in cost of goods sold and revenue, a...",,,
factor_taxonomy.earnings_quality.accrual_quality.abnormal_accrual,abnormal_accrual,异常应计,d781352f89e44102bc2667e2b1830c85,unsupported_fundamental_growth_or_quality,"Define abnormal payables accruals as the portion of accounts payable change not explained by changes in purchases or cost of goods sold. Estimate purchases as cost of goods sold plus inventory change, scale variables by lagged assets, and run an industry-pe...",,,
factor_taxonomy.earnings_quality.accrual_quality.abnormal_accrual,abnormal_accrual,异常应计,dd26328dcb8a409094cf3fd9500d1d5d,unsupported_fundamental_growth_or_quality,"Build a cash-flow-adjusted abnormal accrual factor by first computing total accruals scaled by average assets and then estimating expected accruals from current, lagged, and lead operating cash flows within an industry, following the intuition that normal a...",,,
factor_taxonomy.earnings_quality.accrual_quality.abnormal_accrual,abnormal_accrual,异常应计,1b60b07e0a1049ba9984f0f61f15934c,unsupported_fundamental_growth_or_quality,"Calculate an abnormal accrual reversal factor by identifying firms whose prior-period high accruals fail to reverse into cash flows as expected. For each firm, compute total accruals scaled by assets and subsequent operating cash flow scaled by assets, then...",,,
factor_taxonomy.earnings_quality.accrual_quality.abnormal_accrual,abnormal_accrual,异常应计,a4d18656e7dd4f499d442047ec4e216a,unsupported_fundamental_growth_or_quality,Construct a peer-relative abnormal accrual intensity factor by comparing each firm’s total accrual-to-assets ratio with the median ratio of firms in the same industry and similar sales-growth decile. Total accruals should be computed consistently from eithe...,,,
factor_taxonomy.earnings_quality.accrual_quality.abnormal_accrual,abnormal_accrual,异常应计,aef581a1a0fd40389e1e643c04a7c781,unsupported_fundamental_growth_or_quality,"Measure abnormal accrual volatility as the rolling standard deviation of discretionary accrual residuals rather than their level. First estimate abnormal accruals using an industry-period accrual model controlling for sales changes, receivables changes, fix...",,,
factor_taxonomy.earnings_quality.accrual_quality.accrual_reversal_risk,accrual_reversal_risk,应计反转风险,af3c968e60484eeb8a63872d83c5fb2a,unsupported_fundamental_growth_or_quality,"Construct a factor that measures the share of current earnings explained by balance-sheet accrual growth that is likely to reverse, defined as the change in non-cash working capital excluding cash, short-term debt, and taxes payable, scaled by average total...",,,
factor_taxonomy.earnings_quality.accrual_quality.accrual_reversal_risk,accrual_reversal_risk,应计反转风险,df10404101dc4ae09f83146825f5b88e,unsupported_fundamental_growth_or_quality,"Build a factor from the gap between net income growth and operating cash flow growth, with both measured on a comparable trailing basis and scaled by lagged assets or sales, and then penalize firms whose receivables and inventories rise faster than revenue....",,,
factor_taxonomy.earnings_quality.accrual_quality.accrual_reversal_risk,accrual_reversal_risk,应计反转风险,0ff5fe74ea9a4e4fb03341a3d8ee794b,unsupported_fundamental_growth_or_quality,"Create a factor based on abnormal accruals estimated relative to a firm’s own revenue and fixed-asset structure, where total accruals are decomposed into a normal component tied to business activity and a residual component not explained by sales growth or...",,,
factor_taxonomy.earnings_quality.accrual_quality.accrual_reversal_risk,accrual_reversal_risk,应计反转风险,220acac0eabb4b8ebce3ae482e758014,unsupported_fundamental_growth_or_quality,"Define a factor that captures the concentration of accruals in asset accounts with high reversal sensitivity by summing changes in receivables, inventories, other current assets, and capitalized cost balances, subtracting changes in operating liabilities th...",,,
factor_taxonomy.earnings_quality.accrual_quality.accrual_reversal_risk,accrual_reversal_risk,应计反转风险,08ff6e8f495b4baca77c45c4ffb9a438,unsupported_fundamental_growth_or_quality,Construct a factor measuring the mismatch between revenue recognition and cash collection by taking the growth in accrued revenue proxies such as accounts receivable and contract assets relative to the growth in cash received from customers or operating cas...,,,
factor_taxonomy.earnings_quality.accrual_quality.accrual_reversal_risk,accrual_reversal_risk,应计反转风险,9be623b7e0564f5897a01d85393d0986,unsupported_fundamental_growth_or_quality,"Create a factor that focuses on expense deferral risk by measuring the growth in capitalized expenditures and other deferred cost assets relative to total expenses, and then comparing that capitalization behavior with subsequent amortization or impairment r...",,,
factor_taxonomy.earnings_quality.accrual_quality.accrual_reversal_risk,accrual_reversal_risk,应计反转风险,1c5e7ea4ed2e4eeda5b7b525374c99ef,unsupported_fundamental_growth_or_quality,"Define a factor using the volatility and sign-switching behavior of total accruals over multiple reporting periods, where firms with large positive accrual spikes followed by mean reversion or alternating accrual signs are scored as higher risk. The mechani...",,,
factor_taxonomy.earnings_quality.accrual_quality.accrual_reversal_risk,accrual_reversal_risk,应计反转风险,5bbb6dcf470d4bd7b1563b18d639bae8,unsupported_fundamental_growth_or_quality,"Build a factor centered on the divergence between EBITDA-like operating performance and post-accrual earnings after changes in reserves, provisions, and non-cash current estimates such as allowance accounts, warranty reserves, or refund liabilities. A firm...",,,
factor_taxonomy.earnings_quality.cash_support.free_cashflow_support,free_cashflow_support,自由现金流支撑,7a7f4b0aa5804732bb3501d322992e6c,unsupported_fundamental_growth_or_quality,"Construct a free-cash-flow support factor by measuring the extent to which free cash flow covers reported net income on a trailing basis, using operating cash flow minus capital expenditures divided by net income after excluding observations with near-zero...",,,
factor_taxonomy.earnings_quality.cash_support.free_cashflow_support,free_cashflow_support,自由现金流支撑,14be1c41427c48a8b4d3df81c61f4ce8,unsupported_fundamental_growth_or_quality,"Create a persistence-of-support factor by calculating the proportion of recent reporting periods in which the sign of free cash flow matches the sign of net income and both are positive, then subtract the proportion of periods in which net income is positiv...",,,
factor_taxonomy.earnings_quality.cash_support.free_cashflow_support,free_cashflow_support,自由现金流支撑,d04ccd58d3984be9ac874d510890c526,unsupported_fundamental_growth_or_quality,"Build a marginal conversion factor from changes in fundamentals by taking the ratio of the change in free cash flow to the change in net income over a rolling horizon, conditioning on positive earnings growth, and rewarding firms whose incremental reported...",,,
factor_taxonomy.earnings_quality.cash_support.free_cashflow_support,free_cashflow_support,自由现金流支撑,6a387ae625bd4917b7024c9945cb9b4e,unsupported_fundamental_growth_or_quality,"Construct a free-cash-flow support stability factor by combining the level of free cash flow relative to net income with the volatility of that ratio over recent periods, assigning higher scores to firms whose free cash flow consistently covers a large shar...",,,
factor_taxonomy.earnings_quality.cash_support.free_cashflow_support,free_cashflow_support,自由现金流支撑,8ac72ddf72584dacaba430199b38716a,unsupported_fundamental_growth_or_quality,"Design an accrual-correction factor that starts from traditional accrual intensity, such as net income minus operating cash flow scaled by assets, and then adjusts it by adding back the free cash flow burden from capital expenditures, effectively focusing o...",,,
factor_taxonomy.earnings_quality.cash_support.free_cashflow_support,free_cashflow_support,自由现金流支撑,19d958bbbcc148d188bde36ff05744f7,unsupported_fundamental_growth_or_quality,"Form a reinvestment-adjusted cash support factor by comparing free cash flow to EBITDA or operating profit instead of net income, using free cash flow divided by operating earnings after standardizing within industry, to identify firms whose pre-financing o...",,,
factor_taxonomy.earnings_quality.cash_support.free_cashflow_support,free_cashflow_support,自由现金流支撑,c4d87003981f4403a4c09072295316c1,unsupported_fundamental_growth_or_quality,"Create a financing-independence support factor by measuring free cash flow relative to net income and then penalizing firms whose dividend payments, share repurchases, or debt reduction materially exceed free cash flow despite strong reported earnings, beca...",,,
factor_taxonomy.earnings_quality.cash_support.free_cashflow_support,free_cashflow_support,自由现金流支撑,6dd4be63aab64745ba41aa298a8f25ff,unsupported_fundamental_growth_or_quality,"Build a drawdown-resilience factor by evaluating how free cash flow behaves when earnings weaken, such as the ratio of the minimum or lower-tail free cash flow to the corresponding lower-tail net income over recent periods, rewarding firms whose cash genera...",,,
factor_taxonomy.earnings_quality.cash_support.cash_conversion_efficiency,cash_conversion_efficiency,现金转换效率,a69c7f0629434c5fa5d59c277f8e5367,unsupported_fundamental_growth_or_quality,"Construct a factor that measures the share of accounting earnings that is backed by contemporaneous operating cash flow by computing trailing-twelve-month cash flow from operations divided by trailing-twelve-month net income before extraordinary items, then...",,,
factor_taxonomy.earnings_quality.cash_support.cash_conversion_efficiency,cash_conversion_efficiency,现金转换效率,40d21a37794541d09b4162868dd74ebc,unsupported_fundamental_growth_or_quality,"Construct a factor based on the accrual burden embedded in earnings by taking the difference between trailing-twelve-month net income and trailing-twelve-month operating cash flow, scaling that gap by average total assets, and assigning better scores to fir...",,,
factor_taxonomy.earnings_quality.cash_support.cash_conversion_efficiency,cash_conversion_efficiency,现金转换效率,d707a28ee1a044a486aaac9a81d2dc79,unsupported_fundamental_growth_or_quality,"Construct a factor that isolates the cash conversion of core operations by dividing trailing-twelve-month operating cash flow by trailing-twelve-month operating profit or EBIT, after excluding firms with persistently negative operating profit from direct co...",,,
factor_taxonomy.earnings_quality.cash_support.cash_conversion_efficiency,cash_conversion_efficiency,现金转换效率,3ce95ec31bce467d83d5870f675c22fe,unsupported_fundamental_growth_or_quality,"Construct a working-capital conversion factor by measuring how much operating cash flow exceeds or falls short of net income after adjusting for non-cash expenses, implemented as negative change in non-cash working capital divided by sales or assets, where...",,,
factor_taxonomy.earnings_quality.cash_support.cash_conversion_efficiency,cash_conversion_efficiency,现金转换效率,8143ed81495948709be5f45a619ef3c5,unsupported_fundamental_growth_or_quality,"Construct a receivables monetization factor by comparing revenue growth to accounts receivable growth, such as trailing sales divided by average receivables combined with the spread between revenue growth and receivables growth, rewarding firms whose sales...",,,
factor_taxonomy.earnings_quality.cash_support.cash_conversion_efficiency,cash_conversion_efficiency,现金转换效率,b8386989bd434ae8848215fcfb9e43e5,unsupported_fundamental_growth_or_quality,"Construct an inventory cash-release factor by evaluating whether gross profit and operating cash flow are supported by disciplined inventory usage, using inventory turnover together with the change in inventory scaled by sales and penalizing firms whose inv...",,,
factor_taxonomy.earnings_quality.cash_support.cash_conversion_efficiency,cash_conversion_efficiency,现金转换效率,e29b8f6ef1744786954d1bc3d85201a0,unsupported_fundamental_growth_or_quality,"Construct a payables-supported conversion factor that captures whether firms fund operating expansion through supplier credit without eroding earnings quality, computed from the interaction of accounts payable growth, inventory growth, and operating cash fl...",,,
factor_taxonomy.earnings_quality.cash_support.cash_conversion_efficiency,cash_conversion_efficiency,现金转换效率,60fb4fb98b5d4afc92cb73050007d442,unsupported_fundamental_growth_or_quality,"Construct a cash interest coverage conversion factor by dividing operating cash flow before interest and taxes paid by reported interest expense and comparing it to accrual-based interest coverage, then favoring firms where cash-based coverage is close to o...",,,
factor_taxonomy.earnings_quality.cash_support.cash_conversion_efficiency,cash_conversion_efficiency,现金转换效率,e8c329a63def4e0e9e7aa86bfab097f2,unsupported_fundamental_growth_or_quality,"Construct a tax cash-conversion factor by comparing cash taxes paid to pretax income and operating cash flow, rewarding firms whose pretax earnings are accompanied by proportionate but not excessively deferred tax cash payments, while penalizing firms where...",,,
factor_taxonomy.earnings_quality.cash_support.cash_conversion_efficiency,cash_conversion_efficiency,现金转换效率,b05ebe27916c4e7eae3c90f41793d25a,unsupported_fundamental_growth_or_quality,"Construct a stability-adjusted cash conversion factor by first computing the ratio of operating cash flow to net income over multiple recent reporting periods and then measuring the consistency of that ratio through time, assigning higher scores to firms wi...",,,
factor_taxonomy.earnings_quality.cash_support.cash_realization_stability,cash_realization_stability,现金兑现稳定性,57057855f13844fab3902e287bd39fbf,unsupported_fundamental_growth_or_quality,"Construct a factor that measures the time-series stability of operating cash realization by computing the ratio of cash collected from customers or operating cash flow to revenue in each reporting period, then taking the inverse of the rolling standard devi...",,,
factor_taxonomy.earnings_quality.cash_support.cash_realization_stability,cash_realization_stability,现金兑现稳定性,1e3fac035f684b0ab6030fef61723007,unsupported_fundamental_growth_or_quality,"Build a factor from the persistence of the gap between operating cash flow and net income by first scaling the difference between operating cash flow and net profit by average total assets or revenue in each period, then estimating the variability of that s...",,,
factor_taxonomy.earnings_quality.cash_support.cash_realization_stability,cash_realization_stability,现金兑现稳定性,43fd209aeb9a4a618e45666c44a9c197,unsupported_fundamental_growth_or_quality,"Define a factor based on the stability of cash conversion from EBITDA-like operating profit by calculating operating cash flow divided by operating profit before noncash charges, excluding observations with near-zero denominators, and then summarizing the a...",,,
factor_taxonomy.earnings_quality.cash_support.cash_realization_stability,cash_realization_stability,现金兑现稳定性,80061b67efaf488b8512840495016dc8,unsupported_fundamental_growth_or_quality,"Create a factor that captures the regularity of cumulative cash realization by comparing rolling multi-period sums of operating cash flow with rolling multi-period sums of revenue or net income, then measuring how much this cumulative conversion ratio chang...",,,
factor_taxonomy.earnings_quality.cash_support.cash_realization_stability,cash_realization_stability,现金兑现稳定性,7083182544774c139bd3ed9072bbbc1c,unsupported_fundamental_growth_or_quality,"Generate a factor using the serial correlation of operating cash realization ratios, where the ratio of operating cash flow to revenue is computed each period and an autoregressive coefficient or lag-one correlation is estimated over a rolling window. Highe...",,,
factor_taxonomy.earnings_quality.cash_support.cash_realization_stability,cash_realization_stability,现金兑现稳定性,7bb284d007cc401698d36ba92371b913,unsupported_fundamental_growth_or_quality,"Construct a seasonality-adjusted cash realization stability factor by first comparing each quarter’s operating cash flow to the revenue of the same fiscal quarter, then measuring the dispersion of year-over-year changes in this quarter-matched conversion ra...",,,
factor_taxonomy.earnings_quality.cash_support.cash_realization_stability,cash_realization_stability,现金兑现稳定性,ba9a4fb0c46b478a8c4ae13d30d4fdac,unsupported_fundamental_growth_or_quality,Build a factor around downside instability in cash realization by computing the ratio of operating cash flow to revenue or net income each period and then estimating only the lower semi-deviation of that ratio relative to the firm’s historical center. Firms...,,,
factor_taxonomy.earnings_quality.cash_support.cash_realization_stability,cash_realization_stability,现金兑现稳定性,608aa8310cd24441addbfc4670a42d4a,unsupported_fundamental_growth_or_quality,"Define a factor that measures stability in working-capital-driven cash realization by decomposing operating cash flow into net income plus noncash charges minus working capital investment, then scaling the working capital component by revenue and calculatin...",,,
factor_taxonomy.earnings_quality.cash_support.cash_realization_stability,cash_realization_stability,现金兑现稳定性,bf4910555bff4ea49047b38e94edc41a,unsupported_fundamental_growth_or_quality,"Create a factor based on the consistency between accrual reversal and cash realization by computing total accruals scaled by assets in one period and the subsequent period’s operating cash flow scaled by assets, then evaluating the stability of the negative...",,,
factor_taxonomy.earnings_quality.cash_support.cash_realization_stability,cash_realization_stability,现金兑现稳定性,6843acec5c644d96a74d880116c02e30,unsupported_fundamental_growth_or_quality,"Generate a factor from the frequency stability of cash-supported earnings by calculating the proportion of reporting periods in a rolling history where operating cash flow exceeds a chosen earnings benchmark such as net income or operating profit, and then...",,,
factor_taxonomy.earnings_quality.earnings_quality_consistency.multi_quality_dimension_resonance,multi_quality_dimension_resonance,多质量维度共振,ebb8518f6408406eae9266f13b848c61,unsupported_fundamental_growth_or_quality,"Build a consistency-of-direction factor based on whether multiple quality dimensions improve together over time. For each firm, estimate recent changes in several earnings-quality metrics such as discretionary accruals, cash conversion of earnings, margin s...",,,
factor_taxonomy.earnings_quality.earnings_quality_consistency.multi_quality_dimension_resonance,multi_quality_dimension_resonance,多质量维度共振,58969ecd129044fa89fb0eadc69321dc,unsupported_fundamental_growth_or_quality,"Create a cross-dimensional contradiction penalty factor that identifies firms whose reported earnings quality looks good on one dimension but poor on others. Standardize a set of quality measures including accrual aggressiveness, cash realization, tax-book...",,,
factor_taxonomy.earnings_quality.earnings_quality_consistency.multi_quality_dimension_resonance,multi_quality_dimension_resonance,多质量维度共振,6f9c1c2ead914d05940ef4c0a88adf62,unsupported_fundamental_growth_or_quality,"Define a latent common-quality resonance factor by extracting the first principal component from a panel of normalized earnings-quality indicators such as accrual quality, earnings persistence, cash-flow backing, working-capital reliability, revenue recogni...",,,
factor_taxonomy.earnings_quality.earnings_quality_consistency.multi_quality_dimension_resonance,multi_quality_dimension_resonance,多质量维度共振,2f4163628f6e47f4b3e0aacc358caf67,unsupported_fundamental_growth_or_quality,"Construct a rank-agreement resonance factor from the cross-sectional alignment of multiple earnings-quality rankings. For each rebalancing date, rank firms on several quality dimensions with consistent directionality, then for each firm compute both the ave...",,,
factor_taxonomy.earnings_quality.earnings_quality_consistency.multi_quality_dimension_resonance,multi_quality_dimension_resonance,多质量维度共振,0f87803ed0e04d67a6a4b91f499cd3e4,unsupported_fundamental_growth_or_quality,"Develop an industry-relative multi-quality confirmation factor that measures whether a firm simultaneously exceeds peers across several quality dimensions. Within each industry, standardize metrics for accrual discipline, conversion of earnings into cash, p...",,,
factor_taxonomy.earnings_quality.earnings_quality_consistency.multi_quality_dimension_resonance,multi_quality_dimension_resonance,多质量维度共振,c22127b7db4c44189261b6f1d26ebe73,unsupported_fundamental_growth_or_quality,"Create a time-series reliability resonance factor using the stability of a firm’s multi-dimensional quality profile. Compute a vector of earnings-quality metrics each period, including accruals, cash conversion, core earnings share, tax consistency, and ear...",,,
factor_taxonomy.earnings_quality.earnings_quality_consistency.multi_quality_dimension_resonance,multi_quality_dimension_resonance,多质量维度共振,5dbaf85c602c44e7bc3dccb42670ea7e,unsupported_fundamental_growth_or_quality,"Form a threshold-breadth resonance factor that explicitly requires multiple quality dimensions to clear economically meaningful hurdles at the same time. For each firm, define binary passes on dimensions such as low discretionary accrual intensity, low grow...",,,
factor_taxonomy.earnings_quality.earnings_quality_consistency.multi_quality_dimension_resonance,multi_quality_dimension_resonance,多质量维度共振,98721d7115254d33a56287e04be8c003,unsupported_fundamental_growth_or_quality,"Build a network-cohesion factor from the internal correlation structure of earnings-quality dimensions across a firm’s own history. For each firm, calculate rolling time series of several quality metrics and estimate the average positive correlation among d...",,,
factor_taxonomy.earnings_quality.earnings_quality_consistency.multi_quality_dimension_resonance,multi_quality_dimension_resonance,多质量维度共振,23435469be1b46f587c1b4e4909280ae,unsupported_fundamental_growth_or_quality,"Construct a resilience-based multi-quality resonance factor that tests whether several quality dimensions hold up jointly during periods of operating stress. Identify stress quarters or years for each firm using adverse conditions such as sales contraction,...",,,
factor_taxonomy.earnings_quality.earnings_quality_consistency.quality_sorting_robustness,quality_sorting_robustness,质量排序稳健性,bbb4e8f1209746649e4809dadbe64fca,unsupported_fundamental_growth_or_quality,"Construct a factor that measures how stable a stock’s cross-sectional earnings-quality rank remains across multiple alternative quality definitions. For each reporting period, compute several standardized quality sub-scores such as accruals-to-assets with n...",,,
factor_taxonomy.earnings_quality.earnings_quality_consistency.quality_sorting_robustness,quality_sorting_robustness,质量排序稳健性,567870c48efc4a4e99cb7a29500cc660,unsupported_fundamental_growth_or_quality,"Create a factor based on the persistence of a firm’s earnings-quality percentile after new financial statements are released. At each announcement date, compute the firm’s industry-relative composite quality rank using only information available before the...",,,
factor_taxonomy.earnings_quality.earnings_quality_consistency.quality_sorting_robustness,quality_sorting_robustness,质量排序稳健性,e5e9d7c5c8944db29c18a68a0fb7cb43,unsupported_fundamental_growth_or_quality,"Define a quality sorting robustness factor using leave-one-component-out sensitivity of a composite earnings-quality score. Build a composite score from multiple normalized inputs related to accrual quality, cash conversion, margin sustainability, working-c...",,,
factor_taxonomy.earnings_quality.earnings_quality_consistency.quality_sorting_robustness,quality_sorting_robustness,质量排序稳健性,a33882bf1e154396883baa263619c586,unsupported_fundamental_growth_or_quality,"Create a factor based on bootstrap stability of earnings-quality ranks. For each rebalancing date, form a set of accounting-quality variables and repeatedly estimate a composite quality score using random subsamples of variables and random subsamples of eli...",,,
factor_taxonomy.earnings_quality.earnings_quality_consistency.quality_sorting_robustness,quality_sorting_robustness,质量排序稳健性,cdb2114de0454933b69be439766abf08,unsupported_fundamental_growth_or_quality,"Construct a factor measuring robustness of earnings-quality sorting across fiscal seasonality adjustments. For each firm, compute quality metrics using trailing twelve-month aggregation, same-quarter year-over-year comparison, and seasonally adjusted quarte...",,,
factor_taxonomy.earnings_quality.earnings_fragility_identification.high_profit_low_cash,high_profit_low_cash,高盈利低现金,f4ef5d6bb97d4e2fa3b8fc9826598899,unsupported_fundamental_growth_or_quality,"Construct a factor that identifies firms with strong reported profitability but weak cash conversion by taking net income scaled by average total assets and subtracting operating cash flow scaled by the same asset base, then ranking firms where the profitab...",,,
factor_taxonomy.earnings_quality.earnings_fragility_identification.high_profit_low_cash,high_profit_low_cash,高盈利低现金,9598bcf8c6c44c75b0c877e1b1a75c89,unsupported_fundamental_growth_or_quality,"Build a signal based on the gap between growth in earnings and growth in cash collected from core operations by measuring year-over-year change in net income and subtracting year-over-year change in operating cash flow, with both changes normalized by lagge...",,,
factor_taxonomy.earnings_quality.earnings_fragility_identification.high_profit_low_cash,high_profit_low_cash,高盈利低现金,a8cfd7308b3747038cb20e4f89365c7c,unsupported_fundamental_growth_or_quality,"Create a factor that combines high operating margin with low cash flow margin by calculating operating income divided by revenue and subtracting operating cash flow divided by revenue, then emphasizing firms with the widest positive spread. This mechanism c...",,,
factor_taxonomy.earnings_quality.earnings_fragility_identification.high_profit_low_cash,high_profit_low_cash,高盈利低现金,78e489436474499cbc7861f061a8b22c,unsupported_fundamental_growth_or_quality,"Generate a factor from the proportion of earnings explained by accruals by computing total accruals as net income minus operating cash flow, scaling by average assets, and interacting this with a profitability measure so that only highly profitable firms wi...",,,
factor_taxonomy.earnings_quality.earnings_fragility_identification.high_profit_low_cash,high_profit_low_cash,高盈利低现金,56835efb21df4ecd94fd77cdfd8988bc,unsupported_fundamental_growth_or_quality,Construct a receivables-intensity mismatch factor by selecting firms with high earnings profitability and then measuring whether accounts receivable growth materially exceeds revenue growth or operating cash flow growth. The mechanism flags companies whose...,,,
factor_taxonomy.earnings_quality.earnings_fragility_identification.high_profit_low_cash,high_profit_low_cash,高盈利低现金,83c239a63a5b4d3fa3e4e83fea78eba7,unsupported_fundamental_growth_or_quality,"Build a tax-cash inconsistency factor by identifying firms with high pretax or net profitability but unusually low cash taxes paid relative to pretax income, while controlling for statutory tax effects through peer or industry comparison. Persistent profita...",,,
factor_taxonomy.earnings_quality.earnings_fragility_identification.high_profit_low_cash,high_profit_low_cash,高盈利低现金,40f9255f11e247f2a5f7a21201efdf6e,unsupported_fundamental_growth_or_quality,"Create a capitalized-cost earnings fragility factor by focusing on firms with high reported operating profit but weak operating cash flow after adding a penalty for growth in capitalized balance-sheet items such as capitalized development costs, contract as...",,,
factor_taxonomy.earnings_quality.earnings_fragility_identification.high_profit_low_cash,high_profit_low_cash,高盈利低现金,0ae7072a854a40d5bc74bae8f326c0ae,unsupported_fundamental_growth_or_quality,"Define a payout strain factor that identifies companies with high accounting earnings but insufficient operating cash flow to cover shareholder distributions and routine investment, measured by operating cash flow minus dividends and maintenance-oriented ca...",,,
factor_taxonomy.earnings_quality.earnings_fragility_identification.high_profit_low_cash,high_profit_low_cash,高盈利低现金,5a7e9cd86b604fb8952a597fbe661e2f,unsupported_fundamental_growth_or_quality,"Construct a persistence-adjusted profit-cash divergence factor by taking the multi-period average of profitability and comparing it with the multi-period average of operating cash flow, then adding a penalty when the divergence is stable rather than tempora...",,,
factor_taxonomy.earnings_quality.earnings_fragility_identification.high_profit_high_volatility,high_profit_high_volatility,高盈利高波动,a531e1bb7d09404c9f856c5a42a145d7,unsupported_fundamental_growth_or_quality,"Construct a fragility factor by identifying firms whose current profitability is in the top cross-sectional quantile while the time-series volatility of quarterly operating margin is also high. Compute trailing gross margin, operating margin, or ROA for eac...",,,
factor_taxonomy.earnings_quality.earnings_fragility_identification.high_profit_high_volatility,high_profit_high_volatility,高盈利高波动,b07054c410704a06a0f09f0ae3aeca61,unsupported_fundamental_growth_or_quality,"Measure high-profit cyclicality by combining elevated current ROE with strong sensitivity of profitability to industry revenue cycles. For each firm, regress its historical quarterly ROE or operating margin on the median revenue growth or margin change of i...",,,
factor_taxonomy.earnings_quality.earnings_fragility_identification.high_profit_high_volatility,high_profit_high_volatility,高盈利高波动,46049164d92845828fa96ad5b018925b,unsupported_fundamental_growth_or_quality,"Build a margin dispersion factor using segment or product-level profitability when available. For firms with high consolidated gross or operating margins, calculate the dispersion of segment margins, the volatility of segment revenue shares, and the concent...",,,
factor_taxonomy.earnings_quality.earnings_fragility_identification.high_profit_high_volatility,high_profit_high_volatility,高盈利高波动,d5957f9a3e5245fb86ec5cf033b5fab9,unsupported_fundamental_growth_or_quality,"Define a factor that detects high profitability accompanied by unstable cash conversion. Compute current accrual-adjusted profitability such as operating profit over assets or ROE, then measure the volatility of operating cash flow divided by operating prof...",,,
factor_taxonomy.earnings_quality.earnings_fragility_identification.high_profit_high_volatility,high_profit_high_volatility,高盈利高波动,83907a65d4474ca3bb6a8607713ff617,unsupported_fundamental_growth_or_quality,"Create a customer or receivable concentration volatility factor for firms reporting strong margins or ROE. Calculate the share of revenue or receivables attributable to top customers when disclosed, or approximate concentration risk using the volatility of...",,,
factor_taxonomy.earnings_quality.earnings_fragility_identification.high_profit_high_non_recurring,high_profit_high_non_recurring,高盈利高一次性,7b1769dc61384b29a8320f4361165791,unsupported_fundamental_growth_or_quality,"Create a factor based on the persistence risk of earnings surprises driven by non-recurring items. For each earnings announcement, decompose year-on-year net profit growth into recurring operating profit growth and non-recurring profit contribution growth....",,,
factor_taxonomy.earnings_quality.earnings_fragility_identification.high_profit_high_non_recurring,high_profit_high_non_recurring,高盈利高一次性,fd18875a89d040dd890277183402c399,unsupported_fundamental_growth_or_quality,"Define a factor using cash-flow confirmation of high non-recurring profitability. For each firm, calculate reported net margin and the non-recurring gains-to-net-income ratio, then compare these with operating cash flow before working-capital changes or cas...",,,
factor_taxonomy.earnings_quality.earnings_fragility_identification.high_profit_high_non_recurring,high_profit_high_non_recurring,高盈利高一次性,3cadbaa3d103426ca485e96ce4470a1a,unsupported_fundamental_growth_or_quality,"Construct a subsidy-dependence profitability factor for firms whose high earnings are supported by government grants or tax rebates. Compute government subsidy income recognized in current profit and loss, plus other subsidy-like non-recurring income, as a...",,,
factor_taxonomy.earnings_quality.earnings_fragility_identification.high_profit_high_non_recurring,high_profit_high_non_recurring,高盈利高一次性,92e6a37a3fff4852a6e2cf7be617e973,unsupported_fundamental_growth_or_quality,"Create a factor that compares recurring operating margin to reported net margin in highly profitable firms. Calculate recurring operating margin as operating revenue minus operating costs, taxes and surcharges, selling, administrative, R&D, and financing ex...",,,
factor_taxonomy.earnings_quality.earnings_fragility_identification.high_profit_high_non_recurring,high_profit_high_non_recurring,高盈利高一次性,5c06aacaebf9479fb6d033d37a42fe42,unsupported_fundamental_growth_or_quality,"Develop a factor based on repeated use of non-recurring items to maintain high profitability. For each firm, count the proportion of recent reporting periods in which reported ROE or net margin exceeded the industry median while non-recurring profit contrib...",,,
factor_taxonomy.earnings_quality.earnings_fragility_identification.high_profit_high_cost_elasticity,high_profit_high_cost_elasticity,高盈利高成本弹性,f0641c2ab8974ce89e78dcea9e294e1b,unsupported_fundamental_growth_or_quality,"Estimate each firm's cost elasticity by regressing quarterly total operating cost, defined as cost of goods sold plus selling, general and administrative expenses, on revenue over a rolling multi-year window in log-change form, and interact this elasticity...",,,
factor_taxonomy.earnings_quality.earnings_fragility_identification.high_profit_high_cost_elasticity,high_profit_high_cost_elasticity,高盈利高成本弹性,a8adc5a10638456faaecfa15eb6fd2fa,unsupported_fundamental_growth_or_quality,"Estimate labor cost elasticity by using employee expense where disclosed, or industry-level wage cost proxies scaled by headcount and revenue, and compute the change in labor cost per unit of revenue during recent revenue growth periods. Among firms with hi...",,,
factor_taxonomy.earnings_quality.earnings_fragility_identification.high_profit_high_cost_elasticity,high_profit_high_cost_elasticity,高盈利高成本弹性,9d9bde43d2634e19a2fa19a5fd5273a0,unsupported_fundamental_growth_or_quality,Calculate the pass-through gap between revenue growth and cost growth by decomposing operating profit growth into sales contribution and cost contribution over recent reporting periods. The factor is high when operating profit growth is strong and margins a...,,,
factor_taxonomy.earnings_quality.earnings_fragility_identification.high_profit_high_cost_elasticity,high_profit_high_cost_elasticity,高盈利高成本弹性,1d529457c5c64ba2a9ce9b26e6718088,unsupported_fundamental_growth_or_quality,"Identify firms with high profitability and high inventory-cost exposure by measuring the ratio of inventory plus cost of goods sold to revenue, then testing whether inventory turnover deterioration coincides with rising gross margins. A high score reflects...",,,
factor_taxonomy.earnings_quality.earnings_fragility_identification.high_profit_high_cost_elasticity,high_profit_high_cost_elasticity,高盈利高成本弹性,664127faa8494c90b64a44287122e7ed,unsupported_fundamental_growth_or_quality,"Build a factor from the covariance between quarterly revenue surprises and operating expense surprises relative to analyst consensus or a time-series expectation model, conditional on high current profit margins. A high positive covariance indicates that wh...",,,
factor_taxonomy.earnings_quality.earnings_fragility_identification.high_profit_high_cost_elasticity,high_profit_high_cost_elasticity,高盈利高成本弹性,9ff533b75e7c448b976cb5428778652b,unsupported_fundamental_growth_or_quality,"Measure the share of profitability attributable to operating leverage reversal risk by estimating fixed versus variable cost components from a regression of total costs on sales, then computing the implied margin loss under a standardized revenue decline sc...",,,
factor_taxonomy.earnings_quality.earnings_fragility_identification.high_profit_high_cost_elasticity,high_profit_high_cost_elasticity,高盈利高成本弹性,20418cdc2217400584c2ee56f9448185,unsupported_fundamental_growth_or_quality,"Compute a cost elasticity acceleration factor by comparing the recent incremental cost-to-sales ratio, defined as change in operating costs divided by change in revenue, with the firm's longer-term average incremental ratio, and interact it with high traili...",,,
factor_taxonomy.earnings_quality.earnings_fragility_identification.high_profit_low_sustainability,high_profit_low_sustainability,高盈利低可持续性,b7946a288e9b4159b43a6adf9bdebdbb,unsupported_fundamental_growth_or_quality,Construct a factor that flags firms with high current profitability but weak reinvestment support by comparing trailing operating profit margin or ROA to the firm’s own historical percentile and then subtracting the ratio of growth capex plus R&D to depreci...,,,
factor_taxonomy.earnings_quality.earnings_fragility_identification.high_profit_low_sustainability,high_profit_low_sustainability,高盈利低可持续性,036c62f366c24c62849a5969a964a8b2,unsupported_fundamental_growth_or_quality,Measure the gap between reported profitability and operating cash conversion by taking high trailing net income margin or ROE and penalizing firms whose operating cash flow after working-capital changes is low relative to net income. A strong negative cash-...,,,
factor_taxonomy.earnings_quality.earnings_fragility_identification.high_profit_low_sustainability,high_profit_low_sustainability,高盈利低可持续性,40e865aa2a824b5d8b5611453deebd12,unsupported_fundamental_growth_or_quality,"Create a factor based on profitability supported by favorable working-capital release rather than recurring operations by decomposing free cash flow or operating cash flow into changes in receivables, inventories, payables, and contract liabilities. Firms w...",,,
factor_taxonomy.earnings_quality.earnings_fragility_identification.high_profit_low_sustainability,high_profit_low_sustainability,高盈利低可持续性,f54abc7f23674410b2792aa507357b50,unsupported_fundamental_growth_or_quality,"Build a factor that compares current ROIC to a normalized estimate of competitive advantage duration using sales concentration, market-share stability, and gross-margin persistence. A firm receives a high high-profit-low-sustainability signal when ROIC is i...",,,
factor_taxonomy.earnings_quality.earnings_fragility_identification.high_profit_low_sustainability,high_profit_low_sustainability,高盈利低可持续性,961e87a910b44551a5b06519056aa6c7,unsupported_fundamental_growth_or_quality,"Create a factor that detects high profitability achieved through aggressive expense compression by comparing selling, general, administrative, R&D, maintenance, and employee-cost ratios to their historical and industry baselines while controlling for revenu...",,,
factor_taxonomy.earnings_quality.earnings_fragility_identification.high_profit_low_sustainability,high_profit_low_sustainability,高盈利低可持续性,71891aad83e349fbae19cc4bb8438a20,unsupported_fundamental_growth_or_quality,"Measure sustainability risk from deteriorating revenue quality beneath high margins by combining high EBITDA margin with rising days sales outstanding, increasing contract-asset intensity, higher unbilled revenue, or slower cash collections relative to reco...",,,
factor_taxonomy.earnings_quality.earnings_fragility_identification.high_profit_low_sustainability,high_profit_low_sustainability,高盈利低可持续性,d25cd49c605e47d5af5d2f97c483a9cc,unsupported_fundamental_growth_or_quality,"Construct a factor that identifies high-profit firms with declining asset productivity by comparing current ROA or operating margin to trends in asset turnover, capacity utilization proxies, inventory turnover, and fixed-asset turnover. A high score is assi...",,,
factor_taxonomy.earnings_quality.earnings_fragility_identification.high_profit_low_sustainability,high_profit_low_sustainability,高盈利低可持续性,8a58f27af12047c590d90add52980da6,unsupported_fundamental_growth_or_quality,"Build a factor based on abnormal tax or financing support to earnings by measuring how much high net profit margin or ROE is boosted by an unusually low effective tax rate, unusually high interest income, reduced interest expense from temporary deleveraging...",,,
factor_taxonomy.earnings_quality.profit_source_structure.core_business_profit_share,core_business_profit_share,主业利润占比,c6619a91a46c4fe2bf633a6e283db8b2,unsupported_fundamental_growth_or_quality,"Construct a factor based on the gap between gross-profit-driven earnings and reported earnings by calculating gross profit minus selling, administrative, R&D, and financing expenses, then dividing this core operating result by net profit attributable to sha...",,,
factor_taxonomy.earnings_quality.profit_source_structure.core_business_profit_share,core_business_profit_share,主业利润占比,87aa2a23f9254f2c82789b90f55172c9,unsupported_fundamental_growth_or_quality,Construct a factor capturing improvement in main-business profit dominance by comparing the latest core operating profit share with its own historical average over prior fiscal or trailing twelve-month periods. The signal is positive when the latest proport...,,,
factor_taxonomy.earnings_quality.profit_source_structure.core_business_profit_share,core_business_profit_share,主业利润占比,826f2590fd8a474c874d00a9e3bf3031,unsupported_fundamental_growth_or_quality,"Construct a factor measuring the cross-sectional purity of profit sources by ranking firms within the same industry on core operating profit divided by total profit, after winsorizing cases where total profit is close to zero or negative. This isolates whet...",,,
factor_taxonomy.earnings_quality.profit_source_structure.core_business_profit_share,core_business_profit_share,主业利润占比,32c9071c7d82413da90610e3241a43d3,unsupported_fundamental_growth_or_quality,"Construct a factor penalizing firms whose main-business profit share is high only because non-core losses offset otherwise weak reported profit, by separately measuring core operating profit divided by revenue and core operating profit divided by total prof...",,,
factor_taxonomy.earnings_quality.profit_source_structure.core_business_profit_share,core_business_profit_share,主业利润占比,0131f34b4ad345388138eb8c4fe244b7,unsupported_fundamental_growth_or_quality,"Construct a factor measuring cash-confirmed core profit share by multiplying the ratio of core operating profit to total profit by the ratio of operating cash flow to core operating profit, with appropriate handling for negative or near-zero denominators. T...",,,
factor_taxonomy.earnings_quality.profit_source_structure.non_recurring_profit_share,non_recurring_profit_share,非经常性利润占比,f94128eba2a14bb0bb650895a7efb689,unsupported_fundamental_growth_or_quality,"Construct a recurring-earnings coverage factor as recurring net profit divided by total net profit, where recurring net profit equals reported net profit minus non-recurring profit or loss. Firms with a high coverage ratio indicate that most earnings are ge...",,,
factor_taxonomy.earnings_quality.profit_source_structure.non_recurring_profit_share,non_recurring_profit_share,非经常性利润占比,ed9b481c2e1644489dd0f6b3c3c2ef29,unsupported_fundamental_growth_or_quality,Estimate the trailing multi-period average share of non-recurring profit in total net profit by summing non-recurring profit over recent annual or quarterly reports and dividing by summed net profit over the same reports. This factor captures persistent rel...,,,
factor_taxonomy.earnings_quality.profit_source_structure.non_recurring_profit_share,non_recurring_profit_share,非经常性利润占比,2bba3ca7c4e04190a414c8e4a7c0567d,unsupported_fundamental_growth_or_quality,"Calculate the year-over-year change in the non-recurring profit share, defined as current non-recurring profit divided by current net profit minus the same ratio from the comparable prior-year period. A rising share signals deteriorating earnings quality be...",,,
factor_taxonomy.earnings_quality.profit_source_structure.non_recurring_profit_share,non_recurring_profit_share,非经常性利润占比,8459524ed2724b4ab4d59f7e0d8827d5,unsupported_fundamental_growth_or_quality,Create a volatility factor for non-recurring profit contribution by computing the time-series dispersion of non-recurring profit as a percentage of net profit or total profit across recent reporting periods. High dispersion indicates that reported earnings...,,,
factor_taxonomy.earnings_quality.profit_source_structure.non_recurring_profit_share,non_recurring_profit_share,非经常性利润占比,f48e1241bb9249e6aa41c71a898eba43,unsupported_fundamental_growth_or_quality,"Decompose non-recurring profit share into positive and negative components by separately measuring cumulative non-recurring gains and cumulative non-recurring losses relative to cumulative net profit. The factor should focus on the positive-gain share, beca...",,,
factor_taxonomy.earnings_quality.profit_source_structure.non_recurring_profit_share,non_recurring_profit_share,非经常性利润占比,f58b31a01a384b8bb72606d1b325b302,unsupported_fundamental_growth_or_quality,"Identify earnings-turnaround quality by flagging firms that report positive net profit while recurring net profit, calculated as net profit minus non-recurring profit, remains negative. The factor assigns poor quality scores to such firms because the appare...",,,
factor_taxonomy.earnings_quality.profit_source_structure.non_recurring_profit_share,non_recurring_profit_share,非经常性利润占比,9549d3fba6ac40fcbfe672006906c65f,unsupported_fundamental_growth_or_quality,"Measure the contribution of non-recurring profit to earnings growth by dividing the year-over-year change in non-recurring profit by the year-over-year change in net profit, with special treatment when earnings growth is small or negative. A high positive c...",,,
factor_taxonomy.earnings_quality.profit_source_structure.non_recurring_profit_share,non_recurring_profit_share,非经常性利润占比,3dc6b9731cf44e49a72fe458e4ed4354,unsupported_fundamental_growth_or_quality,Construct a peer-relative non-recurring profit share factor by comparing each firm’s non-recurring profit to net profit ratio against the median ratio of firms in the same industry and reporting period. Firms with unusually high non-recurring contribution r...,,,
factor_taxonomy.earnings_quality.profit_source_structure.investment_income_dependence,investment_income_dependence,投资收益依赖,33615a5476294e0aa9b706c9dffb654c,unsupported_fundamental_growth_or_quality,Construct a core-profit coverage factor that subtracts investment income from net profit and divides the result by net profit over the latest reporting period. Firms whose net profit would fall sharply or turn negative after removing investment income recei...,,,
factor_taxonomy.earnings_quality.profit_source_structure.investment_income_dependence,investment_income_dependence,投资收益依赖,4632a44202144b5396765395331216ad,unsupported_fundamental_growth_or_quality,"Compute the year-over-year change in investment income contribution to total profit, defined as the current investment-income-to-profit ratio minus the same ratio one year earlier. A sharp increase suggests a recent shift from operating earnings toward inve...",,,
factor_taxonomy.earnings_quality.profit_source_structure.investment_income_dependence,investment_income_dependence,投资收益依赖,4610ae19ebb64603a6ccbdf2b359c57a,unsupported_fundamental_growth_or_quality,Create a factor based on the persistence gap between investment income and core operating profit by estimating the autocorrelation or predictive continuation of each component across historical reporting periods. If investment income shows low persistence w...,,,
factor_taxonomy.earnings_quality.profit_source_structure.investment_income_dependence,investment_income_dependence,投资收益依赖,c8df0b5e5e0b406d97f68327406598e0,unsupported_fundamental_growth_or_quality,"Assess whether investment income is compensating for weak core operations by interacting the investment-income-to-profit ratio with the decline in gross profit margin, operating margin, or operating profit growth. The factor penalizes firms where investment...",,,
factor_taxonomy.earnings_quality.profit_source_structure.investment_income_dependence,investment_income_dependence,投资收益依赖,47c321e903bb46c594918282843718bd,unsupported_fundamental_growth_or_quality,Measure concentration of profit growth in investment income by decomposing year-over-year net profit growth into the portion attributable to investment income growth versus operating profit growth. A high contribution of investment income to total profit im...,,,
factor_taxonomy.earnings_quality.profit_source_structure.investment_income_dependence,investment_income_dependence,投资收益依赖,be78a532373f4d79be113faa0cdfc478,unsupported_fundamental_growth_or_quality,"Build an industry-relative investment income dependence factor by ranking each firm’s investment-income-to-profit ratio against peers in the same industry and reporting period, while controlling for industry norms such as financial holdings or strategic equ...",,,
factor_taxonomy.earnings_quality.profit_source_structure.subsidy_dependence,subsidy_dependence,政策补贴依赖,d87750415fc4488082e5c4a245053e77,unsupported_fundamental_growth_or_quality,"Construct a subsidy dependence intensity factor by measuring government grants and similar policy-related subsidy income recognized in current profit or loss as a share of total profit before tax, then multiplying this ratio by an indicator that equals one...",,,
factor_taxonomy.earnings_quality.profit_source_structure.subsidy_dependence,subsidy_dependence,政策补贴依赖,2bdbf1262f4d40c0a6ca1ed57185a679,unsupported_fundamental_growth_or_quality,"Construct a subsidy concentration persistence factor by computing the rolling proportion of reporting periods in which subsidy income exceeds a meaningful fraction of net profit, and then interacting that persistence measure with the average subsidy-to-reve...",,,
factor_taxonomy.earnings_quality.profit_source_structure.subsidy_dependence,subsidy_dependence,政策补贴依赖,59db27f4dcf14ecf9d4a495b4709e1e5,unsupported_fundamental_growth_or_quality,Build a subsidy dependence acceleration factor by measuring the trend in subsidy income relative to revenue and comparing it with the trend in operating profit margin over the same period. A firm scores high when subsidy contribution is rising while core op...,,,
factor_taxonomy.earnings_quality.profit_source_structure.subsidy_dependence,subsidy_dependence,政策补贴依赖,892128dca20d42dcb700cfbbfb62a108,unsupported_fundamental_growth_or_quality,"Create a cross-statement mismatch factor that compares recognized subsidy income in the income statement with deferred income related to government grants on the balance sheet, normalized by total assets. High recognized subsidy income accompanied by a larg...",,,
factor_taxonomy.earnings_quality.profit_source_structure.subsidy_dependence,subsidy_dependence,政策补贴依赖,7ead89fa172446a8b6aaa8cc555f1ecd,unsupported_fundamental_growth_or_quality,"Construct a tax-and-subsidy replacement factor by adding subsidy income to tax refunds and tax rebates linked to policy support, then dividing by net profit attributable to shareholders after excluding one-off asset disposal gains. The mechanism identifies...",,,
factor_taxonomy.earnings_quality.profit_source_structure.subsidy_dependence,subsidy_dependence,政策补贴依赖,478ec91eb6ce4222aaeac640befe8168,unsupported_fundamental_growth_or_quality,Build a relative subsidy dependence factor by ranking a firm’s subsidy income as a share of revenue against its industry peers and then multiplying that by the negative deviation of its operating margin from the peer median. A high score signals a company t...,,,
factor_taxonomy.growth.revenue_growth.single_period_revenue_growth,single_period_revenue_growth,单期收入增长,800a1c59faef415a9b4c6d0ecaa85165,unsupported_fundamental_growth_or_quality,Construct a revenue growth acceleration factor by taking the difference between the current quarter’s year-over-year revenue growth and the previous quarter’s year-over-year revenue growth. This captures whether single-period revenue expansion is improving...,,,
factor_taxonomy.growth.revenue_growth.single_period_revenue_growth,single_period_revenue_growth,单期收入增长,ed8acdd670f545a48c6c9edf892008ee,unsupported_fundamental_growth_or_quality,Construct a revenue surprise factor by comparing the current quarter’s year-over-year revenue growth to the firm’s own trailing average year-over-year quarterly revenue growth over a historical window. The signal is positive when the latest single-period re...,,,
factor_taxonomy.growth.revenue_growth.single_period_revenue_growth,single_period_revenue_growth,单期收入增长,736b182d0f7e4913ac13896310d0d166,unsupported_fundamental_growth_or_quality,Construct a peer-relative single-period revenue growth factor by subtracting the contemporaneous industry or sector median year-over-year quarterly revenue growth from each firm’s own year-over-year quarterly revenue growth. This isolates firm-specific dema...,,,
factor_taxonomy.growth.revenue_growth.single_period_revenue_growth,single_period_revenue_growth,单期收入增长,4ba5eef59b9a4f26939fb1fd1970aa7a,unsupported_fundamental_growth_or_quality,"Construct a seasonally normalized sequential revenue growth factor by taking current quarterly revenue divided by the immediately prior quarter’s revenue minus one, then subtracting the historical average sequential growth observed in the same fiscal quarte...",,,
factor_taxonomy.growth.revenue_growth.single_period_revenue_growth,single_period_revenue_growth,单期收入增长,e0980be6dff44edba9e9b3344a3dc1fa,unsupported_fundamental_growth_or_quality,Construct a consistency-adjusted single-period revenue growth factor by dividing the current quarter’s year-over-year revenue growth by the standard deviation of the firm’s historical quarterly year-over-year revenue growth. This rewards firms delivering st...,,,
factor_taxonomy.growth.revenue_growth.single_period_revenue_growth,single_period_revenue_growth,单期收入增长,7b1486d089014052bc6e8921999b966e,unsupported_fundamental_growth_or_quality,"Construct a breadth-based revenue growth factor for firms with disclosed business segments by calculating the share of total segments that delivered positive year-over-year revenue growth in the latest quarter, optionally weighted by prior-period segment re...",,,
factor_taxonomy.growth.revenue_growth.single_period_revenue_growth,single_period_revenue_growth,单期收入增长,31e2504912dd40c9929f5e2fb090eda1,unsupported_fundamental_growth_or_quality,"Construct a cash-conversion-adjusted revenue growth factor by multiplying current quarter year-over-year revenue growth by the ratio of operating cash flow growth to revenue growth, or by the ratio of operating cash flow to revenue for the same period when...",,,
factor_taxonomy.growth.revenue_growth.single_period_revenue_growth,single_period_revenue_growth,单期收入增长,fc48cd09f25c46278b1a8f5cfdcbeaf0,unsupported_fundamental_growth_or_quality,Construct a margin-confirmed revenue growth factor by interacting current quarter year-over-year revenue growth with the simultaneous change in gross margin or operating margin from the same quarter last year. The signal is strongest for firms showing robus...,,,
factor_taxonomy.growth.revenue_growth.core_business_revenue_growth,core_business_revenue_growth,主营收入增长,30acaae76d9849bc86de20abdcf4dd98,unsupported_fundamental_growth_or_quality,Construct a factor that measures the acceleration of core business revenue growth by taking the current year-over-year growth rate of main operating revenue and subtracting the year-over-year growth rate observed one comparable reporting period earlier. The...,,,
factor_taxonomy.growth.revenue_growth.core_business_revenue_growth,core_business_revenue_growth,主营收入增长,1f1b21e684164400985b8a96060632fd,unsupported_fundamental_growth_or_quality,Construct a factor based on the stability-adjusted growth of core business revenue by dividing the trailing average year-over-year growth rate of main operating revenue by the trailing standard deviation of that same growth rate over multiple comparable rep...,,,
factor_taxonomy.growth.revenue_growth.core_business_revenue_growth,core_business_revenue_growth,主营收入增长,5fb7dc065b7e4fc587bfd708d1bddcd8,unsupported_fundamental_growth_or_quality,Construct a factor that evaluates incremental profitability of core revenue growth by comparing the change in gross profit to the change in main operating revenue over the same reporting interval. Firms whose core revenue growth converts efficiently into gr...,,,
factor_taxonomy.growth.revenue_growth.core_business_revenue_growth,core_business_revenue_growth,主营收入增长,7ee56065f67a472fb6ac3bd1fe220ceb,unsupported_fundamental_growth_or_quality,Construct a factor that captures market share style expansion by measuring a firm’s main operating revenue growth relative to the median or weighted average core revenue growth of its industry peers in the same reporting period. Positive industry-relative主营...,,,
factor_taxonomy.growth.revenue_growth.core_business_revenue_growth,core_business_revenue_growth,主营收入增长,30b0c83879044712af0f751396eb3c62,unsupported_fundamental_growth_or_quality,"Construct a factor that penalizes acquisition-like distortions in core revenue growth by taking the growth rate of main operating revenue and subtracting the growth rate of goodwill and identifiable intangible assets, or another proxy for external expansion...",,,
factor_taxonomy.growth.revenue_growth.core_business_revenue_growth,core_business_revenue_growth,主营收入增长,7d00c2e6ce8c4bc5880f44ad0583c672,unsupported_fundamental_growth_or_quality,"Construct a factor that measures the cash realization quality of core revenue growth by multiplying the year-over-year growth rate of main operating revenue by the ratio of operating cash receipts from selling goods and services to main operating revenue, o...",,,
factor_taxonomy.growth.revenue_growth.core_business_revenue_growth,core_business_revenue_growth,主营收入增长,40e6d91ffbce45e8911ed600f55f15f7,unsupported_fundamental_growth_or_quality,Construct a factor that identifies recovery-driven core revenue growth by taking the current main operating revenue growth rate and scaling it by the degree to which the firm’s recent revenue level remains below its longer-term trend or previous peak. This...,,,
factor_taxonomy.growth.revenue_growth.core_business_revenue_growth,core_business_revenue_growth,主营收入增长,c6fdb312cf314d3c82be089f4fccbd2f,unsupported_fundamental_growth_or_quality,"Construct a factor based on the breadth of core revenue growth across reporting segments by calculating the proportion of business or geographic segments with positive year-over-year revenue growth, then combining that measure with aggregate main operating...",,,
factor_taxonomy.growth.profit_growth.adj_profit_growth,adj_profit_growth,扣非利润增长,374e08a87bcb4d17a0a5f107953090ba,unsupported_fundamental_growth_or_quality,"Construct a factor as the year-over-year growth rate of trailing-twelve-month net profit excluding non-recurring items, but standardized by the firm’s own trailing volatility of quarterly adjusted profit over the past several years. The mechanism targets co...",,,
factor_taxonomy.growth.profit_growth.adj_profit_growth,adj_profit_growth,扣非利润增长,4bc4f3be7ecc4a4ab438e60d8ee95ea2,unsupported_fundamental_growth_or_quality,"Build a factor from adjusted profit growth after removing the contribution of revenue expansion, so that the signal captures margin-driven rather than sales-driven improvement. Operationally, compute the year-over-year growth in net profit excluding non-rec...",,,
factor_taxonomy.growth.profit_growth.adj_profit_growth,adj_profit_growth,扣非利润增长,85e738e91c164216b43df12565453185,unsupported_fundamental_growth_or_quality,Define a factor measuring the acceleration of adjusted profit growth by comparing the current year-over-year growth in net profit excluding non-recurring items with the immediately preceding period’s year-over-year growth. This creates a second-derivative s...,,,
factor_taxonomy.growth.profit_growth.adj_profit_growth,adj_profit_growth,扣非利润增长,9a425ac3403045b4b128c3f5acda80d6,unsupported_fundamental_growth_or_quality,"Create a persistence factor based on the proportion of recent reporting periods in which net profit excluding non-recurring items achieved positive year-over-year growth. Instead of focusing on the latest observation alone, this mechanism rewards firms that...",,,
factor_taxonomy.growth.profit_growth.adj_profit_growth,adj_profit_growth,扣非利润增长,3a832ebca7a54cc087d8b07e3c75cf21,unsupported_fundamental_growth_or_quality,"Construct a factor that compares adjusted profit growth with operating cash flow growth to identify whether core earnings growth is supported by cash generation. Specifically, compute year-over-year growth in net profit excluding non-recurring items and pen...",,,
factor_taxonomy.growth.profit_growth.adj_profit_growth,adj_profit_growth,扣非利润增长,d19b7621713a4cabbfc67c9689508707,unsupported_fundamental_growth_or_quality,"Build a factor using adjusted profit growth relative to the change in invested capital or net operating assets, so the signal captures incremental profitability of growth. The computation can take the growth in net profit excluding non-recurring items over...",,,
factor_taxonomy.growth.profit_growth.adj_profit_growth,adj_profit_growth,扣非利润增长,25740e6cdf89457f9e7696c27bc2962e,unsupported_fundamental_growth_or_quality,"Define a factor as industry-relative adjusted profit growth, where each firm’s year-over-year growth in net profit excluding non-recurring items is demeaned or ranked within its industry group. This mechanism isolates company-specific core earnings momentum...",,,
factor_taxonomy.growth.profit_growth.adj_profit_growth,adj_profit_growth,扣非利润增长,2b58d1c494f24caa95bd175b6ddd8169,unsupported_fundamental_growth_or_quality,"Construct a factor that measures the gap between adjusted profit growth and accrual buildup, designed to distinguish genuine core earnings expansion from accounting-driven growth. Compute year-over-year growth in net profit excluding non-recurring items and...",,,
factor_taxonomy.growth.profit_growth.adj_profit_growth,adj_profit_growth,扣非利润增长,12e08ffd78aa421386121c43f9bf2ce3,unsupported_fundamental_growth_or_quality,"Create a factor based on the breadth of adjusted profit growth across business segments, using segment disclosures when available. The idea is to calculate how many major segments contribute positive operating profit growth and combine that with consolidate...",,,
factor_taxonomy.growth.profit_growth.operating_profit_growth,operating_profit_growth,营业利润增长,db80e949a9e345f383d0d947c6d516a6,unsupported_fundamental_growth_or_quality,"Construct a factor that measures operating profit growth acceleration by taking the current period year-over-year operating profit growth rate and subtracting the previous comparable period year-over-year operating profit growth rate, then standardizing by...",,,
factor_taxonomy.growth.profit_growth.operating_profit_growth,operating_profit_growth,营业利润增长,0a8b031a209f43d1a4b154d0478ef10d,unsupported_fundamental_growth_or_quality,Construct a factor that captures the consistency of operating profit growth by computing the proportion of recent reporting periods in which year-over-year operating profit growth is positive and then multiplying it by the average magnitude of those positiv...,,,
factor_taxonomy.growth.profit_growth.operating_profit_growth,operating_profit_growth,营业利润增长,b573256b87ab4ab4bef5655ac5977b04,unsupported_fundamental_growth_or_quality,"Construct a factor that evaluates the sustainability of operating profit growth by measuring the gap between year-over-year operating profit growth and year-over-year revenue growth, where a positive but not excessively large spread indicates that operating...",,,
factor_taxonomy.growth.profit_growth.operating_profit_growth,operating_profit_growth,营业利润增长,c6592157acda4ce286c54a0b0aa39094,unsupported_fundamental_growth_or_quality,"Construct a factor that isolates margin-driven operating profit growth by decomposing operating profit growth into revenue growth and operating margin change, then using the contribution from operating margin improvement as the factor signal, so that compan...",,,
factor_taxonomy.growth.profit_growth.operating_profit_growth,operating_profit_growth,营业利润增长,2b5fa03d0fbf4a079ee3c03212019294,unsupported_fundamental_growth_or_quality,"Construct a factor that rewards high-quality operating profit growth by taking year-over-year operating profit growth and penalizing it by the absolute growth in non-operating income relative to operating profit, so that firms showing strong operating profi...",,,
factor_taxonomy.growth.profit_growth.operating_profit_growth,operating_profit_growth,营业利润增长,e53177bb93ea4efba4383e16c72d8d53,unsupported_fundamental_growth_or_quality,"Construct a factor that identifies inflection in operating profitability by calculating the rolling regression slope of log operating profit over sequential reporting periods and then taking the recent change in that slope, so that firms transitioning from...",,,
factor_taxonomy.growth.profit_growth.operating_profit_growth,operating_profit_growth,营业利润增长,197c0dddae874c5eb2f54c7d1a64bce8,unsupported_fundamental_growth_or_quality,"Construct a factor that captures balance-sheet-efficient operating profit growth by dividing year-over-year operating profit growth by the growth in net operating assets or invested capital over the same period, thereby rewarding firms that achieve stronger...",,,
factor_taxonomy.growth.profit_growth.operating_profit_growth,operating_profit_growth,营业利润增长,b4ee7a314fad45dfbef0c11dc843d039,unsupported_fundamental_growth_or_quality,"Construct a factor that measures the stability-adjusted strength of operating profit growth by taking the average recent year-over-year operating profit growth rate and dividing it by the dispersion of those growth rates across recent reporting periods, so...",,,
factor_taxonomy.growth.profit_growth.operating_profit_growth,operating_profit_growth,营业利润增长,b49511a482af403a8c9de9786ec42b7b,unsupported_fundamental_growth_or_quality,"Construct a factor that detects underappreciated operating profit growth persistence by interacting current operating profit growth with the recent change in selling, general, and administrative expense ratio and cost of goods sold ratio, assigning higher s...",,,
factor_taxonomy.growth.profit_growth.operating_earnings_growth,operating_earnings_growth,经营性利润增长,a3f67998e46248bca969a66a9a901bad,unsupported_fundamental_growth_or_quality,"Construct a factor that measures the acceleration of operating earnings growth by taking the current trailing-twelve-month operating profit growth rate relative to the prior trailing-twelve-month period, then subtracting the same growth rate observed one ye...",,,
factor_taxonomy.growth.profit_growth.operating_earnings_growth,operating_earnings_growth,经营性利润增长,22c2187369e44863978446169bf6ef6d,unsupported_fundamental_growth_or_quality,"Create a persistence-adjusted operating earnings growth factor by estimating the stability of quarterly operating profit growth over a rolling history, such as with the standard deviation of year-over-year quarterly growth rates, and then dividing the lates...",,,
factor_taxonomy.growth.profit_growth.operating_earnings_growth,operating_earnings_growth,经营性利润增长,9c64761b98af4c39983daab839afacfc,unsupported_fundamental_growth_or_quality,"Form a cash-backed operating earnings growth factor by multiplying or otherwise combining trailing operating profit growth with the contemporaneous growth in operating cash flow, while penalizing cases where operating profit growth exceeds cash flow growth...",,,
factor_taxonomy.growth.profit_growth.operating_earnings_growth,operating_earnings_growth,经营性利润增长,0fe1b8ca514844c7b8576b7b4d3f5817,unsupported_fundamental_growth_or_quality,Develop an expectation-gap factor using analyst or management-implied consensus where available by comparing realized operating earnings growth to the pre-announcement expected operating profit growth for the same period. Firms with positive operating growt...,,,
factor_taxonomy.growth.profit_growth.operating_earnings_growth,operating_earnings_growth,经营性利润增长,660a833b4bae4ed2aa5976c61b97ff3c,unsupported_fundamental_growth_or_quality,Create a benchmark-relative operating earnings growth factor by measuring a firm’s trailing operating profit growth and subtracting the contemporaneous median operating profit growth of its industry or sub-industry peers. This isolates firm-specific operati...,,,
factor_taxonomy.growth.profit_growth.operating_earnings_growth,operating_earnings_growth,经营性利润增长,ed7a2c351f0c47f49873ed8278b7ae69,unsupported_fundamental_growth_or_quality,"Construct a drawdown-recovery operating growth factor that identifies firms whose operating profit had previously contracted or fallen below a historical peak, and then measures the magnitude of the subsequent recovery in operating earnings relative to that...",,,
factor_taxonomy.growth.profit_growth.operating_earnings_growth,operating_earnings_growth,经营性利润增长,dca7c39aeba34ead94413b56d0612472,unsupported_fundamental_growth_or_quality,"Build a dilution-adjusted operating earnings growth factor by taking the growth rate of total operating profit and subtracting the growth rate in diluted share count, or equivalently approximating per-share operating profit growth from both components. This...",,,
factor_taxonomy.growth.profit_growth.cycle_adjusted_profit_growth,cycle_adjusted_profit_growth,周期调整利润增长,a8374d4d2e7a423d810e53ae55722d3c,unsupported_fundamental_growth_or_quality,"Construct a cycle-adjusted profit growth factor by first estimating each firm’s normal profit level as a function of its own sales and industry demand conditions over a long rolling history, then measuring current profit growth relative to the growth implie...",,,
factor_taxonomy.growth.profit_growth.cycle_adjusted_profit_growth,cycle_adjusted_profit_growth,周期调整利润增长,9874d64cfeef4d9281c4174035fe590a,unsupported_fundamental_growth_or_quality,Define a mean-reversion-adjusted profit growth factor that compares current trailing profit growth with the firm’s position relative to its long-term profit cycle. Estimate the firm’s cyclical profit trend using a rolling detrended moving average or trend f...,,,
factor_taxonomy.growth.profit_growth.cycle_adjusted_profit_growth,cycle_adjusted_profit_growth,周期调整利润增长,a8982288ee5249318d87a0a7e388b686,unsupported_fundamental_growth_or_quality,"Build a margin-cycle-neutral profit growth factor by decomposing profit growth into revenue growth and margin expansion components, then neutralizing the portion attributable to industry-wide cyclical margin swings. Compute firm-level profit growth, subtrac...",,,
factor_taxonomy.growth.profit_growth.cycle_adjusted_profit_growth,cycle_adjusted_profit_growth,周期调整利润增长,0099bd200e3b48909442c5996a092d95,unsupported_fundamental_growth_or_quality,"Create a capacity-utilization-adjusted profit growth factor that evaluates whether a company’s profit growth is stronger than expected given the stage of the production cycle. Use proxies such as asset turnover changes, inventory-to-sales normalization, and...",,,
factor_taxonomy.growth.profit_growth.cycle_adjusted_profit_growth,cycle_adjusted_profit_growth,周期调整利润增长,2ef4d942757b4c86b04345c370f2e072,unsupported_fundamental_growth_or_quality,"Construct a macro-beta-adjusted profit growth factor by estimating each firm’s historical sensitivity of profit growth to macro cycle variables such as GDP growth, industrial production growth, credit impulse, or commodity demand. Apply those estimated sens...",,,
factor_taxonomy.growth.profit_growth.cycle_adjusted_profit_growth,cycle_adjusted_profit_growth,周期调整利润增长,ce1df4eb79134eb0923803ed41aee396,no_reliable_course_field_mapping,"Define a cost-cycle-adjusted profit growth factor that isolates earnings growth generated despite adverse input cost conditions. Model the effect of wage inflation, raw material inflation, energy price changes, and freight cost changes on each firm’s profit...",,,
factor_taxonomy.growth.profit_growth.cycle_adjusted_profit_growth,cycle_adjusted_profit_growth,周期调整利润增长,0821183eff864d63a41a897c192a122d,unsupported_fundamental_growth_or_quality,"Build a demand-normalized profit growth factor by anchoring current profit growth to a through-cycle estimate of customer demand. Estimate normalized demand using multi-year averages of unit sales, order growth, or segment revenue adjusted for seasonal and...",,,
factor_taxonomy.growth.profit_growth.cycle_adjusted_profit_growth,cycle_adjusted_profit_growth,周期调整利润增长,6188b455c07c481c9c1147c4d5bb9eef,unsupported_fundamental_growth_or_quality,"Create an accrual-screened cycle-adjusted profit growth factor that keeps only the portion of profit growth supported by cash generation after removing cyclical working-capital distortions. Start with operating profit growth, adjust operating cash flow for...",,,
factor_taxonomy.growth.profit_growth.cycle_adjusted_profit_growth,cycle_adjusted_profit_growth,周期调整利润增长,ebb56bef54324463bd3d5cc27392eb48,unsupported_fundamental_growth_or_quality,"Define a peer-relative cycle-adjusted profit growth factor by measuring a company’s profit growth versus peers at the same cyclical position. Group firms by industry and by similar states of revenue slowdown or acceleration, margin level versus historical n...",,,
factor_taxonomy.growth.profit_growth.cycle_adjusted_profit_growth,cycle_adjusted_profit_growth,周期调整利润增长,5848256eae0f43528c0a6de5b9dc41bf,unsupported_fundamental_growth_or_quality,Construct a reinvestment-efficiency cycle-adjusted profit growth factor that evaluates whether profit growth exceeds what would normally be expected from cyclical recovery plus incremental capital deployment. Measure profit growth relative to lagged changes...,,,
factor_taxonomy.growth.asset_and_capital_expansion.capex_expansion,capex_expansion,CAPEX扩张,489b17a8b3734ca9a3b793174568f07a,unsupported_fundamental_growth_or_quality,"Construct a CAPEX acceleration factor by measuring capital expenditures scaled by beginning total assets or net property, plant, and equipment, then subtracting the company’s own multi-year trailing average CAPEX intensity; the signal is stronger when the c...",,,
factor_taxonomy.growth.asset_and_capital_expansion.capex_expansion,capex_expansion,CAPEX扩张,dd53924639a14ab1a997c606aaa6efef,unsupported_fundamental_growth_or_quality,Build a peer-relative CAPEX expansion factor by taking capital expenditures divided by sales or total assets and comparing that ratio to the contemporaneous industry median or industry-adjusted z-score; firms investing materially more aggressively than clos...,,,
factor_taxonomy.growth.asset_and_capital_expansion.capex_expansion,capex_expansion,CAPEX扩张,db464081f4e444589763dd3f1a997a55,unsupported_fundamental_growth_or_quality,Create a growth-consistency CAPEX factor that rewards firms with persistent year-over-year increases in capital expenditures over several reporting periods rather than one-off spikes; compute the fraction of recent periods in which CAPEX growth was positive...,,,
factor_taxonomy.growth.asset_and_capital_expansion.capex_expansion,capex_expansion,CAPEX扩张,9f7b29bf7d8b49698cefa939fe7a92b4,unsupported_fundamental_growth_or_quality,"Define a CAPEX surprise factor using expected capital expenditure implied by the firm’s historical relation between sales growth and CAPEX intensity, then measure the residual of actual CAPEX relative to that expectation; positive residuals indicate managem...",,,
factor_taxonomy.growth.asset_and_capital_expansion.capex_expansion,capex_expansion,CAPEX扩张,983617604036471a90da0a8f028b2bcc,unsupported_fundamental_growth_or_quality,"Construct an external-financed CAPEX expansion factor by interacting CAPEX intensity with net financing inflows, such as net debt issuance plus net equity issuance scaled by assets; the signal is highest for firms whose elevated investment spending is accom...",,,
factor_taxonomy.growth.asset_and_capital_expansion.capex_expansion,capex_expansion,CAPEX扩张,cb9a3f0fd2484ee68fc337c6f245277c,unsupported_fundamental_growth_or_quality,"Build a fixed-asset buildout factor by comparing the growth rate of gross property, plant, and equipment to depreciation expense scaled by lagged gross PP&E; firms whose asset base is expanding far faster than what would be implied by simple replacement of...",,,
factor_taxonomy.growth.asset_and_capital_expansion.capex_expansion,capex_expansion,CAPEX扩张,6abb22715a0a476b89b49e9517cbda70,unsupported_fundamental_growth_or_quality,"Create a capital commitment factor using the gap between capital expenditures and depreciation, each scaled by lagged total assets or lagged net PP&E; when CAPEX materially exceeds depreciation, the company is adding productive capacity net of wear and tear...",,,
factor_taxonomy.growth.asset_and_capital_expansion.capex_expansion,capex_expansion,CAPEX扩张,a154eb99217b4c98961793de92743145,unsupported_fundamental_growth_or_quality,Define a cash-flow-backed CAPEX expansion factor by measuring capital expenditures relative to operating cash flow and retaining firms where both CAPEX intensity and operating cash flow strength are high; this isolates companies funding aggressive asset exp...,,,
factor_taxonomy.growth.asset_and_capital_expansion.capex_expansion,capex_expansion,CAPEX扩张,cae3cca6c86f4620b6270f61c94b87b8,unsupported_fundamental_growth_or_quality,"Construct a CAPEX-to-intangible mix shift factor by comparing capital expenditures to contemporaneous spending proxies for less tangible growth, such as research and development or acquired intangibles if available; a rising share of total growth investment...",,,
factor_taxonomy.growth.asset_and_capital_expansion.capex_expansion,capex_expansion,CAPEX扩张,52f7c6f4c5c64b1284dad47f95dcf8d0,unsupported_fundamental_growth_or_quality,Build a post-underinvestment rebound factor by first identifying firms with historically depressed CAPEX intensity relative to depreciation or industry norms and then measuring the subsequent jump in CAPEX intensity; the signal targets companies transitioni...,,,
factor_taxonomy.growth.asset_and_capital_expansion.financing_expansion,financing_expansion,融资扩张,1870238bb4cf4b74a083c45f2033c80a,unsupported_fundamental_growth_or_quality,"Measure the intensity of external financing expansion by computing the year-over-year growth rate of total interest-bearing liabilities plus total equity capital raised, where interest-bearing liabilities include short-term borrowings, current portion of lo...",,,
factor_taxonomy.growth.asset_and_capital_expansion.financing_expansion,financing_expansion,融资扩张,591c1e3f6b0d40f48a92ab085e406883,unsupported_fundamental_growth_or_quality,"Define a refinancing acceleration factor based on gross financing cash inflows divided by total assets, where gross inflows include proceeds from borrowings, proceeds from bond issuance, proceeds from equity issuance, and other financing-related cash receip...",,,
factor_taxonomy.growth.asset_and_capital_expansion.financing_expansion,financing_expansion,融资扩张,9dafd6c686484d98a349ca435d568f50,unsupported_fundamental_growth_or_quality,"Build a net financing cash flow expansion factor as net cash flow from financing activities divided by lagged total assets, optionally excluding cash dividends and interest paid if the accounting format allows. Positive and rising net financing cash flow in...",,,
factor_taxonomy.growth.asset_and_capital_expansion.financing_expansion,financing_expansion,融资扩张,b33a563c2e59472a83c353fa3f509e70,unsupported_fundamental_growth_or_quality,"Measure the broadening of financing channels by counting the number of distinct financing instruments with positive balances or positive issuance activity during the reporting period, such as short-term loans, long-term loans, bonds payable, convertible bon...",,,
factor_taxonomy.growth.asset_and_capital_expansion.financing_expansion,financing_expansion,融资扩张,f3676fd602aa40428135ac9356a2697b,unsupported_fundamental_growth_or_quality,"Develop a financing expansion surprise factor by comparing the most recent period’s external financing inflow, scaled by assets, to the firm’s own historical median or expected financing level estimated from past asset growth, leverage, profitability, and c...",,,
factor_taxonomy.growth.growth_persistence.revenue_growth_persistence,revenue_growth_persistence,收入持续成长,5e9b5e59833944858ba57bcb6350d438,unsupported_fundamental_growth_or_quality,"Construct a revenue growth persistence factor by measuring the share of rolling quarterly observations over the past several years in which year-over-year revenue growth is positive and exceeds the firm’s own long-run median growth rate, then multiply that...",,,
factor_taxonomy.growth.growth_persistence.revenue_growth_persistence,revenue_growth_persistence,收入持续成长,79a252dd4b914955bd3bbf95b426713c,unsupported_fundamental_growth_or_quality,Create a factor based on the smoothness-adjusted trend in log revenue by fitting a linear time trend to trailing quarterly log revenue and dividing the estimated slope by the standard deviation of detrended residuals. This rewards firms whose top-line growt...,,,
factor_taxonomy.growth.growth_persistence.revenue_growth_persistence,revenue_growth_persistence,收入持续成长,7b5d42a184dd416595ec8310d95b731e,unsupported_fundamental_growth_or_quality,"Construct a cross-horizon revenue persistence factor by taking the difference between long-horizon revenue growth and short-horizon revenue growth, then interacting it with the sign consistency of intermediate quarterly growth rates. Firms score highly when...",,,
factor_taxonomy.growth.growth_persistence.revenue_growth_persistence,revenue_growth_persistence,收入持续成长,53a5c6f6e8b7480392bd341cac5a1029,unsupported_fundamental_growth_or_quality,Build a factor from the survivability of revenue growth under adverse base effects by identifying quarters in which the prior-year comparison base was already elevated and then measuring whether current revenue still grows positively in those difficult comp...,,,
factor_taxonomy.growth.growth_persistence.revenue_growth_persistence,revenue_growth_persistence,收入持续成长,5718131d235242129bec1c119394a2eb,unsupported_fundamental_growth_or_quality,Define a revenue growth breadth factor by decomposing a firm’s trailing revenue history into the number of quarters contributing positively to cumulative multi-year revenue change and scaling that by the fraction of total cumulative growth explained by the...,,,
factor_taxonomy.growth.growth_persistence.revenue_growth_persistence,revenue_growth_persistence,收入持续成长,bea5e3ba86b04402bf98ad083d47994e,unsupported_fundamental_growth_or_quality,"Construct a persistence factor using the stability of firm-level revenue growth rank within its industry over time, calculated as the average percentile rank of year-over-year revenue growth within industry minus the time-series volatility of that rank. Thi...",,,
factor_taxonomy.growth.growth_persistence.profit_growth_persistence,profit_growth_persistence,利润持续成长,bbb5bd8616514a19a3021ca2f9ef1b21,unsupported_fundamental_growth_or_quality,"Construct a profit growth persistence factor by estimating the stability of year-over-year net income growth over a rolling multi-year history. For each firm, compute quarterly or annual net income growth relative to the same period in the prior year, then...",,,
factor_taxonomy.growth.growth_persistence.profit_growth_persistence,profit_growth_persistence,利润持续成长,31560a2ae4d24a26b6573696ad0b560d,unsupported_fundamental_growth_or_quality,"Create a profit growth durability signal by decomposing cumulative earnings growth into trend and shock components and rewarding firms whose recent growth is explained mainly by a smooth trend. For each company, fit a time-series trend to historical profit...",,,
factor_taxonomy.growth.growth_persistence.profit_growth_persistence,profit_growth_persistence,利润持续成长,f7e6f82a394e4623aadcf8361cc250a9,unsupported_fundamental_growth_or_quality,"Construct a factor that measures whether profit growth is supported by simultaneous persistence in revenue growth and margin expansion. For each firm, calculate the rolling consistency of sales growth and the rolling consistency of operating or net margin i...",,,
factor_taxonomy.growth.growth_persistence.profit_growth_persistence,profit_growth_persistence,利润持续成长,5c9ba9675d9f4259a2379a07a9ae0a55,unsupported_fundamental_growth_or_quality,"Build a profit growth persistence factor using the survival length of earnings expansion streaks. For each company, identify consecutive reporting periods in which net income growth versus the same period last year remains positive, optionally requiring pro...",,,
factor_taxonomy.growth.growth_persistence.profit_growth_persistence,profit_growth_persistence,利润持续成长,5ab6a0c8cd1049538b9baef4a8b4f743,unsupported_fundamental_growth_or_quality,Create a factor based on the asymmetry between positive and negative earnings growth episodes. Compute the average magnitude and duration of positive profit growth runs and compare them with the average magnitude and duration of profit contraction runs over...,,,
factor_taxonomy.growth.growth_persistence.profit_growth_persistence,profit_growth_persistence,利润持续成长,a1183543fc6b4d25978ccc23bd39b250,unsupported_fundamental_growth_or_quality,"Define a cross-sectional persistence factor by measuring how often a firm remains in the upper ranks of profit growth within its industry across consecutive periods. In each reporting period, rank firms by year-over-year profit growth against industry peers...",,,
factor_taxonomy.growth.growth_persistence.profit_growth_persistence,profit_growth_persistence,利润持续成长,0205a01563fa4c98a668d75e10df101c,unsupported_fundamental_growth_or_quality,"Construct a factor from the predictability of future profit growth using current growth path smoothness. For each company, estimate how much current and lagged profit growth explain next-period profit growth in a simple rolling forecasting relationship, and...",,,
factor_taxonomy.growth.growth_persistence.profit_growth_persistence,profit_growth_persistence,利润持续成长,6eef89b835d44dae86a3ed59b5312da7,unsupported_fundamental_growth_or_quality,Build a profit growth persistence measure from the gap between cumulative profit growth and cumulative accrual build-up. Compute multi-period cumulative growth in net income alongside multi-period changes in balance-sheet accrual-related items such as recei...,,,
factor_taxonomy.growth.growth_persistence.positive_growth_streak,positive_growth_streak,正增长连续期,df592cb6afa54d4e807cd7a3dc78b48c,unsupported_fundamental_growth_or_quality,"Measure the current consecutive streak of positive year-over-year growth in a core fundamental metric such as revenue, operating income, or EPS, using quarterly observations sorted by report date. The factor is the number of consecutive most recent quarters...",,,
factor_taxonomy.growth.growth_persistence.positive_growth_streak,positive_growth_streak,正增长连续期,b6043c940c544096a61ba8030993a992,unsupported_fundamental_growth_or_quality,"Construct a weighted positive growth streak factor that gives more importance to recent positive-growth periods within the current streak. Starting from the latest reported period, count consecutive periods with positive growth and apply a decay weight to e...",,,
factor_taxonomy.growth.growth_persistence.positive_growth_streak,positive_growth_streak,正增长连续期,abd5cd6d252e439e94e9e7fd2c9be672,unsupported_fundamental_growth_or_quality,"Calculate a multi-metric positive growth streak breadth factor by evaluating whether several fundamentals, such as revenue, gross profit, operating income, net income, and operating cash flow, each show positive year-over-year growth in every period of thei...",,,
factor_taxonomy.growth.growth_persistence.positive_growth_streak,positive_growth_streak,正增长连续期,0fdaf218d1f14018a2a9f0d30c1cc835,unsupported_fundamental_growth_or_quality,"Define a strict all-period positive growth streak factor based on consecutive reporting periods in which every selected growth measure is positive simultaneously. For each quarter, create an indicator equal to one only if revenue growth, earnings growth, an...",,,
factor_taxonomy.growth.growth_persistence.positive_growth_streak,positive_growth_streak,正增长连续期,0c26102d5e8946c298f98141bbe5950c,unsupported_fundamental_growth_or_quality,"Create a positive growth streak acceleration factor by combining the length of the current positive growth streak with the slope of the growth rates inside that streak. Among firms with continuous positive growth, estimate whether the sequence of growth rat...",,,
factor_taxonomy.growth.growth_persistence.positive_growth_streak,positive_growth_streak,正增长连续期,18a95327eb5b4dbfbee242bfe9bc8a17,unsupported_fundamental_growth_or_quality,"Compute a positive growth streak quality factor that penalizes streaks supported by weak margins or accrual-heavy earnings. First identify the current consecutive run of positive earnings or revenue growth, then multiply the streak length by indicators or c...",,,
factor_taxonomy.growth.growth_persistence.positive_growth_streak,positive_growth_streak,正增长连续期,dc57def54a284a39ac1aff00e217a348,unsupported_fundamental_growth_or_quality,Build a peer-relative positive growth streak factor by converting each firm’s quarterly growth rate into an industry-relative indicator before counting the streak. A period is considered successful only if the company’s growth rate is positive and above its...,,,
factor_taxonomy.growth.growth_persistence.positive_growth_streak,positive_growth_streak,正增长连续期,39c55e49028d48e184d33efd8b33f791,unsupported_fundamental_growth_or_quality,Define a surprise-confirmed positive growth streak factor using analyst expectations or consensus forecasts. Count consecutive reporting periods in which actual reported revenue or EPS growth is positive and also exceeds the pre-announcement expected growth...,,,
factor_taxonomy.growth.growth_persistence.positive_growth_streak,positive_growth_streak,正增长连续期,d6a035049ccb4a699d85d92a018d0347,unsupported_fundamental_growth_or_quality,"Construct a positive growth streak consistency factor that distinguishes smooth persistence from volatile persistence. After identifying the current consecutive run of positive growth periods, calculate the inverse variability of the growth rates within the...",,,
factor_taxonomy.growth.growth_persistence.positive_growth_streak,positive_growth_streak,正增长连续期,f1ea752ea80b4d01a96596020bc16fc8,unsupported_fundamental_growth_or_quality,"Measure a forward-looking positive growth streak factor using analyst forecast revisions across future fiscal periods. Count the number of consecutive upcoming forecast periods for which consensus revenue or EPS growth is expected to remain positive, starti...",,,
factor_taxonomy.growth.growth_persistence.high_growth_retention,high_growth_retention,高增长保持能力,914016780def4a01a7dba5600471ca67,unsupported_fundamental_growth_or_quality,"Build a retention factor based on the decay rate of growth after a firm reaches a peak expansion phase. Estimate each firm’s recent peak year-over-year revenue growth, compare it with current growth, and scale the decline by the original peak level so the s...",,,
factor_taxonomy.growth.growth_persistence.high_growth_retention,high_growth_retention,高增长保持能力,067b588b1ebb4085bfd806bb3ebc7ac9,unsupported_fundamental_growth_or_quality,"Create a factor measuring the stability-adjusted persistence of high earnings growth by combining the level of profit growth with the smoothness of that growth path. Start from rolling year-over-year growth in operating income or net income, identify firms...",,,
factor_taxonomy.growth.growth_persistence.high_growth_retention,high_growth_retention,高增长保持能力,1f64cf66f75f402d98912d7099fa93bf,unsupported_fundamental_growth_or_quality,"Design a factor that captures whether high top-line growth is supported by simultaneous customer or demand broadening rather than a narrow temporary boost. For firms with segment, geographic, or customer-disclosure data, compute the fraction of business lin...",,,
factor_taxonomy.growth.growth_persistence.high_growth_retention,high_growth_retention,高增长保持能力,8919333dbc07421f830f2724203125b4,unsupported_fundamental_growth_or_quality,"Construct a high-growth retention signal from the reinvestment efficiency of prior growth leaders. Among firms currently exhibiting high revenue growth, calculate how much asset growth, capital expenditure growth, or operating expense growth was required to...",,,
factor_taxonomy.growth.growth_persistence.high_growth_retention,high_growth_retention,高增长保持能力,57d94d207ca44489ac9c1a32dd06a80c,unsupported_fundamental_growth_or_quality,"Create a factor based on the persistence of high growth after excluding acquisition-driven effects. Measure total revenue growth, subtract estimated inorganic growth from disclosed acquisitions or from large jumps in goodwill and acquired intangible assets,...",,,
factor_taxonomy.growth.growth_persistence.high_growth_retention,high_growth_retention,高增长保持能力,94c5c7a5e540484fb53bf7429a197eca,unsupported_fundamental_growth_or_quality,"Build a factor that evaluates whether a firm can preserve high growth while maintaining or improving gross margin, which helps distinguish durable growth from low-quality expansion. Identify firms with strong recent revenue growth and then calculate the deg...",,,
factor_taxonomy.growth.growth_persistence.high_growth_retention,high_growth_retention,高增长保持能力,125437c224ef4fa29763d4e7aa01b2bd,unsupported_fundamental_growth_or_quality,"Construct a factor from the interaction between consensus expectation revisions and realized growth persistence. Start with firms that recently posted high revenue or earnings growth, then measure whether analyst medium-term growth forecasts or forward sale...",,,
factor_taxonomy.growth.growth_persistence.high_growth_retention,high_growth_retention,高增长保持能力,d5e290ef901a4d699a3debda4d75b0ef,unsupported_fundamental_growth_or_quality,"Create a factor using working-capital quality to assess whether high sales growth is likely to persist. For firms with elevated recent revenue growth, examine whether accounts receivable, inventories, contract assets, or other operating accruals are expandi...",,,
factor_taxonomy.growth.growth_acceleration.revenue_growth_acceleration,revenue_growth_acceleration,收入增速改善,b7052ecb0d664717834be54318d1cace,unsupported_fundamental_growth_or_quality,"Construct a factor based on the slope of sequential year-over-year revenue growth across recent quarters. For each firm, calculate year-over-year revenue growth for a rolling sequence of recent quarterly reports and estimate a linear trend coefficient of th...",,,
factor_taxonomy.growth.growth_acceleration.revenue_growth_acceleration,revenue_growth_acceleration,收入增速改善,01e141f7405c41658275924d7be392ba,unsupported_fundamental_growth_or_quality,"Construct a factor capturing acceleration in trailing twelve-month revenue growth. For each firm, compute trailing twelve-month revenue at each quarter-end, calculate its year-over-year growth rate, and compare the latest trailing twelve-month growth rate w...",,,
factor_taxonomy.growth.growth_acceleration.revenue_growth_acceleration,revenue_growth_acceleration,收入增速改善,f4704720406644bfbeb420e650a79f7d,unsupported_fundamental_growth_or_quality,"Construct a factor measuring whether revenue acceleration is broad-based across interim reporting periods. For each firm, compare cumulative year-to-date revenue growth at the latest reporting date with the cumulative year-to-date revenue growth disclosed i...",,,
factor_taxonomy.growth.growth_acceleration.revenue_growth_acceleration,revenue_growth_acceleration,收入增速改善,d370cf8442de490fa79eb84013451525,unsupported_fundamental_growth_or_quality,"Construct a factor based on the surprise component of revenue growth acceleration relative to the firm’s own historical pattern. For each firm, model expected latest year-over-year revenue growth using its historical seasonal quarterly revenue growth rates,...",,,
factor_taxonomy.growth.growth_acceleration.revenue_growth_acceleration,revenue_growth_acceleration,收入增速改善,3fb3f33cb34245e3b777b4218ad5b6f5,unsupported_fundamental_growth_or_quality,"Construct a factor measuring the quality of revenue growth acceleration through receivables adjustment. For each firm, compute the latest improvement in year-over-year revenue growth and penalize it by the concurrent increase in accounts receivable growth o...",,,
factor_taxonomy.growth.growth_acceleration.revenue_growth_acceleration,revenue_growth_acceleration,收入增速改善,44b366766f9e4fa297839e3343d91be5,unsupported_fundamental_growth_or_quality,"Construct a factor measuring acceleration in recurring or core revenue when revenue composition data are available. For each firm, isolate recurring, subscription, service, or main-business revenue from total revenue, compute its year-over-year growth accel...",,,
factor_taxonomy.growth.growth_acceleration.profit_growth_acceleration,profit_growth_acceleration,利润增速改善,31184d3e357a4db384bc61018dabb6ec,unsupported_fundamental_growth_or_quality,"Construct a profit growth acceleration factor by first computing year-over-year growth in trailing-twelve-month net profit attributable to shareholders, then taking the change in that growth rate versus the prior comparable period, and finally scaling the r...",,,
factor_taxonomy.growth.growth_acceleration.profit_growth_acceleration,profit_growth_acceleration,利润增速改善,a24b6046a33b4ccc9f79e57ef5564350,unsupported_fundamental_growth_or_quality,Build a margin-led profit acceleration factor that measures the change in year-over-year growth of operating profit and decomposes it against the change in year-over-year revenue growth; define the signal as profit growth acceleration minus revenue growth a...,,,
factor_taxonomy.growth.growth_acceleration.profit_growth_acceleration,profit_growth_acceleration,利润增速改善,738c7db895a34edeb11b040e0fe857c4,unsupported_fundamental_growth_or_quality,Design a persistence-adjusted profit acceleration factor by estimating the recent trend in quarterly year-over-year net profit growth using multiple consecutive reported quarters and then comparing the latest observed profit growth rate with the level impli...,,,
factor_taxonomy.growth.growth_acceleration.profit_growth_acceleration,profit_growth_acceleration,利润增速改善,512d3e4d17af4a8fbb24120922ae35ac,unsupported_fundamental_growth_or_quality,Form an accrual-quality filtered profit acceleration factor by calculating the acceleration in net profit growth and then multiplying or conditioning it by the consistency between profit acceleration and operating cash flow growth acceleration; firms where...,,,
factor_taxonomy.growth.growth_acceleration.profit_growth_acceleration,profit_growth_acceleration,利润增速改善,8b23dd3f508e48f5ad453eb64627dd44,unsupported_fundamental_growth_or_quality,"Build a cost-relief profit acceleration factor by measuring the acceleration of gross profit or operating profit growth and subtracting the acceleration in key cost lines such as cost of goods sold, selling and administrative expenses, or financial expenses...",,,
factor_taxonomy.growth.growth_acceleration.profit_growth_acceleration,profit_growth_acceleration,利润增速改善,37061c29f50b4853926fa81602051f4c,unsupported_fundamental_growth_or_quality,Create an expectation-gap profit acceleration factor by comparing the latest realized acceleration in net profit growth with the firm’s own recent analyst-consensus earnings revision trend or prior management guidance direction; the signal is strongest when...,,,
factor_taxonomy.growth.growth_acceleration.profit_growth_acceleration,profit_growth_acceleration,利润增速改善,708cac01ff5d45c79c9c72a7f82ca653,unsupported_fundamental_growth_or_quality,"Design a capital-efficiency profit acceleration factor by taking profit growth acceleration and adjusting it for the contemporaneous acceleration in invested capital, total assets, or equity; firms whose profits are accelerating without a similar accelerati...",,,
factor_taxonomy.growth.growth_acceleration.profit_growth_acceleration,profit_growth_acceleration,利润增速改善,89db8f38e7a54f01aba655796b76a14f,unsupported_fundamental_growth_or_quality,Construct a peer-relative profit acceleration factor by computing each firm’s recent acceleration in year-over-year net profit growth and then neutralizing it against its industry or subindustry median acceleration; firms rank higher when their profit growt...,,,
factor_taxonomy.growth.growth_acceleration.multi_quarter_acceleration,multi_quarter_acceleration,多季度连续提速,ccf716927bda4b5bbec9bc55db1e8c0c,unsupported_fundamental_growth_or_quality,"Construct a factor from consecutive acceleration in year-over-year revenue growth by first computing quarterly revenue YoY growth for each of the latest several quarters, then taking the first difference of that growth series quarter by quarter, and finally...",,,
factor_taxonomy.growth.growth_acceleration.multi_quarter_acceleration,multi_quarter_acceleration,多季度连续提速,dd0513d58e6146f5bc56394ad7897c89,unsupported_fundamental_growth_or_quality,"Build a multi-quarter earnings acceleration factor using diluted EPS or net profit YoY growth, where the signal measures whether the second derivative of fundamentals is persistently positive: compute quarterly profit growth relative to the same quarter las...",,,
factor_taxonomy.growth.growth_acceleration.multi_quarter_acceleration,multi_quarter_acceleration,多季度连续提速,5e231c01d6e54b8e801192868790cf3b,unsupported_fundamental_growth_or_quality,"Create a margin-improvement acceleration factor by focusing on operating margin or gross margin changes over multiple quarters: compute the margin level each quarter, then the year-over-year or sequential margin change, then the change in that change across...",,,
factor_taxonomy.growth.growth_acceleration.multi_quarter_acceleration,multi_quarter_acceleration,多季度连续提速,1b37bd5f21c2491e9eeee5471006bebd,unsupported_fundamental_growth_or_quality,"Form an accrual-quality-aware growth acceleration factor by taking quarterly net profit growth acceleration and adjusting it by the parallel acceleration in operating cash flow growth; specifically, compute multi-quarter acceleration in earnings growth and...",,,
factor_taxonomy.growth.growth_acceleration.multi_quarter_acceleration,multi_quarter_acceleration,多季度连续提速,33cdf138d5664547bac578d837643bd4,unsupported_fundamental_growth_or_quality,"Construct a demand-through-execution acceleration factor from contract liabilities, deferred revenue, or order-related balance-sheet items relative to realized revenue growth: measure whether the growth of pre-revenue demand indicators has been accelerating...",,,
factor_taxonomy.growth.growth_acceleration.multi_quarter_acceleration,multi_quarter_acceleration,多季度连续提速,59db59a1f16d46e492a3e5852905d869,unsupported_fundamental_growth_or_quality,"Build an analyst-confirmed multi-quarter acceleration factor by combining realized fundamental acceleration with estimate revisions: compute the recent streak of acceleration in quarterly revenue or earnings growth, then compare it with the change in next-f...",,,
factor_taxonomy.growth.growth_acceleration.multi_quarter_acceleration,multi_quarter_acceleration,多季度连续提速,280cbd9dafb84c83acda9b907804cf21,unsupported_fundamental_growth_or_quality,"Define a cross-sectional rarity factor for multi-quarter acceleration by measuring how unusual a firm's recent acceleration streak is within its industry: compute consecutive-quarter acceleration in revenue or earnings growth for each firm, summarize the le...",,,
factor_taxonomy.growth.growth_acceleration.multi_quarter_acceleration,multi_quarter_acceleration,多季度连续提速,76937769a76d448cbd92998658949399,unsupported_fundamental_growth_or_quality,"Create a breadth-of-business acceleration factor for diversified firms by aggregating acceleration across segments or geographies when disclosures permit: estimate growth rates for major operating segments, calculate the quarter-to-quarter change in each se...",,,
factor_taxonomy.growth.growth_acceleration.short_vs_long_term_acceleration,short_vs_long_term_acceleration,短期相对长期提速,f3495aebc77b4095a11cf515f5969fab,unsupported_fundamental_growth_or_quality,"Construct a sales acceleration factor by measuring the recent year-over-year revenue growth over the latest quarter or trailing two quarters, subtracting the company’s average year-over-year revenue growth over a multi-year trailing horizon, and then scalin...",,,
factor_taxonomy.growth.growth_acceleration.short_vs_long_term_acceleration,short_vs_long_term_acceleration,短期相对长期提速,d8eec6758837490985028f06917c2e61,unsupported_fundamental_growth_or_quality,"Build an earnings acceleration factor using operating profit or EBIT growth, where the short-term component is the latest reported year-over-year EBIT growth and the long-term component is the slope of EBIT growth estimated from several prior annual or quar...",,,
factor_taxonomy.growth.growth_acceleration.short_vs_long_term_acceleration,short_vs_long_term_acceleration,短期相对长期提速,02653a8359e5451da19b3041e8a084d1,unsupported_fundamental_growth_or_quality,"Define a margin-led growth acceleration factor by first computing short-term gross profit growth and short-term revenue growth, then comparing the recent spread between the two to the same spread averaged over a longer history; a rising spread indicates tha...",,,
factor_taxonomy.growth.growth_acceleration.short_vs_long_term_acceleration,short_vs_long_term_acceleration,短期相对长期提速,ba99e4d643c845509fed4b6749a29137,unsupported_fundamental_growth_or_quality,"Create a cash-flow acceleration factor by taking recent year-over-year operating cash flow growth and subtracting the company’s longer-term average operating cash flow growth, then interacting that difference with the sign consistency of cash flow over the...",,,
factor_taxonomy.growth.growth_acceleration.short_vs_long_term_acceleration,short_vs_long_term_acceleration,短期相对长期提速,c2df0d45d3064f29ad8cda757dc78fbc,unsupported_fundamental_growth_or_quality,"Form an asset-efficiency growth acceleration factor by comparing short-term growth in revenue per unit of invested capital, total assets, or net operating assets against its own longer-term trend; companies whose recent output-per-capital growth is accelera...",,,
factor_taxonomy.growth.growth_acceleration.short_vs_long_term_acceleration,short_vs_long_term_acceleration,短期相对长期提速,47a837f618c841d5ad235a891b7570fa,unsupported_fundamental_growth_or_quality,"Construct a demand-vs-capacity acceleration factor by measuring recent sales growth minus recent growth in inventory, receivables, or fixed assets, and then comparing this short-term differential to its longer-term average differential; firms score higher w...",,,
factor_taxonomy.growth.growth_acceleration.short_vs_long_term_acceleration,short_vs_long_term_acceleration,短期相对长期提速,ac95409f808b445f9b622f200eaedfdb,unsupported_fundamental_growth_or_quality,"Build a customer-monetization acceleration factor from firms with segment or per-user disclosures by computing recent growth in revenue per customer, account, subscriber, or store and subtracting the longer-term average growth in the same monetization metri...",,,
factor_taxonomy.growth.growth_acceleration.short_vs_long_term_acceleration,short_vs_long_term_acceleration,短期相对长期提速,8989c323dae144f29b0d5eef6b6b3658,unsupported_fundamental_growth_or_quality,"Define a growth breadth acceleration factor by calculating the proportion of major income statement components such as revenue, gross profit, operating income, and net income that show positive recent year-over-year growth, then subtracting the proportion t...",,,
factor_taxonomy.growth.growth_acceleration.short_vs_long_term_acceleration,short_vs_long_term_acceleration,短期相对长期提速,c055bba713ce4faea54fdfd06f175a24,unsupported_fundamental_growth_or_quality,"Construct an expectation-relative acceleration factor by taking the latest realized fundamental growth rate, such as revenue or EPS growth, subtracting the company’s own long-term realized growth average, and then further subtracting the analogous short-vs-...",,,
factor_taxonomy.growth.growth_quality.growth_cashflow_match,growth_cashflow_match,成长-现金流匹配,28dedf19702248ba839b97624b7212bf,unsupported_fundamental_growth_or_quality,Construct a factor that measures how much revenue growth is supported by operating cash flow growth by comparing the trailing twelve-month year-over-year growth rate of operating cash flow to the corresponding growth rate of revenue. A firm scores high when...,,,
factor_taxonomy.growth.growth_quality.growth_cashflow_match,growth_cashflow_match,成长-现金流匹配,229a7bd55e404c47b987ffd631665b56,unsupported_fundamental_growth_or_quality,Create a factor based on the cash conversion of incremental sales by dividing the year-over-year change in trailing twelve-month operating cash flow by the year-over-year change in trailing twelve-month revenue. This captures whether each additional unit of...,,,
factor_taxonomy.growth.growth_quality.growth_cashflow_match,growth_cashflow_match,成长-现金流匹配,c3ace7608fc943cf80213eee15273912,unsupported_fundamental_growth_or_quality,"Define a growth quality factor using the mismatch between net income growth and operating cash flow growth. Calculate trailing twelve-month year-over-year net income growth and operating cash flow growth, then assign higher scores to firms where operating c...",,,
factor_taxonomy.growth.growth_quality.growth_cashflow_match,growth_cashflow_match,成长-现金流匹配,346ded2a31124c529bac8ae34d369c2d,unsupported_fundamental_growth_or_quality,Build a factor that compares cumulative operating cash flow to cumulative net income over a recent multi-year period for firms with positive cumulative revenue growth. The intuition is that growth is higher quality when reported profits generated during the...,,,
factor_taxonomy.growth.growth_quality.growth_cashflow_match,growth_cashflow_match,成长-现金流匹配,258274b259214650b2ff16e88588d92f,unsupported_fundamental_growth_or_quality,Design a factor measuring the relationship between revenue growth and working-capital cash absorption. Compute the increase in accounts receivable plus inventory minus accounts payable relative to the increase in revenue over the same period. Firms receive...,,,
factor_taxonomy.growth.growth_quality.growth_cashflow_match,growth_cashflow_match,成长-现金流匹配,0a5d9d9dbcb74661ae9d11ed16e2d372,unsupported_fundamental_growth_or_quality,"Create a factor that evaluates whether free cash flow growth keeps pace with revenue growth. Calculate trailing twelve-month free cash flow as operating cash flow minus capital expenditures, then compare its year-over-year change or growth rate with revenue...",,,
factor_taxonomy.growth.growth_quality.growth_cashflow_match,growth_cashflow_match,成长-现金流匹配,fad196854a3c438e83843cb8d92e5baf,unsupported_fundamental_growth_or_quality,Construct a factor based on the ratio of operating cash flow margin improvement to gross profit margin improvement during a growth period. Compute changes in operating cash flow divided by revenue and gross profit divided by revenue over comparable year-ove...,,,
factor_taxonomy.growth.growth_quality.growth_cashflow_match,growth_cashflow_match,成长-现金流匹配,d9c9c7c3d6f94e418dcdec010d087ab3,unsupported_fundamental_growth_or_quality,"Define a factor that measures cash-backed asset growth by comparing growth in total assets with growth in operating cash flow. Calculate year-over-year asset growth and operating cash flow growth, then penalize firms whose assets expand rapidly without a co...",,,
factor_taxonomy.growth.growth_quality.growth_cashflow_match,growth_cashflow_match,成长-现金流匹配,60b2daa510cd4b948feb25927bc7a583,unsupported_fundamental_growth_or_quality,"Create a factor measuring the cash quality of growth through the accrual component of expansion. Compute total accruals as net income minus operating cash flow, scale by revenue or assets, and examine whether accruals are rising faster than revenue during p...",,,
factor_taxonomy.growth.growth_quality.growth_capital_efficiency_match,growth_capital_efficiency_match,成长-资本效率匹配,3a9eb1323309432a9cb314c40746e453,unsupported_fundamental_growth_or_quality,"Create a factor based on the spread between asset growth and profit growth adjusted by capital intensity, computed as earnings growth minus net operating asset growth, then scaled by the inverse of average capital employed per unit of sales. This isolates f...",,,
factor_taxonomy.growth.growth_quality.growth_capital_efficiency_match,growth_capital_efficiency_match,成长-资本效率匹配,4137bf1914ff4ea2be3fad468b050308,unsupported_fundamental_growth_or_quality,Construct a capital-efficiency-adjusted growth acceleration factor by measuring the change in top-line or operating income growth rate and then scaling it by the change in fixed asset turnover and working capital turnover. The factor favors firms whose grow...,,,
factor_taxonomy.growth.growth_quality.growth_capital_efficiency_match,growth_capital_efficiency_match,成长-资本效率匹配,6e425b744bcf4c26bb2f972dc9380a09,unsupported_fundamental_growth_or_quality,"Create a financing-neutral growth efficiency factor by measuring growth in operating income relative to growth in net operating assets, while explicitly penalizing firms whose growth is primarily accompanied by higher external financing through debt or equi...",,,
factor_taxonomy.growth.growth_quality.growth_capital_efficiency_match,growth_capital_efficiency_match,成长-资本效率匹配,c2f0958eb5914264b1baca78fed46812,unsupported_fundamental_growth_or_quality,"Define a factor around the stability of growth per unit capital by computing sales growth or EBITDA growth divided by average invested capital each period, then evaluating the persistence or consistency of that ratio over several reporting periods. Firms wi...",,,
factor_taxonomy.growth.growth_quality.healthy_vs_aggressive_growth,healthy_vs_aggressive_growth,健康成长与激进成长区分,f173f7975e31479d914e42b938bfb946,unsupported_fundamental_growth_or_quality,"Measure whether revenue growth is supported by operating cash flow growth by computing the gap between trailing revenue growth and trailing cash flow from operations growth, scaled by revenue growth magnitude. A healthy-growth signal is high when sales expa...",,,
factor_taxonomy.growth.growth_quality.healthy_vs_aggressive_growth,healthy_vs_aggressive_growth,健康成长与激进成长区分,58193999d8314bd9b321e37b0ecb54d7,unsupported_fundamental_growth_or_quality,"Construct a growth quality factor based on the change in receivables intensity during periods of revenue expansion. Compute the increase in accounts receivable divided by sales relative to its prior level, and penalize firms where revenue growth coincides w...",,,
factor_taxonomy.growth.growth_quality.healthy_vs_aggressive_growth,healthy_vs_aggressive_growth,健康成长与激进成长区分,38de52b6d29b4a24914df079d217822c,unsupported_fundamental_growth_or_quality,"Evaluate inventory-backed growth by comparing sales growth with inventory accumulation for firms that carry material inventory. Compute inventory growth minus cost-of-goods-sold or revenue growth, adjusted by historical inventory turnover. A healthy-growth...",,,
factor_taxonomy.growth.growth_quality.healthy_vs_aggressive_growth,healthy_vs_aggressive_growth,健康成长与激进成长区分,87e7ceb18556405cb670955e675f5b2a,unsupported_fundamental_growth_or_quality,Create a margin-preservation growth factor that rewards firms whose revenue growth occurs without deterioration in gross margin and operating margin. Compute revenue growth interacted with the change in gross margin and operating margin over the same period...,,,
factor_taxonomy.growth.growth_quality.healthy_vs_aggressive_growth,healthy_vs_aggressive_growth,健康成长与激进成长区分,1282ea38d621409eadda1f6cded2160a,unsupported_fundamental_growth_or_quality,"Measure whether growth is funded internally or through external financing by comparing asset, revenue, or investment growth with free cash flow after dividends and net debt and equity issuance. A healthy-growth signal is high when expansion is largely suppo...",,,
factor_taxonomy.growth.growth_quality.healthy_vs_aggressive_growth,healthy_vs_aggressive_growth,健康成长与激进成长区分,abf6f15dfa6a4e8796acd876f02018d0,unsupported_fundamental_growth_or_quality,Build a capital-efficiency growth factor by decomposing revenue growth into growth in invested capital and change in invested-capital turnover. Compute whether sales growth is generated from better utilization of existing capital or from heavy balance-sheet...,,,
factor_taxonomy.growth.growth_quality.healthy_vs_aggressive_growth,healthy_vs_aggressive_growth,健康成长与激进成长区分,945018834e2b44648c513aafde62a063,unsupported_fundamental_growth_or_quality,"Assess earnings-growth quality by comparing net income growth with accrual growth and cash earnings growth. Compute total accruals or balance-sheet accruals as a share of assets, then penalize firms where earnings growth is high but accruals increase sharpl...",,,
factor_taxonomy.growth.growth_quality.healthy_vs_aggressive_growth,healthy_vs_aggressive_growth,健康成长与激进成长区分,2323782044fe49b580783602a0d61ce5,unsupported_fundamental_growth_or_quality,"Measure customer-demand-driven growth versus promotional growth using selling and marketing expense efficiency. Compute incremental revenue generated per incremental selling, general, and administrative or advertising expense, and evaluate whether revenue g...",,,
factor_taxonomy.growth.input_driven_growth.capex_driven_growth,capex_driven_growth,CAPEX驱动成长,e92adbcf7c6e45a7af91994e090a1953,unsupported_fundamental_growth_or_quality,Construct a factor that captures whether capex expansion is likely to translate into future revenue growth by comparing recent capex growth with subsequent or contemporaneous growth in construction-in-progress and fixed assets. Measure the change in constru...,,,
factor_taxonomy.growth.input_driven_growth.capex_driven_growth,capex_driven_growth,CAPEX驱动成长,3442c55aaa5943d6b7335a485e72ff81,unsupported_fundamental_growth_or_quality,Construct a factor that identifies capex-led growth supported by rising asset turnover potential. Measure recent capital expenditure intensity and interact it with improvement in sales divided by fixed assets or total assets. The factor is high when a compa...,,,
factor_taxonomy.growth.input_driven_growth.capex_driven_growth,capex_driven_growth,CAPEX驱动成长,6903534a58534336b904ea7ceca9cbbb,unsupported_fundamental_growth_or_quality,"Construct a factor that separates expansionary capex from mere maintenance capex by estimating maintenance needs from depreciation expense. Compute the ratio of capital expenditure to depreciation and amortization, and focus on the excess portion above repl...",,,
factor_taxonomy.growth.input_driven_growth.capex_driven_growth,capex_driven_growth,CAPEX驱动成长,e2c89f699a8c4d569b14f2f63315ddb7,unsupported_fundamental_growth_or_quality,"Construct a factor that measures capex surprise relative to analyst or historical expectations. Estimate expected capex from the firm’s past relationship between sales growth, depreciation, and asset base expansion, then calculate the residual between actua...",,,
factor_taxonomy.growth.input_driven_growth.capex_driven_growth,capex_driven_growth,CAPEX驱动成长,4338d4c0dc7443a180fe7b0f714a15bf,unsupported_fundamental_growth_or_quality,"Construct a factor that captures the lagged productivity of prior capex by linking historical investment to current revenue or gross profit expansion. Aggregate capex over a past investment window, scale it by beginning assets, and compare it with the subse...",,,
factor_taxonomy.growth.input_driven_growth.capex_driven_growth,capex_driven_growth,CAPEX驱动成长,21e3d469b03148439ea79133a298ee58,unsupported_fundamental_growth_or_quality,"Construct a factor that measures the balance-sheet footprint of capital expansion by tracking net fixed asset growth after adjusting for depreciation and disposals. Calculate the change in net fixed assets plus depreciation expense, scaled by total assets o...",,,
factor_taxonomy.growth.input_driven_growth.capex_driven_growth,capex_driven_growth,CAPEX驱动成长,212396e8677349c8af18e8a9d36b5e6f,unsupported_fundamental_growth_or_quality,Construct a factor that evaluates capex expansion in relation to industry capacity cycles. Compute each firm’s capex intensity relative to the median capex intensity of its industry and combine it with the change in its share of industry fixed assets or con...,,,
factor_taxonomy.growth.input_driven_growth.headcount_driven_growth,headcount_driven_growth,人员扩张驱动成长,1524d83562be4496bb9e61866badc937,unsupported_fundamental_growth_or_quality,"Construct a headcount expansion acceleration factor by measuring the year-over-year change in total employees from annual or interim reports, then taking the second difference of employee growth rates across consecutive reporting periods. The signal is high...",,,
factor_taxonomy.growth.input_driven_growth.headcount_driven_growth,headcount_driven_growth,人员扩张驱动成长,1162fabefb944f2eb3c9ae9b11e1af34,unsupported_fundamental_growth_or_quality,"Create a revenue-backed hiring efficiency factor by dividing trailing revenue growth by trailing employee growth over the same reporting period, while requiring employee growth to be positive. Firms with strong revenue expansion per unit of workforce expans...",,,
factor_taxonomy.growth.input_driven_growth.headcount_driven_growth,headcount_driven_growth,人员扩张驱动成长,8876bf658da445af836027578a4afe7b,unsupported_fundamental_growth_or_quality,"Measure a payroll leverage factor using the change in employee count relative to the change in total staff compensation or cash paid to employees. A company scores highly when headcount grows faster than aggregate employee-related cash outflows, suggesting...",,,
factor_taxonomy.growth.input_driven_growth.headcount_driven_growth,headcount_driven_growth,人员扩张驱动成长,c21954cd63eb4e15bf14c243990beb84,unsupported_fundamental_growth_or_quality,"Build a salesforce expansion factor by estimating the growth rate of selling, general, and administrative employees where disclosed, or alternatively using the portion of SG&A expense growth not explained by wage inflation and total headcount growth as a pr...",,,
factor_taxonomy.growth.input_driven_growth.headcount_driven_growth,headcount_driven_growth,人员扩张驱动成长,eec8aeebe9f54c529fe77482febbb3cb,unsupported_fundamental_growth_or_quality,"Create a headcount-to-capex substitution factor by comparing employee growth with capital expenditure growth over matched periods. Firms with strong headcount expansion but muted physical capex growth score highly, reflecting asset-light growth models where...",,,
factor_taxonomy.growth.input_driven_growth.headcount_driven_growth,headcount_driven_growth,人员扩张驱动成长,d720918bf5b4436381049eacd0fd261e,unsupported_fundamental_growth_or_quality,"Measure organizational buildout consistency by counting the proportion of recent reporting periods in which total employees increased versus the prior comparable period, and scaling this by the average magnitude of those increases. Companies with persistent...",,,
factor_taxonomy.growth.input_driven_growth.headcount_driven_growth,headcount_driven_growth,人员扩张驱动成长,0c86fd16e7d94f59a8837dcbdb6bc3f5,unsupported_fundamental_growth_or_quality,Construct a future margin absorption factor by comparing current headcount growth with subsequent changes in operating margin or gross profit per employee after a lag. The signal is higher for companies whose earlier workforce expansion has historically bee...,,,
factor_taxonomy.growth.input_driven_growth.channel_sales_spend_driven_growth,channel_sales_spend_driven_growth,渠道/销售投入驱动成长,9d8d7c457b24460f861bec60a4e90297,unsupported_fundamental_growth_or_quality,"Construct a factor that measures sales-growth efficiency of channel investment by taking the trailing change in revenue attributable to selling, general, and distribution spending, computed as year-over-year revenue growth divided by the lagged ratio of sel...",,,
factor_taxonomy.growth.input_driven_growth.channel_sales_spend_driven_growth,channel_sales_spend_driven_growth,渠道/销售投入驱动成长,bb1720a047784dd9ae7c0e191af554e1,unsupported_fundamental_growth_or_quality,"Construct a factor that captures incremental channel expansion intensity by combining growth in accounts receivable, contract assets, and finished-goods inventory relative to revenue growth, under the premise that firms pushing products through distributors...",,,
factor_taxonomy.growth.input_driven_growth.channel_sales_spend_driven_growth,channel_sales_spend_driven_growth,渠道/销售投入驱动成长,0fe7fdc873fc495ca04f386158eaa4d5,unsupported_fundamental_growth_or_quality,Construct a factor that detects whether higher channel spending is broadening customer reach rather than merely supporting existing sales by measuring the change in selling expense per unit of gross profit alongside the change in total revenue and the chang...,,,
factor_taxonomy.growth.input_driven_growth.channel_sales_spend_driven_growth,channel_sales_spend_driven_growth,渠道/销售投入驱动成长,73508bf03010458f9d01087ace115066,unsupported_fundamental_growth_or_quality,"Construct a factor based on the sensitivity of future revenue growth to current sales and marketing outlays by estimating, for each firm, a rolling regression of next-period revenue growth on current selling expense intensity and using the estimated slope t...",,,
factor_taxonomy.growth.input_driven_growth.channel_sales_spend_driven_growth,channel_sales_spend_driven_growth,渠道/销售投入驱动成长,2b0034a6dbe7480192110841bd7fabfa,unsupported_fundamental_growth_or_quality,Construct a factor that identifies channel-driven share gains by comparing a firm’s change in selling and distribution expense ratio with the contemporaneous change in industry-adjusted revenue growth; compute the firm’s revenue growth minus the industry me...,,,
factor_taxonomy.growth.input_driven_growth.channel_sales_spend_driven_growth,channel_sales_spend_driven_growth,渠道/销售投入驱动成长,e899e7f2c9324acfb2b818f70fbb3bf5,unsupported_fundamental_growth_or_quality,Construct a factor that captures operating leverage from prior channel buildout by measuring whether a firm can sustain or accelerate revenue growth while the selling-expense-to-revenue ratio stabilizes or declines after a prior period of elevated spending;...,,,
factor_taxonomy.growth.input_driven_growth.channel_sales_spend_driven_growth,channel_sales_spend_driven_growth,渠道/销售投入驱动成长,37661f733b974dfda73429b5732f1dc3,unsupported_fundamental_growth_or_quality,"Construct a factor that proxies geographic or channel rollout momentum by measuring whether selling expense growth is accompanied by a rising ratio of non-local revenue proxies such as export revenue share, outside-region subsidiary revenue share, or disclo...",,,
factor_taxonomy.growth.input_driven_growth.channel_sales_spend_driven_growth,channel_sales_spend_driven_growth,渠道/销售投入驱动成长,9436237e7c7a4e6ca07cc298a4b5dbcc,unsupported_fundamental_growth_or_quality,"Construct a factor that measures gross-profit retention of channel-led growth by taking the change in gross profit dollars relative to the change in selling and marketing expense, then penalizing the signal when gross margin compresses materially; firms ran...",,,
factor_taxonomy.growth.input_driven_growth.channel_sales_spend_driven_growth,channel_sales_spend_driven_growth,渠道/销售投入驱动成长,d896f8cc9b66440a8f85363a60e84699,unsupported_fundamental_growth_or_quality,Construct a factor that identifies underappreciated channel-investment inflections from disclosures by comparing the growth rate of selling expense and employee compensation related to sales functions with the growth rate of capital expenditure and R&D; def...,,,
factor_taxonomy.growth.input_driven_growth.front_loaded_expense_driven_growth,front_loaded_expense_driven_growth,前置费用投入驱动成长,c86fda2835254700a78b9358ff04944c,unsupported_fundamental_growth_or_quality,"Create a factor based on capitalized customer acquisition pressure by estimating incremental sales and marketing efficiency: calculate the increase in selling expense over the last several reporting periods divided by the subsequent change in revenue, using...",,,
factor_taxonomy.growth.input_driven_growth.front_loaded_expense_driven_growth,front_loaded_expense_driven_growth,前置费用投入驱动成长,cae142d2239444f88c003e85931c96a4,unsupported_fundamental_growth_or_quality,Define a front-loaded R&D growth factor by comparing the multi-period acceleration in R&D expense to the lagged acceleration in operating revenue or gross profit. Firms receive high scores when R&D intensity rose significantly in prior periods and revenue o...,,,
factor_taxonomy.growth.input_driven_growth.front_loaded_expense_driven_growth,front_loaded_expense_driven_growth,前置费用投入驱动成长,89ab129722a3422db555ee86f7ae9bca,unsupported_fundamental_growth_or_quality,"Build a factor that identifies margin troughs caused by growth investment by computing operating margin compression attributable to increases in discretionary growth expenses, such as R&D and selling expenses, while gross margin remains stable or improves....",,,
factor_taxonomy.growth.input_driven_growth.front_loaded_expense_driven_growth,front_loaded_expense_driven_growth,前置费用投入驱动成长,6f89f8104abc408da7f77e84d1ac4640,unsupported_fundamental_growth_or_quality,"Measure expense-led operating leverage potential by calculating the gap between recent growth in fixed or semi-fixed operating expenses and current revenue growth, then combining it with the historical sensitivity of operating profit to sales growth. A high...",,,
factor_taxonomy.growth.input_driven_growth.front_loaded_expense_driven_growth,front_loaded_expense_driven_growth,前置费用投入驱动成长,84879b22c7b24771af9b3669023a8faf,unsupported_fundamental_growth_or_quality,"Create a factor that captures hiring and compensation-driven growth preparation by using employee compensation expense, staff costs, or cash paid to employees as a share of revenue, adjusted for industry norms, and comparing its recent increase with later r...",,,
factor_taxonomy.growth.input_driven_growth.front_loaded_expense_driven_growth,front_loaded_expense_driven_growth,前置费用投入驱动成长,06a0861af5c041e6b7aadd091f097ff8,unsupported_fundamental_growth_or_quality,"Develop a factor based on deferred payoff from expense surges by regressing future revenue growth on past changes in R&D and selling expense intensity within each industry, then using the firm-specific predicted future growth from its recent expense buildup...",,,
factor_taxonomy.growth.input_driven_growth.front_loaded_expense_driven_growth,front_loaded_expense_driven_growth,前置费用投入驱动成长,643bc99a2c6c4c1fa141a9328277c639,unsupported_fundamental_growth_or_quality,"Create a factor that detects early-stage market expansion spending by comparing changes in selling expense intensity with changes in geographic, segment, or customer concentration metrics when available. Firms score highly when selling expense rises before...",,,
factor_taxonomy.growth.growth_relative_position.within_industry_growth_percentile,within_industry_growth_percentile,行业内成长分位,393be6c6632c4f3ebec06fdc4bf932a3,unsupported_fundamental_growth_or_quality,"Construct a factor by first computing each stock’s trailing growth rate in operating revenue over a fixed horizon, then ranking that growth rate into a percentile within its GICS or Shenwan industry on each rebalance date, and finally standardizing the perc...",,,
factor_taxonomy.growth.growth_relative_position.within_industry_growth_percentile,within_industry_growth_percentile,行业内成长分位,598a22dc10384fd299dbd1d8d41b6901,unsupported_fundamental_growth_or_quality,"Build a within-industry percentile factor using year-over-year growth in gross profit instead of sales, where each stock’s gross profit growth is converted into an industry-relative percentile at each date and then used directly as the signal, on the premis...",,,
factor_taxonomy.growth.growth_relative_position.within_industry_growth_percentile,within_industry_growth_percentile,行业内成长分位,27f3f4441c0941878f61adc3542cfa89,unsupported_fundamental_growth_or_quality,"Define a factor from the industry-relative percentile rank of EBITDA growth, calculated by measuring each company’s trailing EBITDA growth, mapping it to a percentile against firms in the same industry, and then multiplying that percentile by a positive-pro...",,,
factor_taxonomy.growth.growth_relative_position.within_industry_growth_percentile,within_industry_growth_percentile,行业内成长分位,0067382f86b240e5a7a7e48b73996d7d,unsupported_fundamental_growth_or_quality,"Create a factor based on the percentile rank of operating cash flow growth within industry, where the stock’s change in cash flow from operations over a trailing horizon is ranked against same-industry peers, because companies that are near the top of their...",,,
factor_taxonomy.growth.growth_relative_position.within_industry_growth_percentile,within_industry_growth_percentile,行业内成长分位,fe2649139f4145e2a6b1804659f574ea,unsupported_fundamental_growth_or_quality,"Construct a composite within-industry growth percentile factor by averaging the percentile ranks of revenue growth, gross profit growth, and net income growth, each computed separately within the stock’s industry, so the final signal identifies firms whose...",,,
factor_taxonomy.growth.growth_relative_position.within_industry_growth_percentile,within_industry_growth_percentile,行业内成长分位,d2583cc856c348b7997dfbfdf137a620,unsupported_fundamental_growth_or_quality,"Build a factor that measures acceleration in industry-relative growth position by taking the change in a stock’s within-industry percentile rank of revenue growth between the current reporting period and the previous comparable reporting period, so firms cl...",,,
factor_taxonomy.growth.growth_relative_position.within_industry_growth_percentile,within_industry_growth_percentile,行业内成长分位,50cae754ad2040f886d550a028dc30fa,unsupported_fundamental_growth_or_quality,"Define a stability-adjusted industry growth percentile factor by computing each stock’s percentile rank within industry for earnings growth and then scaling that percentile by the inverse of the stock’s historical volatility of earnings growth, so that firm...",,,
factor_taxonomy.growth.growth_relative_position.cross_sectional_growth_ranking,cross_sectional_growth_ranking,横截面成长排序,519d69f690de48248a0ba09a7cb23078,unsupported_fundamental_growth_or_quality,"Create a factor based on cross-sectional ranking of earnings growth momentum. For each firm, calculate the year-over-year growth rate of net income or EPS for the most recent reported period, compare it with the firm's growth rate in the previous comparable...",,,
factor_taxonomy.growth.growth_relative_position.cross_sectional_growth_ranking,cross_sectional_growth_ranking,横截面成长排序,b5ab0a4acf1e48e9bbc3247eeb733e39,unsupported_fundamental_growth_or_quality,"Define a relative gross profit growth ranking factor. For each company, compute gross profit over the latest trailing twelve months and divide it by gross profit over the prior trailing twelve months to obtain gross profit growth. Rank all companies cross-s...",,,
factor_taxonomy.growth.growth_relative_position.cross_sectional_growth_ranking,cross_sectional_growth_ranking,横截面成长排序,8c928b59892b4b05a2337b389098e8db,unsupported_fundamental_growth_or_quality,"Build a factor that ranks firms by operating cash flow growth relative to the market. For each stock, calculate trailing twelve-month operating cash flow growth compared with the previous trailing twelve-month period, using an absolute change scaled by tota...",,,
factor_taxonomy.growth.growth_relative_position.cross_sectional_growth_ranking,cross_sectional_growth_ranking,横截面成长排序,5f6d8f3b7d334c4d9351e6759a0dc46b,unsupported_fundamental_growth_or_quality,"Compute a cross-sectional ranking factor using analyst forecast growth. For each company with consensus estimates, calculate the expected next-year EPS growth or revenue growth implied by analyst forecasts relative to the latest actual fiscal year. Rank fir...",,,
factor_taxonomy.growth.growth_relative_position.cross_sectional_growth_ranking,cross_sectional_growth_ranking,横截面成长排序,5d10514066094821a936b14673e84c5e,unsupported_fundamental_growth_or_quality,"Build a composite cross-sectional growth rank factor by combining several fundamental growth ranks. For each company, compute peer-relative percentile ranks for revenue growth, EPS growth, operating cash flow growth, and gross profit growth using the latest...",,,
factor_taxonomy.growth.growth_relative_position.cross_sectional_growth_ranking,cross_sectional_growth_ranking,横截面成长排序,9580a6e51c9c4739a899741fafabe79d,unsupported_fundamental_growth_or_quality,"Define a factor that ranks firms by persistence of high growth relative to peers. For each stock, calculate its cross-sectional percentile rank for revenue or earnings growth in each of several recent reporting periods, then compute the average percentile r...",,,
factor_taxonomy.growth.growth_realization_ability.order_to_revenue_realization,order_to_revenue_realization,订单到收入兑现,245468d347484e508d1baa2e930f4bce,unsupported_fundamental_growth_or_quality,"Construct a factor that measures the speed at which contracted demand turns into recognized sales by estimating the rolling elasticity of revenue growth to lagged order growth. Compute new order or contract liability inflow growth, regress current revenue g...",,,
factor_taxonomy.growth.growth_realization_ability.order_to_revenue_realization,order_to_revenue_realization,订单到收入兑现,cab4bb81f72544e38f4468bbf0ddb428,unsupported_fundamental_growth_or_quality,"Build a fulfillment efficiency factor from the change in backlog relative to contemporaneous order intake and revenue recognition. Estimate expected ending backlog as beginning backlog plus new orders minus recognized revenue, then compare the reported back...",,,
factor_taxonomy.growth.growth_realization_ability.order_to_revenue_realization,order_to_revenue_realization,订单到收入兑现,523f762b064747d888dea1c769f02a7a,unsupported_fundamental_growth_or_quality,"Create a deferred-to-recognized conversion factor using customer advances, contract liabilities, or advance receipts as the starting stock of executable orders. Measure how much of the prior-period deferred revenue balance is recognized into current revenue...",,,
factor_taxonomy.growth.growth_realization_ability.order_to_revenue_realization,order_to_revenue_realization,订单到收入兑现,ad61ce0af1a648dc978421c0a487e4f5,unsupported_fundamental_growth_or_quality,Design a receivable-backed realization quality factor that links revenue recognition to cash collection from prior orders. Calculate the portion of current revenue that is supported by operating cash inflows after adjusting for changes in accounts receivabl...,,,
factor_taxonomy.growth.growth_realization_ability.order_to_revenue_realization,order_to_revenue_realization,订单到收入兑现,76e156b2a37d46a7a3b907636968c9ab,unsupported_fundamental_growth_or_quality,"Form a contract-asset monetization factor by tracking the transition from contract assets or unbilled receivables into accounts receivable and then into cash. Compute the ratio of reductions in lagged contract assets, net of write-offs and new additions, to...",,,
factor_taxonomy.growth.growth_realization_ability.order_to_revenue_realization,order_to_revenue_realization,订单到收入兑现,6191d870ff384b469d718a4af9cbede8,unsupported_fundamental_growth_or_quality,"Construct a segment-mix realization factor that evaluates whether orders in shorter-cycle business lines are being converted into revenue as expected. Using segment disclosures, assign each segment an estimated fulfillment cycle based on historical order-to...",,,
factor_taxonomy.growth.growth_realization_ability.order_to_revenue_realization,order_to_revenue_realization,订单到收入兑现,96920434f41e48618d4560bca368d60a,unsupported_fundamental_growth_or_quality,"Build an order cancellation and downgrade adjusted realization factor by estimating the gap between gross booked demand and net recognized sales after accounting for reversal indicators. Combine changes in backlog, refund liabilities, warranty provisions ti...",,,
factor_taxonomy.growth.growth_realization_ability.order_to_revenue_realization,order_to_revenue_realization,订单到收入兑现,9e6944b3d9144f65b554ac0dedcf84b6,unsupported_fundamental_growth_or_quality,"Create a milestone completion realization factor for project-based firms by linking revenue recognition to progress indicators embedded in balance sheet and cash flow items. Estimate expected revenue conversion from work-in-progress, inventory allocated to...",,,
factor_taxonomy.growth.growth_realization_ability.order_to_revenue_realization,order_to_revenue_realization,订单到收入兑现,3fd91708fccc40b698440954f947c729,unsupported_fundamental_growth_or_quality,Design a channel inventory absorption factor that measures whether sell-in orders are translating into true end-market revenue rather than accumulating in distribution channels. Infer channel loading by comparing revenue growth with growth in finished goods...,,,
factor_taxonomy.growth.growth_realization_ability.order_to_revenue_realization,order_to_revenue_realization,订单到收入兑现,918c60961a074624bd2459b9dc0c45d7,unsupported_fundamental_growth_or_quality,"Construct a cross-statement realization consistency factor using a full order-to-revenue bridge: beginning backlog or deferred obligations, plus new orders or prepayments, less ending backlog and contract liabilities, should approximately equal realized rev...",,,
factor_taxonomy.growth.growth_realization_ability.revenue_to_profit_realization,revenue_to_profit_realization,收入到利润兑现,2dc41bcfb2d14edea7ceea97686ae5c9,unsupported_fundamental_growth_or_quality,"Construct a factor that measures the elasticity of operating profit growth to revenue growth over recent reporting periods. For each firm, estimate the slope from a time-series regression of year-over-year operating profit growth on year-over-year revenue g...",,,
factor_taxonomy.growth.growth_realization_ability.revenue_to_profit_realization,revenue_to_profit_realization,收入到利润兑现,a87e77e9f5c44a6cb96cb2c8aa5e7522,unsupported_fundamental_growth_or_quality,"Construct a factor based on incremental operating margin, defined as the change in operating profit divided by the change in revenue between comparable reporting periods. Use trailing annual or year-over-year financial statements to compute incremental marg...",,,
factor_taxonomy.growth.growth_realization_ability.revenue_to_profit_realization,revenue_to_profit_realization,收入到利润兑现,5fa2f530a20f47b19f83d6391865a2ba,unsupported_fundamental_growth_or_quality,"Construct a factor that captures margin expansion conditional on revenue acceleration. Compute the recent change in revenue growth relative to the prior comparable period, and multiply it by the change in net profit margin over the same horizon. Firms where...",,,
factor_taxonomy.growth.growth_realization_ability.revenue_to_profit_realization,revenue_to_profit_realization,收入到利润兑现,9dd99933afec43658996b8728f8ee68e,unsupported_fundamental_growth_or_quality,"Construct a factor using the gap between revenue growth and operating expense growth. Calculate year-over-year revenue growth and compare it with the weighted growth rate of selling, general, administrative, and research expenses, scaled by revenue. The fac...",,,
factor_taxonomy.growth.growth_realization_ability.revenue_to_profit_realization,revenue_to_profit_realization,收入到利润兑现,0253ae12e415405db60d512679e500b2,unsupported_fundamental_growth_or_quality,"Construct a factor that identifies profitable revenue growth by decomposing net income change into revenue-driven and margin-driven components. Estimate expected net income change as prior-period net margin multiplied by the change in revenue, then compare...",,,
factor_taxonomy.growth.growth_realization_ability.revenue_to_profit_realization,revenue_to_profit_realization,收入到利润兑现,7c170bc0d49e4caaa76a88fec45e4bb8,unsupported_fundamental_growth_or_quality,"Construct a factor based on the stability of profit conversion during revenue expansion. Over several recent comparable reporting periods, compute the ratio of year-over-year net profit growth to year-over-year revenue growth for periods with positive reven...",,,
factor_taxonomy.growth.growth_realization_ability.revenue_to_profit_realization,revenue_to_profit_realization,收入到利润兑现,65be20b8816946258b9bb9822e0efe06,unsupported_fundamental_growth_or_quality,"Construct a factor based on the break-even absorption of fixed costs. Estimate each firm’s fixed operating cost intensity from the portion of operating expenses that is relatively insensitive to sales changes across historical periods, then evaluate whether...",,,
factor_taxonomy.growth.growth_realization_ability.revenue_to_profit_realization,revenue_to_profit_realization,收入到利润兑现,b8887102ca7e4375a4cda37d2f0955f1,no_reliable_course_field_mapping,"Construct a factor that penalizes revenue growth achieved through margin dilution. Compute year-over-year revenue growth together with changes in gross margin and net margin, and assign the highest scores to firms with positive revenue growth and non-declin...",,,
factor_taxonomy.growth.growth_realization_ability.expected_to_actual_growth_realization,expected_to_actual_growth_realization,预期成长到实际成长兑现,b0a6caeb2669478daf72342b70c823d6,unsupported_fundamental_growth_or_quality,"Measure earnings growth realization through a forecast-to-actual EPS conversion ratio. For each firm, take the latest announced EPS growth relative to the comparable prior-year period and divide it by the consensus expected EPS growth recorded before the an...",,,
factor_taxonomy.growth.growth_realization_ability.expected_to_actual_growth_realization,expected_to_actual_growth_realization,预期成长到实际成长兑现,a87522b895d440798fe24a3b0c581c35,unsupported_fundamental_growth_or_quality,"Create a cumulative expectation fulfillment factor based on sequential analyst forecast revisions and subsequent reported fundamentals. Over several reporting cycles, record the consensus forecast for revenue or net profit growth immediately after each prio...",,,
factor_taxonomy.growth.growth_realization_ability.expected_to_actual_growth_realization,expected_to_actual_growth_realization,预期成长到实际成长兑现,a9beed353ce7487880bdc1f5ad9ca4aa,unsupported_fundamental_growth_or_quality,"Define a backlog-to-revenue realization factor for firms that disclose order backlog, contract liabilities, deferred revenue, or presales. Compute the portion of beginning-period backlog-like items that is converted into recognized revenue over the followin...",,,
factor_taxonomy.growth.growth_realization_ability.expected_to_actual_growth_realization,expected_to_actual_growth_realization,预期成长到实际成长兑现,afcb11c1f0164d64a98c6346fcfea840,unsupported_fundamental_growth_or_quality,"Build a capital-expenditure-to-sales growth realization factor that tests whether previously planned growth investment has translated into actual operating expansion. For each company, measure capital expenditures, R&D capitalization, or capacity expansion...",,,
factor_taxonomy.growth.growth_realization_ability.expected_to_actual_growth_realization,expected_to_actual_growth_realization,预期成长到实际成长兑现,0b76e37ff88a4205873e25d0dc2fbb3c,unsupported_fundamental_growth_or_quality,"Create a cash-flow-confirmed growth realization factor by evaluating whether expected accounting growth is realized in cash terms. Start with analyst expected net profit or revenue growth before the reporting period, then after results are released compute...",,,
factor_taxonomy.growth.growth_realization_ability.expected_to_actual_growth_realization,expected_to_actual_growth_realization,预期成长到实际成长兑现,e54bfe0e3eab4de5b9e652b740e4c532,unsupported_fundamental_growth_or_quality,"Define a segment-level realization breadth factor for diversified companies. For each reported business or geographic segment, compare actual segment revenue or operating profit growth with segment-level expectations inferred from analyst models, company gu...",,,
factor_taxonomy.growth.growth_realization_ability.expected_to_actual_growth_realization,expected_to_actual_growth_realization,预期成长到实际成长兑现,b508b7faf4be409684e8e4756a3dbe8a,unsupported_fundamental_growth_or_quality,"Construct a post-expectation operating leverage realization factor by measuring whether anticipated top-line growth translated into disproportionately realized profit growth. Use the consensus revenue growth expectation before the period as the baseline, th...",,,
factor_taxonomy.growth.growth_fragility_identification.high_growth_low_quality,high_growth_low_quality,高增长低质量,cbe07008379b48f5b1c1e0461e55d618,unsupported_fundamental_growth_or_quality,Construct a factor that flags firms with rapid reported revenue growth but weak cash conversion by taking the latest trailing twelve month revenue growth rate and scaling it by the gap between net income and operating cash flow. A possible signal is high ye...,,,
factor_taxonomy.growth.growth_fragility_identification.high_growth_low_quality,high_growth_low_quality,高增长低质量,6afe2a3c8b1b43209b5b52e9322cb589,unsupported_fundamental_growth_or_quality,Measure high growth that depends on aggressive working-capital expansion by comparing sales growth with changes in receivables and inventory. The factor can be computed as trailing revenue growth times the combined increase in accounts receivable and invent...,,,
factor_taxonomy.growth.growth_fragility_identification.high_growth_low_quality,high_growth_low_quality,高增长低质量,6a2ba08bee474b0ba77401c5306813c9,unsupported_fundamental_growth_or_quality,Measure acquisition-driven growth quality by separating organic operating performance from goodwill and intangible asset expansion. The factor can be constructed as revenue growth multiplied by the increase in goodwill and acquired intangibles relative to t...,,,
factor_taxonomy.growth.growth_fragility_identification.high_growth_low_quality,high_growth_low_quality,高增长低质量,7c97aa0ee05c4a6398c1d8266cb2274a,unsupported_fundamental_growth_or_quality,"Create a signal for high growth with poor expense discipline by comparing revenue growth with selling, general, and administrative expense growth. Compute revenue growth minus SG&A growth or, more directly for fragility, multiply positive revenue growth by...",,,
factor_taxonomy.growth.growth_fragility_identification.high_growth_low_quality,high_growth_low_quality,高增长低质量,f76d17f937e947eeac7115dc07baec7a,unsupported_fundamental_growth_or_quality,"Construct a factor that detects high growth accompanied by deteriorating earnings persistence. Estimate recent earnings growth and compare it with the stability of quarterly earnings, for example using the coefficient of variation or frequency of negative e...",,,
factor_taxonomy.growth.growth_fragility_identification.high_growth_low_quality,high_growth_low_quality,高增长低质量,4f99e591b7e643b1a901cdc98c63e372,unsupported_fundamental_growth_or_quality,"Measure high growth with deteriorating free cash flow profitability by interacting revenue or EBITDA growth with the decline in free cash flow margin. Compute positive trailing revenue growth times the negative change in free cash flow divided by sales, whe...",,,
factor_taxonomy.growth.growth_fragility_identification.high_growth_high_input_dependence,high_growth_high_input_dependence,高增长高投入依赖,f83f1f3f0f9b44b79d5907b3d193f242,unsupported_fundamental_growth_or_quality,"Build a fragility signal from the gap between sales growth and operating cash generation by taking year-over-year revenue growth and penalizing it by operating cash flow to sales, with an additional penalty when operating cash flow growth lags revenue growt...",,,
factor_taxonomy.growth.growth_fragility_identification.high_growth_high_input_dependence,high_growth_high_input_dependence,高增长高投入依赖,638154a375654ed9b60ce50e0134d318,unsupported_fundamental_growth_or_quality,"Create a labor-dependence growth factor by combining employee count growth or total personnel expense growth with revenue growth, and then scaling by the inverse of revenue per employee improvement; firms that grow quickly only by adding labor at a pace fas...",,,
factor_taxonomy.growth.growth_fragility_identification.high_growth_high_input_dependence,high_growth_high_input_dependence,高增长高投入依赖,c92513d35a3f4db68ee2d3c40986ace1,unsupported_fundamental_growth_or_quality,"Construct a fixed-cost dependency factor using revenue growth together with the change in committed operating expense base, such as the increase in SG&A excluding one-off items and R&D expense relative to sales; assign higher scores where fast growth is acc...",,,
factor_taxonomy.growth.growth_fragility_identification.high_growth_high_input_dependence,high_growth_high_input_dependence,高增长高投入依赖,03c49944d6c340c681bbd3a60c834c1b,unsupported_fundamental_growth_or_quality,"Build a supplier-financing fragility factor by measuring whether high sales growth is associated with a deterioration in cash conversion caused by rising inventory days and receivable days that is not fully offset by payable days, then interact this with pu...",,,
factor_taxonomy.growth.growth_fragility_identification.high_growth_high_input_dependence,high_growth_high_input_dependence,高增长高投入依赖,4ed57c5556a04b7fb2bde5b4c0b3596e,unsupported_fundamental_growth_or_quality,Create an external-financing-backed growth factor by taking revenue or asset growth and scaling it by the share of investment and working-capital expansion funded through net debt issuance plus net equity issuance rather than retained cash flow; firms with...,,,
factor_taxonomy.growth.growth_fragility_identification.high_growth_high_input_dependence,high_growth_high_input_dependence,高增长高投入依赖,da634fa7b39c4c6a85fc33a1a4921160,unsupported_fundamental_growth_or_quality,"Construct a capacity-build dependence factor from the joint behavior of revenue growth and the growth of production capacity proxies such as property, plant, and equipment, lease liabilities tied to operating sites, or depreciation base, then penalize weak...",,,
factor_taxonomy.growth.growth_fragility_identification.high_growth_high_input_dependence,high_growth_high_input_dependence,高增长高投入依赖,2e9a77b82b224b49b343ad46ecc46f11,unsupported_fundamental_growth_or_quality,"Build an innovation-burn fragility factor by interacting high growth with elevated R&D cash outlays or capitalized software and development costs, then subtracting the growth in gross profit generated per unit of innovation spending; firms with strong expan...",,,
factor_taxonomy.growth.growth_fragility_identification.high_growth_low_cashflow,high_growth_low_cashflow,高增长低现金流,3b08963356b4487abd2315682cd9abbb,unsupported_fundamental_growth_or_quality,"Measure high-growth low-cashflow risk through the ratio of incremental operating cash flow to incremental revenue, computed as the change in trailing twelve-month operating cash flow divided by the change in trailing twelve-month revenue for firms with posi...",,,
factor_taxonomy.growth.growth_fragility_identification.high_growth_low_cashflow,high_growth_low_cashflow,高增长低现金流,97da65ae57b34d3abb4783d570a1f5dc,unsupported_fundamental_growth_or_quality,"Create a cash conversion shortfall factor by comparing net income growth with operating cash flow growth: calculate trailing twelve-month net income growth minus trailing twelve-month operating cash flow growth, optionally conditional on net income growth b...",,,
factor_taxonomy.growth.growth_fragility_identification.high_growth_low_cashflow,high_growth_low_cashflow,高增长低现金流,83c33ea9569043e2a4803e9ed5d64a9f,unsupported_fundamental_growth_or_quality,"Build a receivables-led growth fragility factor by measuring the spread between accounts receivable growth and revenue growth, scaled by revenue growth or total assets. A high score occurs when receivables grow faster than sales, especially while revenue gr...",,,
factor_taxonomy.growth.growth_fragility_identification.high_growth_low_cashflow,high_growth_low_cashflow,高增长低现金流,636e35b69b6e4065aac5efbadf99daf7,unsupported_fundamental_growth_or_quality,"Construct an inventory-backed growth risk factor by calculating inventory growth minus cost of goods sold growth or revenue growth, normalized by total assets or sales. Firms that show strong sales expansion while inventory accumulates even faster are assig...",,,
factor_taxonomy.growth.growth_fragility_identification.high_growth_low_cashflow,high_growth_low_cashflow,高增长低现金流,f82a399bcd3644fe8281fbfc12d1b153,unsupported_fundamental_growth_or_quality,"Create an external-financing dependency factor by combining high sales growth with net financing cash inflows, computed as net debt issuance plus net equity issuance scaled by total assets or revenue. Firms receive higher fragility scores when their growth...",,,
factor_taxonomy.growth.growth_fragility_identification.high_growth_high_cyclicality,high_growth_high_cyclicality,高增长强周期暴露,ea672b8e34184419832738b9457fc6f0,unsupported_fundamental_growth_or_quality,"Build a factor using capital expenditure procyclicality among high-growth companies. Calculate recent sales or EBITDA growth and combine it with the firm’s capex intensity increase relative to depreciation, historical average capex-to-sales, and industry pe...",,,
factor_taxonomy.growth.growth_fragility_identification.high_growth_high_cyclicality,high_growth_high_cyclicality,高增长强周期暴露,506999dec3ab45b28486036dadb9c4ec,unsupported_fundamental_growth_or_quality,"Develop a factor that detects growth driven by operating leverage under cyclical demand conditions. Estimate the firm’s degree of operating leverage as the historical ratio of percentage change in operating profit to percentage change in revenue, then combi...",,,
factor_taxonomy.growth.growth_fragility_identification.high_growth_high_cyclicality,high_growth_high_cyclicality,高增长强周期暴露,ca1da5002184420e9fc66090dad7bc56,unsupported_fundamental_growth_or_quality,"Construct a factor based on order backlog cyclicality for companies showing rapid growth. Measure recent growth in backlog, new orders, or book-to-bill ratio, and estimate its correlation or beta to cyclical indicators such as industrial production, constru...",,,
factor_taxonomy.trend.absolute_trend.moving_average_structure_trend.single_ma_deviation_trend,single_ma_deviation_trend,单均线偏离趋势,1bfd575b1f304072a38976b82bb2fb11,unsupported_external_data,"Form an idiosyncratic single-MA deviation factor by comparing the asset's deviation from its own moving average with the corresponding deviation of its sector, industry, or market benchmark. If a stock trades well above its moving average while its benchmar...",,,
factor_taxonomy.trend.absolute_trend.moving_average_structure_trend.single_ma_deviation_trend,single_ma_deviation_trend,单均线偏离趋势,65f9cb8c8e9e4c6ea83b92dc7797c680,unsupported_external_data,"Construct a factor that differentiates whether a bullish deviation above the moving average is more likely driven by short covering or by genuine new long demand, using changes in short interest, borrow utilization, or securities-lending data. A move above...",,,
factor_taxonomy.trend.absolute_trend.moving_average_structure_trend.dual_ma_trend,dual_ma_trend,双均线趋势,ad4fa965ca8a481fa25d2200f5701a18,unsupported_external_data,Develop a gap-fragility dual moving-average factor that discounts bullish MA orderings sustained mainly by overnight gaps rather than by intraday continuation. If the short average remains above the long average but most gains during the current regime came...,,,
factor_taxonomy.trend.absolute_trend.moving_average_structure_trend.multi_ma_alignment_trend,multi_ma_alignment_trend,多均线排列趋势,500fc16604204064a5cb2f663f35fdab,unsupported_external_data,"Build a sequential-confirmation factor that scores how the full moving-average alignment was formed, not just whether it exists now. Stronger trends may emerge when successive crossover events between short and medium averages and then medium and long avera...",,,
factor_taxonomy.trend.absolute_trend.path_accumulation_trend.cumulative_nav_path_trend,cumulative_nav_path_trend,累积净值路径趋势,2bd21da0516e4d9f853d70dbcae7ca59,unsupported_external_data,Construct a drawdown-recovery speed factor from the cumulative NAV path by identifying each local peak-to-trough drawdown within the window and measuring how quickly the path regains the prior high-water mark. Assets whose wealth path repeatedly repairs los...,,,
factor_taxonomy.trend.relative_trend.market_relative_trend.excess_over_broad_market,excess_over_broad_market,相对大盘超额趋势,83c27c501ced4e6a807a2e0b8e370015,unsupported_external_data,Construct a squeeze-versus-sponsorship excess trend factor by combining market-relative outperformance with changes in short interest or securities lending utilization. The signal ranks higher when excess trend occurs without an extreme concurrent short-cov...,,,
factor_taxonomy.trend.relative_trend.market_relative_trend.excess_over_risk_factor_benchmark,excess_over_risk_factor_benchmark,相对风险因子趋势,ee91cc08f9df47ef94cf11b8401d4a95,unsupported_external_data,"Create a network-propagation excess trend factor by measuring whether a stock’s residual trend is confirmed by economically linked firms rather than by generic style factors. After removing benchmark factor contributions, compare the stock’s excess trend to...",,,
factor_taxonomy.trend.relative_trend.industry_relative_trend.within_industry_relative_strength,within_industry_relative_strength,行业内相对强弱,5c50af24d56646d599fa7e5ba4985b33,unsupported_external_data,"Create an earnings-based within-industry relative strength factor that asks which stocks convert their own fundamental surprises into stronger post-event trends than industry peers after comparable events. For each stock, measure post-earnings announcement...",,,
factor_taxonomy.trend.relative_trend.industry_relative_trend.within_industry_relative_strength,within_industry_relative_strength,行业内相对强弱,c9dea09c2f4d41bea12b9ee669cb1626,unsupported_external_data,"Create a within-industry implied-confirmed trend factor by comparing realized relative strength with supportive changes in option-implied expectations. For each stock, assess whether recent outperformance versus industry peers is accompanied by favorable ch...",,,
factor_taxonomy.trend.relative_trend.industry_relative_trend.stock_trend_in_industry_rotation,stock_trend_in_industry_rotation,行业轮动中的个股相对趋势,8db3af3aa7bb490bbacc0f9124ca2570,unsupported_external_data,"Create a factor around stocks with high prior short pressure that begin to outperform their own industry as the industry rotates into favor. A rising industry can force shorts to cover broadly, but the strongest relative trend often appears in names where s...",,,
factor_taxonomy.trend.relative_trend.industry_relative_trend.stock_trend_in_industry_rotation,stock_trend_in_industry_rotation,行业轮动中的个股相对趋势,8abe485afc5847b3872518855eaf7753,unsupported_external_data,"Create a factor that looks for stock-relative trend inside a rotating industry that is being confirmed by option market positioning rather than contradicted by it. If a stock is outperforming its peers while call demand, skew, or implied-volatility behavior...",,,
factor_taxonomy.trend.relative_trend.cross_sectional_trend.quantile_group_trend,quantile_group_trend,分位组趋势,772e02773ebf4216a97514e57e2891c7,unsupported_external_data,"Build trend quantile groups and compute the recent signed order-flow imbalance for each group using trade classification or close-to-open inventory-style proxies, then assign that aggregate imbalance signal to constituents. This captures whether a cross-sec...",,,
factor_taxonomy.trend.relative_trend.cross_sectional_trend.quantile_group_trend,quantile_group_trend,分位组趋势,fe6fe0b22c4944138380107abbd7bdfd,unsupported_external_data,"Assign stocks to trend quantiles using a relative trend signal and then evaluate, for each quantile, how much of its trend is explained by common market, sector, or factor exposures versus stock-specific residual movement. Map this purity measure back to me...",,,
factor_taxonomy.trend.relative_trend.cross_sectional_trend.ranking_change_trend,ranking_change_trend,排名变化趋势,6b71b3d72f674bbfbff56561132eb1c2,unsupported_external_data,"Construct a factor that captures how broadly a stock is overtaking peers rather than merely swapping places with nearby names. Instead of focusing only on net rank change, decompose the movement into the breadth of distinct names or peer groups it has moved...",,,
factor_taxonomy.trend.relative_trend.cross_sectional_trend.ranking_change_trend,ranking_change_trend,排名变化趋势,a05b45251f4f4fa0b61f81344e50a410,unsupported_external_data,"Construct a factor that decomposes rank migration into overnight and intraday components, since the source of relative repricing may matter for persistence. Stocks whose rank improves mainly overnight may be reacting to external information releases and bro...",,,
factor_taxonomy.trend.relative_trend.cross_sectional_trend.ranking_change_trend,ranking_change_trend,排名变化趋势,25425309d3b740478fc4baeba0004db7,unsupported_external_data,"Construct a factor that isolates rank migration that occurs independently of broad factor or ETF flow pressure. If a stock climbs in rank while the passive products, sector ETFs, or common factor baskets that usually move it are neutral or adverse, the rela...",,,
factor_taxonomy.trend.relative_trend.multi_reference_relative_trend.market_and_industry_dual_reference,market_and_industry_dual_reference,市场+行业双参照,de7b90bcc67d43e380c51966f56d1dde,unsupported_external_data,"Construct a dual-reference disagreement alpha factor that isolates periods when the broad market and the stock's industry send conflicting trend signals, then measures whether the stock persistently aligns with the stronger side or outperforms both despite...",,,
factor_taxonomy.trend.relative_trend.multi_reference_relative_trend.market_and_industry_dual_reference,market_and_industry_dual_reference,市场+行业双参照,eedf41e3e8dd404091fbcfb16519cc25,unsupported_external_data,"Construct a dual-dominance balance factor that measures whether a stock's relative trend is simultaneously strong against both the market and its own industry, without being driven almost entirely by only one reference leg. The idea is that balanced outperf...",,,
factor_taxonomy.trend.relative_trend.multi_reference_relative_trend.market_and_industry_dual_reference,market_and_industry_dual_reference,市场+行业双参照,3ae07344e3ec403388b838f914dfc2cc,unsupported_external_data,"Construct a benchmark-stress resilience factor that measures whether a stock continues to outperform both market and industry specifically during high-volatility benchmark environments. When broad and sector-level uncertainty rises, names that can preserve...",,,
factor_taxonomy.trend.relative_trend.multi_reference_relative_trend.multi_benchmark_composite_relative_trend,multi_benchmark_composite_relative_trend,多基准综合相对趋势,7fc18647231a422fa2917765df753e98,unsupported_external_data,"Create a composite relative trend factor centered on asset-specific information events by measuring the post-event drift of the asset relative to several benchmarks over the same horizon. A strong score occurs when, after earnings, guidance, product, regula...",,,
factor_taxonomy.trend.relative_trend.multi_reference_relative_trend.multi_benchmark_composite_relative_trend,multi_benchmark_composite_relative_trend,多基准综合相对趋势,82b5585896e74675951fbd3f9deb5770,unsupported_external_data,"Build a composite relative trend factor using the pattern of the asset’s trend advantage across a structured benchmark hierarchy such as broad market, sector, style, and regional references, rather than just the average advantage. The signal is strongest wh...",,,
factor_taxonomy.trend.residual_trend.market_neutral_residual_trend.capm_residual_trend,capm_residual_trend,CAPM残差趋势,1ee331dfb57c477dba5307a5b731d40e,unsupported_external_data,"Form an options-confirmed residual trend factor by selecting stocks whose positive CAPM residual trends are accompanied by option-market signals consistent with improving firm-specific expectations, such as rising call skew or supportive implied-volatility...",,,
factor_taxonomy.trend.residual_trend.industry_neutral_residual_trend.within_industry_demeaned_trend,within_industry_demeaned_trend,行业内去均值趋势,4c0f048ee0ed47de972c60059a6f11b1,unsupported_external_data,"Construct a within-industry demeaned ladder-trend factor by measuring how often a stock records sequentially higher swing highs and higher swing lows over a rolling window, then subtracting the contemporaneous industry average of that ladder score. Persiste...",,,
factor_taxonomy.trend.residual_trend.multi_factor_residual_trend.ff3_residual_trend,ff3_residual_trend,FF3残差趋势,495f11d240f94eea9614db6912e241e0,unsupported_external_data,"Create a shorting-friction FF3 residual trend factor by emphasizing positive residual trends in names where short interest is elevated, borrow is expensive, or lendable supply is tight. In such cases, negative-information arbitrage is constrained and existi...",,,
factor_taxonomy.trend.residual_trend.dynamic_residual_trend.rolling_regression_residual_trend,rolling_regression_residual_trend,滚动回归残差趋势,d772c5062a0d4aa3b53af7346f756eda,unsupported_external_data,Define a factor around whether stock-specific residual trends are led by overnight repricing or by intraday continuation after controlling for common factors. The signal is strongest when overnight residual shocks are repeatedly followed by same-direction i...,,,
factor_taxonomy.trend.residual_trend.dynamic_residual_trend.rolling_regression_residual_trend,rolling_regression_residual_trend,滚动回归残差趋势,dd4ac82fce9b4337a827b78c9bb6e372,unsupported_external_data,"Define a factor that measures whether residual trends are stronger when public information processing appears slow, using proxies such as low analyst coverage, sparse news flow, or limited investor attention. The same residual drift should be more predictiv...",,,
factor_taxonomy.trend.trend_stability.continuity.same_direction_ratio,same_direction_ratio,同方向期数占比,e74736be437a45b2aa28dad1a0bec3b4,unsupported_external_data,"Define directional states from aggregated daily news sentiment using the sign of net tone after weighting for article relevance, and calculate the proportion of adjacent days with the same sentiment sign. A high same-direction ratio points to a prolonged in...",,,
factor_taxonomy.trend.trend_stability.credibility.low_noise_high_explanatory_trend,low_noise_high_explanatory_trend,低噪声高解释度趋势,a813b92bed5b4c61af0f2b298b887cdb,unsupported_external_data,"Define a trend quality signal from options markets by preferring directional moves that are accompanied by supportive changes in implied-volatility structure rather than panic-like volatility repricing. For an uptrend, rising call demand with stable downsid...",,,
factor_taxonomy.trend.trend_stability.credibility.low_noise_high_explanatory_trend,low_noise_high_explanatory_trend,低噪声高解释度趋势,0aac9eadeb98477eb4da6426f11881c2,unsupported_external_data,"Build a credibility factor from persistent sponsorship by slower-moving capital. If an uptrend coincides with positive ETF creations, mutual fund inflows, or increasing institutional ownership, the move is more likely to be supported by durable demand rathe...",,,
factor_taxonomy.trend.trend_stability.credibility.high_signal_to_noise_trend,high_signal_to_noise_trend,高信噪比趋势,26f89873391743a98ce6c864477b9da0,unsupported_external_data,"A high-signal-to-noise trend can be defined as directional movement that remains after stripping out broad market, sector, and style exposures, because noisy assets often appear to trend only because they are being dragged by common factors. This seed there...",,,
factor_taxonomy.trend.trend_acceleration.momentum_strengthening.short_term_stronger_than_long_term,short_term_stronger_than_long_term,短期强于长期,716743aea92a466291e4080056cfbf37,unsupported_external_data,Build a factor around the market’s treatment of adverse moves by measuring whether recent pullbacks are shallower or repaired faster than pullbacks observed during the stock’s broader trend history. If a rising name now experiences less downside giveback af...,,,
factor_taxonomy.trend.trend_acceleration.momentum_strengthening.short_term_stronger_than_long_term,short_term_stronger_than_long_term,短期强于长期,5a159743dad74d50a5e4bc5bc50215e6,unsupported_external_data,"Build a cross-market seed by checking whether recent equity momentum is increasingly confirmed by option positioning, such as stronger short-dated call demand or improving call-versus-put implied pricing relative to the stock’s longer-term trend period. Whe...",,,
factor_taxonomy.trend.trend_acceleration.multi_scale_acceleration.short_medium_long_window_differential,short_medium_long_window_differential,短中长窗口差分,b93231d0c7544f0a9e88b1c2c4c40c30,unsupported_external_data,Create a breadth-divergence acceleration factor by comparing an asset’s own short-medium-long trend differential with the same multi-scale differential computed on the share of advancing stocks in its industry or peer group. Single-name acceleration that is...,,,
factor_taxonomy.trend.trend_consistency.measurement_consistency.slope_and_breakout_trend_agree,slope_and_breakout_trend_agree,斜率趋势与突破趋势一致,5da2276e9a414168ba1f637d0fd4b93a,unsupported_external_data,"Construct a factor from the slope of futures open interest or options delta exposure and compare it with the direction of an underlying spot breakout. If open interest has been building alongside a positive directional trend and spot then breaks upward, the...",,,
factor_taxonomy.trend.trend_consistency.dimension_consistency.stock_and_group_trend_agree,stock_and_group_trend_agree,个股趋势与所属组别趋势一致,3659831cb99d466f852ed16b51db3e1b,unsupported_external_data,"Build an order-pressure concordance factor that scores stocks whose trend direction matches the group trend while their own order imbalance points the same way, capturing whether the stock is experiencing immediate trading pressure consistent with the broad...",,,
factor_taxonomy.trend.trend_consistency.signal_vote_consistency.multi_signal_vote,multi_signal_vote,多信号投票,8305a774c9f34522ae66998dbd45b25e,unsupported_external_data,"Construct a multi-signal vote factor in which each trend indicator still casts a directional vote, but its influence is scaled by its own recent realized directional hit rate for that asset or a comparable peer bucket. The factor rises when many signals agr...",,,
factor_taxonomy.trend.trend_consistency.signal_vote_consistency.multi_signal_vote,multi_signal_vote,多信号投票,a96a0e647e3841488d91a0a6c200b836,unsupported_external_data,"Define a multi-signal vote factor that combines own-asset trend votes with confirmation votes from economically linked instruments such as sector ETFs, key suppliers or customers, credit proxies, commodity inputs, or FX exposures. The factor is strongest wh...",,,
factor_taxonomy.trend.trend_consistency.signal_vote_consistency.consistency_confidence_score,consistency_confidence_score,一致性置信分数,9feba30e4613416bbbc520803b612316,unsupported_external_data,"Construct a confidence factor from how strongly the current panel of trend votes loads onto a single latent directional component. Extract a common factor from the cross-signal matrix for each asset or asset group, and assign higher confidence when most sig...",,,
factor_taxonomy.trend.trend_crowdedness.trading_crowded_trend.high_momentum_high_turnover,high_momentum_high_turnover,高动量+高换手,46fd3dfe745543a985ee0141ec0a1fdb,unsupported_external_data,"Define a squeeze-crowding factor by identifying stocks that already have high momentum and high turnover and then measuring whether bearish capacity is simultaneously constrained. When stock borrow becomes scarce, lending fees rise, or available lendable in...",,,
factor_taxonomy.trend.trend_crowdedness.trading_crowded_trend.trend_participation_broadening,trend_participation_broadening,趋势参与扩散,813abafef5c444acb3cda421d2f692bf,unsupported_external_data,Construct an investor-base adoption factor by tracking whether stocks participating in the prevailing trend are increasingly held or traded by a wider set of investor types rather than a narrow sponsor cohort. The signal rises when trend-aligned names begin...,,,
factor_taxonomy.trend.trend_crowdedness.trading_crowded_trend.trend_participation_broadening,trend_participation_broadening,趋势参与扩散,04edb09203164e07a70248b731551910,unsupported_external_data,Define a short-cover broadening factor by examining whether the market trend is being reinforced by a widening set of short sellers being forced to retreat across many names rather than only a handful of crowded shorts. The signal strengthens when trend-ali...,,,
factor_taxonomy.trend.trend_crowdedness.trading_crowded_trend.trend_participation_broadening,trend_participation_broadening,趋势参与扩散,d83d294d50944d4f8c0444ecaf4ea4dd,unsupported_external_data,"Create a cash-derivatives convergence factor by measuring whether the prevailing trend is increasingly mirrored by futures basis, single-stock futures pricing, CFDs, or swap-implied directional pressure across a broad set of underlying names. The factor is...",,,
factor_taxonomy.trend.trend_crowdedness.holding_crowded_trend.institutionally_concentrated_trend,institutionally_concentrated_trend,机构集中持有趋势,6cfcc3293af746cea9fe35d8cc57fc65,unsupported_external_data,"Create a factor that exploits the interaction between concentrated institutional ownership and securities-lending scarcity, because a trend may become more one-sided when dominant long holders do not lend stock or when lendable supply is already absorbed. I...",,,
factor_taxonomy.trend.trend_crowdedness.holding_crowded_trend.institutionally_concentrated_trend,institutionally_concentrated_trend,机构集中持有趋势,66406f7ef5274fa7a7b6f3fda0745b73,unsupported_external_data,"Develop a factor around the network centrality of the dominant institutional holders, based on the idea that concentration matters more when the same key owners sit at the center of many crowded positions across the market. A trending stock heavily owned by...",,,
factor_taxonomy.trend.trend_crowdedness.holding_crowded_trend.northbound_or_main_capital_concentrated_trend,northbound_or_main_capital_concentrated_trend,北向/主力集中趋势,d7846dd49d554bfb96c5356f8ab67797,unsupported_external_data,Construct a factor that measures whether northbound or main-force ownership concentration is approaching the stock’s trading-capacity ceiling by comparing the current concentrated holding ratio with the stock’s normal free-float turnover absorption. When co...,,,
factor_taxonomy.trend.trend_crowdedness.holding_crowded_trend.northbound_or_main_capital_concentrated_trend,northbound_or_main_capital_concentrated_trend,北向/主力集中趋势,9a4f5e525758409384ba974776e0e1c6,unsupported_external_data,"Construct a factor that asks whether concentrated-capital ownership changes lead or lag changes in analyst expectations, earnings revisions, or other public information updates. A stock where northbound or main-force concentration increases before fundament...",,,
factor_taxonomy.trend.trend_crowdedness.sentiment_crowded_trend.high_attention_trend,high_attention_trend,高关注度趋势,ba0436e0a9814ef0a44a38990b0a4846,unsupported_external_data,"Construct a factor that captures high-attention trends amplified by passive and thematic fund flows. Start with trending stocks receiving unusual attention, then measure whether they simultaneously experience abnormal ownership demand from sector ETFs, them...",,,
factor_taxonomy.trend.trend_crowdedness.sentiment_crowded_trend.high_attention_trend,high_attention_trend,高关注度趋势,31f19d88f5884531baffbd045faf98ae,unsupported_external_data,"Build a factor around whether a high-attention trend is being propelled by short covering rather than fresh long conviction. For names with elevated attention and strong upward trends, track declines in borrow demand, securities-lending fees, utilization, o...",,,
factor_taxonomy.trend.trend_crowdedness.sentiment_crowded_trend.hot_theme_trend,hot_theme_trend,热门题材趋势,2112b2013c064d60b74f895caf8a152f,unsupported_external_data,"Construct a weak-hand concentration factor for hot themes by measuring whether recent theme gains are dominated by short-horizon trading accounts rather than stickier holders. If a theme's turnover is high but estimated holding duration remains very short,...",,,
factor_taxonomy.trend.trend_crowdedness.sentiment_crowded_trend.narrative_driven_trend,narrative_driven_trend,叙事驱动趋势,81d974addcce4c1e80e7e9ee83fa8a70,unsupported_external_data,"Design a narrative certainty-escalation factor that tracks whether language around an asset is becoming more inevitable, absolute, and one-sided as the trend matures. Crowded narrative trends often exhibit a rhetorical shift from possibility to certainty, w...",,,
factor_taxonomy.trend.trend_crowdedness.sentiment_crowded_trend.narrative_driven_trend,narrative_driven_trend,叙事驱动趋势,6a97ba09ebe14880a52d268831cd0702,unsupported_external_data,"Construct a tribal-identity factor that measures whether owning or promoting the asset has become part of group belonging rather than an informational judgment. When the narrative includes in-group labels, community slogans, us-versus-them framing, and loya...",,,
factor_taxonomy.trend.trend_crowdedness.fragile_crowded_trend.trend_strong_but_depth_weakening,trend_strong_but_depth_weakening,趋势仍强但承接变弱,843dff7b6ec54bf581d4926176295226,unsupported_external_data,"Design a factor that captures strong spot trends that are losing supportive dealer hedging flows from the options market. In some crowded moves, positive gamma or call overwriting can stabilize pullbacks, but if spot remains elevated while net dealer suppor...",,,
factor_taxonomy.reversal.medium_term_mean_reversion.long_ma_deviation_repair.deviation_from_long_ma,deviation_from_long_ma,相对长期均线偏离,0446dfe9173948498ff724a2a22e8808,unsupported_external_data,Build a beta-adjusted long-MA deviation factor by stripping out the portion of a stock's displacement from its long moving average that can be explained by the broad market's own displacement from its long moving average. The intuition is that deviations dr...,,,
factor_taxonomy.reversal.medium_term_mean_reversion.relative_group_reversion.reversion_to_industry_mean,reversion_to_industry_mean,相对行业均值回归,95da60c562ef444992d2cf1d4df5b228,unsupported_external_data,"Design a factor around corporate-event overreaction relative to industry peers. Following earnings announcements, guidance changes, product launches, litigation outcomes, or regulatory events, some stocks can overshoot their industry in the medium term as i...",,,
factor_taxonomy.reversal.medium_term_mean_reversion.relative_group_reversion.reversion_to_industry_mean,reversion_to_industry_mean,相对行业均值回归,20fcf82854194383a6a3bda052caf210,unsupported_external_data,"Form an industry-relative reversal factor that identifies stocks dragged by within-industry style rotations. A stock can lag or lead its industry over the medium term because investors rotate aggressively toward industry growth, quality, defensiveness, or c...",,,
factor_taxonomy.reversal.volatility_driven_reversal.high_volatility_shock_reversal.high_amplitude_reversal,high_amplitude_reversal,高振幅后反转,07c2649a4b834079a471b7879a661510,unsupported_external_data,"Build a factor around dealer-hedging-induced overshoot, where a high-amplitude underlying move is magnified by option-related delta hedging and then partially reverses after hedging demand subsides. The factor should focus on extreme-amplitude events in nam...",,,
factor_taxonomy.reversal.volatility_driven_reversal.high_volatility_shock_reversal.high_amplitude_reversal,high_amplitude_reversal,高振幅后反转,a4cf2b2cfc8a4ac9a51d302e48edb5df,unsupported_external_data,"Define a factor based on unstable intraday path geometry during a high-amplitude day, where violent back-and-forth movement indicates disagreement and inventory stress rather than clean information assimilation. The factor should favor reversal after extrem...",,,
factor_taxonomy.reversal.volatility_driven_reversal.high_volatility_shock_reversal.high_hist_vol_reversal,high_hist_vol_reversal,高历史波动后反转,ea83ef83e1fe495591a6559cab782afb,unsupported_external_data,"Build a reversal factor for high historical volatility equities by exploiting option-market hedging pressure, where recent underlying moves in already volatile names can be amplified by dealer gamma hedging and then partially mean-revert when hedging flows...",,,
factor_taxonomy.reversal.volatility_driven_reversal.panic_downside_reversal.panic_selloff_repair,panic_selloff_repair,恐慌性抛售修复,fc6505842e5e4660915ad62ede549cb6,unsupported_external_data,"Define an ETF-flow spillover repair factor that isolates stocks hit by panic selling mainly because they sit inside baskets experiencing forced redemptions or de-risking, rather than because of stock-specific bad news. The factor favors stocks whose drop co...",,,
factor_taxonomy.reversal.volatility_driven_reversal.panic_downside_reversal.panic_selloff_repair,panic_selloff_repair,恐慌性抛售修复,278e7d3a0a234a3182e4f84ef94b7dc3,unsupported_external_data,"Construct a capital-structure divergence repair factor by identifying equities that suffer panic selling even though related securities such as bonds or CDS do not show commensurate distress, suggesting that the equity move was driven by flow or sentiment r...",,,
factor_taxonomy.reversal.volatility_driven_reversal.panic_downside_reversal.volatility_stampede_repair,volatility_stampede_repair,波动踩踏后修复,e47b48f674cb46d282e49ce06902cd5c,unsupported_external_data,"Design a factor for stocks oversold by index or ETF redemption pressure rather than stock-specific information by identifying names whose panic drop is unusually synchronized with basket-flow stress and whose individual news is limited, then favor cases whe...",,,
factor_taxonomy.reversal.volatility_driven_reversal.panic_downside_reversal.volatility_stampede_repair,volatility_stampede_repair,波动踩踏后修复,e9a6c6328efc4d0882bb1431e674772d,unsupported_external_data,"Form a factor that exploits divergence between equity panic and broader credit assessment by identifying stocks whose shares suffer a volatility-stampede selloff while bond spreads, CDS, or other capital-structure risk measures move much less, then rank hig...",,,
factor_taxonomy.reversal.sentiment_overheat_reversal.over_optimism_reversal.hot_theme_chasing_fade,hot_theme_chasing_fade,热点追涨回落,218d96cbc8d4458ebed664dbce5aa603,unsupported_external_data,"Construct a reversal seed for hot-theme stocks where insiders, controlling shareholders, or affiliated entities begin reducing holdings, unwinding pledges, or monetizing stakes soon after the stock becomes a narrative favorite. The core logic is that inform...",,,
factor_taxonomy.reversal.sentiment_overheat_reversal.over_optimism_reversal.hot_theme_chasing_fade,hot_theme_chasing_fade,热点追涨回落,507a00d295b84b50ae27d08700752605,unsupported_external_data,"Design a factor that fades hot-theme stocks receiving frequent exchange inquiries, clarification requests, or regulatory attention related to the substance of their popular theme linkage. When a stock rallies on a narrative that requires repeated company ex...",,,
factor_taxonomy.reversal.sentiment_overheat_reversal.over_optimism_reversal.high_attention_speculation_fade,high_attention_speculation_fade,高关注爆炒回落,b6cdb4473333412d9235a73107a1da22,unsupported_external_data,"Construct a factor that identifies stocks experiencing a surge in public attention alongside retail-style upside option chasing, where speculative call demand temporarily pushes the underlying beyond sustainable levels and then fades as option gamma support...",,,
factor_taxonomy.reversal.sentiment_overheat_reversal.over_optimism_reversal.high_attention_speculation_fade,high_attention_speculation_fade,高关注爆炒回落,ac46519f8eaa42de80f33c3504df2404,unsupported_external_data,"Develop a factor around attention bursts amplified by unusually aggressive corporate communication, because management-led visibility campaigns can attract speculative buyers faster than fundamentals improve. Names that combine elevated public attention wit...",,,
factor_taxonomy.reversal.sentiment_overheat_reversal.over_pessimism_reversal.panic_kill_repair,panic_kill_repair,恐慌杀跌修复,6132a126a0d548b1922551d8c3ca8a47,unsupported_external_data,"Build an insider-confidence repair factor by looking for panic declines followed closely by open-market insider purchases or controlling-shareholder accumulation, under the premise that informed internal buyers are most willing to step in when external fear...",,,
factor_taxonomy.reversal.sentiment_overheat_reversal.over_pessimism_reversal.sentiment_bottom_rebound,sentiment_bottom_rebound,情绪冰点反弹,9eaafe0b6d2240998dfe9da318875162,unsupported_external_data,"Create a factor based on the removal of overhanging uncertainty after a pessimism shock. Select stocks that sold off into an extreme sentiment low ahead of a known event such as earnings, litigation milestones, regulatory decisions, or product updates, and...",,,
factor_taxonomy.reversal.sentiment_overheat_reversal.over_pessimism_reversal.sentiment_bottom_rebound,sentiment_bottom_rebound,情绪冰点反弹,b3d282632d164566893c615bbd52b3a0,unsupported_external_data,Build a factor around failed breakdowns at the emotional bottom using intraday path information. Target stocks that open weak or trade to new short-term lows under pessimistic sentiment but then close well above their intraday trough with strong afternoon r...,,,
factor_taxonomy.reversal.sentiment_overheat_reversal.consecutive_extreme_behavior_reversal.limit_up_streak_fade,limit_up_streak_fade,连板后回落,cc6b728d03c9436fa128c120a416e830,unsupported_external_data,"Construct a board-quality deterioration factor that evaluates how fragile the limit-up streak was before the actual pullback. Streaks achieved through repeated late-session sealing, frequent reopening from the upper limit, or weak all-day lock quality refle...",,,
factor_taxonomy.reversal.sentiment_overheat_reversal.consecutive_extreme_behavior_reversal.limit_up_streak_fade,limit_up_streak_fade,连板后回落,c9bb4c3d1fe44b018f472f6f4f9bea0b,unsupported_external_data,"Build a sentiment-handoff factor that conditions post-streak behavior on whether the broader high-beta speculative environment is cooling. Even a strong streak leader can fade hard if the market-wide count of limit-up names, consecutive-board leaders, or sm...",,,
factor_taxonomy.reversal.sentiment_overheat_reversal.consecutive_extreme_behavior_reversal.consecutive_big_drop_repair,consecutive_big_drop_repair,连续大跌后修复,0563f8a657fa47fbb231b03dbc7d03f1,unsupported_external_data,Create an options-flow repair factor for stocks that experience back-to-back large losses and then show signs that downside hedging demand is peaking. The idea is that panic selloffs often coincide with put buying or dealer short-gamma positioning that rein...,,,
factor_taxonomy.reversal.sentiment_overheat_reversal.over_consensus_sentiment_reversal.one_sided_sentiment_crowding_reversal,one_sided_sentiment_crowding_reversal,情绪单边拥挤反转,3eb1fb03bd254a9c9b6b3bcac1b6dd5d,unsupported_external_data,"Construct a reversal factor that flags stocks where external sentiment has become strongly one-sided while insiders act in the opposite economic direction. Extremely bullish public tone accompanied by insider selling, option-exercise monetization, or rising...",,,
factor_taxonomy.reversal.sentiment_overheat_reversal.over_consensus_sentiment_reversal.one_sided_sentiment_crowding_reversal,one_sided_sentiment_crowding_reversal,情绪单边拥挤反转,1c2e79b999404c7d863cad59d7b1913f,unsupported_external_data,"Build a factor around the idea that firms exploit one-sided sentiment crowding when market pricing becomes unusually favorable. If strongly positive sentiment is followed by secondary issuance, convertible financing, or accelerated insider share sales, the...",,,
factor_taxonomy.reversal.sentiment_overheat_reversal.over_consensus_sentiment_reversal.one_sided_sentiment_crowding_reversal,one_sided_sentiment_crowding_reversal,情绪单边拥挤反转,351ad29789994b22a6186229353d1472,unsupported_external_data,"Build a factor that identifies one-sided sentiment reversals through rapid recycling of the tradable float. If extreme sentiment is accompanied by turnover that churns a large fraction of free float over a short span, it suggests the stock has already been...",,,
factor_taxonomy.reversal.sentiment_overheat_reversal.over_consensus_sentiment_reversal.narrative_overheat_reversal,narrative_overheat_reversal,叙事过热反转,463ab2f69bed454fb4386ee61330cbad,unsupported_external_data,"Construct a narrative overheat reversal factor by detecting when a hot story keeps attracting fresh discussants but fails to retain earlier advocates, indicating that the narrative is being sustained by continual audience replacement rather than deepening c...",,,
factor_taxonomy.reversal.sentiment_overheat_reversal.over_consensus_sentiment_reversal.narrative_overheat_reversal,narrative_overheat_reversal,叙事过热反转,52a6c5c1c0234ad98c0b96bb36dc7db7,unsupported_external_data,"Define a factor based on the disappearance of active counterargument rather than merely the rise of positive sentiment. A narrative is likely overheated when discussion becomes one-sided not because bulls have added new evidence, but because bearish theses...",,,
factor_taxonomy.reversal.sentiment_overheat_reversal.over_consensus_sentiment_reversal.narrative_overheat_reversal,narrative_overheat_reversal,叙事过热反转,fcbe3e8b001e46a6bf426b41e3685d13,unsupported_external_data,"Form a factor from how quickly ambiguous information is absorbed into an already popular narrative. When investors reinterpret neutral or mixed developments almost instantaneously as confirmation of the dominant story, the narrative may be overheated becaus...",,,
factor_taxonomy.reversal.deviation_reversal.relative_channel_deviation.bollinger_extreme_deviation,bollinger_extreme_deviation,布林带极端偏离,861bc64ca3054670b862b1e67894905e,unsupported_external_data,"Form a Bollinger extreme divergence seed by favoring reversal when an individual asset moves outside its own Bollinger band while its sector, industry, or style cohort remains inside comparable volatility channels, since an unconfirmed idiosyncratic spike i...",,,
factor_taxonomy.reversal.deviation_reversal.multi_anchor_deviation.ma_and_industry_dual_deviation,ma_and_industry_dual_deviation,相对均线+行业双偏离,5552ec1faf7148e8af9bdf0699631d00,unsupported_external_data,Construct an industry-flow-pressure reversal factor that conditions dual deviation on industry-level selling stress. The idea is to prefer stocks that are below their own moving average and below their industry benchmark when the entire industry is experien...,,,
factor_taxonomy.reversal.deviation_reversal.multi_anchor_deviation.ma_and_industry_dual_deviation,ma_and_industry_dual_deviation,相对均线+行业双偏离,2812ab52033547a982c96217e75c361a,unsupported_external_data,Create a breadth-isolation factor that asks whether the stock’s dual-anchor weakness is unusually isolated within its industry. A stock far below its moving average and below the industry benchmark while only a small fraction of industry peers are similarly...,,,
factor_taxonomy.reversal.post_event_repair_reversal.post_earnings_repair,post_earnings_repair,财报冲击后修复,0a81977171de4e47b6f88c16edbf9941,unsupported_external_data,"Create a repair factor based on whether the earnings shock is validated by operating cash flow and working-capital dynamics released at the same time. An initial positive reaction built on accrual-heavy earnings but accompanied by weak cash conversion, risi...",,,
factor_taxonomy.reversal.post_event_repair_reversal.post_earnings_repair,post_earnings_repair,财报冲击后修复,cf8d4774e0c34fabbb284a31dc638a63,unsupported_external_data,"Design a post-earnings repair signal from the difference between management’s prepared remarks and the tone revealed under analyst questioning. A report may trigger a strong immediate move on the press release and scripted opening commentary, but if Q&A res...",,,
factor_taxonomy.reversal.post_event_repair_reversal.post_gap_event_repair,post_gap_event_repair,跳空事件后修复,35aa2a83fa6c48539574e81d96288006,unsupported_external_data,Construct a gap-validation repair factor that separates gaps backed by hard fundamental catalysts from gaps that arrive without verifiable new information. The core idea is that post-gap repair is more likely when the opening jump or drop is not supported b...,,,
factor_taxonomy.reversal.post_event_repair_reversal.post_gap_event_repair,post_gap_event_repair,跳空事件后修复,5d0ceb4773044e3aa26deb6adc459336,unsupported_external_data,"Create a passive-flow repair factor that flags gaps likely caused by ETF creation-redemption pressure, index rebalancing, or other basket-driven flows rather than stock-specific information. If a stock gaps with unusual co-movement to its passive ownership...",,,
factor_taxonomy.reversal.post_event_repair_reversal.post_gap_event_repair,post_gap_event_repair,跳空事件后修复,b4d8bef6535d42d4abba86a196d43ecd,unsupported_external_data,"Build a gamma-pinning repair factor that links post-gap repair to option dealer hedging around concentrated strike interest. When the stock gaps away from a nearby strike with large open interest and dealer positioning implies stabilizing hedging flows, the...",,,
factor_taxonomy.reversal.structural_reversal.positioning_imbalance_reversal,positioning_imbalance_reversal,筹码失衡反转,4350579cd98848fcbd91cfcf6eafba1f,unsupported_external_data,"Construct an options-hedging reversal factor based on stocks where recent spot moves coincided with strong option demand that likely forced dealers into one-sided delta hedging. If upside was reinforced by call buying or downside by put buying, the resultin...",,,
factor_taxonomy.reversal.structural_reversal.positioning_imbalance_reversal,positioning_imbalance_reversal,筹码失衡反转,fd12981d827841998f1c6a6ba2369d9c,unsupported_external_data,"Construct a post-unlock reversal factor that looks for names where lockup expiration, insider release, or strategic-share unlock created a heavy expected supply event, yet the stock sold off sharply into the event and then stabilized. This pattern suggests...",,,
factor_taxonomy.reversal.structural_reversal.positioning_imbalance_reversal,positioning_imbalance_reversal,筹码失衡反转,79c0ef37fae5487c8238665159215ddc,unsupported_external_data,"Define an index-rebalance reversal factor for stocks that experienced large moves around additions, deletions, or weight changes in major benchmarks. Such events often force benchmark-tracking investors and arbitrageurs into one-sided trades unrelated to fi...",,,
factor_taxonomy.reversal.structural_reversal.overrotated_sector_reversal,overrotated_sector_reversal,行业轮动过度反转,ab524158bb1c47c5be8b1ad23e88443b,unsupported_external_data,Build a sector overrotation reversal seed that flags sectors whose relative move was accompanied by a sharp burst in news and search attention that has already begun to fade. Sector rotations often overshoot when attention-constrained investors chase the mo...,,,
factor_taxonomy.reversal.structural_reversal.overrotated_sector_reversal,overrotated_sector_reversal,行业轮动过度反转,95af42ef745b4f90aee9bcb4b4cccc54,unsupported_external_data,"Construct a sector reversal seed that detects when a narrow firm-specific or subindustry-specific shock is indiscriminately generalized to the whole sector. Regulatory actions, litigation, recalls, fraud cases, mergers, or isolated policy headlines often tr...",,,
factor_taxonomy.risk.total_volatility.historical_volatility,historical_volatility,历史波动,3da7113c966e43f8a1d86591c5b3be27,unsupported_external_data,Construct a stress-conditioned historical volatility factor by comparing the asset’s realized volatility on days when the broad market is already in a high-volatility state with its volatility on calm market days. This measures how strongly the stock’s tota...,,,
factor_taxonomy.risk.total_volatility.historical_volatility,historical_volatility,历史波动,2ada29de1acb4df2a3df5e53f15c115c,unsupported_external_data,"Create an event-cycle historical volatility factor by isolating the portion of realized volatility that systematically clusters around scheduled firm-specific disclosure dates such as earnings, guidance, or major corporate actions. The signal reflects how m...",,,
factor_taxonomy.risk.total_volatility.range_based_volatility,range_based_volatility,区间波动,1b62d21d436a40568219b15e7d4d513f,unsupported_external_data,"Design an announcement amplification factor by comparing a stock’s range on scheduled information days, such as earnings or major corporate announcements, with its own typical non-event range. Stocks whose intraday span inflates disproportionately when info...",,,
factor_taxonomy.risk.total_volatility.range_based_volatility,range_based_volatility,区间波动,374781e9da324a3fbec59f2842903bb2,unsupported_external_data,Design an implied-versus-range basis factor by comparing realized range-based volatility over the option horizon with the contemporaneous implied move from listed options. Stocks whose realized high-low dispersion persistently exceeds or falls short of impl...,,,
factor_taxonomy.risk.total_volatility.historical_volatility,historical_volatility,历史波动,6e1741ef9897419eb3b9ce67e6c93a54,unsupported_external_data,Create a newsless historical volatility factor by comparing realized volatility on low-news days with volatility on days featuring substantive firm news flow. A stock that remains highly volatile even when public information flow is sparse may be dominated...,,,
factor_taxonomy.risk.downside_risk.downside_persistence_risk,downside_persistence_risk,下行持续性风险,ade3b62e2e9247d39dcb5cf5d2c896c6,unsupported_external_data,"This factor targets downside persistence created by investor-base fragility by identifying stocks held disproportionately by owners prone to redemptions, benchmark de-risking, or forced selling after losses. If recent declines are combined with concentrated...",,,
factor_taxonomy.risk.downside_risk.downside_persistence_risk,downside_persistence_risk,下行持续性风险,a79e19f610a6490083a5737671db3edd,unsupported_external_data,"Construct a factor from the continuity of negative textual information flow, capturing whether a stock remains under a stream of unfavorable narratives rather than experiencing an isolated bad headline. Persistent negative sentiment across news, filings, or...",,,
factor_taxonomy.risk.idiosyncratic_volatility.capm_idiosyncratic_volatility,capm_idiosyncratic_volatility,CAPM特质波动,ae6673cb175a48949ba705091f33bba7,unsupported_external_data,"Create a news-silence idiosyncratic volatility factor by measuring CAPM residual volatility on days with little or no firm-specific public news. Unexplained volatility that persists in the absence of disclosures may indicate opacity, rumor-driven trading, o...",,,
factor_taxonomy.risk.idiosyncratic_volatility.multi_factor_idiosyncratic_volatility,multi_factor_idiosyncratic_volatility,多因子特质波动,30bc4961f88e41ddb57796672686b7e2,unsupported_external_data,"Define a narrative-uncertainty idiosyncratic volatility factor by linking multi-factor residual volatility to changes in textual uncertainty from filings, conference calls, or management language rather than to raw fundamental news. Residual volatility that...",,,
factor_taxonomy.risk.idiosyncratic_volatility.industry_neutral_idiosyncratic_volatility,industry_neutral_idiosyncratic_volatility,行业中性特质波动,b13c6085e2a64bbebb15aedf388fd68f,unsupported_external_data,"Construct an industry-neutral idiosyncratic volatility seed from firm-level supplier or customer concentration, on the view that revenue and production dependence on a narrow set of counterparties creates shock transmission unique to the firm rather than to...",,,
factor_taxonomy.risk.idiosyncratic_volatility.idiosyncratic_volatility_stability,idiosyncratic_volatility_stability,特质波动稳定性,bb900386cc734f1c928798d232d377d8,unsupported_external_data,Construct a factor using the stability of the gap between option-implied and realized idiosyncratic volatility by extracting the firm-specific component of implied volatility relative to market and sector benchmarks and comparing it with subsequent residual...,,,
factor_taxonomy.risk.idiosyncratic_volatility.idiosyncratic_volatility_stability,idiosyncratic_volatility_stability,特质波动稳定性,ef3aab23ad374db7b523a27532a575a2,unsupported_external_data,Construct a factor that captures the stability of idiosyncratic volatility during firm-specific news droughts by identifying stretches with minimal company disclosures or media mentions and measuring how much residual volatility drifts during those low-info...,,,
factor_taxonomy.risk.volatility_change.rising_volatility,rising_volatility,波动上升,7a0d4f3f50a7487885c66e42f2fa56b7,unsupported_external_data,"Design a crash-skew steepening factor that looks for assets where out-of-the-money downside option pricing is becoming more expensive relative to at-the-money volatility. Unlike a simple rise in overall implied volatility, this signal isolates the market’s...",,,
factor_taxonomy.risk.volatility_change.rising_volatility,rising_volatility,波动上升,36ed17f3a0d94471bea12573244b1cad,unsupported_external_data,"Construct an event-clustering factor that measures whether an asset is approaching a dense cluster of scheduled catalysts such as earnings, regulatory decisions, product launches, index reviews, or court rulings. Rising concentration of near-dated discrete...",,,
factor_taxonomy.risk.volatility_change.volatility_jump,volatility_jump,波动跳变,ab32d9206aa04808ba78e8b790844586,unsupported_external_data,"Build a supply-chain spillover jump factor by measuring how often key economic neighbors, such as major suppliers, customers, parent entities, or economically linked peers, experience abrupt news-driven moves, then assigning higher jump risk to stocks expos...",,,
factor_taxonomy.risk.volatility_change.volatility_clustering_strength,volatility_clustering_strength,波动聚类强度,8fd4b21e7fb04d63ba2eff2b9a9acf4e,unsupported_external_data,"Build a spillover clustering factor by measuring whether an asset's volatility remains elevated after volatility shocks in its sector, supply chain, or broader market peers. If own volatility clustering is tightly linked to persistent external stress, the a...",,,
factor_taxonomy.risk.volatility_change.volatility_clustering_strength,volatility_clustering_strength,波动聚类强度,5b3ab8cac06e4d56885442eef9d41f0e,unsupported_external_data,"Define an option-feedback clustering factor that captures whether increases in implied volatility are followed by sustained realized volatility rather than quick mean reversion. This mechanism reflects a market in which forward-looking hedging demand, deale...",,,
factor_taxonomy.risk.risk_exposure.downside_beta_exposure,downside_beta_exposure,下行beta暴露,69842b8b9d8e409fa576a28492685b9a,unsupported_external_data,"Build a downside beta factor from common ownership with broad market funds or benchmark-sensitive institutions. When the market falls, investors facing redemptions, risk limits, or benchmark de-risking often sell overlapping positions together, so stocks he...",,,
factor_taxonomy.risk.risk_exposure.downside_beta_exposure,downside_beta_exposure,下行beta暴露,f3db6a6bb36b4635bd23ed8c2049e62f,unsupported_external_data,"Define a downside beta seed using option dealer positioning by identifying stocks likely to be in negative dealer gamma states. In those names, market declines can trigger hedging flows that require dealers to sell more underlying shares, mechanically reinf...",,,
factor_taxonomy.risk.risk_exposure.industry_risk_exposure,industry_risk_exposure,行业风险暴露,d3dfb7adc1bd482cb029b270045659f5,unsupported_external_data,"Create a credit-spread industry exposure factor by measuring whether a firm’s bond yields, CDS spreads, or debt issuance terms respond more to credit conditions in another industry than to those of its own sector. Firms whose financing costs are tied to ext...",,,
factor_taxonomy.risk.risk_exposure.industry_risk_exposure,industry_risk_exposure,行业风险暴露,305d61cc22bb4a9dbac9299a164d91c1,unsupported_external_data,"Define a digital audience industry exposure factor by inferring the industry mix of users who visit the firm’s websites, apps, or online platforms and then measuring concentration in traffic from specific business verticals. The idea is that online engageme...",,,
factor_taxonomy.risk.risk_exposure.macro_factor_exposure,macro_factor_exposure,宏观因子暴露,3d5af06280fa4797a8017af18fa60eb9,unsupported_external_data,"Build a bank-credit-supply exposure factor by estimating each stock’s sensitivity to shocks in lending standards and loan availability rather than to traded credit spreads. Firms reliant on bank intermediation, working-capital lines, or customer credit form...",,,
factor_taxonomy.risk.drawdown_risk.average_drawdown,average_drawdown,平均回撤,1a2615c94c134aeba8da5488e9d04f9c,unsupported_external_data,"Build an implied-protection average drawdown factor by interacting average drawdown with option-implied skew, put-call demand, or downside implied volatility richness. When a name already exhibits persistent average drawdowns and the options market simultan...",,,
factor_taxonomy.risk.drawdown_risk.drawdown_duration,drawdown_duration,回撤持续期,236a498111d8423ca8abca88083713fe,unsupported_external_data,"Construct a factor based on the frequency of near-recoveries that stall just before a new high, such as repeated approaches to the prior peak followed by renewed slippage that extends the same drawdown episode. A high count of failed near-recoveries indicat...",,,
factor_taxonomy.risk.drawdown_risk.drawdown_duration,drawdown_duration,回撤持续期,4ab563730f7e44c3bcc4beab35e054d9,unsupported_external_data,"Form a factor from the persistence of negative information flow within a drawdown by counting whether adverse news, estimate cuts, or downgrades continue to arrive while the asset remains below its prior high. Drawdowns accompanied by an ongoing trickle of...",,,
factor_taxonomy.risk.drawdown_risk.small_drawdown_density,small_drawdown_density,高频小回撤密度,7b06f5e3779046f7a9c4d554652265ad,unsupported_external_data,Construct a factor that separates whether dense small drawdowns originate mainly from overnight gaps or from intraday trading reversals. A path dominated by overnight mini-drawdowns may indicate recurring negative information leakage or risk-premium reprici...,,,
factor_taxonomy.risk.drawdown_risk.small_drawdown_density,small_drawdown_density,高频小回撤密度,34ee22eb145f465a8e8fd809e0543c8c,unsupported_external_data,"Build a factor from the density of idiosyncratic small drawdowns after removing market and sector moves. If an asset repeatedly slips into shallow drawdowns even when the broader tape is stable, the pattern may reflect asset-specific supply, weak sponsorshi...",,,
factor_taxonomy.risk.tail_risk.extreme_loss_frequency,extreme_loss_frequency,极端亏损频率,5296a48bce0b42599444de25d520f092,unsupported_external_data,"Build a factor around crowded ownership and positioning-unwind risk by isolating securities with concentrated institutional holdings, high hedge-fund overlap, or crowded factor membership, and then measuring whether those crowding states foreshadow more fre...",,,
factor_taxonomy.risk.tail_risk.extreme_loss_frequency,extreme_loss_frequency,极端亏损频率,fe1b6f67866e4ad99b437b564a411810,unsupported_external_data,Define a factor from option-implied crash-insurance demand by using persistent richness in downside skew or put pricing relative to at-the-money volatility as a market-based estimate of expected future downside-jump frequency. If option traders consistently...,,,
factor_taxonomy.risk.tail_risk.tail_resonance_risk,tail_resonance_risk,尾部共振风险,c29d950d941b4857b952dfd6f747cc18,unsupported_external_data,"Construct a crowding-based tail resonance factor using overlap between the asset’s institutional holder base and that of broad risk portfolios vulnerable to redemptions. The mechanism is that when many assets are owned by the same constrained investors, tai...",,,
factor_taxonomy.risk.tail_risk.downside_jump_risk,downside_jump_risk,下行跳跃风险,b8cf81ec6adf4658beba7fa3b786c885,unsupported_external_data,Construct an institutional crowding crash-susceptibility factor by measuring whether ownership is concentrated in fast-moving investors whose correlated deleveraging can turn modest bad news into sudden downside gaps. Stocks held heavily by overlapping fund...,,,
factor_taxonomy.risk.asymmetric_risk_pricing.good_bad_volatility_decomposition,good_bad_volatility_decomposition,好波动/坏波动分解,cbcb6b1e11dd44b98589971891d48c92,unsupported_external_data,"Generate a supply-chain contagion factor by decomposing a stock’s volatility into good and bad parts and linking it to the sign-specific volatility of customers, suppliers, or economically connected peers. A stock whose bad volatility rises when connected f...",,,
factor_taxonomy.risk.asymmetric_risk_pricing.upside_downside_volatility_split,upside_downside_volatility_split,上行波动与下行波动分离,4dd1d5f42f7a44c5845297565922f667,unsupported_external_data,"Build a factor that relates semivolatility to buy-sell pressure by computing downside semivolatility on net seller-initiated days and upside semivolatility on net buyer-initiated days, then comparing their relative dominance. This captures whether volatilit...",,,
factor_taxonomy.risk.asymmetric_risk_pricing.asymmetric_risk_premium,asymmetric_risk_premium,风险补偿不对称,032a3d74a5f24e01a8e58ef63355c8fe,unsupported_external_data,"Construct a supply-chain downside contagion factor by estimating whether a firm is much more exposed to customers or suppliers experiencing distress, inventory cuts, or earnings misses than it is to partners experiencing positive demand surprises. The signa...",,,
factor_taxonomy.risk.asymmetric_risk_pricing.conditional_risk_under_stress,conditional_risk_under_stress,市场压力状态下的条件风险,af079494adb848b692ed9a38a6bef8a5,unsupported_external_data,Design a stress-state crash-impliedness factor that uses option markets to gauge how much a stock’s left-tail insurance cost steepens when broad market stress rises. The mechanism is not simple volatility exposure but the conditional repricing of downside t...,,,
