id,split_type,family,prompt,expected_dsl,expected_code,prediction,manual_score,notes,selected_candidate,candidate_scores,error_type
code_gen_0579,generalization_time_series_paraphrase,gen_quantile_value,请把这个未见过的金融想法转成 `dsl_fire` 代码块，代码块内只写 result 赋值：从量化研究角度，估值便宜程度高于自身 85 日 70% 分位数越多，价值信号越突出。最终只需要一个可执行表达式。,"sub(recip(pb), ts_quantile(recip(pb), 85, 0.7))","```dsl_fire
result = sub(recip(pb), ts_quantile(recip(pb), 85, 0.7))
```","```dsl_fire
result = div(sub(close, ts_min(low, 20)), sub(ts_max(high, 20), ts_min(low, 20)))
```",,,1,"c1:score=120,parse=True,exec=True | c2:score=120,parse=True,exec=True | c3:score=120,parse=True,exec=True | c4:score=120,parse=True,exec=True | c5:score=120,parse=True,exec=True",semantic_mismatch
code_gen_0566,generalization_regression_paraphrase,gen_corr_flow_return,请把这个未见过的金融想法转成 `dsl_fire` 代码块，代码块内只写 result 赋值：作为教学样例，用 42 日滚动相关衡量换手代理和日收益同步性。注意窗口、方向和字段选择。,"ts_corr(div(volume, market_cap), pct_change(close, 1), 42)","```dsl_fire
result = ts_corr(div(volume, market_cap), pct_change(close, 1), 42)
```","```dsl_fire
result = ts_cumsum(pct_change(close, 1), 45)
```",,,1,"c1:score=20,parse=True,exec=False | c2:score=20,parse=True,exec=False | c3:score=20,parse=True,exec=False | c4:score=20,parse=True,exec=False | c5:score=20,parse=True,exec=False",execution_error
code_gen_0553,generalization_regression_paraphrase,gen_reg_value_size,请把这个未见过的金融想法转成 `dsl_fire` 代码块，代码块内只写 result 赋值：把这个 alpha 逻辑写成表达式：用 22 日滚动回归提取估值相对市值解释后的残差。这个想法需要转换为函数式 DSL。,"ts_reg_res(recip(pb), log(market_cap), 22)","```dsl_fire
result = ts_reg_res(recip(pb), log(market_cap), 22)
```","```dsl_fire
result = ts_reg_res(minimum(pct_change(close, 1), 2), 2)
```",,,1,"c1:score=20,parse=True,exec=False | c2:score=20,parse=True,exec=False | c3:score=20,parse=True,exec=False | c4:score=20,parse=True,exec=False | c5:score=20,parse=True,exec=False",execution_error
code_gen_0151,generalization_time_series,gen_argmin_close,请把这个未见过的金融想法转成 `dsl_fire` 代码块，代码块内只写 result 赋值：收盘价在 27 日窗口内低点位置用于描述路径。,"ts_argmin(close, 27)","```dsl_fire
result = ts_argmin(close, 27)
```","```dsl_fire
result = div(sub(shift(close, 2)), shift(close, 2)
```",,,1,"c1:score=0,parse=False,exec=False | c2:score=0,parse=False,exec=False | c3:score=0,parse=False,exec=False | c4:score=0,parse=False,exec=False | c5:score=0,parse=False,exec=False",parse_error
code_gen_0365,generalization_time_series_paraphrase,gen_argmin_market_cap,请把这个未见过的金融想法转成 `dsl_fire` 代码块，代码块内只写 result 赋值：作为教学样例，总市值在 66 日窗口内低点位置用于描述路径。请保持字段和算子命名规范。,"ts_argmin(market_cap, 66)","```dsl_fire
result = ts_argmin(market_cap, 66)
```","```dsl_fire
result = div( tsign(pct_change(close, 20), log(market_cap)), pct_change(close, 5))
```",,,5,"c1:score=0,parse=False,exec=False | c2:score=0,parse=False,exec=False | c3:score=0,parse=False,exec=False | c4:score=0,parse=False,exec=False | c5:score=20,parse=True,exec=False",execution_error
code_gen_0078,generalization_conditional,gen_value_momentum_gate,请把这个未见过的金融想法转成 `dsl_fire` 代码块，代码块内只写 result 赋值：只有估值便宜且 28 日动量高于市场均值时，才保留价值动量组合。,"where(logical_and(gt(recip(pb), xs_mean(recip(pb))), gt(pct_change(close, 28), xs_mean(pct_change(close, 28)))), add(recip(pb), pct_change(close, 28)), 0.0)","```dsl_fire
result = where(logical_and(gt(recip(pb), xs_mean(recip(pb))), gt(pct_change(close, 28), xs_mean(pct_change(close, 28)))), add(recip(pb), pct_change(close, 28)), 0.0)
```","```dsl_fire
result = where(logical_and(gt(recip(pb), xs_mean(recip(pb))), gt(log(recip(pb)), xs_mean(recip(pb)))), log(market_cap), 0.0)
```",,,3,"c1:score=0,parse=False,exec=False | c2:score=0,parse=False,exec=False | c3:score=20,parse=True,exec=False | c4:score=0,parse=False,exec=False | c5:score=0,parse=False,exec=False",execution_error
code_gen_0389,generalization_time_series_paraphrase,gen_argmin_close,请把这个未见过的金融想法转成 `dsl_fire` 代码块，代码块内只写 result 赋值：作为教学样例，收盘价在 17 日窗口内低点位置用于描述路径。最终只需要一个可执行表达式。,"ts_argmin(close, 17)","```dsl_fire
result = ts_argmin(close, 17)
```","```dsl_fire
result = div(sub(shift(close, 1), shift(close, 1), shift(close, 1))
```",,,1,"c1:score=0,parse=False,exec=False | c2:score=0,parse=False,exec=False | c3:score=0,parse=False,exec=False | c4:score=0,parse=False,exec=False | c5:score=0,parse=False,exec=False",parse_error
code_gen_0302,generalization_regression_paraphrase,gen_corr_flow_return,请把这个未见过的金融想法转成 `dsl_fire` 代码块，代码块内只写 result 赋值：作为教学样例，用 9 日滚动相关衡量换手代理和日收益同步性。不要使用解释文字。,"ts_corr(div(volume, market_cap), pct_change(close, 1), 9)","```dsl_fire
result = ts_corr(div(volume, market_cap), pct_change(close, 1), 9)
```","```dsl_fire
result = ts_regggmax(div(volume, market_cap), ts_cap)
```",,,1,"c1:score=20,parse=True,exec=False | c2:score=20,parse=True,exec=False | c3:score=20,parse=True,exec=False | c4:score=20,parse=True,exec=False | c5:score=20,parse=True,exec=False",execution_error
code_gen_0416,generalization_conditional_paraphrase,gen_conditional_xs_high_19,请把这个未见过的金融想法转成 `dsl_fire` 代码块，代码块内只写 result 赋值：作为教学样例，只有最高价横截面标准化值为正时，才保留 19 日动量。注意窗口、方向和字段选择。,"where(gt(div(sub(high, xs_mean(high)), xs_std(high)), 0.0), pct_change(close, 19), 0.0)","```dsl_fire
result = where(gt(div(sub(high, xs_mean(high)), xs_std(high)), 0.0), pct_change(close, 19), 0.0)
```","```dsl_fire
result = where(gt(div(sub(volume, ts_mean(volume, 20)), ts_std(shift(volume, 20))), group_mean(div(sub(volume, ts_mean(volume, 20)), ts_std(volume, 20))), xs_mean(div(volume, market_cap), 20)), 0.0)
```",,,5,"c1:score=0,parse=False,exec=False | c2:score=0,parse=False,exec=False | c3:score=0,parse=False,exec=False | c4:score=0,parse=False,exec=False | c5:score=20,parse=True,exec=False",execution_error
code_gen_0114,generalization_time_series,gen_argmax_pb,请把这个未见过的金融想法转成 `dsl_fire` 代码块，代码块内只写 result 赋值：市净率 PB在 66 日窗口内高点越靠近当前，信号越新。,"neg(ts_argmax(pb, 66))","```dsl_fire
result = neg(ts_argmax(pb, 66))
```","```dsl_fire
result = neg(ts_argmax(pb, 10))
```",,,1,"c1:score=120,parse=True,exec=True | c2:score=120,parse=True,exec=True | c3:score=0,parse=False,exec=False | c4:score=120,parse=True,exec=True | c5:score=120,parse=True,exec=True",semantic_mismatch
code_gen_0321,generalization_time_series_paraphrase,gen_quantile_value,请把这个未见过的金融想法转成 `dsl_fire` 代码块，代码块内只写 result 赋值：从量化研究角度，估值便宜程度高于自身 28 日 70% 分位数越多，价值信号越突出。注意窗口、方向和字段选择。,"sub(recip(pb), ts_quantile(recip(pb), 28, 0.7))","```dsl_fire
result = sub(recip(pb), ts_quantile(recip(pb), 28, 0.7))
```","```dsl_fire
result = sub(div(volume, market_cap), group_mean(div(volume, market_cap), industry)), group_std(div(volume, market_cap), industry))
```",,,1,"c1:score=0,parse=False,exec=False | c2:score=0,parse=False,exec=False | c3:score=0,parse=False,exec=False | c4:score=0,parse=False,exec=False | c5:score=0,parse=False,exec=False",parse_error
code_gen_0205,generalization_group,gen_group_abs_pb_13,请把这个未见过的金融想法转成 `dsl_fire` 代码块，代码块内只写 result 赋值：市净率 PB行业内标准化偏离的绝对值用于测试行业异常程度。,"absolute(div(sub(pb, group_mean(pb, industry)), group_std(pb, industry)))","```dsl_fire
result = absolute(div(sub(pb, group_mean(pb, industry)), group_std(pb, industry)))
```","```dsl_fire
result = div(sub(sqrt(recip(pb)), group_mean(sqrt(recip(pb)), industry)), group_std(sqrt(recip(pb)), industry))
```",,,1,"c1:score=120,parse=True,exec=True | c2:score=120,parse=True,exec=True | c3:score=20,parse=True,exec=False | c4:score=20,parse=True,exec=False | c5:score=20,parse=True,exec=False",semantic_mismatch
code_gen_0202,generalization_conditional,gen_conditional_xs_vwap_47,请把这个未见过的金融想法转成 `dsl_fire` 代码块，代码块内只写 result 赋值：只有成交量加权平均价横截面标准化值为正时，才保留 47 日动量。,"where(gt(div(sub(vwap, xs_mean(vwap)), xs_std(vwap)), 0.0), pct_change(close, 47), 0.0)","```dsl_fire
result = where(gt(div(sub(vwap, xs_mean(vwap)), xs_std(vwap)), 0.0), pct_change(close, 47), 0.0)
```","```dsl_fire
result = where(gt(pct_change(volume, 7), xs_mean(log(market_cap))), div(sub(volume, 7), xs_mean(log(market_cap))), xs_std(log(market_cap))))
```",,,1,"c1:score=0,parse=False,exec=False | c2:score=0,parse=False,exec=False | c3:score=0,parse=False,exec=False | c4:score=0,parse=False,exec=False | c5:score=0,parse=False,exec=False",parse_error
code_gen_0198,generalization_conditional,gen_conditional_xs_vwap_13,请把这个未见过的金融想法转成 `dsl_fire` 代码块，代码块内只写 result 赋值：只有成交量加权平均价横截面标准化值为正时，才保留 13 日动量。,"where(gt(div(sub(vwap, xs_mean(vwap)), xs_std(vwap)), 0.0), pct_change(close, 13), 0.0)","```dsl_fire
result = where(gt(div(sub(vwap, xs_mean(vwap)), xs_std(vwap)), 0.0), pct_change(close, 13), 0.0)
```","```dsl_fire
result = where(gt(pct_change(volume, xs_mean(volume)), xs_std(volume)), 0.0)
```",,,1,"c1:score=20,parse=True,exec=False | c2:score=0,parse=False,exec=False | c3:score=20,parse=True,exec=False | c4:score=20,parse=True,exec=False | c5:score=20,parse=True,exec=False",execution_error
code_gen_0025,generalization_unseen_window,gen_unseen_window_reversal,请把这个未见过的金融想法转成 `dsl_fire` 代码块，代码块内只写 result 赋值：过去 35 日涨幅越高，后续均值回归压力越大。,"neg(pct_change(close, 35))","```dsl_fire
result = neg(pct_change(close, 35))
```","```dsl_fire
result = neg(ts_argmax(close, 3))
```",,,1,"c1:score=120,parse=True,exec=True | c2:score=120,parse=True,exec=True | c3:score=120,parse=True,exec=True | c4:score=120,parse=True,exec=True | c5:score=120,parse=True,exec=True",semantic_mismatch
code_gen_0112,generalization_time_series,gen_argmax_pb,请把这个未见过的金融想法转成 `dsl_fire` 代码块，代码块内只写 result 赋值：市净率 PB在 38 日窗口内高点越靠近当前，信号越新。,"neg(ts_argmax(pb, 38))","```dsl_fire
result = neg(ts_argmax(pb, 38))
```","```dsl_fire
result = ts_argmin(ts_lt(pct_change(close, 1), 3)), 3)
```",,,1,"c1:score=0,parse=False,exec=False | c2:score=0,parse=False,exec=False | c3:score=0,parse=False,exec=False | c4:score=0,parse=False,exec=False | c5:score=0,parse=False,exec=False",parse_error
code_gen_0219,generalization_conditional,gen_conditional_xs_market_cap_73,请把这个未见过的金融想法转成 `dsl_fire` 代码块，代码块内只写 result 赋值：只有总市值横截面标准化值为正时，才保留 73 日动量。,"where(gt(div(sub(market_cap, xs_mean(market_cap)), xs_std(market_cap)), 0.0), pct_change(close, 73), 0.0)","```dsl_fire
result = where(gt(div(sub(market_cap, xs_mean(market_cap)), xs_std(market_cap)), 0.0), pct_change(close, 73), 0.0)
```","```dsl_fire
result = where(gt(ts_xor(pct_change(close, 7), xs_mean(pct_change(close, 7))), neg(sign(pct_change(close, 7))), 0.0)
```",,,1,"c1:score=0,parse=False,exec=False | c2:score=0,parse=False,exec=False | c3:score=0,parse=False,exec=False | c4:score=0,parse=False,exec=False | c5:score=0,parse=False,exec=False",parse_error
code_gen_0288,generalization_composition_paraphrase,gen_quality_trend,请把这个未见过的金融想法转成 `dsl_fire` 代码块，代码块内只写 result 赋值：从量化研究角度，同时偏好 50 日风险调整趋势高且收益方差低的股票。这个想法需要转换为函数式 DSL。,"add(div(pct_change(close, 50), ts_std(pct_change(close, 1), 50)), neg(ts_var(pct_change(close, 1), 50)))","```dsl_fire
result = add(div(pct_change(close, 50), ts_std(pct_change(close, 1), 50)), neg(ts_var(pct_change(close, 1), 50)))
```","```dsl_fire
result = where(log(market_cap), log(market_cap)), neg(log(market_cap))
```",,,1,"c1:score=20,parse=True,exec=False | c2:score=0,parse=False,exec=False | c3:score=0,parse=False,exec=False | c4:score=0,parse=False,exec=False | c5:score=0,parse=False,exec=False",execution_error
code_gen_0217,generalization_conditional,gen_conditional_xs_market_cap_31,请把这个未见过的金融想法转成 `dsl_fire` 代码块，代码块内只写 result 赋值：只有总市值横截面标准化值为正时，才保留 31 日动量。,"where(gt(div(sub(market_cap, xs_mean(market_cap)), xs_std(market_cap)), 0.0), pct_change(close, 31), 0.0)","```dsl_fire
result = where(gt(div(sub(market_cap, xs_mean(market_cap)), xs_std(market_cap)), 0.0), pct_change(close, 31), 0.0)
```","```dsl_fire
result = where(gt(div(sub(log(market_cap), xs_mean(log(market_cap))), xs_std(log(market_cap))), 1.0)
```",,,1,"c1:score=0,parse=False,exec=False | c2:score=0,parse=False,exec=False | c3:score=0,parse=False,exec=False | c4:score=0,parse=False,exec=False | c5:score=0,parse=False,exec=False",parse_error
code_gen_0121,generalization_time_series,gen_argmin_market_cap,请把这个未见过的金融想法转成 `dsl_fire` 代码块，代码块内只写 result 赋值：总市值在 27 日窗口内低点位置用于描述路径。,"ts_argmin(market_cap, 27)","```dsl_fire
result = ts_argmin(market_cap, 27)
```","```dsl_fire
result = ts_argmaxmin(market_cap, 2)
```",,,5,"c1:score=20,parse=True,exec=False | c2:score=0,parse=False,exec=False | c3:score=0,parse=False,exec=False | c4:score=20,parse=True,exec=False | c5:score=120,parse=True,exec=True",semantic_mismatch
code_gen_0127,generalization_time_series,gen_argmin_volume,请把这个未见过的金融想法转成 `dsl_fire` 代码块，代码块内只写 result 赋值：成交量在 11 日窗口内低点位置用于描述路径。,"ts_argmin(volume, 11)","```dsl_fire
result = ts_argmin(volume, 11)
```","```dsl_fire
result = ts_win_cumsum(pct_change(volume, 1), 20)
```",,,1,"c1:score=120,parse=True,exec=True | c2:score=120,parse=True,exec=True | c3:score=120,parse=True,exec=True | c4:score=120,parse=True,exec=True | c5:score=120,parse=True,exec=True",semantic_mismatch
code_gen_0327,generalization_time_series_paraphrase,gen_quantile_value,请把这个未见过的金融想法转成 `dsl_fire` 代码块，代码块内只写 result 赋值：从量化研究角度，估值便宜程度高于自身 42 日 70% 分位数越多，价值信号越突出。不要使用解释文字。,"sub(recip(pb), ts_quantile(recip(pb), 42, 0.7))","```dsl_fire
result = sub(recip(pb), ts_quantile(recip(pb), 42, 0.7))
```","```dsl_fire
result = div(sub(close, ts_min(low, 10)), sub(ts_max(high, 10), ts_min(low, 10)))
```",,,1,"c1:score=120,parse=True,exec=True | c2:score=120,parse=True,exec=True | c3:score=120,parse=True,exec=True | c4:score=120,parse=True,exec=True | c5:score=120,parse=True,exec=True",semantic_mismatch
code_gen_0326,generalization_regression_paraphrase,gen_corr_flow_return,请把这个未见过的金融想法转成 `dsl_fire` 代码块，代码块内只写 result 赋值：作为教学样例，用 42 日滚动相关衡量换手代理和日收益同步性。注意窗口、方向和字段选择。,"ts_corr(div(volume, market_cap), pct_change(close, 1), 42)","```dsl_fire
result = ts_corr(div(volume, market_cap), pct_change(close, 1), 42)
```","```dsl_fire
result = ts_cumsum(pct_change(close, 1), 45)
```",,,1,"c1:score=20,parse=True,exec=False | c2:score=20,parse=True,exec=False | c3:score=20,parse=True,exec=False | c4:score=20,parse=True,exec=False | c5:score=20,parse=True,exec=False",execution_error
code_gen_0311,generalization_conditional_paraphrase,gen_size_liquidity_gate,请把这个未见过的金融想法转成 `dsl_fire` 代码块，代码块内只写 result 赋值：作为教学样例，只有小市值暴露高于市场均值时，才保留 22 日流动性信号。注意窗口、方向和字段选择。,"where(gt(neg(log(market_cap)), xs_mean(neg(log(market_cap)))), log1p(ts_mean(volume, 22)), 0.0)","```dsl_fire
result = where(gt(neg(log(market_cap)), xs_mean(neg(log(market_cap)))), log1p(ts_mean(volume, 22)), 0.0)
```","```dsl_fire
result = where(logical_or(gt(log(market_cap), xs_mean(log(market_cap))), gt(neg(log(market_cap)), xs_mean(neg(log(market_cap))))), add(neg(log(market_cap)), div(sub(volume, ts_mean(volume, 20)), ts_std(volume, 20
```",,,1,"c1:score=0,parse=False,exec=False | c2:score=0,parse=False,exec=False | c3:score=0,parse=False,exec=False | c4:score=0,parse=False,exec=False | c5:score=0,parse=False,exec=False",parse_error
code_gen_0291,generalization_composition_paraphrase,gen_industry_value_momentum,请把这个未见过的金融想法转成 `dsl_fire` 代码块，代码块内只写 result 赋值：从量化研究角度，行业内估值便宜且 50 日动量较强的股票得分更高。注意窗口、方向和字段选择。,"add(div(sub(recip(pb), group_mean(recip(pb), industry)), group_std(recip(pb), industry)), pct_change(close, 50))","```dsl_fire
result = add(div(sub(recip(pb), group_mean(recip(pb), industry)), group_std(recip(pb), industry)), pct_change(close, 50))
```","```dsl_fire
result = div(ts_cap), group_mean(log(market_cap), industry)), group_sum(absolute(pct_change(close, 20)), industry))
```",,,1,"c1:score=0,parse=False,exec=False | c2:score=0,parse=False,exec=False | c3:score=0,parse=False,exec=False | c4:score=0,parse=False,exec=False | c5:score=0,parse=False,exec=False",parse_error
code_gen_0014,generalization_unseen_window,gen_unseen_window_vol,请把这个未见过的金融想法转成 `dsl_fire` 代码块，代码块内只写 result 赋值：过去 12 日日收益波动越低，稳定性越强。,"neg(ts_std(pct_change(close, 1), 12))","```dsl_fire
result = neg(ts_std(pct_change(close, 1), 12))
```","```dsl_fire
result = sub(ts_mean(pct_change(close, 1), 20), ts_std(pct_change(close, 1), 120))
```",,,1,"c1:score=20,parse=True,exec=False | c2:score=20,parse=True,exec=False | c3:score=20,parse=True,exec=False | c4:score=20,parse=True,exec=False | c5:score=0,parse=False,exec=False",execution_error
code_gen_0000,generalization_unseen_window,gen_unseen_window_momentum,请把这个未见过的金融想法转成 `dsl_fire` 代码块，代码块内只写 result 赋值：过去 4 日收盘价收益越高，短期趋势越强。,"pct_change(close, 4)","```dsl_fire
result = pct_change(close, 4)
```","```dsl_fire
result = ts_prod(ts_mean(volume, 1), 20)
```",,,2,"c1:score=0,parse=False,exec=False | c2:score=120,parse=True,exec=True | c3:score=0,parse=False,exec=False | c4:score=0,parse=False,exec=False | c5:score=0,parse=False,exec=False",semantic_mismatch
code_gen_0085,generalization_regression,gen_reg_value_size,请把这个未见过的金融想法转成 `dsl_fire` 代码块，代码块内只写 result 赋值：用 42 日滚动回归提取估值相对市值解释后的残差。,"ts_reg_res(recip(pb), log(market_cap), 42)","```dsl_fire
result = ts_reg_res(recip(pb), log(market_cap), 42)
```","```dsl_fire
result = div(ts_quantile(log), absolute(pct_change(close, 1), xs_mean(pct_change(close, 1), 2)))
```",,,2,"c1:score=0,parse=False,exec=False | c2:score=20,parse=True,exec=False | c3:score=20,parse=True,exec=False | c4:score=0,parse=False,exec=False | c5:score=0,parse=False,exec=False",execution_error
code_gen_0521,generalization_composition_paraphrase,gen_value_momentum,请把这个未见过的金融想法转成 `dsl_fire` 代码块，代码块内只写 result 赋值：作为教学样例，同时偏好低 PB 估值和 25 日价格动量强的股票。注意窗口、方向和字段选择。,"add(recip(pb), pct_change(close, 25))","```dsl_fire
result = add(recip(pb), pct_change(close, 25))
```","```dsl_fire
result = div(ts_std(pct_change(close, 1), 20), ts_last(shift(close, 1), 20))
```",,,2,"c1:score=0,parse=False,exec=False | c2:score=120,parse=True,exec=True | c3:score=0,parse=False,exec=False | c4:score=20,parse=True,exec=False | c5:score=0,parse=False,exec=False",semantic_mismatch
code_gen_0369,generalization_time_series_paraphrase,gen_argmin_volume,请把这个未见过的金融想法转成 `dsl_fire` 代码块，代码块内只写 result 赋值：从量化研究角度，成交量在 17 日窗口内低点位置用于描述路径。最终只需要一个可执行表达式。,"ts_argmin(volume, 17)","```dsl_fire
result = ts_argmin(volume, 17)
```","```dsl_fire
result = div(sub)
```",,,1,"c1:score=20,parse=True,exec=False | c2:score=20,parse=True,exec=False | c3:score=0,parse=False,exec=False | c4:score=0,parse=False,exec=False | c5:score=0,parse=False,exec=False",execution_error
code_gen_0153,generalization_time_series,gen_argmin_close,请把这个未见过的金融想法转成 `dsl_fire` 代码块，代码块内只写 result 赋值：收盘价在 38 日窗口内低点位置用于描述路径。,"ts_argmin(close, 38)","```dsl_fire
result = ts_argmin(close, 38)
```","```dsl_fire
result = div(sub(shift(close, 3)), shift(close, 1), shift(close, 1), 3))
```",,,1,"c1:score=0,parse=False,exec=False | c2:score=0,parse=False,exec=False | c3:score=0,parse=False,exec=False | c4:score=0,parse=False,exec=False | c5:score=0,parse=False,exec=False",parse_error
code_gen_0477,generalization_cross_section_paraphrase,gen_xs_prod_return,请把这个未见过的金融想法转成 `dsl_fire` 代码块，代码块内只写 result 赋值：从量化研究角度，31 日收益加一后的横截面乘积测试未见聚合结构。不要使用解释文字。,"xs_prod(add(1.0, pct_change(close, 31)))","```dsl_fire
result = xs_prod(add(1.0, pct_change(close, 31)))
```","```dsl_fire
result = pct_change(close, 3), 3.0)
```",,,1,"c1:score=0,parse=False,exec=False | c2:score=0,parse=False,exec=False | c3:score=0,parse=False,exec=False | c4:score=0,parse=False,exec=False | c5:score=0,parse=False,exec=False",parse_error
code_gen_0026,generalization_unseen_window,gen_unseen_window_vol,请把这个未见过的金融想法转成 `dsl_fire` 代码块，代码块内只写 result 赋值：过去 35 日日收益波动越低，稳定性越强。,"neg(ts_std(pct_change(close, 1), 35))","```dsl_fire
result = neg(ts_std(pct_change(close, 1), 35))
```","```dsl_fire
result = pct_change(close, 3)
```",,,5,"c1:score=0,parse=False,exec=False | c2:score=0,parse=False,exec=False | c3:score=0,parse=False,exec=False | c4:score=0,parse=False,exec=False | c5:score=120,parse=True,exec=True",semantic_mismatch
code_gen_0506,generalization_unseen_window_paraphrase,gen_unseen_window_vol,请把这个未见过的金融想法转成 `dsl_fire` 代码块，代码块内只写 result 赋值：作为教学样例，过去 35 日日收益波动越低，稳定性越强。注意窗口、方向和字段选择。,"neg(ts_std(pct_change(close, 1), 35))","```dsl_fire
result = neg(ts_std(pct_change(close, 1), 35))
```","```dsl_fire
result = ts_l_res(logical_l_cap)), pct_change(close, 3), 3)
```",,,1,"c1:score=0,parse=False,exec=False | c2:score=0,parse=False,exec=False | c3:score=0,parse=False,exec=False | c4:score=0,parse=False,exec=False | c5:score=0,parse=False,exec=False",parse_error
code_gen_0166,generalization_conditional,gen_conditional_xs_close_13,请把这个未见过的金融想法转成 `dsl_fire` 代码块，代码块内只写 result 赋值：只有收盘价横截面标准化值为正时，才保留 13 日动量。,"where(gt(div(sub(close, xs_mean(close)), xs_std(close)), 0.0), pct_change(close, 13), 0.0)","```dsl_fire
result = where(gt(div(sub(close, xs_mean(close)), xs_std(close)), 0.0), pct_change(close, 13), 0.0)
```","```dsl_fire
result = where(gt(div(sub(log(market_cap), xs_mean(log(market_cap))), xs_std(log(market_cap))), xs_mean(div(sub(log(market_cap), xs_mean(log(market_cap))), xs_std(log(market_cap))))), gt(pct_change(close, 20), 0
```",,,1,"c1:score=0,parse=False,exec=False | c2:score=0,parse=False,exec=False | c3:score=0,parse=False,exec=False | c4:score=0,parse=False,exec=False | c5:score=0,parse=False,exec=False",parse_error
code_gen_0414,generalization_conditional_paraphrase,gen_conditional_xs_high_13,请把这个未见过的金融想法转成 `dsl_fire` 代码块，代码块内只写 result 赋值：从量化研究角度，只有最高价横截面标准化值为正时，才保留 13 日动量。最终只需要一个可执行表达式。,"where(gt(div(sub(high, xs_mean(high)), xs_std(high)), 0.0), pct_change(close, 13), 0.0)","```dsl_fire
result = where(gt(div(sub(high, xs_mean(high)), xs_std(high)), 0.0), pct_change(close, 13), 0.0)
```","```dsl_fire
result = where(gt(div(sub(log(market_cap), xs_mean(log(market_cap))), xs_std(log(market_cap))), xs_mean(div(sub(log(market_cap), xs_mean(log(market_cap))), xs_std(log(market_cap))))), gt(pct_change(close, 20), 0
```",,,1,"c1:score=0,parse=False,exec=False | c2:score=0,parse=False,exec=False | c3:score=0,parse=False,exec=False | c4:score=0,parse=False,exec=False | c5:score=0,parse=False,exec=False",parse_error
code_gen_0052,generalization_composition,gen_quality_trend,请把这个未见过的金融想法转成 `dsl_fire` 代码块，代码块内只写 result 赋值：同时偏好 75 日风险调整趋势高且收益方差低的股票。,"add(div(pct_change(close, 75), ts_std(pct_change(close, 1), 75)), neg(ts_var(pct_change(close, 1), 75)))","```dsl_fire
result = add(div(pct_change(close, 75), ts_std(pct_change(close, 1), 75)), neg(ts_var(pct_change(close, 1), 75)))
```","```dsl_fire
result = sub(ts_mean(pct_change(close, 1), 7), xs_mean(ts_std(pct_change(close, 1), 20)))
```",,,1,"c1:score=120,parse=True,exec=True | c2:score=120,parse=True,exec=True | c3:score=120,parse=True,exec=True | c4:score=120,parse=True,exec=True | c5:score=120,parse=True,exec=True",semantic_mismatch
code_gen_0109,generalization_time_series,gen_argmin_pb,请把这个未见过的金融想法转成 `dsl_fire` 代码块，代码块内只写 result 赋值：市净率 PB在 17 日窗口内低点位置用于描述路径。,"ts_argmin(pb, 17)","```dsl_fire
result = ts_argmin(pb, 17)
```","```dsl_fire
result = div(pb, ts_close, 20)
```",,,1,"c1:score=20,parse=True,exec=False | c2:score=0,parse=False,exec=False | c3:score=0,parse=False,exec=False | c4:score=0,parse=False,exec=False | c5:score=20,parse=True,exec=False",execution_error
code_gen_0301,generalization_regression_paraphrase,gen_reg_value_size,请把这个未见过的金融想法转成 `dsl_fire` 代码块，代码块内只写 result 赋值：把这个 alpha 逻辑写成表达式：用 9 日滚动回归提取估值相对市值解释后的残差。注意窗口、方向和字段选择。,"ts_reg_res(recip(pb), log(market_cap), 9)","```dsl_fire
result = ts_reg_res(recip(pb), log(market_cap), 9)
```","```dsl_fire
result = ts_win_cumsum(pct_change(close, 1), 90)
```",,,1,"c1:score=120,parse=True,exec=True | c2:score=120,parse=True,exec=True | c3:score=120,parse=True,exec=True | c4:score=120,parse=True,exec=True | c5:score=120,parse=True,exec=True",semantic_mismatch
code_gen_0195,generalization_conditional,gen_conditional_xs_volume_73,请把这个未见过的金融想法转成 `dsl_fire` 代码块，代码块内只写 result 赋值：只有成交量横截面标准化值为正时，才保留 73 日动量。,"where(gt(div(sub(volume, xs_mean(volume)), xs_std(volume)), 0.0), pct_change(close, 73), 0.0)","```dsl_fire
result = where(gt(div(sub(volume, xs_mean(volume)), xs_std(volume)), 0.0), pct_change(close, 73), 0.0)
```","```dsl_fire
result = where(gt(ts_xor(pct_change(close, 7), xs_mean(pct_change(close, 7), xs_mean(pct_change(close, 7), 0.0)), pct_change(close, 7), 0.0)
```",,,1,"c1:score=0,parse=False,exec=False | c2:score=0,parse=False,exec=False | c3:score=0,parse=False,exec=False | c4:score=0,parse=False,exec=False | c5:score=0,parse=False,exec=False",parse_error
code_gen_0247,generalization_unseen_window_paraphrase,gen_unseen_window_volume,请把这个未见过的金融想法转成 `dsl_fire` 代码块，代码块内只写 result 赋值：把这个 alpha 逻辑写成表达式：短期成交量相对 6 日均量越高，放量越明显。不要使用解释文字。,"div(ts_mean(volume, 2), ts_mean(volume, 6))","```dsl_fire
result = div(ts_mean(volume, 2), ts_mean(volume, 6))
```","```dsl_fire
result = pct_change(volume, 10)
```",,,1,"c1:score=120,parse=True,exec=True | c2:score=120,parse=True,exec=True | c3:score=120,parse=True,exec=True | c4:score=120,parse=True,exec=True | c5:score=120,parse=True,exec=True",semantic_mismatch
code_gen_0451,generalization_conditional_paraphrase,gen_conditional_xs_pb_73,请把这个未见过的金融想法转成 `dsl_fire` 代码块，代码块内只写 result 赋值：把这个 alpha 逻辑写成表达式：只有市净率 PB横截面标准化值为正时，才保留 73 日动量。注意窗口、方向和字段选择。,"where(gt(div(sub(pb, xs_mean(pb)), xs_std(pb)), 0.0), pct_change(close, 73), 0.0)","```dsl_fire
result = where(gt(div(sub(pb, xs_mean(pb)), xs_std(pb)), 0.0), pct_change(close, 73), 0.0)
```","```dsl_fire
result = where(lt(neg(div(sub(pb, xs_mean(pb, 7)), xs_std(pb)), -1.0), 3.0)
```",,,1,"c1:score=0,parse=False,exec=False | c2:score=0,parse=False,exec=False | c3:score=0,parse=False,exec=False | c4:score=0,parse=False,exec=False | c5:score=0,parse=False,exec=False",parse_error
code_gen_0284,generalization_composition_paraphrase,gen_quality_trend,请把这个未见过的金融想法转成 `dsl_fire` 代码块，代码块内只写 result 赋值：作为教学样例，同时偏好 35 日风险调整趋势高且收益方差低的股票。最终只需要一个可执行表达式。,"add(div(pct_change(close, 35), ts_std(pct_change(close, 1), 35)), neg(ts_var(pct_change(close, 1), 35)))","```dsl_fire
result = add(div(pct_change(close, 35), ts_std(pct_change(close, 1), 35)), neg(ts_var(pct_change(close, 1), 35)))
```","```dsl_fire
result = div(ts_std(pct_change(close, 1), 3), ts_mean(ts_std(pct_change(close, 1), 5), 20))
```",,,1,"c1:score=120,parse=True,exec=True | c2:score=0,parse=False,exec=False | c3:score=120,parse=True,exec=True | c4:score=120,parse=True,exec=True | c5:score=20,parse=True,exec=False",semantic_mismatch
code_gen_0366,generalization_time_series_paraphrase,gen_argmax_volume,请把这个未见过的金融想法转成 `dsl_fire` 代码块，代码块内只写 result 赋值：从量化研究角度，成交量在 11 日窗口内高点越靠近当前，信号越新。注意窗口、方向和字段选择。,"neg(ts_argmax(volume, 11))","```dsl_fire
result = neg(ts_argmax(volume, 11))
```","```dsl_fire
result = pct_change(volume, 5), div(volume, ts_cap, market_cap)), 60)
```",,,1,"c1:score=0,parse=False,exec=False | c2:score=0,parse=False,exec=False | c3:score=0,parse=False,exec=False | c4:score=0,parse=False,exec=False | c5:score=0,parse=False,exec=False",parse_error
code_gen_0099,generalization_time_series,gen_quantile_value,请把这个未见过的金融想法转成 `dsl_fire` 代码块，代码块内只写 result 赋值：估值便宜程度高于自身 85 日 70% 分位数越多，价值信号越突出。,"sub(recip(pb), ts_quantile(recip(pb), 85, 0.7))","```dsl_fire
result = sub(recip(pb), ts_quantile(recip(pb), 85, 0.7))
```","```dsl_fire
result = div(sub(close, ts_min(low, 10)), sub(ts_max(high, 10), ts_min(low, 10)))
```",,,1,"c1:score=120,parse=True,exec=True | c2:score=120,parse=True,exec=True | c3:score=120,parse=True,exec=True | c4:score=120,parse=True,exec=True | c5:score=120,parse=True,exec=True",semantic_mismatch
code_gen_0260,generalization_unseen_window_paraphrase,gen_unseen_window_momentum,请把这个未见过的金融想法转成 `dsl_fire` 代码块，代码块内只写 result 赋值：作为教学样例，过去 25 日收盘价收益越高，短期趋势越强。请保持字段和算子命名规范。,"pct_change(close, 25)","```dsl_fire
result = pct_change(close, 25)
```","```dsl_fire
result = div(ts_std(pct_change(close, 1), 20), ts_mean(ts_std(pct_change(close, 1), 20)))
```",,,1,"c1:score=120,parse=True,exec=True | c2:score=120,parse=True,exec=True | c3:score=120,parse=True,exec=True | c4:score=120,parse=True,exec=True | c5:score=120,parse=True,exec=True",semantic_mismatch
code_gen_0037,generalization_unseen_window,gen_unseen_window_reversal,请把这个未见过的金融想法转成 `dsl_fire` 代码块，代码块内只写 result 赋值：过去 120 日涨幅越高，后续均值回归压力越大。,"neg(pct_change(close, 120))","```dsl_fire
result = neg(pct_change(close, 120))
```","```dsl_fire
result = neg(pct_change(close, 10))
```",,,1,"c1:score=120,parse=True,exec=True | c2:score=120,parse=True,exec=True | c3:score=120,parse=True,exec=True | c4:score=120,parse=True,exec=True | c5:score=120,parse=True,exec=True",semantic_mismatch
code_gen_0049,generalization_composition,gen_value_momentum,请把这个未见过的金融想法转成 `dsl_fire` 代码块，代码块内只写 result 赋值：同时偏好低 PB 估值和 50 日价格动量强的股票。,"add(recip(pb), pct_change(close, 50))","```dsl_fire
result = add(recip(pb), pct_change(close, 50))
```","```dsl_fire
result = add(recip(pb), pct_change(close, 10))
```",,,1,"c1:score=120,parse=True,exec=True | c2:score=20,parse=True,exec=False | c3:score=0,parse=False,exec=False | c4:score=120,parse=True,exec=True | c5:score=120,parse=True,exec=True",semantic_mismatch
code_gen_0230,generalization_cross_section,gen_xs_prod_return,请把这个未见过的金融想法转成 `dsl_fire` 代码块，代码块内只写 result 赋值：19 日收益加一后的横截面乘积测试未见聚合结构。,"xs_prod(add(1.0, pct_change(close, 19)))","```dsl_fire
result = xs_prod(add(1.0, pct_change(close, 19)))
```","```dsl_fire
result = ts_prod(add(1.0, pct_change(close, 10)))
```",,,5,"c1:score=0,parse=False,exec=False | c2:score=0,parse=False,exec=False | c3:score=0,parse=False,exec=False | c4:score=0,parse=False,exec=False | c5:score=120,parse=True,exec=True",semantic_mismatch
code_gen_0252,generalization_unseen_window_paraphrase,gen_unseen_window_momentum,请把这个未见过的金融想法转成 `dsl_fire` 代码块，代码块内只写 result 赋值：从量化研究角度，过去 12 日收盘价收益越高，短期趋势越强。不要使用解释文字。,"pct_change(close, 12)","```dsl_fire
result = pct_change(close, 12)
```","```dsl_fire
result = pct_change(close, 10)
```",,,1,"c1:score=120,parse=True,exec=True | c2:score=120,parse=True,exec=True | c3:score=120,parse=True,exec=True | c4:score=120,parse=True,exec=True | c5:score=120,parse=True,exec=True",semantic_mismatch
code_gen_0094,generalization_group,gen_value_quality_trend,请把这个未见过的金融想法转成 `dsl_fire` 代码块，代码块内只写 result 赋值：行业中性估值便宜且 85 日风险调整动量强的股票更有吸引力。,"add(div(sub(recip(pb), group_mean(recip(pb), industry)), group_std(recip(pb), industry)), div(pct_change(close, 85), ts_std(pct_change(close, 1), 85)))","```dsl_fire
result = add(div(sub(recip(pb), group_mean(recip(pb), industry)), group_std(recip(pb), industry)), div(pct_change(close, 85), ts_std(pct_change(close, 1), 85)))
```","```dsl_fire
result = where(log(recip(pb)), pct_change(close, 20)), 0.0)
```",,,1,"c1:score=0,parse=False,exec=False | c2:score=0,parse=False,exec=False | c3:score=0,parse=False,exec=False | c4:score=0,parse=False,exec=False | c5:score=0,parse=False,exec=False",parse_error
code_gen_0088,generalization_group,gen_value_quality_trend,请把这个未见过的金融想法转成 `dsl_fire` 代码块，代码块内只写 result 赋值：行业中性估值便宜且 55 日风险调整动量强的股票更有吸引力。,"add(div(sub(recip(pb), group_mean(recip(pb), industry)), group_std(recip(pb), industry)), div(pct_change(close, 55), ts_std(pct_change(close, 1), 55)))","```dsl_fire
result = add(div(sub(recip(pb), group_mean(recip(pb), industry)), group_std(recip(pb), industry)), div(pct_change(close, 55), ts_std(pct_change(close, 1), 55)))
```","```dsl_fire
result = div(log(recip(pb)), group_mean(log(recip(pb)), industry)), group_std(log(recip(pb)), industry))
```",,,1,"c1:score=0,parse=False,exec=False | c2:score=0,parse=False,exec=False | c3:score=0,parse=False,exec=False | c4:score=0,parse=False,exec=False | c5:score=0,parse=False,exec=False",parse_error
code_gen_0375,generalization_time_series_paraphrase,gen_argmin_volume,请把这个未见过的金融想法转成 `dsl_fire` 代码块，代码块内只写 result 赋值：从量化研究角度，成交量在 66 日窗口内低点位置用于描述路径。请保持字段和算子命名规范。,"ts_argmin(volume, 66)","```dsl_fire
result = ts_argmin(volume, 66)
```","```dsl_fire
result = pct_change(volume, 10)
```",,,1,"c1:score=120,parse=True,exec=True | c2:score=120,parse=True,exec=True | c3:score=20,parse=True,exec=False | c4:score=120,parse=True,exec=True | c5:score=120,parse=True,exec=True",semantic_mismatch
code_gen_0504,generalization_unseen_window_paraphrase,gen_unseen_window_momentum,请把这个未见过的金融想法转成 `dsl_fire` 代码块，代码块内只写 result 赋值：从量化研究角度，过去 35 日收盘价收益越高，短期趋势越强。最终只需要一个可执行表达式。,"pct_change(close, 35)","```dsl_fire
result = pct_change(close, 35)
```","```dsl_fire
result = pct_change(close, 3)
```",,,1,"c1:score=120,parse=True,exec=True | c2:score=0,parse=False,exec=False | c3:score=120,parse=True,exec=True | c4:score=0,parse=False,exec=False | c5:score=120,parse=True,exec=True",semantic_mismatch
code_gen_0264,generalization_unseen_window_paraphrase,gen_unseen_window_momentum,请把这个未见过的金融想法转成 `dsl_fire` 代码块，代码块内只写 result 赋值：从量化研究角度，过去 35 日收盘价收益越高，短期趋势越强。最终只需要一个可执行表达式。,"pct_change(close, 35)","```dsl_fire
result = pct_change(close, 35)
```","```dsl_fire
result = pct_change(close, 3)
```",,,1,"c1:score=120,parse=True,exec=True | c2:score=120,parse=True,exec=True | c3:score=120,parse=True,exec=True | c4:score=120,parse=True,exec=True | c5:score=120,parse=True,exec=True",semantic_mismatch
code_gen_0067,generalization_regression,gen_reg_value_size,请把这个未见过的金融想法转成 `dsl_fire` 代码块，代码块内只写 result 赋值：用 14 日滚动回归提取估值相对市值解释后的残差。,"ts_reg_res(recip(pb), log(market_cap), 14)","```dsl_fire
result = ts_reg_res(recip(pb), log(market_cap), 14)
```","```dsl_fire
result = ts_prod(add(1.0, pct_change(close, 1)), 20)
```",,,1,"c1:score=120,parse=True,exec=True | c2:score=120,parse=True,exec=True | c3:score=120,parse=True,exec=True | c4:score=120,parse=True,exec=True | c5:score=120,parse=True,exec=True",semantic_mismatch
code_gen_0082,generalization_group,gen_value_quality_trend,请把这个未见过的金融想法转成 `dsl_fire` 代码块，代码块内只写 result 赋值：行业中性估值便宜且 42 日风险调整动量强的股票更有吸引力。,"add(div(sub(recip(pb), group_mean(recip(pb), industry)), group_std(recip(pb), industry)), div(pct_change(close, 42), ts_std(pct_change(close, 1), 42)))","```dsl_fire
result = add(div(sub(recip(pb), group_mean(recip(pb), industry)), group_std(recip(pb), industry)), div(pct_change(close, 42), ts_std(pct_change(close, 1), 42)))
```","```dsl_fire
result = div(log(market_cap), group_mean(log(market_cap), industry)), div(sub(log(market_cap), group_mean(log(market_cap), industry)), group_std(log(market_cap), industry)), industry))
```",,,1,"c1:score=0,parse=False,exec=False | c2:score=0,parse=False,exec=False | c3:score=0,parse=False,exec=False | c4:score=0,parse=False,exec=False | c5:score=0,parse=False,exec=False",parse_error
code_gen_0075,generalization_time_series,gen_quantile_value,请把这个未见过的金融想法转成 `dsl_fire` 代码块，代码块内只写 result 赋值：估值便宜程度高于自身 22 日 70% 分位数越多，价值信号越突出。,"sub(recip(pb), ts_quantile(recip(pb), 22, 0.7))","```dsl_fire
result = sub(recip(pb), ts_quantile(recip(pb), 22, 0.7))
```","```dsl_fire
result = div(sub(close, ts_min(low, 10)), sub(ts_max(high, 10), ts_min(low, 10)))
```",,,1,"c1:score=120,parse=True,exec=True | c2:score=120,parse=True,exec=True | c3:score=120,parse=True,exec=True | c4:score=120,parse=True,exec=True | c5:score=120,parse=True,exec=True",semantic_mismatch
code_gen_0378,generalization_time_series_paraphrase,gen_argmax_vwap,请把这个未见过的金融想法转成 `dsl_fire` 代码块，代码块内只写 result 赋值：从量化研究角度，成交量加权平均价在 17 日窗口内高点越靠近当前，信号越新。这个想法需要转换为函数式 DSL。,"neg(ts_argmax(vwap, 17))","```dsl_fire
result = neg(ts_argmax(vwap, 17))
```","```dsl_fire
result = pct_change(volume, 10)
```",,,2,"c1:score=0,parse=False,exec=False | c2:score=120,parse=True,exec=True | c3:score=0,parse=False,exec=False | c4:score=0,parse=False,exec=False | c5:score=0,parse=False,exec=False",semantic_mismatch
code_gen_0126,generalization_time_series,gen_argmax_volume,请把这个未见过的金融想法转成 `dsl_fire` 代码块，代码块内只写 result 赋值：成交量在 11 日窗口内高点越靠近当前，信号越新。,"neg(ts_argmax(volume, 11))","```dsl_fire
result = neg(ts_argmax(volume, 11))
```","```dsl_fire
result = ts_win_cumsum(pct_change(volume, 1), 60)
```",,,1,"c1:score=120,parse=True,exec=True | c2:score=120,parse=True,exec=True | c3:score=120,parse=True,exec=True | c4:score=120,parse=True,exec=True | c5:score=120,parse=True,exec=True",semantic_mismatch
code_gen_0270,generalization_unseen_window_paraphrase,gen_unseen_window_vol,请把这个未见过的金融想法转成 `dsl_fire` 代码块，代码块内只写 result 赋值：从量化研究角度，过去 50 日日收益波动越低，稳定性越强。请保持字段和算子命名规范。,"neg(ts_std(pct_change(close, 1), 50))","```dsl_fire
result = neg(ts_std(pct_change(close, 1), 50))
```","```dsl_fire
result = sub(ts_std(pct_change(close, 1), 20), ts_quantile(pct_change(close, 1), 20))
```",,,1,"c1:score=120,parse=True,exec=True | c2:score=120,parse=True,exec=True | c3:score=120,parse=True,exec=True | c4:score=120,parse=True,exec=True | c5:score=120,parse=True,exec=True",semantic_mismatch
code_gen_0372,generalization_time_series_paraphrase,gen_argmax_volume,请把这个未见过的金融想法转成 `dsl_fire` 代码块，代码块内只写 result 赋值：从量化研究角度，成交量在 38 日窗口内高点越靠近当前，信号越新。不要使用解释文字。,"neg(ts_argmax(volume, 38))","```dsl_fire
result = neg(ts_argmax(volume, 38))
```","```dsl_fire
result = div(ts_argmax(volume, 3), ts_quantile(volume, 15, 0.0)
```",,,1,"c1:score=0,parse=False,exec=False | c2:score=0,parse=False,exec=False | c3:score=0,parse=False,exec=False | c4:score=0,parse=False,exec=False | c5:score=0,parse=False,exec=False",parse_error
code_gen_0110,generalization_time_series,gen_argmax_pb,请把这个未见过的金融想法转成 `dsl_fire` 代码块，代码块内只写 result 赋值：市净率 PB在 27 日窗口内高点越靠近当前，信号越新。,"neg(ts_argmax(pb, 27))","```dsl_fire
result = neg(ts_argmax(pb, 27))
```","```dsl_fire
result = neg(ts_argmax(pb, 2))
```",,,1,"c1:score=120,parse=True,exec=True | c2:score=120,parse=True,exec=True | c3:score=120,parse=True,exec=True | c4:score=120,parse=True,exec=True | c5:score=120,parse=True,exec=True",semantic_mismatch
code_gen_0471,generalization_time_series_paraphrase,gen_ts_prod_turnover,请把这个未见过的金融想法转成 `dsl_fire` 代码块，代码块内只写 result 赋值：从量化研究角度，19 日成交量变化加一后连乘测试未见时间聚合结构。注意窗口、方向和字段选择。,"ts_prod(add(1.0, pct_change(volume, 1)), 19)","```dsl_fire
result = ts_prod(add(1.0, pct_change(volume, 1)), 19)
```","```dsl_fire
result = ts_win_cumsum(pct_change(volume, 1), 15)
```",,,5,"c1:score=20,parse=True,exec=False | c2:score=20,parse=True,exec=False | c3:score=20,parse=True,exec=False | c4:score=20,parse=True,exec=False | c5:score=120,parse=True,exec=True",semantic_mismatch
code_gen_0512,generalization_unseen_window_paraphrase,gen_unseen_window_momentum,请把这个未见过的金融想法转成 `dsl_fire` 代码块，代码块内只写 result 赋值：作为教学样例，过去 75 日收盘价收益越高，短期趋势越强。不要使用解释文字。,"pct_change(close, 75)","```dsl_fire
result = pct_change(close, 75)
```","```dsl_fire
result = ts_prod(add(1.0, pct_change(close, 1)), 7)
```",,,2,"c1:score=20,parse=True,exec=False | c2:score=120,parse=True,exec=True | c3:score=20,parse=True,exec=False | c4:score=20,parse=True,exec=False | c5:score=20,parse=True,exec=False",semantic_mismatch
code_gen_0269,generalization_unseen_window_paraphrase,gen_unseen_window_reversal,请把这个未见过的金融想法转成 `dsl_fire` 代码块，代码块内只写 result 赋值：作为教学样例，过去 50 日涨幅越高，后续均值回归压力越大。最终只需要一个可执行表达式。,"neg(pct_change(close, 50))","```dsl_fire
result = neg(pct_change(close, 50))
```","```dsl_fire
result = ts_prod(add(1.0, pct_change(close, 1)), 20)
```",,,1,"c1:score=120,parse=True,exec=True | c2:score=120,parse=True,exec=True | c3:score=120,parse=True,exec=True | c4:score=120,parse=True,exec=True | c5:score=120,parse=True,exec=True",semantic_mismatch
code_gen_0229,generalization_conditional,gen_logic_not_crowded,请把这个未见过的金融想法转成 `dsl_fire` 代码块，代码块内只写 result 赋值：当换手代理不拥挤时，保留价值和 19 日动量组合。,"where(logical_not(gt(div(volume, market_cap), xs_mean(div(volume, market_cap)))), add(recip(pb), pct_change(close, 19)), 0.0)","```dsl_fire
result = where(logical_not(gt(div(volume, market_cap), xs_mean(div(volume, market_cap)))), add(recip(pb), pct_change(close, 19)), 0.0)
```","```dsl_fire
result = where(logical_or(gt(div(sub(recip(pb), group_mean(recip(pb), industry)), group_std(recip(pb), industry)), 0.0)), neg(log1p(ts_mean(volume, 20))), 0.0)
```",,,4,"c1:score=0,parse=False,exec=False | c2:score=0,parse=False,exec=False | c3:score=0,parse=False,exec=False | c4:score=20,parse=True,exec=False | c5:score=0,parse=False,exec=False",execution_error
code_gen_0523,generalization_composition_paraphrase,gen_industry_value_momentum,请把这个未见过的金融想法转成 `dsl_fire` 代码块，代码块内只写 result 赋值：把这个 alpha 逻辑写成表达式：行业内估值便宜且 25 日动量较强的股票得分更高。这个想法需要转换为函数式 DSL。,"add(div(sub(recip(pb), group_mean(recip(pb), industry)), group_std(recip(pb), industry)), pct_change(close, 25))","```dsl_fire
result = add(div(sub(recip(pb), group_mean(recip(pb), industry)), group_std(recip(pb), industry)), pct_change(close, 25))
```","```dsl_fire
result = add(div(sub(recip(pb), group_mean(recip(pb), industry)), group_std(recip(pb), industry)), div(pct_change(close, 20), ts_std(pct_change(close, 1), 20)))
```",,,1,"c1:score=120,parse=True,exec=True | c2:score=120,parse=True,exec=True | c3:score=120,parse=True,exec=True | c4:score=120,parse=True,exec=True | c5:score=120,parse=True,exec=True",semantic_mismatch
code_gen_0115,generalization_time_series,gen_argmin_pb,请把这个未见过的金融想法转成 `dsl_fire` 代码块，代码块内只写 result 赋值：市净率 PB在 66 日窗口内低点位置用于描述路径。,"ts_argmin(pb, 66)","```dsl_fire
result = ts_argmin(pb, 66)
```","```dsl_fire
result = ts_argmaxmin(volume, 10)
```",,,1,"c1:score=120,parse=True,exec=True | c2:score=120,parse=True,exec=True | c3:score=120,parse=True,exec=True | c4:score=120,parse=True,exec=True | c5:score=20,parse=True,exec=False",semantic_mismatch
code_gen_0106,generalization_time_series,gen_argmax_pb,请把这个未见过的金融想法转成 `dsl_fire` 代码块，代码块内只写 result 赋值：市净率 PB在 11 日窗口内高点越靠近当前，信号越新。,"neg(ts_argmax(pb, 11))","```dsl_fire
result = neg(ts_argmax(pb, 11))
```","```dsl_fire
result = ts_argmaxmin(pb, 10)
```",,,1,"c1:score=120,parse=True,exec=True | c2:score=120,parse=True,exec=True | c3:score=120,parse=True,exec=True | c4:score=120,parse=True,exec=True | c5:score=120,parse=True,exec=True",semantic_mismatch
code_gen_0498,generalization_unseen_window_paraphrase,gen_unseen_window_vol,请把这个未见过的金融想法转成 `dsl_fire` 代码块，代码块内只写 result 赋值：从量化研究角度，过去 18 日日收益波动越低，稳定性越强。这个想法需要转换为函数式 DSL。,"neg(ts_std(pct_change(close, 1), 18))","```dsl_fire
result = neg(ts_std(pct_change(close, 1), 18))
```","```dsl_fire
result = pct_change(close, 60)
```",,,1,"c1:score=120,parse=True,exec=True | c2:score=120,parse=True,exec=True | c3:score=120,parse=True,exec=True | c4:score=120,parse=True,exec=True | c5:score=120,parse=True,exec=True",semantic_mismatch
code_gen_0204,generalization_cross_section,gen_xs_quantile_pb_13,请把这个未见过的金融想法转成 `dsl_fire` 代码块，代码块内只写 result 赋值：市净率 PB相对横截面 75% 分位数的偏离用于测试未见分位结构。,"sub(pb, xs_quantile(pb, 0.75))","```dsl_fire
result = sub(pb, xs_quantile(pb, 0.75))
```","```dsl_fire
result = div(sub(pb, xs_quantile(pb, 7)), xs_std(pb, 7))
```",,,1,"c1:score=20,parse=True,exec=False | c2:score=20,parse=True,exec=False | c3:score=20,parse=True,exec=False | c4:score=20,parse=True,exec=False | c5:score=20,parse=True,exec=False",execution_error
code_gen_0019,generalization_unseen_window,gen_unseen_window_volume,请把这个未见过的金融想法转成 `dsl_fire` 代码块，代码块内只写 result 赋值：短期成交量相对 18 日均量越高，放量越明显。,"div(ts_mean(volume, 4), ts_mean(volume, 18))","```dsl_fire
result = div(ts_mean(volume, 4), ts_mean(volume, 18))
```","```dsl_fire
result = neg(ts_argmax(volume, 20))
```",,,1,"c1:score=120,parse=True,exec=True | c2:score=0,parse=False,exec=False | c3:score=20,parse=True,exec=False | c4:score=0,parse=False,exec=False | c5:score=20,parse=True,exec=False",semantic_mismatch
code_gen_0163,generalization_conditional,gen_conditional_xs_open_73,请把这个未见过的金融想法转成 `dsl_fire` 代码块，代码块内只写 result 赋值：只有开盘价横截面标准化值为正时，才保留 73 日动量。,"where(gt(div(sub(open, xs_mean(open)), xs_std(open)), 0.0), pct_change(close, 73), 0.0)","```dsl_fire
result = where(gt(div(sub(open, xs_mean(open)), xs_std(open)), 0.0), pct_change(close, 73), 0.0)
```","```dsl_fire
result = where(gt(ts_xor(pct_change(close, 7), xs_mean(pct_change(close, 7))), neg(sign(pct_change(close, 7)), 0.0)
```",,,1,"c1:score=0,parse=False,exec=False | c2:score=0,parse=False,exec=False | c3:score=0,parse=False,exec=False | c4:score=0,parse=False,exec=False | c5:score=0,parse=False,exec=False",parse_error
code_gen_0374,generalization_time_series_paraphrase,gen_argmax_volume,请把这个未见过的金融想法转成 `dsl_fire` 代码块，代码块内只写 result 赋值：作为教学样例，成交量在 66 日窗口内高点越靠近当前，信号越新。最终只需要一个可执行表达式。,"neg(ts_argmax(volume, 66))","```dsl_fire
result = neg(ts_argmax(volume, 66))
```","```dsl_fire
result = div(ts_quantile(log(market_cap), xs_mean(log(market_cap))), div(sub(volume, ts_cap, 20)), ts_mean(volume, 20))
```",,,1,"c1:score=20,parse=True,exec=False | c2:score=0,parse=False,exec=False | c3:score=0,parse=False,exec=False | c4:score=0,parse=False,exec=False | c5:score=20,parse=True,exec=False",execution_error
code_gen_0057,generalization_group,gen_value_quality_trend,请把这个未见过的金融想法转成 `dsl_fire` 代码块，代码块内只写 result 赋值：行业中性估值便宜且 9 日风险调整动量强的股票更有吸引力。,"add(div(sub(recip(pb), group_mean(recip(pb), industry)), group_std(recip(pb), industry)), div(pct_change(close, 9), ts_std(pct_change(close, 1), 9)))","```dsl_fire
result = add(div(sub(recip(pb), group_mean(recip(pb), industry)), group_std(recip(pb), industry)), div(pct_change(close, 9), ts_std(pct_change(close, 1), 9)))
```","```dsl_fire
result = add(div(sub(recip(pb), group_mean(recip(pb), industry)), group_std(recip(pb), industry)), industry)), neg(log(market_cap)), 0.0)
```",,,1,"c1:score=0,parse=False,exec=False | c2:score=0,parse=False,exec=False | c3:score=0,parse=False,exec=False | c4:score=0,parse=False,exec=False | c5:score=0,parse=False,exec=False",parse_error
code_gen_0011,generalization_unseen_window,gen_unseen_window_volume,请把这个未见过的金融想法转成 `dsl_fire` 代码块，代码块内只写 result 赋值：短期成交量相对 8 日均量越高，放量越明显。,"div(ts_mean(volume, 2), ts_mean(volume, 8))","```dsl_fire
result = div(ts_mean(volume, 2), ts_mean(volume, 8))
```","```dsl_fire
result = pct_change(volume, 10)
```",,,1,"c1:score=120,parse=True,exec=True | c2:score=120,parse=True,exec=True | c3:score=120,parse=True,exec=True | c4:score=120,parse=True,exec=True | c5:score=120,parse=True,exec=True",semantic_mismatch
code_gen_0194,generalization_conditional,gen_conditional_xs_volume_47,请把这个未见过的金融想法转成 `dsl_fire` 代码块，代码块内只写 result 赋值：只有成交量横截面标准化值为正时，才保留 47 日动量。,"where(gt(div(sub(volume, xs_mean(volume)), xs_std(volume)), 0.0), pct_change(close, 47), 0.0)","```dsl_fire
result = where(gt(div(sub(volume, xs_mean(volume)), xs_std(volume)), 0.0), pct_change(close, 47), 0.0)
```","```dsl_fire
result = where(gt(pct_change(close, 7), xs_mean(pct_change(close, 7))), div(sub(volume, xs_mean(volume)), xs_std(volume)), 0.0)
```",,,3,"c1:score=0,parse=False,exec=False | c2:score=20,parse=True,exec=False | c3:score=120,parse=True,exec=True | c4:score=0,parse=False,exec=False | c5:score=0,parse=False,exec=False",semantic_mismatch
code_gen_0210,generalization_conditional,gen_conditional_xs_pb_47,请把这个未见过的金融想法转成 `dsl_fire` 代码块，代码块内只写 result 赋值：只有市净率 PB横截面标准化值为正时，才保留 47 日动量。,"where(gt(div(sub(pb, xs_mean(pb)), xs_std(pb)), 0.0), pct_change(close, 47), 0.0)","```dsl_fire
result = where(gt(div(sub(pb, xs_mean(pb)), xs_std(pb)), 0.0), pct_change(close, 47), 0.0)
```","```dsl_fire
result = where(gt(sqrt(recip(pb)), xs_mean(sqrt(recip(pb)))), neg(log(market_cap)), 0.0)
```",,,1,"c1:score=120,parse=True,exec=True | c2:score=0,parse=False,exec=False | c3:score=120,parse=True,exec=True | c4:score=0,parse=False,exec=False | c5:score=120,parse=True,exec=True",semantic_mismatch
code_gen_0022,generalization_unseen_window,gen_unseen_window_vol,请把这个未见过的金融想法转成 `dsl_fire` 代码块，代码块内只写 result 赋值：过去 25 日日收益波动越低，稳定性越强。,"neg(ts_std(pct_change(close, 1), 25))","```dsl_fire
result = neg(ts_std(pct_change(close, 1), 25))
```","```dsl_fire
result = sub(ts_mean(pct_change(close, 1), 20), ts_std(pct_change(close, 1), 120))
```",,,1,"c1:score=20,parse=True,exec=False | c2:score=20,parse=True,exec=False | c3:score=20,parse=True,exec=False | c4:score=20,parse=True,exec=False | c5:score=20,parse=True,exec=False",execution_error
code_gen_0496,generalization_unseen_window_paraphrase,gen_unseen_window_momentum,请把这个未见过的金融想法转成 `dsl_fire` 代码块，代码块内只写 result 赋值：把这个 alpha 逻辑写成表达式：过去 18 日收盘价收益越高，短期趋势越强。注意窗口、方向和字段选择。,"pct_change(close, 18)","```dsl_fire
result = pct_change(close, 18)
```","```dsl_fire
result = pct_change(close, 5)
```",,,1,"c1:score=120,parse=True,exec=True | c2:score=120,parse=True,exec=True | c3:score=120,parse=True,exec=True | c4:score=120,parse=True,exec=True | c5:score=120,parse=True,exec=True",semantic_mismatch
code_gen_0165,generalization_group,gen_group_abs_close_13,请把这个未见过的金融想法转成 `dsl_fire` 代码块，代码块内只写 result 赋值：收盘价行业内标准化偏离的绝对值用于测试行业异常程度。,"absolute(div(sub(close, group_mean(close, industry)), group_std(close, industry)))","```dsl_fire
result = absolute(div(sub(close, group_mean(close, industry)), group_std(close, industry)))
```","```dsl_fire
result = div(sub(div(sub(close, ts_mean(close, 20)), ts_std(close, 20))), xs_mean(div(sub(close, ts_mean(close, 20)), ts_std(high, 20)))
```",,,1,"c1:score=0,parse=False,exec=False | c2:score=0,parse=False,exec=False | c3:score=0,parse=False,exec=False | c4:score=0,parse=False,exec=False | c5:score=0,parse=False,exec=False",parse_error
code_gen_0377,generalization_time_series_paraphrase,gen_argmin_vwap,请把这个未见过的金融想法转成 `dsl_fire` 代码块，代码块内只写 result 赋值：作为教学样例，成交量加权平均价在 11 日窗口内低点位置用于描述路径。不要使用解释文字。,"ts_argmin(vwap, 11)","```dsl_fire
result = ts_argmin(vwap, 11)
```","```dsl_fire
result = div(sub(shift(volume, 1), shift(volume, 1), shift(close, 1), 10))
```",,,1,"c1:score=20,parse=True,exec=False | c2:score=20,parse=True,exec=False | c3:score=20,parse=True,exec=False | c4:score=20,parse=True,exec=False | c5:score=20,parse=True,exec=False",execution_error
code_gen_0076,generalization_group,gen_value_quality_trend,请把这个未见过的金融想法转成 `dsl_fire` 代码块，代码块内只写 result 赋值：行业中性估值便宜且 28 日风险调整动量强的股票更有吸引力。,"add(div(sub(recip(pb), group_mean(recip(pb), industry)), group_std(recip(pb), industry)), div(pct_change(close, 28), ts_std(pct_change(close, 1), 28)))","```dsl_fire
result = add(div(sub(recip(pb), group_mean(recip(pb), industry)), group_std(recip(pb), industry)), div(pct_change(close, 28), ts_std(pct_change(close, 1), 28)))
```","```dsl_fire
result = where(log(recip(pb)), pct_change(close, 2))
```",,,4,"c1:score=0,parse=False,exec=False | c2:score=0,parse=False,exec=False | c3:score=0,parse=False,exec=False | c4:score=20,parse=True,exec=False | c5:score=0,parse=False,exec=False",execution_error
code_gen_0169,generalization_conditional,gen_conditional_xs_close_31,请把这个未见过的金融想法转成 `dsl_fire` 代码块，代码块内只写 result 赋值：只有收盘价横截面标准化值为正时，才保留 31 日动量。,"where(gt(div(sub(close, xs_mean(close)), xs_std(close)), 0.0), pct_change(close, 31), 0.0)","```dsl_fire
result = where(gt(div(sub(close, xs_mean(close)), xs_std(close)), 0.0), pct_change(close, 31), 0.0)
```","```dsl_fire
result = where(gt(div(sub(log(market_cap), xs_mean(log(market_cap))), xs_std(log(market_cap))), -1.0), pct_change(close, 20), 0.0)
```",,,2,"c1:score=0,parse=False,exec=False | c2:score=120,parse=True,exec=True | c3:score=120,parse=True,exec=True | c4:score=0,parse=False,exec=False | c5:score=0,parse=False,exec=False",semantic_mismatch
code_gen_0460,generalization_conditional_paraphrase,gen_logic_value_size_or,请把这个未见过的金融想法转成 `dsl_fire` 代码块，代码块内只写 result 赋值：把这个 alpha 逻辑写成表达式：估值或小市值任一强于市场时保留价值规模组合。请保持字段和算子命名规范。,"where(logical_or(gt(recip(pb), xs_mean(recip(pb))), gt(neg(log(market_cap)), xs_mean(neg(log(market_cap))))), add(recip(pb), neg(log(market_cap))), 0.0)","```dsl_fire
result = where(logical_or(gt(recip(pb), xs_mean(recip(pb))), gt(neg(log(market_cap)), xs_mean(neg(log(market_cap))))), add(recip(pb), neg(log(market_cap))), 0.0)
```","```dsl_fire
result = where(log(market_cap), xs_mean(log(market_cap)))
```",,,1,"c1:score=20,parse=True,exec=False | c2:score=20,parse=True,exec=False | c3:score=20,parse=True,exec=False | c4:score=20,parse=True,exec=False | c5:score=20,parse=True,exec=False",execution_error
code_gen_0234,generalization_regression,gen_ts_corr_size_flow,请把这个未见过的金融想法转成 `dsl_fire` 代码块，代码块内只写 result 赋值：用 19 日滚动相关衡量规模和换手代理同步性。,"ts_corr(log(market_cap), div(volume, market_cap), 19)","```dsl_fire
result = ts_corr(log(market_cap), div(volume, market_cap), 19)
```","```dsl_fire
result = ts_corr(log(market_cap), 20)
```",,,1,"c1:score=20,parse=True,exec=False | c2:score=20,parse=True,exec=False | c3:score=20,parse=True,exec=False | c4:score=20,parse=True,exec=False | c5:score=20,parse=True,exec=False",execution_error
code_gen_0597,generalization_time_series_paraphrase,gen_argmin_market_cap,请把这个未见过的金融想法转成 `dsl_fire` 代码块，代码块内只写 result 赋值：从量化研究角度，总市值在 11 日窗口内低点位置用于描述路径。不要使用解释文字。,"ts_argmin(market_cap, 11)","```dsl_fire
result = ts_argmin(market_cap, 11)
```","```dsl_fire
result = div(ts_olute(pct_change(close, 20), gt(log(market_cap), xs_mean(log(market_cap))), div(sub(volume, ts_cap, 20)), ts_mean(volume, 20)))
```",,,5,"c1:score=0,parse=False,exec=False | c2:score=0,parse=False,exec=False | c3:score=0,parse=False,exec=False | c4:score=0,parse=False,exec=False | c5:score=20,parse=True,exec=False",execution_error
code_gen_0080,generalization_regression,gen_corr_flow_return,请把这个未见过的金融想法转成 `dsl_fire` 代码块，代码块内只写 result 赋值：用 28 日滚动相关衡量换手代理和日收益同步性。,"ts_corr(div(volume, market_cap), pct_change(close, 1), 28)","```dsl_fire
result = ts_corr(div(volume, market_cap), pct_change(close, 1), 28)
```","```dsl_fire
result = ts_corr(pct_change(close, 1), 2)
```",,,1,"c1:score=20,parse=True,exec=False | c2:score=20,parse=True,exec=False | c3:score=20,parse=True,exec=False | c4:score=20,parse=True,exec=False | c5:score=20,parse=True,exec=False",execution_error
code_gen_0040,generalization_composition,gen_quality_trend,请把这个未见过的金融想法转成 `dsl_fire` 代码块，代码块内只写 result 赋值：同时偏好 25 日风险调整趋势高且收益方差低的股票。,"add(div(pct_change(close, 25), ts_std(pct_change(close, 1), 25)), neg(ts_var(pct_change(close, 1), 25)))","```dsl_fire
result = add(div(pct_change(close, 25), ts_std(pct_change(close, 1), 25)), neg(ts_var(pct_change(close, 1), 25)))
```","```dsl_fire
result = sub(ts_mean(pct_change(close, 1), 20), ts_std(pct_change(close, 1), 20))
```",,,1,"c1:score=120,parse=True,exec=True | c2:score=120,parse=True,exec=True | c3:score=120,parse=True,exec=True | c4:score=120,parse=True,exec=True | c5:score=0,parse=False,exec=False",semantic_mismatch
code_gen_0005,generalization_unseen_window,gen_unseen_window_reversal,请把这个未见过的金融想法转成 `dsl_fire` 代码块，代码块内只写 result 赋值：过去 6 日涨幅越高，后续均值回归压力越大。,"neg(pct_change(close, 6))","```dsl_fire
result = neg(pct_change(close, 6))
```","```dsl_fire
result = ts_prod(add(1.0, pct_change(close, 1)), 20)
```",,,1,"c1:score=120,parse=True,exec=True | c2:score=0,parse=False,exec=False | c3:score=120,parse=True,exec=True | c4:score=120,parse=True,exec=True | c5:score=120,parse=True,exec=True",semantic_mismatch
code_gen_0081,generalization_time_series,gen_quantile_value,请把这个未见过的金融想法转成 `dsl_fire` 代码块，代码块内只写 result 赋值：估值便宜程度高于自身 28 日 70% 分位数越多，价值信号越突出。,"sub(recip(pb), ts_quantile(recip(pb), 28, 0.7))","```dsl_fire
result = sub(recip(pb), ts_quantile(recip(pb), 28, 0.7))
```","```dsl_fire
result = div(sub(close, ts_min(low, 10)), sub(ts_max(high, 10), ts_min(low, 10)))
```",,,1,"c1:score=120,parse=True,exec=True | c2:score=120,parse=True,exec=True | c3:score=120,parse=True,exec=True | c4:score=120,parse=True,exec=True | c5:score=120,parse=True,exec=True",semantic_mismatch
code_gen_0559,generalization_regression_paraphrase,gen_reg_value_size,请把这个未见过的金融想法转成 `dsl_fire` 代码块，代码块内只写 result 赋值：把这个 alpha 逻辑写成表达式：用 28 日滚动回归提取估值相对市值解释后的残差。最终只需要一个可执行表达式。,"ts_reg_res(recip(pb), log(market_cap), 28)","```dsl_fire
result = ts_reg_res(recip(pb), log(market_cap), 28)
```","```dsl_fire
result = ts_reg_res(logical_quantile(absolute(pct_change(close, 1), xs_mean(pct_change(close, 1), 20)), pct_change(close, 20)), 0.0)
```",,,2,"c1:score=0,parse=False,exec=False | c2:score=20,parse=True,exec=False | c3:score=0,parse=False,exec=False | c4:score=0,parse=False,exec=False | c5:score=0,parse=False,exec=False",execution_error
code_gen_0249,generalization_unseen_window_paraphrase,gen_unseen_window_reversal,请把这个未见过的金融想法转成 `dsl_fire` 代码块，代码块内只写 result 赋值：从量化研究角度，过去 8 日涨幅越高，后续均值回归压力越大。最终只需要一个可执行表达式。,"neg(pct_change(close, 8))","```dsl_fire
result = neg(pct_change(close, 8))
```","```dsl_fire
result = ts_prod(add(1.0, pct_change(close, 1)), 20)
```",,,1,"c1:score=120,parse=True,exec=True | c2:score=120,parse=True,exec=True | c3:score=120,parse=True,exec=True | c4:score=120,parse=True,exec=True | c5:score=120,parse=True,exec=True",semantic_mismatch
code_gen_0007,generalization_unseen_window,gen_unseen_window_volume,请把这个未见过的金融想法转成 `dsl_fire` 代码块，代码块内只写 result 赋值：短期成交量相对 6 日均量越高，放量越明显。,"div(ts_mean(volume, 2), ts_mean(volume, 6))","```dsl_fire
result = div(ts_mean(volume, 2), ts_mean(volume, 6))
```","```dsl_fire
result = pct_change(volume, 10)
```",,,2,"c1:score=20,parse=True,exec=False | c2:score=120,parse=True,exec=True | c3:score=120,parse=True,exec=True | c4:score=120,parse=True,exec=True | c5:score=120,parse=True,exec=True",semantic_mismatch
code_gen_0463,generalization_cross_section_paraphrase,gen_xs_prod_return,请把这个未见过的金融想法转成 `dsl_fire` 代码块，代码块内只写 result 赋值：把这个 alpha 逻辑写成表达式：13 日收益加一后的横截面乘积测试未见聚合结构。这个想法需要转换为函数式 DSL。,"xs_prod(add(1.0, pct_change(close, 13)))","```dsl_fire
result = xs_prod(add(1.0, pct_change(close, 13)))
```","```dsl_fire
result = pct_change(close, 7)
```",,,1,"c1:score=120,parse=True,exec=True | c2:score=120,parse=True,exec=True | c3:score=120,parse=True,exec=True | c4:score=0,parse=False,exec=False | c5:score=120,parse=True,exec=True",semantic_mismatch
code_gen_0373,generalization_time_series_paraphrase,gen_argmin_volume,请把这个未见过的金融想法转成 `dsl_fire` 代码块，代码块内只写 result 赋值：把这个 alpha 逻辑写成表达式：成交量在 38 日窗口内低点位置用于描述路径。这个想法需要转换为函数式 DSL。,"ts_argmin(volume, 38)","```dsl_fire
result = ts_argmin(volume, 38)
```","```dsl_fire
result = div(sub(shift(volume, 3)), shift(volume, 3)
```",,,1,"c1:score=0,parse=False,exec=False | c2:score=0,parse=False,exec=False | c3:score=0,parse=False,exec=False | c4:score=0,parse=False,exec=False | c5:score=0,parse=False,exec=False",parse_error
code_gen_0356,generalization_time_series_paraphrase,gen_argmax_market_cap,请把这个未见过的金融想法转成 `dsl_fire` 代码块，代码块内只写 result 赋值：作为教学样例，总市值在 11 日窗口内高点越靠近当前，信号越新。注意窗口、方向和字段选择。,"neg(ts_argmax(market_cap, 11))","```dsl_fire
result = neg(ts_argmax(market_cap, 11))
```","```dsl_fire
result = div(ts_wap, ts_last(shift(volume, 1), 10)), div(absolute(pct_change(close, 10)), xs_mean(div(volume, market_cap, market_cap)))
```",,,2,"c1:score=0,parse=False,exec=False | c2:score=20,parse=True,exec=False | c3:score=20,parse=True,exec=False | c4:score=20,parse=True,exec=False | c5:score=0,parse=False,exec=False",execution_error
code_gen_0554,generalization_regression_paraphrase,gen_corr_flow_return,请把这个未见过的金融想法转成 `dsl_fire` 代码块，代码块内只写 result 赋值：作为教学样例，用 22 日滚动相关衡量换手代理和日收益同步性。最终只需要一个可执行表达式。,"ts_corr(div(volume, market_cap), pct_change(close, 1), 22)","```dsl_fire
result = ts_corr(div(volume, market_cap), pct_change(close, 1), 22)
```","```dsl_fire
result = div(ts_std(pct_change(close, 1), 2), ts_std(pct_change(close, 1), 20))
```",,,1,"c1:score=120,parse=True,exec=True | c2:score=120,parse=True,exec=True | c3:score=120,parse=True,exec=True | c4:score=120,parse=True,exec=True | c5:score=120,parse=True,exec=True",semantic_mismatch
code_gen_0306,generalization_conditional_paraphrase,gen_value_momentum_gate,请把这个未见过的金融想法转成 `dsl_fire` 代码块，代码块内只写 result 赋值：从量化研究角度，只有估值便宜且 14 日动量高于市场均值时，才保留价值动量组合。注意窗口、方向和字段选择。,"where(logical_and(gt(recip(pb), xs_mean(recip(pb))), gt(pct_change(close, 14), xs_mean(pct_change(close, 14)))), add(recip(pb), pct_change(close, 14)), 0.0)","```dsl_fire
result = where(logical_and(gt(recip(pb), xs_mean(recip(pb))), gt(pct_change(close, 14), xs_mean(pct_change(close, 14)))), add(recip(pb), pct_change(close, 14)), 0.0)
```","```dsl_fire
result = where(logical_or(gt(log(market_cap), xs_mean(log(market_cap))), gt(neg(log(market_cap)), xs_mean(neg(log(market_cap))))), add(log(market_cap), div(volume, market_cap)), 0.0)
```",,,1,"c1:score=120,parse=True,exec=True | c2:score=120,parse=True,exec=True | c3:score=0,parse=False,exec=False | c4:score=0,parse=False,exec=False | c5:score=0,parse=False,exec=False",semantic_mismatch
code_gen_0467,generalization_regression_paraphrase,gen_ts_corr_size_flow,请把这个未见过的金融想法转成 `dsl_fire` 代码块，代码块内只写 result 赋值：作为教学样例，用 13 日滚动相关衡量规模和换手代理同步性。不要使用解释文字。,"ts_corr(log(market_cap), div(volume, market_cap), 13)","```dsl_fire
result = ts_corr(log(market_cap), div(volume, market_cap), 13)
```","```dsl_fire
result = ts_corr(div(volume, market_cap), pct_change(close, 1), 60)
```",,,2,"c1:score=0,parse=False,exec=False | c2:score=120,parse=True,exec=True | c3:score=0,parse=False,exec=False | c4:score=20,parse=True,exec=False | c5:score=0,parse=False,exec=False",semantic_mismatch
code_gen_0181,generalization_group,gen_group_abs_low_13,请把这个未见过的金融想法转成 `dsl_fire` 代码块，代码块内只写 result 赋值：最低价行业内标准化偏离的绝对值用于测试行业异常程度。,"absolute(div(sub(low, group_mean(low, industry)), group_std(low, industry)))","```dsl_fire
result = absolute(div(sub(low, group_mean(low, industry)), group_std(low, industry)))
```","```dsl_fire
result = div(sub(ts_std(pct_change(close, 1), 20), group_mean(div(sub(reclose, vwap), vwap), industry)), group_std(div(sub(recip(pb), vwap), industry)))
```",,,2,"c1:score=0,parse=False,exec=False | c2:score=20,parse=True,exec=False | c3:score=20,parse=True,exec=False | c4:score=20,parse=True,exec=False | c5:score=20,parse=True,exec=False",execution_error
code_gen_0420,generalization_cross_section_paraphrase,gen_xs_quantile_low_13,请把这个未见过的金融想法转成 `dsl_fire` 代码块，代码块内只写 result 赋值：从量化研究角度，最低价相对横截面 75% 分位数的偏离用于测试未见分位结构。请保持字段和算子命名规范。,"sub(low, xs_quantile(low, 0.75))","```dsl_fire
result = sub(low, xs_quantile(low, 0.75))
```","```dsl_fire
result = ts_corr(volume, 7, ts_quantile(volume, 7, 0.2))
```",,,2,"c1:score=0,parse=False,exec=False | c2:score=20,parse=True,exec=False | c3:score=0,parse=False,exec=False | c4:score=0,parse=False,exec=False | c5:score=20,parse=True,exec=False",execution_error
code_gen_0142,generalization_time_series,gen_argmax_vwap,请把这个未见过的金融想法转成 `dsl_fire` 代码块，代码块内只写 result 赋值：成交量加权平均价在 38 日窗口内高点越靠近当前，信号越新。,"neg(ts_argmax(vwap, 38))","```dsl_fire
result = neg(ts_argmax(vwap, 38))
```","```dsl_fire
result = ts_argmin(ts_lt(pct_change(vwap, 1), 0.0)
```",,,1,"c1:score=0,parse=False,exec=False | c2:score=0,parse=False,exec=False | c3:score=0,parse=False,exec=False | c4:score=0,parse=False,exec=False | c5:score=0,parse=False,exec=False",parse_error
code_gen_0557,generalization_conditional_paraphrase,gen_size_liquidity_gate,请把这个未见过的金融想法转成 `dsl_fire` 代码块，代码块内只写 result 赋值：作为教学样例，只有小市值暴露高于市场均值时，才保留 28 日流动性信号。不要使用解释文字。,"where(gt(neg(log(market_cap)), xs_mean(neg(log(market_cap)))), log1p(ts_mean(volume, 28)), 0.0)","```dsl_fire
result = where(gt(neg(log(market_cap)), xs_mean(neg(log(market_cap)))), log1p(ts_mean(volume, 28)), 0.0)
```","```dsl_fire
result = where(logical_or(gt(neg(log(market_cap)), xs_mean(neg(log(market_cap)))), gt(log(market_cap), xs_mean(log(market_cap)))), div(volume, market_cap), 0.0)
```",,,1,"c1:score=120,parse=True,exec=True | c2:score=120,parse=True,exec=True | c3:score=120,parse=True,exec=True | c4:score=120,parse=True,exec=True | c5:score=120,parse=True,exec=True",semantic_mismatch
code_gen_0062,generalization_regression,gen_corr_flow_return,请把这个未见过的金融想法转成 `dsl_fire` 代码块，代码块内只写 result 赋值：用 9 日滚动相关衡量换手代理和日收益同步性。,"ts_corr(div(volume, market_cap), pct_change(close, 1), 9)","```dsl_fire
result = ts_corr(div(volume, market_cap), pct_change(close, 1), 9)
```","```dsl_fire
result = ts_corr(pct_change(close, 1), 90)
```",,,1,"c1:score=20,parse=True,exec=False | c2:score=20,parse=True,exec=False | c3:score=20,parse=True,exec=False | c4:score=20,parse=True,exec=False | c5:score=20,parse=True,exec=False",execution_error
code_gen_0336,generalization_conditional_paraphrase,gen_value_momentum_gate,请把这个未见过的金融想法转成 `dsl_fire` 代码块，代码块内只写 result 赋值：从量化研究角度，只有估值便宜且 85 日动量高于市场均值时，才保留价值动量组合。注意窗口、方向和字段选择。,"where(logical_and(gt(recip(pb), xs_mean(recip(pb))), gt(pct_change(close, 85), xs_mean(pct_change(close, 85)))), add(recip(pb), pct_change(close, 85)), 0.0)","```dsl_fire
result = where(logical_and(gt(recip(pb), xs_mean(recip(pb))), gt(pct_change(close, 85), xs_mean(pct_change(close, 85)))), add(recip(pb), pct_change(close, 85)), 0.0)
```","```dsl_fire
result = where(logical_or(gt(log(market_cap), xs_mean(log(market_cap))), gt(neg(log(market_cap)), xs_mean(neg(log(market_cap))))), add(recip(pb), neg(pct_change(close, 20)), 0.0)
```",,,1,"c1:score=0,parse=False,exec=False | c2:score=0,parse=False,exec=False | c3:score=0,parse=False,exec=False | c4:score=0,parse=False,exec=False | c5:score=0,parse=False,exec=False",parse_error
code_gen_0508,generalization_unseen_window_paraphrase,gen_unseen_window_momentum,请把这个未见过的金融想法转成 `dsl_fire` 代码块，代码块内只写 result 赋值：把这个 alpha 逻辑写成表达式：过去 50 日收盘价收益越高，短期趋势越强。这个想法需要转换为函数式 DSL。,"pct_change(close, 50)","```dsl_fire
result = pct_change(close, 50)
```","```dsl_fire
result = pct_change(close, 10)
```",,,1,"c1:score=120,parse=True,exec=True | c2:score=120,parse=True,exec=True | c3:score=120,parse=True,exec=True | c4:score=120,parse=True,exec=True | c5:score=120,parse=True,exec=True",semantic_mismatch
code_gen_0084,generalization_conditional,gen_value_momentum_gate,请把这个未见过的金融想法转成 `dsl_fire` 代码块，代码块内只写 result 赋值：只有估值便宜且 42 日动量高于市场均值时，才保留价值动量组合。,"where(logical_and(gt(recip(pb), xs_mean(recip(pb))), gt(pct_change(close, 42), xs_mean(pct_change(close, 42)))), add(recip(pb), pct_change(close, 42)), 0.0)","```dsl_fire
result = where(logical_and(gt(recip(pb), xs_mean(recip(pb))), gt(pct_change(close, 42), xs_mean(pct_change(close, 42)))), add(recip(pb), pct_change(close, 42)), 0.0)
```","```dsl_fire
result = where(logical_and(gt(recip(pb), xs_mean(recip(pb))), gt(pct_change(close, 20), xs_mean(pct_change(close, 20)))), add(recip(pb), neg(pct_change(close, 20)), 0.0)
```",,,1,"c1:score=0,parse=False,exec=False | c2:score=0,parse=False,exec=False | c3:score=0,parse=False,exec=False | c4:score=0,parse=False,exec=False | c5:score=0,parse=False,exec=False",parse_error
code_gen_0159,generalization_conditional,gen_mask_group_open_13,请把这个未见过的金融想法转成 `dsl_fire` 代码块，代码块内只写 result 赋值：只有开盘价不低于行业均值时，才保留行业标准化信号。,"mask(div(sub(open, group_mean(open, industry)), group_std(open, industry)), ge(open, group_mean(open, industry)), 0.0)","```dsl_fire
result = mask(div(sub(open, group_mean(open, industry)), group_std(open, industry)), ge(open, group_mean(open, industry)), 0.0)
```","```dsl_fire
result = where(gt(log(market_cap), group_mean(log(market_cap), industry)), div(sub(volume, group_mean(log(market_cap), industry)), group_std(log(market_cap), industry)), 0.0)
```",,,1,"c1:score=120,parse=True,exec=True | c2:score=120,parse=True,exec=True | c3:score=0,parse=False,exec=False | c4:score=120,parse=True,exec=True | c5:score=120,parse=True,exec=True",semantic_mismatch
code_gen_0154,generalization_time_series,gen_argmax_close,请把这个未见过的金融想法转成 `dsl_fire` 代码块，代码块内只写 result 赋值：收盘价在 66 日窗口内高点越靠近当前，信号越新。,"neg(ts_argmax(close, 66))","```dsl_fire
result = neg(ts_argmax(close, 66))
```","```dsl_fire
result = ts_win_cumsum(pct_change(close, 1), 60)
```",,,1,"c1:score=120,parse=True,exec=True | c2:score=120,parse=True,exec=True | c3:score=120,parse=True,exec=True | c4:score=120,parse=True,exec=True | c5:score=120,parse=True,exec=True",semantic_mismatch
code_gen_0289,generalization_composition_paraphrase,gen_value_momentum,请把这个未见过的金融想法转成 `dsl_fire` 代码块，代码块内只写 result 赋值：把这个 alpha 逻辑写成表达式：同时偏好低 PB 估值和 50 日价格动量强的股票。最终只需要一个可执行表达式。,"add(recip(pb), pct_change(close, 50))","```dsl_fire
result = add(recip(pb), pct_change(close, 50))
```","```dsl_fire
result = where(recip(pb), log(market_cap))
```",,,2,"c1:score=0,parse=False,exec=False | c2:score=20,parse=True,exec=False | c3:score=0,parse=False,exec=False | c4:score=0,parse=False,exec=False | c5:score=20,parse=True,exec=False",execution_error
code_gen_0200,generalization_conditional,gen_conditional_xs_vwap_19,请把这个未见过的金融想法转成 `dsl_fire` 代码块，代码块内只写 result 赋值：只有成交量加权平均价横截面标准化值为正时，才保留 19 日动量。,"where(gt(div(sub(vwap, xs_mean(vwap)), xs_std(vwap)), 0.0), pct_change(close, 19), 0.0)","```dsl_fire
result = where(gt(div(sub(vwap, xs_mean(vwap)), xs_std(vwap)), 0.0), pct_change(close, 19), 0.0)
```","```dsl_fire
result = where(gt(div(sub(volume, xs_mean(volume)), xs_std(volume)), gt(volume, xs_mean(volume)), xs_std(volume)), 0.0)
```",,,2,"c1:score=0,parse=False,exec=False | c2:score=20,parse=True,exec=False | c3:score=0,parse=False,exec=False | c4:score=0,parse=False,exec=False | c5:score=20,parse=True,exec=False",execution_error
code_gen_0443,generalization_conditional_paraphrase,gen_conditional_xs_vwap_73,请把这个未见过的金融想法转成 `dsl_fire` 代码块，代码块内只写 result 赋值：作为教学样例，只有成交量加权平均价横截面标准化值为正时，才保留 73 日动量。这个想法需要转换为函数式 DSL。,"where(gt(div(sub(vwap, xs_mean(vwap)), xs_std(vwap)), 0.0), pct_change(close, 73), 0.0)","```dsl_fire
result = where(gt(div(sub(vwap, xs_mean(vwap)), xs_std(vwap)), 0.0), pct_change(close, 73), 0.0)
```","```dsl_fire
result = where(gt(div(sub(volume, xs_mean(volume, 7)), xs_std(volume)), -1.0), 1.0)
```",,,1,"c1:score=20,parse=True,exec=False | c2:score=20,parse=True,exec=False | c3:score=20,parse=True,exec=False | c4:score=20,parse=True,exec=False | c5:score=20,parse=True,exec=False",execution_error
code_gen_0170,generalization_conditional,gen_conditional_xs_close_47,请把这个未见过的金融想法转成 `dsl_fire` 代码块，代码块内只写 result 赋值：只有收盘价横截面标准化值为正时，才保留 47 日动量。,"where(gt(div(sub(close, xs_mean(close)), xs_std(close)), 0.0), pct_change(close, 47), 0.0)","```dsl_fire
result = where(gt(div(sub(close, xs_mean(close)), xs_std(close)), 0.0), pct_change(close, 47), 0.0)
```","```dsl_fire
result = where(gt(div(sub(log(market_cap), xs_mean(log(market_cap))), xs_std(log(market_cap))), xs_mean(div(sub(log(market_cap), xs_mean(log(market_cap))), xs_std(log(market_cap))))), gt(pct_change(close, 20), 0
```",,,1,"c1:score=0,parse=False,exec=False | c2:score=0,parse=False,exec=False | c3:score=0,parse=False,exec=False | c4:score=0,parse=False,exec=False | c5:score=0,parse=False,exec=False",parse_error
code_gen_0323,generalization_conditional_paraphrase,gen_size_liquidity_gate,请把这个未见过的金融想法转成 `dsl_fire` 代码块，代码块内只写 result 赋值：作为教学样例，只有小市值暴露高于市场均值时，才保留 42 日流动性信号。这个想法需要转换为函数式 DSL。,"where(gt(neg(log(market_cap)), xs_mean(neg(log(market_cap)))), log1p(ts_mean(volume, 42)), 0.0)","```dsl_fire
result = where(gt(neg(log(market_cap)), xs_mean(neg(log(market_cap)))), log1p(ts_mean(volume, 42)), 0.0)
```","```dsl_fire
result = where(log(market_cap), xs_mean(log(market_cap)))
```",,,5,"c1:score=0,parse=False,exec=False | c2:score=0,parse=False,exec=False | c3:score=0,parse=False,exec=False | c4:score=0,parse=False,exec=False | c5:score=20,parse=True,exec=False",execution_error
code_gen_0536,generalization_group_paraphrase,gen_industry_value_size,请把这个未见过的金融想法转成 `dsl_fire` 代码块，代码块内只写 result 赋值：作为教学样例，行业内估值便宜且行业内小市值暴露较强的股票得分更高。注意窗口、方向和字段选择。,"add(div(sub(recip(pb), group_mean(recip(pb), industry)), group_std(recip(pb), industry)), div(sub(neg(log(market_cap)), group_mean(neg(log(market_cap)), industry)), group_std(neg(log(market_cap)), industry)))","```dsl_fire
result = add(div(sub(recip(pb), group_mean(recip(pb), industry)), group_std(recip(pb), industry)), div(sub(neg(log(market_cap)), group_mean(neg(log(market_cap)), industry)), group_std(neg(log(market_cap)), industry)))
```","```dsl_fire
result = div(div(volume, market_cap), group_mean(log(market_cap), industry)), group_sum(absolute(log(market_cap)), industry))
```",,,1,"c1:score=0,parse=False,exec=False | c2:score=0,parse=False,exec=False | c3:score=0,parse=False,exec=False | c4:score=0,parse=False,exec=False | c5:score=0,parse=False,exec=False",parse_error
code_gen_0544,generalization_group_paraphrase,gen_value_quality_trend,请把这个未见过的金融想法转成 `dsl_fire` 代码块，代码块内只写 result 赋值：把这个 alpha 逻辑写成表达式：行业中性估值便宜且 14 日风险调整动量强的股票更有吸引力。最终只需要一个可执行表达式。,"add(div(sub(recip(pb), group_mean(recip(pb), industry)), group_std(recip(pb), industry)), div(pct_change(close, 14), ts_std(pct_change(close, 1), 14)))","```dsl_fire
result = add(div(sub(recip(pb), group_mean(recip(pb), industry)), group_std(recip(pb), industry)), div(pct_change(close, 14), ts_std(pct_change(close, 1), 14)))
```","```dsl_fire
result = ts_std(minimum(pct_change(close, 1), 0.0), 20)
```",,,1,"c1:score=120,parse=True,exec=True | c2:score=0,parse=False,exec=False | c3:score=120,parse=True,exec=True | c4:score=120,parse=True,exec=True | c5:score=0,parse=False,exec=False",semantic_mismatch
code_gen_0119,generalization_time_series,gen_argmin_market_cap,请把这个未见过的金融想法转成 `dsl_fire` 代码块，代码块内只写 result 赋值：总市值在 17 日窗口内低点位置用于描述路径。,"ts_argmin(market_cap, 17)","```dsl_fire
result = ts_argmin(market_cap, 17)
```","```dsl_fire
result = ts_win_cumsum(pct_change(close, 1), 20)
```",,,2,"c1:score=0,parse=False,exec=False | c2:score=120,parse=True,exec=True | c3:score=120,parse=True,exec=True | c4:score=120,parse=True,exec=True | c5:score=120,parse=True,exec=True",semantic_mismatch
code_gen_0539,generalization_conditional_paraphrase,gen_value_momentum_gate,请把这个未见过的金融想法转成 `dsl_fire` 代码块，代码块内只写 result 赋值：作为教学样例，只有估值便宜且 9 日动量高于市场均值时，才保留价值动量组合。最终只需要一个可执行表达式。,"where(logical_and(gt(recip(pb), xs_mean(recip(pb))), gt(pct_change(close, 9), xs_mean(pct_change(close, 9)))), add(recip(pb), pct_change(close, 9)), 0.0)","```dsl_fire
result = where(logical_and(gt(recip(pb), xs_mean(recip(pb))), gt(pct_change(close, 9), xs_mean(pct_change(close, 9)))), add(recip(pb), pct_change(close, 9)), 0.0)
```","```dsl_fire
result = where(gt(recip(pb), xs_mean(recip(pb))), div(sub(log(market_cap), xs_mean(log(market_cap))), xs_std(log(market_cap))))
```",,,1,"c1:score=20,parse=True,exec=False | c2:score=0,parse=False,exec=False | c3:score=20,parse=True,exec=False | c4:score=0,parse=False,exec=False | c5:score=20,parse=True,exec=False",execution_error
code_gen_0458,generalization_conditional_paraphrase,gen_conditional_xs_market_cap_47,请把这个未见过的金融想法转成 `dsl_fire` 代码块，代码块内只写 result 赋值：作为教学样例，只有总市值横截面标准化值为正时，才保留 47 日动量。这个想法需要转换为函数式 DSL。,"where(gt(div(sub(market_cap, xs_mean(market_cap)), xs_std(market_cap)), 0.0), pct_change(close, 47), 0.0)","```dsl_fire
result = where(gt(div(sub(market_cap, xs_mean(market_cap)), xs_std(market_cap)), 0.0), pct_change(close, 47), 0.0)
```","```dsl_fire
result = where(gt(div(sub(log(market_cap), xs_mean(log(market_cap))), xs_std(log(market_cap))), xs_mean(div(sub(log(market_cap), xs_mean(log(market_cap))), xs_std(log(market_cap)))))), gt(pct_change(close, 20)
```",,,1,"c1:score=0,parse=False,exec=False | c2:score=0,parse=False,exec=False | c3:score=0,parse=False,exec=False | c4:score=0,parse=False,exec=False | c5:score=0,parse=False,exec=False",parse_error
code_gen_0571,generalization_regression_paraphrase,gen_reg_value_size,请把这个未见过的金融想法转成 `dsl_fire` 代码块，代码块内只写 result 赋值：把这个 alpha 逻辑写成表达式：用 55 日滚动回归提取估值相对市值解释后的残差。注意窗口、方向和字段选择。,"ts_reg_res(recip(pb), log(market_cap), 55)","```dsl_fire
result = ts_reg_res(recip(pb), log(market_cap), 55)
```","```dsl_fire
result = ts_win_cumsum(pct_change(close, 1), 5)
```",,,5,"c1:score=0,parse=False,exec=False | c2:score=0,parse=False,exec=False | c3:score=0,parse=False,exec=False | c4:score=0,parse=False,exec=False | c5:score=120,parse=True,exec=True",semantic_mismatch
code_gen_0516,generalization_unseen_window_paraphrase,gen_unseen_window_momentum,请把这个未见过的金融想法转成 `dsl_fire` 代码块，代码块内只写 result 赋值：从量化研究角度，过去 120 日收盘价收益越高，短期趋势越强。注意窗口、方向和字段选择。,"pct_change(close, 120)","```dsl_fire
result = pct_change(close, 120)
```","```dsl_fire
result = ts_prod(add(1.0, pct_change(close, 1)), 20)
```",,,1,"c1:score=120,parse=True,exec=True | c2:score=120,parse=True,exec=True | c3:score=120,parse=True,exec=True | c4:score=120,parse=True,exec=True | c5:score=120,parse=True,exec=True",semantic_mismatch
code_gen_0459,generalization_conditional_paraphrase,gen_conditional_xs_market_cap_73,请把这个未见过的金融想法转成 `dsl_fire` 代码块，代码块内只写 result 赋值：从量化研究角度，只有总市值横截面标准化值为正时，才保留 73 日动量。最终只需要一个可执行表达式。,"where(gt(div(sub(market_cap, xs_mean(market_cap)), xs_std(market_cap)), 0.0), pct_change(close, 73), 0.0)","```dsl_fire
result = where(gt(div(sub(market_cap, xs_mean(market_cap)), xs_std(market_cap)), 0.0), pct_change(close, 73), 0.0)
```","```dsl_fire
result = where(gt(div(sub(volume, xs_mean(volume, 7)), xs_std(volume)), -1.0), 1.0)
```",,,1,"c1:score=20,parse=True,exec=False | c2:score=20,parse=True,exec=False | c3:score=20,parse=True,exec=False | c4:score=20,parse=True,exec=False | c5:score=20,parse=True,exec=False",execution_error
code_gen_0100,generalization_group,gen_value_quality_trend,请把这个未见过的金融想法转成 `dsl_fire` 代码块，代码块内只写 result 赋值：行业中性估值便宜且 110 日风险调整动量强的股票更有吸引力。,"add(div(sub(recip(pb), group_mean(recip(pb), industry)), group_std(recip(pb), industry)), div(pct_change(close, 110), ts_std(pct_change(close, 1), 110)))","```dsl_fire
result = add(div(sub(recip(pb), group_mean(recip(pb), industry)), group_std(recip(pb), industry)), div(pct_change(close, 110), ts_std(pct_change(close, 1), 110)))
```","```dsl_fire
result = ts_std(pct_change(close, 1), 20)
```",,,2,"c1:score=0,parse=False,exec=False | c2:score=120,parse=True,exec=True | c3:score=0,parse=False,exec=False | c4:score=0,parse=False,exec=False | c5:score=0,parse=False,exec=False",semantic_mismatch
code_gen_0481,generalization_unseen_window_paraphrase,gen_unseen_window_reversal,请把这个未见过的金融想法转成 `dsl_fire` 代码块，代码块内只写 result 赋值：把这个 alpha 逻辑写成表达式：过去 4 日涨幅越高，后续均值回归压力越大。注意窗口、方向和字段选择。,"neg(pct_change(close, 4))","```dsl_fire
result = neg(pct_change(close, 4))
```","```dsl_fire
result = neg(ts_argmax(log(market_cap, 45)))
```",,,2,"c1:score=0,parse=False,exec=False | c2:score=20,parse=True,exec=False | c3:score=20,parse=True,exec=False | c4:score=20,parse=True,exec=False | c5:score=20,parse=True,exec=False",execution_error
code_gen_0083,generalization_conditional,gen_size_liquidity_gate,请把这个未见过的金融想法转成 `dsl_fire` 代码块，代码块内只写 result 赋值：只有小市值暴露高于市场均值时，才保留 42 日流动性信号。,"where(gt(neg(log(market_cap)), xs_mean(neg(log(market_cap)))), log1p(ts_mean(volume, 42)), 0.0)","```dsl_fire
result = where(gt(neg(log(market_cap)), xs_mean(neg(log(market_cap)))), log1p(ts_mean(volume, 42)), 0.0)
```","```dsl_fire
result = where(logical_xor(gt(neg(log(market_cap)), xs_mean(neg(log(market_cap)))), gt(log(market_cap), xs_mean(log(market_cap)))), log1p(ts_mean(volume, 20)), 0.0)
```",,,2,"c1:score=0,parse=False,exec=False | c2:score=120,parse=True,exec=True | c3:score=0,parse=False,exec=False | c4:score=0,parse=False,exec=False | c5:score=0,parse=False,exec=False",semantic_mismatch
code_gen_0318,generalization_conditional_paraphrase,gen_value_momentum_gate,请把这个未见过的金融想法转成 `dsl_fire` 代码块，代码块内只写 result 赋值：从量化研究角度，只有估值便宜且 28 日动量高于市场均值时，才保留价值动量组合。这个想法需要转换为函数式 DSL。,"where(logical_and(gt(recip(pb), xs_mean(recip(pb))), gt(pct_change(close, 28), xs_mean(pct_change(close, 28)))), add(recip(pb), pct_change(close, 28)), 0.0)","```dsl_fire
result = where(logical_and(gt(recip(pb), xs_mean(recip(pb))), gt(pct_change(close, 28), xs_mean(pct_change(close, 28)))), add(recip(pb), pct_change(close, 28)), 0.0)
```","```dsl_fire
result = where(logical_or(gt(recip(pb), xs_mean(recip(pb))), gt(recip(pb), xs_mean(recip(pb)))), div(absolute(pct_change(close, 20)), ts_std(pct_change(close, 1), 20)), 0.0)
```",,,1,"c1:score=120,parse=True,exec=True | c2:score=120,parse=True,exec=True | c3:score=0,parse=False,exec=False | c4:score=120,parse=True,exec=True | c5:score=0,parse=False,exec=False",semantic_mismatch
code_gen_0077,generalization_conditional,gen_size_liquidity_gate,请把这个未见过的金融想法转成 `dsl_fire` 代码块，代码块内只写 result 赋值：只有小市值暴露高于市场均值时，才保留 28 日流动性信号。,"where(gt(neg(log(market_cap)), xs_mean(neg(log(market_cap)))), log1p(ts_mean(volume, 28)), 0.0)","```dsl_fire
result = where(gt(neg(log(market_cap)), xs_mean(neg(log(market_cap)))), log1p(ts_mean(volume, 28)), 0.0)
```","```dsl_fire
result = where(logical_and(gt(neg(log(market_cap)), xs_mean(neg(log(market_cap)))), gt(log(market_cap), xs_mean(log(market_cap)))), gt(volume, ts_mean(volume, 20)), 0.0)
```",,,5,"c1:score=0,parse=False,exec=False | c2:score=0,parse=False,exec=False | c3:score=0,parse=False,exec=False | c4:score=0,parse=False,exec=False | c5:score=20,parse=True,exec=False",execution_error
code_gen_0105,generalization_time_series,gen_quantile_value,请把这个未见过的金融想法转成 `dsl_fire` 代码块，代码块内只写 result 赋值：估值便宜程度高于自身 110 日 70% 分位数越多，价值信号越突出。,"sub(recip(pb), ts_quantile(recip(pb), 110, 0.7))","```dsl_fire
result = sub(recip(pb), ts_quantile(recip(pb), 110, 0.7))
```","```dsl_fire
result = add(log(market_cap), pct_change(close, 20))
```",,,1,"c1:score=120,parse=True,exec=True | c2:score=120,parse=True,exec=True | c3:score=0,parse=False,exec=False | c4:score=20,parse=True,exec=False | c5:score=20,parse=True,exec=False",semantic_mismatch
code_gen_0562,generalization_group_paraphrase,gen_value_quality_trend,请把这个未见过的金融想法转成 `dsl_fire` 代码块，代码块内只写 result 赋值：把这个 alpha 逻辑写成表达式：行业中性估值便宜且 42 日风险调整动量强的股票更有吸引力。不要使用解释文字。,"add(div(sub(recip(pb), group_mean(recip(pb), industry)), group_std(recip(pb), industry)), div(pct_change(close, 42), ts_std(pct_change(close, 1), 42)))","```dsl_fire
result = add(div(sub(recip(pb), group_mean(recip(pb), industry)), group_std(recip(pb), industry)), div(pct_change(close, 42), ts_std(pct_change(close, 1), 42)))
```","```dsl_fire
result = div(log(market_cap), group_mean(log(market_cap), industry)), div(sub(log(market_cap), group_mean(log(market_cap), industry)), group_std(log(market_cap), industry))))
```",,,1,"c1:score=0,parse=False,exec=False | c2:score=0,parse=False,exec=False | c3:score=0,parse=False,exec=False | c4:score=0,parse=False,exec=False | c5:score=0,parse=False,exec=False",parse_error
code_gen_0520,generalization_composition_paraphrase,gen_quality_trend,请把这个未见过的金融想法转成 `dsl_fire` 代码块，代码块内只写 result 赋值：把这个 alpha 逻辑写成表达式：同时偏好 25 日风险调整趋势高且收益方差低的股票。请保持字段和算子命名规范。,"add(div(pct_change(close, 25), ts_std(pct_change(close, 1), 25)), neg(ts_var(pct_change(close, 1), 25)))","```dsl_fire
result = add(div(pct_change(close, 25), ts_std(pct_change(close, 1), 25)), neg(ts_var(pct_change(close, 1), 25)))
```","```dsl_fire
result = where(logical_and(gt(pct_change(close, 20), xs_mean(pct_change(close, 20)))), neg(log(market_cap)), 0.0)
```",,,1,"c1:score=20,parse=True,exec=False | c2:score=20,parse=True,exec=False | c3:score=20,parse=True,exec=False | c4:score=20,parse=True,exec=False | c5:score=20,parse=True,exec=False",execution_error
code_gen_0464,generalization_time_series_paraphrase,gen_ts_prod_turnover,请把这个未见过的金融想法转成 `dsl_fire` 代码块，代码块内只写 result 赋值：作为教学样例，13 日成交量变化加一后连乘测试未见时间聚合结构。最终只需要一个可执行表达式。,"ts_prod(add(1.0, pct_change(volume, 1)), 13)","```dsl_fire
result = ts_prod(add(1.0, pct_change(volume, 1)), 13)
```","```dsl_fire
result = div(ts_prod(add(1.0, pct_change(volume, 1)), 7), 1.0)
```",,,1,"c1:score=120,parse=True,exec=True | c2:score=20,parse=True,exec=False | c3:score=120,parse=True,exec=True | c4:score=20,parse=True,exec=False | c5:score=20,parse=True,exec=False",semantic_mismatch
code_gen_0474,generalization_regression_paraphrase,gen_ts_corr_size_flow,请把这个未见过的金融想法转成 `dsl_fire` 代码块，代码块内只写 result 赋值：从量化研究角度，用 19 日滚动相关衡量规模和换手代理同步性。最终只需要一个可执行表达式。,"ts_corr(log(market_cap), div(volume, market_cap), 19)","```dsl_fire
result = ts_corr(log(market_cap), div(volume, market_cap), 19)
```","```dsl_fire
result = ts_std(pct_change(close, 1), 20)
```",,,1,"c1:score=120,parse=True,exec=True | c2:score=120,parse=True,exec=True | c3:score=120,parse=True,exec=True | c4:score=120,parse=True,exec=True | c5:score=120,parse=True,exec=True",semantic_mismatch
code_gen_0048,generalization_composition,gen_quality_trend,请把这个未见过的金融想法转成 `dsl_fire` 代码块，代码块内只写 result 赋值：同时偏好 50 日风险调整趋势高且收益方差低的股票。,"add(div(pct_change(close, 50), ts_std(pct_change(close, 1), 50)), neg(ts_var(pct_change(close, 1), 50)))","```dsl_fire
result = add(div(pct_change(close, 50), ts_std(pct_change(close, 1), 50)), neg(ts_var(pct_change(close, 1), 50)))
```","```dsl_fire
result = sub(ts_mean(pct_change(close, 1), 20), ts_std(pct_change(close, 1), 20))
```",,,3,"c1:score=20,parse=True,exec=False | c2:score=20,parse=True,exec=False | c3:score=120,parse=True,exec=True | c4:score=120,parse=True,exec=True | c5:score=120,parse=True,exec=True",semantic_mismatch
code_gen_0502,generalization_unseen_window_paraphrase,gen_unseen_window_vol,请把这个未见过的金融想法转成 `dsl_fire` 代码块，代码块内只写 result 赋值：把这个 alpha 逻辑写成表达式：过去 25 日日收益波动越低，稳定性越强。不要使用解释文字。,"neg(ts_std(pct_change(close, 1), 25))","```dsl_fire
result = neg(ts_std(pct_change(close, 1), 25))
```","```dsl_fire
result = pct_change(close, 60)
```",,,1,"c1:score=120,parse=True,exec=True | c2:score=120,parse=True,exec=True | c3:score=120,parse=True,exec=True | c4:score=120,parse=True,exec=True | c5:score=120,parse=True,exec=True",semantic_mismatch
code_gen_0551,generalization_conditional_paraphrase,gen_size_liquidity_gate,请把这个未见过的金融想法转成 `dsl_fire` 代码块，代码块内只写 result 赋值：作为教学样例，只有小市值暴露高于市场均值时，才保留 22 日流动性信号。注意窗口、方向和字段选择。,"where(gt(neg(log(market_cap)), xs_mean(neg(log(market_cap)))), log1p(ts_mean(volume, 22)), 0.0)","```dsl_fire
result = where(gt(neg(log(market_cap)), xs_mean(neg(log(market_cap)))), log1p(ts_mean(volume, 22)), 0.0)
```","```dsl_fire
result = where(logical_or(gt(log(market_cap), xs_mean(log(market_cap))), gt(neg(log(market_cap)), xs_mean(neg(log(market_cap))))), add(neg(log(market_cap)), div(sub(volume, ts_mean(volume, 20)), ts_std(volume, 20
```",,,1,"c1:score=0,parse=False,exec=False | c2:score=0,parse=False,exec=False | c3:score=0,parse=False,exec=False | c4:score=0,parse=False,exec=False | c5:score=0,parse=False,exec=False",parse_error
code_gen_0172,generalization_cross_section,gen_xs_quantile_high_13,请把这个未见过的金融想法转成 `dsl_fire` 代码块，代码块内只写 result 赋值：最高价相对横截面 75% 分位数的偏离用于测试未见分位结构。,"sub(high, xs_quantile(high, 0.75))","```dsl_fire
result = sub(high, xs_quantile(high, 0.75))
```","```dsl_fire
result = sub(log(market_cap), xs_quantile(log(market_cap), 0.2))
```",,,4,"c1:score=0,parse=False,exec=False | c2:score=0,parse=False,exec=False | c3:score=0,parse=False,exec=False | c4:score=120,parse=True,exec=True | c5:score=0,parse=False,exec=False",semantic_mismatch
code_gen_0428,generalization_cross_section_paraphrase,gen_xs_quantile_volume_13,请把这个未见过的金融想法转成 `dsl_fire` 代码块，代码块内只写 result 赋值：作为教学样例，成交量相对横截面 75% 分位数的偏离用于测试未见分位结构。这个想法需要转换为函数式 DSL。,"sub(volume, xs_quantile(volume, 0.75))","```dsl_fire
result = sub(volume, xs_quantile(volume, 0.75))
```","```dsl_fire
result = div(volume, xs_cap)
```",,,1,"c1:score=20,parse=True,exec=False | c2:score=20,parse=True,exec=False | c3:score=20,parse=True,exec=False | c4:score=20,parse=True,exec=False | c5:score=20,parse=True,exec=False",execution_error
code_gen_0422,generalization_conditional_paraphrase,gen_conditional_xs_low_13,请把这个未见过的金融想法转成 `dsl_fire` 代码块，代码块内只写 result 赋值：作为教学样例，只有最低价横截面标准化值为正时，才保留 13 日动量。不要使用解释文字。,"where(gt(div(sub(low, xs_mean(low)), xs_std(low)), 0.0), pct_change(close, 13), 0.0)","```dsl_fire
result = where(gt(div(sub(low, xs_mean(low)), xs_std(low)), 0.0), pct_change(close, 13), 0.0)
```","```dsl_fire
result = where(sign(sub(recip(pb), xs_mean(recip(pb))), xs_std(recip(pb))), div(sub(log(market_cap), xs_mean(log(market_cap))), xs_std(log(market_cap))))
```",,,3,"c1:score=0,parse=False,exec=False | c2:score=0,parse=False,exec=False | c3:score=20,parse=True,exec=False | c4:score=20,parse=True,exec=False | c5:score=0,parse=False,exec=False",execution_error
code_gen_0033,generalization_unseen_window,gen_unseen_window_reversal,请把这个未见过的金融想法转成 `dsl_fire` 代码块，代码块内只写 result 赋值：过去 75 日涨幅越高，后续均值回归压力越大。,"neg(pct_change(close, 75))","```dsl_fire
result = neg(pct_change(close, 75))
```","```dsl_fire
result = ts_prod(add(1.0, pct_change(close, 1)), 45)
```",,,1,"c1:score=120,parse=True,exec=True | c2:score=120,parse=True,exec=True | c3:score=120,parse=True,exec=True | c4:score=120,parse=True,exec=True | c5:score=120,parse=True,exec=True",semantic_mismatch
code_gen_0013,generalization_unseen_window,gen_unseen_window_reversal,请把这个未见过的金融想法转成 `dsl_fire` 代码块，代码块内只写 result 赋值：过去 12 日涨幅越高，后续均值回归压力越大。,"neg(pct_change(close, 12))","```dsl_fire
result = neg(pct_change(close, 12))
```","```dsl_fire
result = ts_prod(add(1.0, pct_change(close, 1)), 20)
```",,,1,"c1:score=120,parse=True,exec=True | c2:score=20,parse=True,exec=False | c3:score=120,parse=True,exec=True | c4:score=0,parse=False,exec=False | c5:score=120,parse=True,exec=True",semantic_mismatch
code_gen_0355,generalization_time_series_paraphrase,gen_argmin_pb,请把这个未见过的金融想法转成 `dsl_fire` 代码块，代码块内只写 result 赋值：把这个 alpha 逻辑写成表达式：市净率 PB在 66 日窗口内低点位置用于描述路径。请保持字段和算子命名规范。,"ts_argmin(pb, 66)","```dsl_fire
result = ts_argmin(pb, 66)
```","```dsl_fire
result = div(sub(pb, ts_last(shift(pb, 1), 5)), ts_last(shift(pb, 1), 5))
```",,,1,"c1:score=120,parse=True,exec=True | c2:score=0,parse=False,exec=False | c3:score=0,parse=False,exec=False | c4:score=120,parse=True,exec=True | c5:score=0,parse=False,exec=False",semantic_mismatch
code_gen_0041,generalization_composition,gen_value_momentum,请把这个未见过的金融想法转成 `dsl_fire` 代码块，代码块内只写 result 赋值：同时偏好低 PB 估值和 25 日价格动量强的股票。,"add(recip(pb), pct_change(close, 25))","```dsl_fire
result = add(recip(pb), pct_change(close, 25))
```","```dsl_fire
result = add(recip(pb), pct_change(close, 10))
```",,,2,"c1:score=0,parse=False,exec=False | c2:score=120,parse=True,exec=True | c3:score=120,parse=True,exec=True | c4:score=0,parse=False,exec=False | c5:score=20,parse=True,exec=False",semantic_mismatch
code_gen_0337,generalization_regression_paraphrase,gen_reg_value_size,请把这个未见过的金融想法转成 `dsl_fire` 代码块，代码块内只写 result 赋值：把这个 alpha 逻辑写成表达式：用 85 日滚动回归提取估值相对市值解释后的残差。不要使用解释文字。,"ts_reg_res(recip(pb), log(market_cap), 85)","```dsl_fire
result = ts_reg_res(recip(pb), log(market_cap), 85)
```","```dsl_fire
result = ts_prod(add(1.0, pct_change(close, 1)), 45)
```",,,3,"c1:score=0,parse=False,exec=False | c2:score=0,parse=False,exec=False | c3:score=120,parse=True,exec=True | c4:score=120,parse=True,exec=True | c5:score=0,parse=False,exec=False",semantic_mismatch
code_gen_0272,generalization_unseen_window_paraphrase,gen_unseen_window_momentum,请把这个未见过的金融想法转成 `dsl_fire` 代码块，代码块内只写 result 赋值：作为教学样例，过去 75 日收盘价收益越高，短期趋势越强。不要使用解释文字。,"pct_change(close, 75)","```dsl_fire
result = pct_change(close, 75)
```","```dsl_fire
result = ts_prod(add(1.0, pct_change(close, 1)), 7)
```",,,4,"c1:score=20,parse=True,exec=False | c2:score=0,parse=False,exec=False | c3:score=20,parse=True,exec=False | c4:score=120,parse=True,exec=True | c5:score=20,parse=True,exec=False",semantic_mismatch
code_gen_0293,generalization_composition_paraphrase,gen_value_momentum,请把这个未见过的金融想法转成 `dsl_fire` 代码块，代码块内只写 result 赋值：作为教学样例，同时偏好低 PB 估值和 75 日价格动量强的股票。这个想法需要转换为函数式 DSL。,"add(recip(pb), pct_change(close, 75))","```dsl_fire
result = add(recip(pb), pct_change(close, 75))
```","```dsl_fire
result = div(sign(pct_change(close, 7), log(market_cap)), neg(log(market_cap)))
```",,,1,"c1:score=20,parse=True,exec=False | c2:score=20,parse=True,exec=False | c3:score=0,parse=False,exec=False | c4:score=0,parse=False,exec=False | c5:score=20,parse=True,exec=False",execution_error
code_gen_0065,generalization_conditional,gen_size_liquidity_gate,请把这个未见过的金融想法转成 `dsl_fire` 代码块，代码块内只写 result 赋值：只有小市值暴露高于市场均值时，才保留 14 日流动性信号。,"where(gt(neg(log(market_cap)), xs_mean(neg(log(market_cap)))), log1p(ts_mean(volume, 14)), 0.0)","```dsl_fire
result = where(gt(neg(log(market_cap)), xs_mean(neg(log(market_cap)))), log1p(ts_mean(volume, 14)), 0.0)
```","```dsl_fire
result = where(logical_xor(gt(neg(log(market_cap)), xs_mean(neg(log(market_cap)))), gt(pct_change(close, 20), xs_mean(pct_change(close, 20)))), add(neg(log(market_cap)), div(volume, 20)), 0.0)
```",,,1,"c1:score=120,parse=True,exec=True | c2:score=120,parse=True,exec=True | c3:score=120,parse=True,exec=True | c4:score=120,parse=True,exec=True | c5:score=120,parse=True,exec=True",semantic_mismatch
code_gen_0380,generalization_time_series_paraphrase,gen_argmax_vwap,请把这个未见过的金融想法转成 `dsl_fire` 代码块，代码块内只写 result 赋值：作为教学样例，成交量加权平均价在 27 日窗口内高点越靠近当前，信号越新。请保持字段和算子命名规范。,"neg(ts_argmax(vwap, 27))","```dsl_fire
result = neg(ts_argmax(vwap, 27))
```","```dsl_fire
result = div(sub(shift(volume, 2)), shift(vwap, 2)
```",,,1,"c1:score=0,parse=False,exec=False | c2:score=0,parse=False,exec=False | c3:score=0,parse=False,exec=False | c4:score=0,parse=False,exec=False | c5:score=0,parse=False,exec=False",parse_error
code_gen_0185,generalization_conditional,gen_conditional_xs_low_31,请把这个未见过的金融想法转成 `dsl_fire` 代码块，代码块内只写 result 赋值：只有最低价横截面标准化值为正时，才保留 31 日动量。,"where(gt(div(sub(low, xs_mean(low)), xs_std(low)), 0.0), pct_change(close, 31), 0.0)","```dsl_fire
result = where(gt(div(sub(low, xs_mean(low)), xs_std(low)), 0.0), pct_change(close, 31), 0.0)
```","```dsl_fire
result = where(gt(div(sub(log(market_cap), xs_mean(log(market_cap))), xs_std(log(market_cap))), -1.0), pct_change(close, 20), 0.0)
```",,,3,"c1:score=0,parse=False,exec=False | c2:score=0,parse=False,exec=False | c3:score=120,parse=True,exec=True | c4:score=120,parse=True,exec=True | c5:score=120,parse=True,exec=True",semantic_mismatch
code_gen_0543,generalization_time_series_paraphrase,gen_quantile_value,请把这个未见过的金融想法转成 `dsl_fire` 代码块，代码块内只写 result 赋值：从量化研究角度，估值便宜程度高于自身 9 日 70% 分位数越多，价值信号越突出。这个想法需要转换为函数式 DSL。,"sub(recip(pb), ts_quantile(recip(pb), 9, 0.7))","```dsl_fire
result = sub(recip(pb), ts_quantile(recip(pb), 9, 0.7))
```","```dsl_fire
result = div(sub(close, ts_min(low, 20)), sub(ts_max(high, 20), ts_min(low, 20)))
```",,,1,"c1:score=120,parse=True,exec=True | c2:score=120,parse=True,exec=True | c3:score=120,parse=True,exec=True | c4:score=120,parse=True,exec=True | c5:score=120,parse=True,exec=True",semantic_mismatch
code_gen_0051,generalization_composition,gen_industry_value_momentum,请把这个未见过的金融想法转成 `dsl_fire` 代码块，代码块内只写 result 赋值：行业内估值便宜且 50 日动量较强的股票得分更高。,"add(div(sub(recip(pb), group_mean(recip(pb), industry)), group_std(recip(pb), industry)), pct_change(close, 50))","```dsl_fire
result = add(div(sub(recip(pb), group_mean(recip(pb), industry)), group_std(recip(pb), industry)), pct_change(close, 50))
```","```dsl_fire
result = add(pct_change(close, 10), pct_change(close, 10))
```",,,1,"c1:score=120,parse=True,exec=True | c2:score=120,parse=True,exec=True | c3:score=120,parse=True,exec=True | c4:score=120,parse=True,exec=True | c5:score=20,parse=True,exec=False",semantic_mismatch
code_gen_0529,generalization_composition_paraphrase,gen_value_momentum,请把这个未见过的金融想法转成 `dsl_fire` 代码块，代码块内只写 result 赋值：把这个 alpha 逻辑写成表达式：同时偏好低 PB 估值和 50 日价格动量强的股票。最终只需要一个可执行表达式。,"add(recip(pb), pct_change(close, 50))","```dsl_fire
result = add(recip(pb), pct_change(close, 50))
```","```dsl_fire
result = where(recip(pb), xs_mean(recip(pb)))
```",,,1,"c1:score=20,parse=True,exec=False | c2:score=0,parse=False,exec=False | c3:score=20,parse=True,exec=False | c4:score=0,parse=False,exec=False | c5:score=0,parse=False,exec=False",execution_error
code_gen_0347,generalization_time_series_paraphrase,gen_argmin_pb,请把这个未见过的金融想法转成 `dsl_fire` 代码块，代码块内只写 result 赋值：作为教学样例，市净率 PB在 11 日窗口内低点位置用于描述路径。不要使用解释文字。,"ts_argmin(pb, 11)","```dsl_fire
result = ts_argmin(pb, 11)
```","```dsl_fire
result = div(ts_cap, ts_last(shift(pb, 1), 5)), div(absolute(pb, ts_mean(close, 1)), 20)), pct_change(close, 5)
```",,,1,"c1:score=0,parse=False,exec=False | c2:score=0,parse=False,exec=False | c3:score=0,parse=False,exec=False | c4:score=0,parse=False,exec=False | c5:score=0,parse=False,exec=False",parse_error
code_gen_0475,generalization_conditional_paraphrase,gen_logic_liquidity_risk_xor,请把这个未见过的金融想法转成 `dsl_fire` 代码块，代码块内只写 result 赋值：把这个 alpha 逻辑写成表达式：流动性强和低风险只有一个成立时保留 31 日动量。请保持字段和算子命名规范。,"where(logical_xor(gt(log1p(ts_mean(volume, 31)), xs_mean(log1p(ts_mean(volume, 31)))), le(ts_std(pct_change(close, 1), 31), xs_mean(ts_std(pct_change(close, 1), 31)))), pct_change(close, 31), 0.0)","```dsl_fire
result = where(logical_xor(gt(log1p(ts_mean(volume, 31)), xs_mean(log1p(ts_mean(volume, 31)))), le(ts_std(pct_change(close, 1), 31), xs_mean(ts_std(pct_change(close, 1), 31)))), pct_change(close, 31), 0.0)
```","```dsl_fire
result = where(logical_xor(gt(pct_change(close, 3), xs_mean(pct_change(close, 3)), gt(ts_std(pct_change(close, 1), 0.0), gt(ts_std(pct_change(close, 1), 20), ts_mean(volume, 3), 0.0)
```",,,1,"c1:score=0,parse=False,exec=False | c2:score=0,parse=False,exec=False | c3:score=0,parse=False,exec=False | c4:score=0,parse=False,exec=False | c5:score=0,parse=False,exec=False",parse_error
code_gen_0199,generalization_conditional,gen_mask_group_vwap_13,请把这个未见过的金融想法转成 `dsl_fire` 代码块，代码块内只写 result 赋值：只有成交量加权平均价不低于行业均值时，才保留行业标准化信号。,"mask(div(sub(vwap, group_mean(vwap, industry)), group_std(vwap, industry)), ge(vwap, group_mean(vwap, industry)), 0.0)","```dsl_fire
result = mask(div(sub(vwap, group_mean(vwap, industry)), group_std(vwap, industry)), ge(vwap, group_mean(vwap, industry)), 0.0)
```","```dsl_fire
result = where(gt(log(market_cap), group_mean(log(market_cap), industry)), neg(div(sub(volume, group_mean(volume, industry)), group_std(volume, industry)), group_std(div(sub(volume, vwap), vwap), industry)), 0.0)
```",,,1,"c1:score=20,parse=True,exec=False | c2:score=0,parse=False,exec=False | c3:score=0,parse=False,exec=False | c4:score=0,parse=False,exec=False | c5:score=0,parse=False,exec=False",execution_error
code_gen_0400,generalization_conditional_paraphrase,gen_conditional_xs_open_19,请把这个未见过的金融想法转成 `dsl_fire` 代码块，代码块内只写 result 赋值：把这个 alpha 逻辑写成表达式：只有开盘价横截面标准化值为正时，才保留 19 日动量。请保持字段和算子命名规范。,"where(gt(div(sub(open, xs_mean(open)), xs_std(open)), 0.0), pct_change(close, 19), 0.0)","```dsl_fire
result = where(gt(div(sub(open, xs_mean(open)), xs_std(open)), 0.0), pct_change(close, 19), 0.0)
```","```dsl_fire
result = where(sign(sign(sign(pct_change(close, 10), xs_mean(div(sub(pb, vwap, vwap), xs_mean(volume)), xs_std(volume)), 0.0)
```",,,1,"c1:score=0,parse=False,exec=False | c2:score=0,parse=False,exec=False | c3:score=0,parse=False,exec=False | c4:score=0,parse=False,exec=False | c5:score=0,parse=False,exec=False",parse_error
code_gen_0273,generalization_unseen_window_paraphrase,gen_unseen_window_reversal,请把这个未见过的金融想法转成 `dsl_fire` 代码块，代码块内只写 result 赋值：从量化研究角度，过去 75 日涨幅越高，后续均值回归压力越大。这个想法需要转换为函数式 DSL。,"neg(pct_change(close, 75))","```dsl_fire
result = neg(pct_change(close, 75))
```","```dsl_fire
result = neg(pct_change(close, 7))
```",,,1,"c1:score=120,parse=True,exec=True | c2:score=120,parse=True,exec=True | c3:score=120,parse=True,exec=True | c4:score=0,parse=False,exec=False | c5:score=0,parse=False,exec=False",semantic_mismatch
code_gen_0324,generalization_conditional_paraphrase,gen_value_momentum_gate,请把这个未见过的金融想法转成 `dsl_fire` 代码块，代码块内只写 result 赋值：从量化研究角度，只有估值便宜且 42 日动量高于市场均值时，才保留价值动量组合。最终只需要一个可执行表达式。,"where(logical_and(gt(recip(pb), xs_mean(recip(pb))), gt(pct_change(close, 42), xs_mean(pct_change(close, 42)))), add(recip(pb), pct_change(close, 42)), 0.0)","```dsl_fire
result = where(logical_and(gt(recip(pb), xs_mean(recip(pb))), gt(pct_change(close, 42), xs_mean(pct_change(close, 42)))), add(recip(pb), pct_change(close, 42)), 0.0)
```","```dsl_fire
result = where(logical_or(gt(recip(pb), xs_mean(recip(pb))), gt(pct_change(close, 20), xs_mean(pct_change(close, 20)))), add(recip(pb), neg(pct_change(close, 20)), 0.0)
```",,,1,"c1:score=0,parse=False,exec=False | c2:score=0,parse=False,exec=False | c3:score=0,parse=False,exec=False | c4:score=0,parse=False,exec=False | c5:score=0,parse=False,exec=False",parse_error
code_gen_0045,generalization_composition,gen_value_momentum,请把这个未见过的金融想法转成 `dsl_fire` 代码块，代码块内只写 result 赋值：同时偏好低 PB 估值和 35 日价格动量强的股票。,"add(recip(pb), pct_change(close, 35))","```dsl_fire
result = add(recip(pb), pct_change(close, 35))
```","```dsl_fire
result = add(sqrt(recip(pb)), pct_change(close, 3), 0.0)
```",,,1,"c1:score=20,parse=True,exec=False | c2:score=20,parse=True,exec=False | c3:score=20,parse=True,exec=False | c4:score=0,parse=False,exec=False | c5:score=20,parse=True,exec=False",execution_error
code_gen_0283,generalization_composition_paraphrase,gen_industry_value_momentum,请把这个未见过的金融想法转成 `dsl_fire` 代码块，代码块内只写 result 赋值：把这个 alpha 逻辑写成表达式：行业内估值便宜且 25 日动量较强的股票得分更高。这个想法需要转换为函数式 DSL。,"add(div(sub(recip(pb), group_mean(recip(pb), industry)), group_std(recip(pb), industry)), pct_change(close, 25))","```dsl_fire
result = add(div(sub(recip(pb), group_mean(recip(pb), industry)), group_std(recip(pb), industry)), pct_change(close, 25))
```","```dsl_fire
result = add(div(sub(recip(pb), group_mean(recip(pb), industry)), group_std(recip(pb), industry)), div(pct_change(close, 20), ts_std(pct_change(close, 1), 20)))
```",,,1,"c1:score=120,parse=True,exec=True | c2:score=120,parse=True,exec=True | c3:score=120,parse=True,exec=True | c4:score=120,parse=True,exec=True | c5:score=120,parse=True,exec=True",semantic_mismatch
code_gen_0537,generalization_group_paraphrase,gen_value_quality_trend,请把这个未见过的金融想法转成 `dsl_fire` 代码块，代码块内只写 result 赋值：从量化研究角度，行业中性估值便宜且 9 日风险调整动量强的股票更有吸引力。不要使用解释文字。,"add(div(sub(recip(pb), group_mean(recip(pb), industry)), group_std(recip(pb), industry)), div(pct_change(close, 9), ts_std(pct_change(close, 1), 9)))","```dsl_fire
result = add(div(sub(recip(pb), group_mean(recip(pb), industry)), group_std(recip(pb), industry)), div(pct_change(close, 9), ts_std(pct_change(close, 1), 9)))
```","```dsl_fire
result = div(ts_mean(volume, 20), market_cap)
```",,,4,"c1:score=0,parse=False,exec=False | c2:score=0,parse=False,exec=False | c3:score=0,parse=False,exec=False | c4:score=120,parse=True,exec=True | c5:score=0,parse=False,exec=False",semantic_mismatch
code_gen_0063,generalization_time_series,gen_quantile_value,请把这个未见过的金融想法转成 `dsl_fire` 代码块，代码块内只写 result 赋值：估值便宜程度高于自身 9 日 70% 分位数越多，价值信号越突出。,"sub(recip(pb), ts_quantile(recip(pb), 9, 0.7))","```dsl_fire
result = sub(recip(pb), ts_quantile(recip(pb), 9, 0.7))
```","```dsl_fire
result = add(log(market_cap), pct_change(close, 20))
```",,,1,"c1:score=120,parse=True,exec=True | c2:score=120,parse=True,exec=True | c3:score=120,parse=True,exec=True | c4:score=0,parse=False,exec=False | c5:score=120,parse=True,exec=True",semantic_mismatch
code_gen_0239,generalization_time_series,gen_ts_sum_value,请把这个未见过的金融想法转成 `dsl_fire` 代码块，代码块内只写 result 赋值：31 日 PB 日变化求和测试基本面时间序列结构。,"ts_sum(pct_change(pb, 1), 31)","```dsl_fire
result = ts_sum(pct_change(pb, 1), 31)
```","```dsl_fire
result = ts_prod(pct_change(close, 1), 3)
```",,,1,"c1:score=120,parse=True,exec=True | c2:score=20,parse=True,exec=False | c3:score=120,parse=True,exec=True | c4:score=120,parse=True,exec=True | c5:score=120,parse=True,exec=True",semantic_mismatch
code_gen_0206,generalization_conditional,gen_conditional_xs_pb_13,请把这个未见过的金融想法转成 `dsl_fire` 代码块，代码块内只写 result 赋值：只有市净率 PB横截面标准化值为正时，才保留 13 日动量。,"where(gt(div(sub(pb, xs_mean(pb)), xs_std(pb)), 0.0), pct_change(close, 13), 0.0)","```dsl_fire
result = where(gt(div(sub(pb, xs_mean(pb)), xs_std(pb)), 0.0), pct_change(close, 13), 0.0)
```","```dsl_fire
result = where(gt(sqrt(recip(pb)), xs_mean(sqrt(recip(pb)))), neg(log(market_cap)), 0.0)
```",,,1,"c1:score=120,parse=True,exec=True | c2:score=120,parse=True,exec=True | c3:score=120,parse=True,exec=True | c4:score=20,parse=True,exec=False | c5:score=120,parse=True,exec=True",semantic_mismatch
code_gen_0406,generalization_conditional_paraphrase,gen_conditional_xs_close_13,请把这个未见过的金融想法转成 `dsl_fire` 代码块，代码块内只写 result 赋值：把这个 alpha 逻辑写成表达式：只有收盘价横截面标准化值为正时，才保留 13 日动量。注意窗口、方向和字段选择。,"where(gt(div(sub(close, xs_mean(close)), xs_std(close)), 0.0), pct_change(close, 13), 0.0)","```dsl_fire
result = where(gt(div(sub(close, xs_mean(close)), xs_std(close)), 0.0), pct_change(close, 13), 0.0)
```","```dsl_fire
result = where(gt(neg(div(sub(log(market_cap), xs_mean(log(market_cap))), xs_std(log(market_cap))), xs_mean(neg(div(sub(log(market_cap), xs_mean(log(market_cap))), xs_std(log(market_cap)))))), gt(pct_change(
```",,,1,"c1:score=0,parse=False,exec=False | c2:score=0,parse=False,exec=False | c3:score=0,parse=False,exec=False | c4:score=0,parse=False,exec=False | c5:score=0,parse=False,exec=False",parse_error
code_gen_0519,generalization_unseen_window_paraphrase,gen_unseen_window_volume,请把这个未见过的金融想法转成 `dsl_fire` 代码块，代码块内只写 result 赋值：从量化研究角度，短期成交量相对 120 日均量越高，放量越明显。最终只需要一个可执行表达式。,"div(ts_mean(volume, 30), ts_mean(volume, 120))","```dsl_fire
result = div(ts_mean(volume, 30), ts_mean(volume, 120))
```","```dsl_fire
result = pct_change(volume, 20)
```",,,1,"c1:score=120,parse=True,exec=True | c2:score=120,parse=True,exec=True | c3:score=120,parse=True,exec=True | c4:score=120,parse=True,exec=True | c5:score=120,parse=True,exec=True",semantic_mismatch
code_gen_0137,generalization_time_series,gen_argmin_vwap,请把这个未见过的金融想法转成 `dsl_fire` 代码块，代码块内只写 result 赋值：成交量加权平均价在 11 日窗口内低点位置用于描述路径。,"ts_argmin(vwap, 11)","```dsl_fire
result = ts_argmin(vwap, 11)
```","```dsl_fire
result = ts_win_cumsum(pct_change(vwap, 1), 20)
```",,,1,"c1:score=120,parse=True,exec=True | c2:score=120,parse=True,exec=True | c3:score=120,parse=True,exec=True | c4:score=120,parse=True,exec=True | c5:score=120,parse=True,exec=True",semantic_mismatch
code_gen_0466,generalization_regression_paraphrase,gen_ts_reg_value_return,请把这个未见过的金融想法转成 `dsl_fire` 代码块，代码块内只写 result 赋值：把这个 alpha 逻辑写成表达式：用 13 日滚动回归提取价值暴露相对动量解释后的残差。注意窗口、方向和字段选择。,"ts_reg_res(recip(pb), pct_change(close, 13), 13)","```dsl_fire
result = ts_reg_res(recip(pb), pct_change(close, 13), 13)
```","```dsl_fire
result = ts_win_cumsum(pct_change(close, 1), 20)
```",,,2,"c1:score=0,parse=False,exec=False | c2:score=120,parse=True,exec=True | c3:score=20,parse=True,exec=False | c4:score=0,parse=False,exec=False | c5:score=120,parse=True,exec=True",semantic_mismatch
code_gen_0376,generalization_time_series_paraphrase,gen_argmax_vwap,请把这个未见过的金融想法转成 `dsl_fire` 代码块，代码块内只写 result 赋值：把这个 alpha 逻辑写成表达式：成交量加权平均价在 11 日窗口内高点越靠近当前，信号越新。注意窗口、方向和字段选择。,"neg(ts_argmax(vwap, 11))","```dsl_fire
result = neg(ts_argmax(vwap, 11))
```","```dsl_fire
result = ts_win_cumsum(pct_change(vwap, 1), 45)
```",,,1,"c1:score=120,parse=True,exec=True | c2:score=120,parse=True,exec=True | c3:score=120,parse=True,exec=True | c4:score=120,parse=True,exec=True | c5:score=120,parse=True,exec=True",semantic_mismatch
code_gen_0191,generalization_conditional,gen_mask_group_volume_13,请把这个未见过的金融想法转成 `dsl_fire` 代码块，代码块内只写 result 赋值：只有成交量不低于行业均值时，才保留行业标准化信号。,"mask(div(sub(volume, group_mean(volume, industry)), group_std(volume, industry)), ge(volume, group_mean(volume, industry)), 0.0)","```dsl_fire
result = mask(div(sub(volume, group_mean(volume, industry)), group_std(volume, industry)), ge(volume, group_mean(volume, industry)), 0.0)
```","```dsl_fire
result = where(gt(log(market_cap), group_mean(log(market_cap), industry)), div(sub(volume, group_mean(volume, industry)), group_std(log(market_cap), industry)), group_mean(div(sub(volume, vwap), vwap), industry)), group_std(neg(log(market_cap)), industry)
```",,,3,"c1:score=0,parse=False,exec=False | c2:score=0,parse=False,exec=False | c3:score=20,parse=True,exec=False | c4:score=20,parse=True,exec=False | c5:score=0,parse=False,exec=False",execution_error
code_gen_0017,generalization_unseen_window,gen_unseen_window_reversal,请把这个未见过的金融想法转成 `dsl_fire` 代码块，代码块内只写 result 赋值：过去 18 日涨幅越高，后续均值回归压力越大。,"neg(pct_change(close, 18))","```dsl_fire
result = neg(pct_change(close, 18))
```","```dsl_fire
result = ts_prod(add(1.0, pct_change(close, 1)), 20)
```",,,1,"c1:score=120,parse=True,exec=True | c2:score=120,parse=True,exec=True | c3:score=120,parse=True,exec=True | c4:score=120,parse=True,exec=True | c5:score=120,parse=True,exec=True",semantic_mismatch
code_gen_0473,generalization_regression_paraphrase,gen_ts_reg_value_return,请把这个未见过的金融想法转成 `dsl_fire` 代码块，代码块内只写 result 赋值：作为教学样例，用 19 日滚动回归提取价值暴露相对动量解释后的残差。这个想法需要转换为函数式 DSL。,"ts_reg_res(recip(pb), pct_change(close, 19), 19)","```dsl_fire
result = ts_reg_res(recip(pb), pct_change(close, 19), 19)
```","```dsl_fire
result = div(recip(pb), xs_mean(recip(pb)))
```",,,2,"c1:score=20,parse=True,exec=False | c2:score=120,parse=True,exec=True | c3:score=120,parse=True,exec=True | c4:score=120,parse=True,exec=True | c5:score=120,parse=True,exec=True",semantic_mismatch
code_gen_0281,generalization_composition_paraphrase,gen_value_momentum,请把这个未见过的金融想法转成 `dsl_fire` 代码块，代码块内只写 result 赋值：作为教学样例，同时偏好低 PB 估值和 25 日价格动量强的股票。注意窗口、方向和字段选择。,"add(recip(pb), pct_change(close, 25))","```dsl_fire
result = add(recip(pb), pct_change(close, 25))
```","```dsl_fire
result = div(ts_std(pct_change(close, 1), 20), ts_last(pct_change(close, 1), 20))
```",,,3,"c1:score=0,parse=False,exec=False | c2:score=0,parse=False,exec=False | c3:score=120,parse=True,exec=True | c4:score=0,parse=False,exec=False | c5:score=0,parse=False,exec=False",semantic_mismatch
code_gen_0513,generalization_unseen_window_paraphrase,gen_unseen_window_reversal,请把这个未见过的金融想法转成 `dsl_fire` 代码块，代码块内只写 result 赋值：从量化研究角度，过去 75 日涨幅越高，后续均值回归压力越大。这个想法需要转换为函数式 DSL。,"neg(pct_change(close, 75))","```dsl_fire
result = neg(pct_change(close, 75))
```","```dsl_fire
result = neg(pct_change(close, 7))
```",,,1,"c1:score=120,parse=True,exec=True | c2:score=0,parse=False,exec=False | c3:score=120,parse=True,exec=True | c4:score=0,parse=False,exec=False | c5:score=0,parse=False,exec=False",semantic_mismatch
code_gen_0246,generalization_unseen_window_paraphrase,gen_unseen_window_vol,请把这个未见过的金融想法转成 `dsl_fire` 代码块，代码块内只写 result 赋值：从量化研究角度，过去 6 日日收益波动越低，稳定性越强。注意窗口、方向和字段选择。,"neg(ts_std(pct_change(close, 1), 6))","```dsl_fire
result = neg(ts_std(pct_change(close, 1), 6))
```","```dsl_fire
result = pct_change(volume, 20)
```",,,1,"c1:score=120,parse=True,exec=True | c2:score=120,parse=True,exec=True | c3:score=120,parse=True,exec=True | c4:score=120,parse=True,exec=True | c5:score=120,parse=True,exec=True",semantic_mismatch
code_gen_0573,generalization_time_series_paraphrase,gen_quantile_value,请把这个未见过的金融想法转成 `dsl_fire` 代码块，代码块内只写 result 赋值：从量化研究角度，估值便宜程度高于自身 55 日 70% 分位数越多，价值信号越突出。这个想法需要转换为函数式 DSL。,"sub(recip(pb), ts_quantile(recip(pb), 55, 0.7))","```dsl_fire
result = sub(recip(pb), ts_quantile(recip(pb), 55, 0.7))
```","```dsl_fire
result = div(sub(close, ts_min(low, 5)), sub(ts_max(high, 5), ts_min(low, 5)))
```",,,5,"c1:score=0,parse=False,exec=False | c2:score=0,parse=False,exec=False | c3:score=0,parse=False,exec=False | c4:score=0,parse=False,exec=False | c5:score=120,parse=True,exec=True",semantic_mismatch
code_gen_0433,generalization_conditional_paraphrase,gen_conditional_xs_volume_31,请把这个未见过的金融想法转成 `dsl_fire` 代码块，代码块内只写 result 赋值：把这个 alpha 逻辑写成表达式：只有成交量横截面标准化值为正时，才保留 31 日动量。这个想法需要转换为函数式 DSL。,"where(gt(div(sub(volume, xs_mean(volume)), xs_std(volume)), 0.0), pct_change(close, 31), 0.0)","```dsl_fire
result = where(gt(div(sub(volume, xs_mean(volume)), xs_std(volume)), 0.0), pct_change(close, 31), 0.0)
```","```dsl_fire
result = where(gt(div(sub(volume, xs_mean(volume, 3), xs_mean(volume)), -1.0), pct_change(close, 3), 3), 3.0)
```",,,2,"c1:score=0,parse=False,exec=False | c2:score=20,parse=True,exec=False | c3:score=20,parse=True,exec=False | c4:score=0,parse=False,exec=False | c5:score=20,parse=True,exec=False",execution_error
code_gen_0295,generalization_composition_paraphrase,gen_industry_value_momentum,请把这个未见过的金融想法转成 `dsl_fire` 代码块，代码块内只写 result 赋值：把这个 alpha 逻辑写成表达式：行业内估值便宜且 75 日动量较强的股票得分更高。请保持字段和算子命名规范。,"add(div(sub(recip(pb), group_mean(recip(pb), industry)), group_std(recip(pb), industry)), pct_change(close, 75))","```dsl_fire
result = add(div(sub(recip(pb), group_mean(recip(pb), industry)), group_std(recip(pb), industry)), pct_change(close, 75))
```","```dsl_fire
result = add(div(sub(recip(pb), group_mean(recip(pb), industry)), group_std(recip(pb), industry)), pct_change(close, 7))
```",,,1,"c1:score=120,parse=True,exec=True | c2:score=120,parse=True,exec=True | c3:score=120,parse=True,exec=True | c4:score=120,parse=True,exec=True | c5:score=120,parse=True,exec=True",semantic_mismatch
code_gen_0424,generalization_conditional_paraphrase,gen_conditional_xs_low_19,请把这个未见过的金融想法转成 `dsl_fire` 代码块，代码块内只写 result 赋值：把这个 alpha 逻辑写成表达式：只有最低价横截面标准化值为正时，才保留 19 日动量。最终只需要一个可执行表达式。,"where(gt(div(sub(low, xs_mean(low)), xs_std(low)), 0.0), pct_change(close, 19), 0.0)","```dsl_fire
result = where(gt(div(sub(low, xs_mean(low)), xs_std(low)), 0.0), pct_change(close, 19), 0.0)
```","```dsl_fire
result = where(gt(div(sub(log(market_cap), xs_mean(log(market_cap))), xs_std(log(market_cap))), xs_mean(div(sub(log(market_cap), xs_mean(log(market_cap))), xs_std(log(market_cap))))), gt(pct_change(close, 20), 0
```",,,1,"c1:score=0,parse=False,exec=False | c2:score=0,parse=False,exec=False | c3:score=0,parse=False,exec=False | c4:score=0,parse=False,exec=False | c5:score=0,parse=False,exec=False",parse_error
code_gen_0149,generalization_time_series,gen_argmin_close,请把这个未见过的金融想法转成 `dsl_fire` 代码块，代码块内只写 result 赋值：收盘价在 17 日窗口内低点位置用于描述路径。,"ts_argmin(close, 17)","```dsl_fire
result = ts_argmin(close, 17)
```","```dsl_fire
result = div(sub(shift(close, 1), xs_mean(div(volume, market_cap))), 1.0)
```",,,2,"c1:score=0,parse=False,exec=False | c2:score=120,parse=True,exec=True | c3:score=120,parse=True,exec=True | c4:score=120,parse=True,exec=True | c5:score=120,parse=True,exec=True",semantic_mismatch
code_gen_0548,generalization_regression_paraphrase,gen_corr_flow_return,请把这个未见过的金融想法转成 `dsl_fire` 代码块，代码块内只写 result 赋值：作为教学样例，用 14 日滚动相关衡量换手代理和日收益同步性。这个想法需要转换为函数式 DSL。,"ts_corr(div(volume, market_cap), pct_change(close, 1), 14)","```dsl_fire
result = ts_corr(div(volume, market_cap), pct_change(close, 1), 14)
```","```dsl_fire
result = ts_std(minimum(pct_change(close, 1), 0.0), 20)
```",,,1,"c1:score=120,parse=True,exec=True | c2:score=120,parse=True,exec=True | c3:score=20,parse=True,exec=False | c4:score=120,parse=True,exec=True | c5:score=0,parse=False,exec=False",semantic_mismatch
code_gen_0012,generalization_unseen_window,gen_unseen_window_momentum,请把这个未见过的金融想法转成 `dsl_fire` 代码块，代码块内只写 result 赋值：过去 12 日收盘价收益越高，短期趋势越强。,"pct_change(close, 12)","```dsl_fire
result = pct_change(close, 12)
```","```dsl_fire
result = ts_prod(ts_mean(volume, 1), 20)
```",,,3,"c1:score=0,parse=False,exec=False | c2:score=0,parse=False,exec=False | c3:score=120,parse=True,exec=True | c4:score=0,parse=False,exec=False | c5:score=0,parse=False,exec=False",semantic_mismatch
code_gen_0310,generalization_group_paraphrase,gen_value_quality_trend,请把这个未见过的金融想法转成 `dsl_fire` 代码块，代码块内只写 result 赋值：把这个 alpha 逻辑写成表达式：行业中性估值便宜且 22 日风险调整动量强的股票更有吸引力。请保持字段和算子命名规范。,"add(div(sub(recip(pb), group_mean(recip(pb), industry)), group_std(recip(pb), industry)), div(pct_change(close, 22), ts_std(pct_change(close, 1), 22)))","```dsl_fire
result = add(div(sub(recip(pb), group_mean(recip(pb), industry)), group_std(recip(pb), industry)), div(pct_change(close, 22), ts_std(pct_change(close, 1), 22)))
```","```dsl_fire
result = div(div(sub(recip(pb), group_mean(recip(pb), industry)), group_std(recip(pb), industry)), div(sub(log(market_cap), group_mean(log(market_cap), industry)), group_std(log(market_cap), industry)), industry))
```",,,1,"c1:score=0,parse=False,exec=False | c2:score=0,parse=False,exec=False | c3:score=0,parse=False,exec=False | c4:score=0,parse=False,exec=False | c5:score=0,parse=False,exec=False",parse_error
code_gen_0265,generalization_unseen_window_paraphrase,gen_unseen_window_reversal,请把这个未见过的金融想法转成 `dsl_fire` 代码块，代码块内只写 result 赋值：把这个 alpha 逻辑写成表达式：过去 35 日涨幅越高，后续均值回归压力越大。请保持字段和算子命名规范。,"neg(pct_change(close, 35))","```dsl_fire
result = neg(pct_change(close, 35))
```","```dsl_fire
result = neg(ts_argmax(volume, 3))
```",,,1,"c1:score=120,parse=True,exec=True | c2:score=0,parse=False,exec=False | c3:score=0,parse=False,exec=False | c4:score=0,parse=False,exec=False | c5:score=0,parse=False,exec=False",semantic_mismatch
code_gen_0581,generalization_conditional_paraphrase,gen_size_liquidity_gate,请把这个未见过的金融想法转成 `dsl_fire` 代码块，代码块内只写 result 赋值：作为教学样例，只有小市值暴露高于市场均值时，才保留 110 日流动性信号。注意窗口、方向和字段选择。,"where(gt(neg(log(market_cap)), xs_mean(neg(log(market_cap)))), log1p(ts_mean(volume, 110)), 0.0)","```dsl_fire
result = where(gt(neg(log(market_cap)), xs_mean(neg(log(market_cap)))), log1p(ts_mean(volume, 110)), 0.0)
```","```dsl_fire
result = where(logical_or(gt(neg(log(market_cap)), xs_mean(neg(log(market_cap)))), gt(log(market_cap), xs_mean(log(market_cap)))), div(volume, market_cap), 0.0)
```",,,1,"c1:score=120,parse=True,exec=True | c2:score=120,parse=True,exec=True | c3:score=120,parse=True,exec=True | c4:score=120,parse=True,exec=True | c5:score=120,parse=True,exec=True",semantic_mismatch
code_gen_0370,generalization_time_series_paraphrase,gen_argmax_volume,请把这个未见过的金融想法转成 `dsl_fire` 代码块，代码块内只写 result 赋值：把这个 alpha 逻辑写成表达式：成交量在 27 日窗口内高点越靠近当前，信号越新。请保持字段和算子命名规范。,"neg(ts_argmax(volume, 27))","```dsl_fire
result = neg(ts_argmax(volume, 27))
```","```dsl_fire
result = pct_change(volume, 2)
```",,,1,"c1:score=120,parse=True,exec=True | c2:score=20,parse=True,exec=False | c3:score=120,parse=True,exec=True | c4:score=120,parse=True,exec=True | c5:score=120,parse=True,exec=True",semantic_mismatch
code_gen_0419,generalization_conditional_paraphrase,gen_conditional_xs_high_73,请把这个未见过的金融想法转成 `dsl_fire` 代码块，代码块内只写 result 赋值：作为教学样例，只有最高价横截面标准化值为正时，才保留 73 日动量。最终只需要一个可执行表达式。,"where(gt(div(sub(high, xs_mean(high)), xs_std(high)), 0.0), pct_change(close, 73), 0.0)","```dsl_fire
result = where(gt(div(sub(high, xs_mean(high)), xs_std(high)), 0.0), pct_change(close, 73), 0.0)
```","```dsl_fire
result = where(gt(div(sub(log(market_cap), xs_mean(log(market_cap))), xs_std(log(market_cap))), xs_mean(div(sub(log(market_cap), xs_mean(log(market_cap))), xs_std(log(market_cap)))))), gt(pct_change(close, 20)
```",,,1,"c1:score=0,parse=False,exec=False | c2:score=0,parse=False,exec=False | c3:score=0,parse=False,exec=False | c4:score=0,parse=False,exec=False | c5:score=0,parse=False,exec=False",parse_error
code_gen_0409,generalization_conditional_paraphrase,gen_conditional_xs_close_31,请把这个未见过的金融想法转成 `dsl_fire` 代码块，代码块内只写 result 赋值：把这个 alpha 逻辑写成表达式：只有收盘价横截面标准化值为正时，才保留 31 日动量。最终只需要一个可执行表达式。,"where(gt(div(sub(close, xs_mean(close)), xs_std(close)), 0.0), pct_change(close, 31), 0.0)","```dsl_fire
result = where(gt(div(sub(close, xs_mean(close)), xs_std(close)), 0.0), pct_change(close, 31), 0.0)
```","```dsl_fire
result = where(gt(div(sub(recip(pb), xs_mean(recip(pb)), xs_std(recip(pb)), xs_mean(div(sub(recip(pb), xs_mean(recip(pb))), xs_std(recip(pb))))), neg(pct_change(close, 20)), 0.0)
```",,,1,"c1:score=0,parse=False,exec=False | c2:score=0,parse=False,exec=False | c3:score=0,parse=False,exec=False | c4:score=0,parse=False,exec=False | c5:score=0,parse=False,exec=False",parse_error
code_gen_0341,generalization_conditional_paraphrase,gen_size_liquidity_gate,请把这个未见过的金融想法转成 `dsl_fire` 代码块，代码块内只写 result 赋值：作为教学样例，只有小市值暴露高于市场均值时，才保留 110 日流动性信号。注意窗口、方向和字段选择。,"where(gt(neg(log(market_cap)), xs_mean(neg(log(market_cap)))), log1p(ts_mean(volume, 110)), 0.0)","```dsl_fire
result = where(gt(neg(log(market_cap)), xs_mean(neg(log(market_cap)))), log1p(ts_mean(volume, 110)), 0.0)
```","```dsl_fire
result = where(logical_or(gt(neg(log(market_cap)), xs_mean(neg(log(market_cap)))), gt(log(market_cap), xs_mean(log(market_cap)))), div(volume, market_cap), 0.0)
```",,,1,"c1:score=120,parse=True,exec=True | c2:score=120,parse=True,exec=True | c3:score=120,parse=True,exec=True | c4:score=120,parse=True,exec=True | c5:score=120,parse=True,exec=True",semantic_mismatch
code_gen_0071,generalization_conditional,gen_size_liquidity_gate,请把这个未见过的金融想法转成 `dsl_fire` 代码块，代码块内只写 result 赋值：只有小市值暴露高于市场均值时，才保留 22 日流动性信号。,"where(gt(neg(log(market_cap)), xs_mean(neg(log(market_cap)))), log1p(ts_mean(volume, 22)), 0.0)","```dsl_fire
result = where(gt(neg(log(market_cap)), xs_mean(neg(log(market_cap)))), log1p(ts_mean(volume, 22)), 0.0)
```","```dsl_fire
result = where(logical_or(gt(neg(log(market_cap)), xs_mean(neg(log(market_cap)))), gt(log(market_cap), xs_mean(log(market_cap)))), gt(volume, ts_mean(volume, 20)), 0.0)
```",,,4,"c1:score=0,parse=False,exec=False | c2:score=0,parse=False,exec=False | c3:score=0,parse=False,exec=False | c4:score=120,parse=True,exec=True | c5:score=120,parse=True,exec=True",semantic_mismatch
code_gen_0351,generalization_time_series_paraphrase,gen_argmin_pb,请把这个未见过的金融想法转成 `dsl_fire` 代码块，代码块内只写 result 赋值：从量化研究角度，市净率 PB在 27 日窗口内低点位置用于描述路径。注意窗口、方向和字段选择。,"ts_argmin(pb, 27)","```dsl_fire
result = ts_argmin(pb, 27)
```","```dsl_fire
result = div(sub)
```",,,1,"c1:score=20,parse=True,exec=False | c2:score=20,parse=True,exec=False | c3:score=20,parse=True,exec=False | c4:score=0,parse=False,exec=False | c5:score=20,parse=True,exec=False",execution_error
code_gen_0525,generalization_composition_paraphrase,gen_value_momentum,请把这个未见过的金融想法转成 `dsl_fire` 代码块，代码块内只写 result 赋值：从量化研究角度，同时偏好低 PB 估值和 35 日价格动量强的股票。请保持字段和算子命名规范。,"add(recip(pb), pct_change(close, 35))","```dsl_fire
result = add(recip(pb), pct_change(close, 35))
```","```dsl_fire
result = where(sqrt(recip(pb)), pct_change(close, 3), 0.0)
```",,,1,"c1:score=120,parse=True,exec=True | c2:score=120,parse=True,exec=True | c3:score=120,parse=True,exec=True | c4:score=120,parse=True,exec=True | c5:score=120,parse=True,exec=True",semantic_mismatch
code_gen_0586,generalization_time_series_paraphrase,gen_argmax_pb,请把这个未见过的金融想法转成 `dsl_fire` 代码块，代码块内只写 result 赋值：把这个 alpha 逻辑写成表达式：市净率 PB在 11 日窗口内高点越靠近当前，信号越新。注意窗口、方向和字段选择。,"neg(ts_argmax(pb, 11))","```dsl_fire
result = neg(ts_argmax(pb, 11))
```","```dsl_fire
result = ts_win_cumsum(pct_change(pb, 1), 5)
```",,,1,"c1:score=120,parse=True,exec=True | c2:score=120,parse=True,exec=True | c3:score=120,parse=True,exec=True | c4:score=120,parse=True,exec=True | c5:score=120,parse=True,exec=True",semantic_mismatch
code_gen_0111,generalization_time_series,gen_argmin_pb,请把这个未见过的金融想法转成 `dsl_fire` 代码块，代码块内只写 result 赋值：市净率 PB在 27 日窗口内低点位置用于描述路径。,"ts_argmin(pb, 27)","```dsl_fire
result = ts_argmin(pb, 27)
```","```dsl_fire
result = ts_argmaxmin(pb, 2)
```",,,1,"c1:score=120,parse=True,exec=True | c2:score=120,parse=True,exec=True | c3:score=0,parse=False,exec=False | c4:score=120,parse=True,exec=True | c5:score=120,parse=True,exec=True",semantic_mismatch
code_gen_0303,generalization_time_series_paraphrase,gen_quantile_value,请把这个未见过的金融想法转成 `dsl_fire` 代码块，代码块内只写 result 赋值：从量化研究角度，估值便宜程度高于自身 9 日 70% 分位数越多，价值信号越突出。这个想法需要转换为函数式 DSL。,"sub(recip(pb), ts_quantile(recip(pb), 9, 0.7))","```dsl_fire
result = sub(recip(pb), ts_quantile(recip(pb), 9, 0.7))
```","```dsl_fire
result = div(sub(close, ts_min(low, 10)), sub(ts_max(high, 10), ts_min(low, 10)))
```",,,1,"c1:score=120,parse=True,exec=True | c2:score=120,parse=True,exec=True | c3:score=120,parse=True,exec=True | c4:score=120,parse=True,exec=True | c5:score=120,parse=True,exec=True",semantic_mismatch
code_gen_0371,generalization_time_series_paraphrase,gen_argmin_volume,请把这个未见过的金融想法转成 `dsl_fire` 代码块，代码块内只写 result 赋值：作为教学样例，成交量在 27 日窗口内低点位置用于描述路径。注意窗口、方向和字段选择。,"ts_argmin(volume, 27)","```dsl_fire
result = ts_argmin(volume, 27)
```","```dsl_fire
result = div(sub)
```",,,1,"c1:score=20,parse=True,exec=False | c2:score=20,parse=True,exec=False | c3:score=20,parse=True,exec=False | c4:score=20,parse=True,exec=False | c5:score=20,parse=True,exec=False",execution_error
code_gen_0304,generalization_group_paraphrase,gen_value_quality_trend,请把这个未见过的金融想法转成 `dsl_fire` 代码块，代码块内只写 result 赋值：把这个 alpha 逻辑写成表达式：行业中性估值便宜且 14 日风险调整动量强的股票更有吸引力。最终只需要一个可执行表达式。,"add(div(sub(recip(pb), group_mean(recip(pb), industry)), group_std(recip(pb), industry)), div(pct_change(close, 14), ts_std(pct_change(close, 1), 14)))","```dsl_fire
result = add(div(sub(recip(pb), group_mean(recip(pb), industry)), group_std(recip(pb), industry)), div(pct_change(close, 14), ts_std(pct_change(close, 1), 14)))
```","```dsl_fire
result = ts_std(minimum(pct_change(close, 1), 0.0), 20)
```",,,4,"c1:score=20,parse=True,exec=False | c2:score=0,parse=False,exec=False | c3:score=0,parse=False,exec=False | c4:score=120,parse=True,exec=True | c5:score=0,parse=False,exec=False",semantic_mismatch
code_gen_0070,generalization_group,gen_value_quality_trend,请把这个未见过的金融想法转成 `dsl_fire` 代码块，代码块内只写 result 赋值：行业中性估值便宜且 22 日风险调整动量强的股票更有吸引力。,"add(div(sub(recip(pb), group_mean(recip(pb), industry)), group_std(recip(pb), industry)), div(pct_change(close, 22), ts_std(pct_change(close, 1), 22)))","```dsl_fire
result = add(div(sub(recip(pb), group_mean(recip(pb), industry)), group_std(recip(pb), industry)), div(pct_change(close, 22), ts_std(pct_change(close, 1), 22)))
```","```dsl_fire
result = add(log(recip(pb)), pct_change(close, 2), 0.0)
```",,,1,"c1:score=20,parse=True,exec=False | c2:score=20,parse=True,exec=False | c3:score=20,parse=True,exec=False | c4:score=20,parse=True,exec=False | c5:score=20,parse=True,exec=False",execution_error
code_gen_0494,generalization_unseen_window_paraphrase,gen_unseen_window_vol,请把这个未见过的金融想法转成 `dsl_fire` 代码块，代码块内只写 result 赋值：作为教学样例，过去 12 日日收益波动越低，稳定性越强。最终只需要一个可执行表达式。,"neg(ts_std(pct_change(close, 1), 12))","```dsl_fire
result = neg(ts_std(pct_change(close, 1), 12))
```","```dsl_fire
result = div(ts_std(pct_change(close, 1), 20), ts_std(pct_change(close, 1), 20))
```",,,1,"c1:score=20,parse=True,exec=False | c2:score=20,parse=True,exec=False | c3:score=20,parse=True,exec=False | c4:score=20,parse=True,exec=False | c5:score=20,parse=True,exec=False",execution_error
code_gen_0588,generalization_time_series_paraphrase,gen_argmax_pb,请把这个未见过的金融想法转成 `dsl_fire` 代码块，代码块内只写 result 赋值：从量化研究角度，市净率 PB在 17 日窗口内高点越靠近当前，信号越新。这个想法需要转换为函数式 DSL。,"neg(ts_argmax(pb, 17))","```dsl_fire
result = neg(ts_argmax(pb, 17))
```","```dsl_fire
result = pct_change(close, 5), div(sub(pct_change(close, 5), xs_mean(pb)), xs_std(recip(pb))))
```",,,1,"c1:score=0,parse=False,exec=False | c2:score=0,parse=False,exec=False | c3:score=0,parse=False,exec=False | c4:score=0,parse=False,exec=False | c5:score=0,parse=False,exec=False",parse_error
code_gen_0309,generalization_time_series_paraphrase,gen_quantile_value,请把这个未见过的金融想法转成 `dsl_fire` 代码块，代码块内只写 result 赋值：从量化研究角度，估值便宜程度高于自身 14 日 70% 分位数越多，价值信号越突出。最终只需要一个可执行表达式。,"sub(recip(pb), ts_quantile(recip(pb), 14, 0.7))","```dsl_fire
result = sub(recip(pb), ts_quantile(recip(pb), 14, 0.7))
```","```dsl_fire
result = div(sub(close, ts_min(low, 20)), sub(ts_max(high, 20), ts_min(low, 20)))
```",,,1,"c1:score=120,parse=True,exec=True | c2:score=120,parse=True,exec=True | c3:score=120,parse=True,exec=True | c4:score=120,parse=True,exec=True | c5:score=120,parse=True,exec=True",semantic_mismatch
code_gen_0212,generalization_cross_section,gen_xs_quantile_market_cap_13,请把这个未见过的金融想法转成 `dsl_fire` 代码块，代码块内只写 result 赋值：总市值相对横截面 75% 分位数的偏离用于测试未见分位结构。,"sub(market_cap, xs_quantile(market_cap, 0.75))","```dsl_fire
result = sub(market_cap, xs_quantile(market_cap, 0.75))
```","```dsl_fire
result = sub(log(market_cap), xs_cap))
```",,,1,"c1:score=0,parse=False,exec=False | c2:score=0,parse=False,exec=False | c3:score=0,parse=False,exec=False | c4:score=0,parse=False,exec=False | c5:score=0,parse=False,exec=False",parse_error
code_gen_0493,generalization_unseen_window_paraphrase,gen_unseen_window_reversal,请把这个未见过的金融想法转成 `dsl_fire` 代码块，代码块内只写 result 赋值：把这个 alpha 逻辑写成表达式：过去 12 日涨幅越高，后续均值回归压力越大。这个想法需要转换为函数式 DSL。,"neg(pct_change(close, 12))","```dsl_fire
result = neg(pct_change(close, 12))
```","```dsl_fire
result = neg(ts_std(pct_change(close, 1), 20))
```",,,1,"c1:score=120,parse=True,exec=True | c2:score=120,parse=True,exec=True | c3:score=120,parse=True,exec=True | c4:score=120,parse=True,exec=True | c5:score=120,parse=True,exec=True",semantic_mismatch
code_gen_0023,generalization_unseen_window,gen_unseen_window_volume,请把这个未见过的金融想法转成 `dsl_fire` 代码块，代码块内只写 result 赋值：短期成交量相对 25 日均量越高，放量越明显。,"div(ts_mean(volume, 6), ts_mean(volume, 25))","```dsl_fire
result = div(ts_mean(volume, 6), ts_mean(volume, 25))
```","```dsl_fire
result = neg(ts_argmax(volume, 10))
```",,,1,"c1:score=120,parse=True,exec=True | c2:score=0,parse=False,exec=False | c3:score=0,parse=False,exec=False | c4:score=120,parse=True,exec=True | c5:score=20,parse=True,exec=False",semantic_mismatch
code_gen_0143,generalization_time_series,gen_argmin_vwap,请把这个未见过的金融想法转成 `dsl_fire` 代码块，代码块内只写 result 赋值：成交量加权平均价在 38 日窗口内低点位置用于描述路径。,"ts_argmin(vwap, 38)","```dsl_fire
result = ts_argmin(vwap, 38)
```","```dsl_fire
result = ts_win_cumsum(pct_change(vwap, 1), 3)
```",,,2,"c1:score=0,parse=False,exec=False | c2:score=120,parse=True,exec=True | c3:score=120,parse=True,exec=True | c4:score=0,parse=False,exec=False | c5:score=0,parse=False,exec=False",semantic_mismatch
code_gen_0407,generalization_conditional_paraphrase,gen_mask_group_close_13,请把这个未见过的金融想法转成 `dsl_fire` 代码块，代码块内只写 result 赋值：作为教学样例，只有收盘价不低于行业均值时，才保留行业标准化信号。不要使用解释文字。,"mask(div(sub(close, group_mean(close, industry)), group_std(close, industry)), ge(close, group_mean(close, industry)), 0.0)","```dsl_fire
result = mask(div(sub(close, group_mean(close, industry)), group_std(close, industry)), ge(close, group_mean(close, industry)), 0.0)
```","```dsl_fire
result = where(logical_or(gt(log(recip(pb)), group_mean(log(market_cap), industry)), group_std(div(sub(log(market_cap), vwap), industry)), group_std(neg(log(market_cap)), industry)), 0.0)
```",,,2,"c1:score=0,parse=False,exec=False | c2:score=20,parse=True,exec=False | c3:score=0,parse=False,exec=False | c4:score=0,parse=False,exec=False | c5:score=0,parse=False,exec=False",execution_error
code_gen_0564,generalization_conditional_paraphrase,gen_value_momentum_gate,请把这个未见过的金融想法转成 `dsl_fire` 代码块，代码块内只写 result 赋值：从量化研究角度，只有估值便宜且 42 日动量高于市场均值时，才保留价值动量组合。最终只需要一个可执行表达式。,"where(logical_and(gt(recip(pb), xs_mean(recip(pb))), gt(pct_change(close, 42), xs_mean(pct_change(close, 42)))), add(recip(pb), pct_change(close, 42)), 0.0)","```dsl_fire
result = where(logical_and(gt(recip(pb), xs_mean(recip(pb))), gt(pct_change(close, 42), xs_mean(pct_change(close, 42)))), add(recip(pb), pct_change(close, 42)), 0.0)
```","```dsl_fire
result = where(logical_or(gt(recip(pb), xs_mean(recip(pb))), gt(log(recip(pb)), xs_mean(log(recip(pb))))), neg(log(market_cap)), 0.0)
```",,,5,"c1:score=0,parse=False,exec=False | c2:score=0,parse=False,exec=False | c3:score=0,parse=False,exec=False | c4:score=0,parse=False,exec=False | c5:score=120,parse=True,exec=True",semantic_mismatch
code_gen_0449,generalization_conditional_paraphrase,gen_conditional_xs_pb_31,请把这个未见过的金融想法转成 `dsl_fire` 代码块，代码块内只写 result 赋值：作为教学样例，只有市净率 PB横截面标准化值为正时，才保留 31 日动量。最终只需要一个可执行表达式。,"where(gt(div(sub(pb, xs_mean(pb)), xs_std(pb)), 0.0), pct_change(close, 31), 0.0)","```dsl_fire
result = where(gt(div(sub(pb, xs_mean(pb)), xs_std(pb)), 0.0), pct_change(close, 31), 0.0)
```","```dsl_fire
result = where(gt(div(sub(log(market_cap), xs_mean(log(market_cap))), xs_std(log(market_cap))), xs_mean(div(sub(log(market_cap), xs_mean(log(market_cap))), xs_std(log(market_cap))))), gt(pct_change(close, 20), 0
```",,,1,"c1:score=0,parse=False,exec=False | c2:score=0,parse=False,exec=False | c3:score=0,parse=False,exec=False | c4:score=0,parse=False,exec=False | c5:score=0,parse=False,exec=False",parse_error
code_gen_0361,generalization_time_series_paraphrase,gen_argmin_market_cap,请把这个未见过的金融想法转成 `dsl_fire` 代码块，代码块内只写 result 赋值：把这个 alpha 逻辑写成表达式：总市值在 27 日窗口内低点位置用于描述路径。注意窗口、方向和字段选择。,"ts_argmin(market_cap, 27)","```dsl_fire
result = ts_argmin(market_cap, 27)
```","```dsl_fire
result = ts_win_cumsum(pct_change(market_cap, 1), 2)
```",,,1,"c1:score=120,parse=True,exec=True | c2:score=120,parse=True,exec=True | c3:score=120,parse=True,exec=True | c4:score=120,parse=True,exec=True | c5:score=120,parse=True,exec=True",semantic_mismatch
code_gen_0164,generalization_cross_section,gen_xs_quantile_close_13,请把这个未见过的金融想法转成 `dsl_fire` 代码块，代码块内只写 result 赋值：收盘价相对横截面 75% 分位数的偏离用于测试未见分位结构。,"sub(close, xs_quantile(close, 0.75))","```dsl_fire
result = sub(close, xs_quantile(close, 0.75))
```","```dsl_fire
result = sub(close, xs_quantile(close, 0.2))
```",,,1,"c1:score=120,parse=True,exec=True | c2:score=120,parse=True,exec=True | c3:score=120,parse=True,exec=True | c4:score=120,parse=True,exec=True | c5:score=120,parse=True,exec=True",semantic_mismatch
code_gen_0298,generalization_conditional_paraphrase,gen_size_liquidity_gate,请把这个未见过的金融想法转成 `dsl_fire` 代码块，代码块内只写 result 赋值：把这个 alpha 逻辑写成表达式：只有小市值暴露高于市场均值时，才保留 9 日流动性信号。这个想法需要转换为函数式 DSL。,"where(gt(neg(log(market_cap)), xs_mean(neg(log(market_cap)))), log1p(ts_mean(volume, 9)), 0.0)","```dsl_fire
result = where(gt(neg(log(market_cap)), xs_mean(neg(log(market_cap)))), log1p(ts_mean(volume, 9)), 0.0)
```","```dsl_fire
result = where(logical_and(gt(neg(log(market_cap)), xs_mean(neg(log(market_cap)))), gt(log(market_cap), xs_mean(log(market_cap)))), gt(log(market_cap), xs_mean(log(market_cap)))), log1p(ts_mean(volume, 20)), 0.
```",,,4,"c1:score=0,parse=False,exec=False | c2:score=0,parse=False,exec=False | c3:score=0,parse=False,exec=False | c4:score=20,parse=True,exec=False | c5:score=0,parse=False,exec=False",execution_error
code_gen_0174,generalization_conditional,gen_conditional_xs_high_13,请把这个未见过的金融想法转成 `dsl_fire` 代码块，代码块内只写 result 赋值：只有最高价横截面标准化值为正时，才保留 13 日动量。,"where(gt(div(sub(high, xs_mean(high)), xs_std(high)), 0.0), pct_change(close, 13), 0.0)","```dsl_fire
result = where(gt(div(sub(high, xs_mean(high)), xs_std(high)), 0.0), pct_change(close, 13), 0.0)
```","```dsl_fire
result = where(gt(div(sub(log(market_cap), xs_mean(log(market_cap))), xs_std(log(market_cap))), xs_mean(div(sub(log(market_cap), xs_mean(log(market_cap))), xs_std(log(market_cap))))), gt(div(sub(volume, ts_
```",,,1,"c1:score=0,parse=False,exec=False | c2:score=0,parse=False,exec=False | c3:score=0,parse=False,exec=False | c4:score=0,parse=False,exec=False | c5:score=0,parse=False,exec=False",parse_error
code_gen_0214,generalization_conditional,gen_conditional_xs_market_cap_13,请把这个未见过的金融想法转成 `dsl_fire` 代码块，代码块内只写 result 赋值：只有总市值横截面标准化值为正时，才保留 13 日动量。,"where(gt(div(sub(market_cap, xs_mean(market_cap)), xs_std(market_cap)), 0.0), pct_change(close, 13), 0.0)","```dsl_fire
result = where(gt(div(sub(market_cap, xs_mean(market_cap)), xs_std(market_cap)), 0.0), pct_change(close, 13), 0.0)
```","```dsl_fire
result = where(gt(div(sub(log(market_cap), xs_mean(log(market_cap))), xs_std(log(market_cap))), xs_mean(div(sub(log(market_cap), xs_mean(log(market_cap))), xs_std(log(market_cap))))), gt(div(volume, market_cap), x
```",,,1,"c1:score=0,parse=False,exec=False | c2:score=0,parse=False,exec=False | c3:score=0,parse=False,exec=False | c4:score=0,parse=False,exec=False | c5:score=0,parse=False,exec=False",parse_error
code_gen_0277,generalization_unseen_window_paraphrase,gen_unseen_window_reversal,请把这个未见过的金融想法转成 `dsl_fire` 代码块，代码块内只写 result 赋值：把这个 alpha 逻辑写成表达式：过去 120 日涨幅越高，后续均值回归压力越大。不要使用解释文字。,"neg(pct_change(close, 120))","```dsl_fire
result = neg(pct_change(close, 120))
```","```dsl_fire
result = neg(pct_change(close, 5))
```",,,1,"c1:score=120,parse=True,exec=True | c2:score=120,parse=True,exec=True | c3:score=120,parse=True,exec=True | c4:score=120,parse=True,exec=True | c5:score=120,parse=True,exec=True",semantic_mismatch
code_gen_0251,generalization_unseen_window_paraphrase,gen_unseen_window_volume,请把这个未见过的金融想法转成 `dsl_fire` 代码块，代码块内只写 result 赋值：作为教学样例，短期成交量相对 8 日均量越高，放量越明显。注意窗口、方向和字段选择。,"div(ts_mean(volume, 2), ts_mean(volume, 8))","```dsl_fire
result = div(ts_mean(volume, 2), ts_mean(volume, 8))
```","```dsl_fire
result = div(sub(shift(volume, 1), shift(volume, 1), shift(close, 1))
```",,,1,"c1:score=0,parse=False,exec=False | c2:score=0,parse=False,exec=False | c3:score=0,parse=False,exec=False | c4:score=0,parse=False,exec=False | c5:score=0,parse=False,exec=False",parse_error
code_gen_0036,generalization_unseen_window,gen_unseen_window_momentum,请把这个未见过的金融想法转成 `dsl_fire` 代码块，代码块内只写 result 赋值：过去 120 日收盘价收益越高，短期趋势越强。,"pct_change(close, 120)","```dsl_fire
result = pct_change(close, 120)
```","```dsl_fire
result = ts_prod(add(1.0, pct_change(close, 1)), 20)
```",,,1,"c1:score=120,parse=True,exec=True | c2:score=120,parse=True,exec=True | c3:score=120,parse=True,exec=True | c4:score=0,parse=False,exec=False | c5:score=120,parse=True,exec=True",semantic_mismatch
code_gen_0394,generalization_time_series_paraphrase,gen_argmax_close,请把这个未见过的金融想法转成 `dsl_fire` 代码块，代码块内只写 result 赋值：把这个 alpha 逻辑写成表达式：收盘价在 66 日窗口内高点越靠近当前，信号越新。最终只需要一个可执行表达式。,"neg(ts_argmax(close, 66))","```dsl_fire
result = neg(ts_argmax(close, 66))
```","```dsl_fire
result = pct_change(close, 20)
```",,,1,"c1:score=120,parse=True,exec=True | c2:score=120,parse=True,exec=True | c3:score=120,parse=True,exec=True | c4:score=120,parse=True,exec=True | c5:score=120,parse=True,exec=True",semantic_mismatch
code_gen_0032,generalization_unseen_window,gen_unseen_window_momentum,请把这个未见过的金融想法转成 `dsl_fire` 代码块，代码块内只写 result 赋值：过去 75 日收盘价收益越高，短期趋势越强。,"pct_change(close, 75)","```dsl_fire
result = pct_change(close, 75)
```","```dsl_fire
result = ts_prod(add(1.0, pct_change(close, 1)), 7)
```",,,1,"c1:score=120,parse=True,exec=True | c2:score=120,parse=True,exec=True | c3:score=120,parse=True,exec=True | c4:score=120,parse=True,exec=True | c5:score=120,parse=True,exec=True",semantic_mismatch
code_gen_0367,generalization_time_series_paraphrase,gen_argmin_volume,请把这个未见过的金融想法转成 `dsl_fire` 代码块，代码块内只写 result 赋值：把这个 alpha 逻辑写成表达式：成交量在 11 日窗口内低点位置用于描述路径。不要使用解释文字。,"ts_argmin(volume, 11)","```dsl_fire
result = ts_argmin(volume, 11)
```","```dsl_fire
result = ts_win_cumsum(pct_change(volume, 1), 45)
```",,,4,"c1:score=20,parse=True,exec=False | c2:score=20,parse=True,exec=False | c3:score=0,parse=False,exec=False | c4:score=120,parse=True,exec=True | c5:score=0,parse=False,exec=False",semantic_mismatch
code_gen_0046,generalization_composition,gen_liquidity_adjusted_trend,请把这个未见过的金融想法转成 `dsl_fire` 代码块，代码块内只写 result 赋值：价格趋势和流动性同时较强时，趋势可信度更高。,"mul(pct_change(close, 35), log1p(ts_mean(volume, 35)))","```dsl_fire
result = mul(pct_change(close, 35), log1p(ts_mean(volume, 35)))
```","```dsl_fire
result = where(logical_xor(gt(pct_change(close, 20), xs_mean(pct_change(close, 20))), add(recip(pb), neg(pct_change(close, 20)), 0.0)
```",,,1,"c1:score=0,parse=False,exec=False | c2:score=0,parse=False,exec=False | c3:score=0,parse=False,exec=False | c4:score=0,parse=False,exec=False | c5:score=0,parse=False,exec=False",parse_error
code_gen_0089,generalization_conditional,gen_size_liquidity_gate,请把这个未见过的金融想法转成 `dsl_fire` 代码块，代码块内只写 result 赋值：只有小市值暴露高于市场均值时，才保留 55 日流动性信号。,"where(gt(neg(log(market_cap)), xs_mean(neg(log(market_cap)))), log1p(ts_mean(volume, 55)), 0.0)","```dsl_fire
result = where(gt(neg(log(market_cap)), xs_mean(neg(log(market_cap)))), log1p(ts_mean(volume, 55)), 0.0)
```","```dsl_fire
result = where(logical_xor(gt(neg(log(market_cap)), xs_mean(neg(log(market_cap)))), gt(log(market_cap), xs_mean(log(market_cap)))), log1p(ts_mean(volume, 20)), 0.0)
```",,,1,"c1:score=120,parse=True,exec=True | c2:score=0,parse=False,exec=False | c3:score=120,parse=True,exec=True | c4:score=120,parse=True,exec=True | c5:score=0,parse=False,exec=False",semantic_mismatch
code_gen_0059,generalization_conditional,gen_value_momentum_gate,请把这个未见过的金融想法转成 `dsl_fire` 代码块，代码块内只写 result 赋值：只有估值便宜且 9 日动量高于市场均值时，才保留价值动量组合。,"where(logical_and(gt(recip(pb), xs_mean(recip(pb))), gt(pct_change(close, 9), xs_mean(pct_change(close, 9)))), add(recip(pb), pct_change(close, 9)), 0.0)","```dsl_fire
result = where(logical_and(gt(recip(pb), xs_mean(recip(pb))), gt(pct_change(close, 9), xs_mean(pct_change(close, 9)))), add(recip(pb), pct_change(close, 9)), 0.0)
```","```dsl_fire
result = where(logical_and(gt(recip(pb), xs_mean(recip(pb))), gt(pct_change(close, 20), xs_mean(pct_change(close, 20)))), add(recip(pb), neg(pct_change(close, 20)), 0.0)
```",,,1,"c1:score=0,parse=False,exec=False | c2:score=0,parse=False,exec=False | c3:score=0,parse=False,exec=False | c4:score=0,parse=False,exec=False | c5:score=0,parse=False,exec=False",parse_error
code_gen_0108,generalization_time_series,gen_argmax_pb,请把这个未见过的金融想法转成 `dsl_fire` 代码块，代码块内只写 result 赋值：市净率 PB在 17 日窗口内高点越靠近当前，信号越新。,"neg(ts_argmax(pb, 17))","```dsl_fire
result = neg(ts_argmax(pb, 17))
```","```dsl_fire
result = ts_argmaxmin(pb, 10)
```",,,1,"c1:score=120,parse=True,exec=True | c2:score=120,parse=True,exec=True | c3:score=120,parse=True,exec=True | c4:score=120,parse=True,exec=True | c5:score=120,parse=True,exec=True",semantic_mismatch
code_gen_0292,generalization_composition_paraphrase,gen_quality_trend,请把这个未见过的金融想法转成 `dsl_fire` 代码块，代码块内只写 result 赋值：把这个 alpha 逻辑写成表达式：同时偏好 75 日风险调整趋势高且收益方差低的股票。不要使用解释文字。,"add(div(pct_change(close, 75), ts_std(pct_change(close, 1), 75)), neg(ts_var(pct_change(close, 1), 75)))","```dsl_fire
result = add(div(pct_change(close, 75), ts_std(pct_change(close, 1), 75)), neg(ts_var(pct_change(close, 1), 75)))
```","```dsl_fire
result = where(logical_mean(lt(pct_change(close, 1), neg(ts_std(pct_change(close, 1), 20))), gt(pct_change(close, 20), xs_mean(pct_change(close, 20)))), pct_change(close, 20), 0.0)
```",,,1,"c1:score=20,parse=True,exec=False | c2:score=20,parse=True,exec=False | c3:score=0,parse=False,exec=False | c4:score=0,parse=False,exec=False | c5:score=20,parse=True,exec=False",execution_error
code_gen_0129,generalization_time_series,gen_argmin_volume,请把这个未见过的金融想法转成 `dsl_fire` 代码块，代码块内只写 result 赋值：成交量在 17 日窗口内低点位置用于描述路径。,"ts_argmin(volume, 17)","```dsl_fire
result = ts_argmin(volume, 17)
```","```dsl_fire
result = ts_win_cumsum(pct_change(volume, 1), 20)
```",,,1,"c1:score=120,parse=True,exec=True | c2:score=0,parse=False,exec=False | c3:score=0,parse=False,exec=False | c4:score=0,parse=False,exec=False | c5:score=20,parse=True,exec=False",semantic_mismatch
code_gen_0379,generalization_time_series_paraphrase,gen_argmin_vwap,请把这个未见过的金融想法转成 `dsl_fire` 代码块，代码块内只写 result 赋值：把这个 alpha 逻辑写成表达式：成交量加权平均价在 17 日窗口内低点位置用于描述路径。最终只需要一个可执行表达式。,"ts_argmin(vwap, 17)","```dsl_fire
result = ts_argmin(vwap, 17)
```","```dsl_fire
result = div(sub(volume, ts_last(shift(vwap, 1), 10)), ts_last(shift(vwap, 1), 10))
```",,,4,"c1:score=0,parse=False,exec=False | c2:score=0,parse=False,exec=False | c3:score=0,parse=False,exec=False | c4:score=120,parse=True,exec=True | c5:score=0,parse=False,exec=False",semantic_mismatch
code_gen_0344,generalization_regression_paraphrase,gen_corr_flow_return,请把这个未见过的金融想法转成 `dsl_fire` 代码块，代码块内只写 result 赋值：作为教学样例，用 110 日滚动相关衡量换手代理和日收益同步性。最终只需要一个可执行表达式。,"ts_corr(div(volume, market_cap), pct_change(close, 1), 110)","```dsl_fire
result = ts_corr(div(volume, market_cap), pct_change(close, 1), 110)
```","```dsl_fire
result = ts_prod(add(1.0, pct_change(close, 1)), 20)
```",,,1,"c1:score=120,parse=True,exec=True | c2:score=120,parse=True,exec=True | c3:score=120,parse=True,exec=True | c4:score=20,parse=True,exec=False | c5:score=20,parse=True,exec=False",semantic_mismatch
code_gen_0009,generalization_unseen_window,gen_unseen_window_reversal,请把这个未见过的金融想法转成 `dsl_fire` 代码块，代码块内只写 result 赋值：过去 8 日涨幅越高，后续均值回归压力越大。,"neg(pct_change(close, 8))","```dsl_fire
result = neg(pct_change(close, 8))
```","```dsl_fire
result = ts_prod(add(1.0, pct_change(close, 1)), 20)
```",,,1,"c1:score=120,parse=True,exec=True | c2:score=120,parse=True,exec=True | c3:score=120,parse=True,exec=True | c4:score=120,parse=True,exec=True | c5:score=120,parse=True,exec=True",semantic_mismatch
code_gen_0339,generalization_time_series_paraphrase,gen_quantile_value,请把这个未见过的金融想法转成 `dsl_fire` 代码块，代码块内只写 result 赋值：从量化研究角度，估值便宜程度高于自身 85 日 70% 分位数越多，价值信号越突出。最终只需要一个可执行表达式。,"sub(recip(pb), ts_quantile(recip(pb), 85, 0.7))","```dsl_fire
result = sub(recip(pb), ts_quantile(recip(pb), 85, 0.7))
```","```dsl_fire
result = div(sub(close, ts_min(low, 20)), sub(ts_max(high, 20), ts_min(low, 20)))
```",,,1,"c1:score=120,parse=True,exec=True | c2:score=120,parse=True,exec=True | c3:score=120,parse=True,exec=True | c4:score=120,parse=True,exec=True | c5:score=120,parse=True,exec=True",semantic_mismatch
code_gen_0132,generalization_time_series,gen_argmax_volume,请把这个未见过的金融想法转成 `dsl_fire` 代码块，代码块内只写 result 赋值：成交量在 38 日窗口内高点越靠近当前，信号越新。,"neg(ts_argmax(volume, 38))","```dsl_fire
result = neg(ts_argmax(volume, 38))
```","```dsl_fire
result = ts_win_cumsum(pct_change(volume, 1), 3)
```",,,2,"c1:score=20,parse=True,exec=False | c2:score=120,parse=True,exec=True | c3:score=20,parse=True,exec=False | c4:score=120,parse=True,exec=True | c5:score=20,parse=True,exec=False",semantic_mismatch
code_gen_0479,generalization_time_series_paraphrase,gen_ts_sum_value,请把这个未见过的金融想法转成 `dsl_fire` 代码块，代码块内只写 result 赋值：作为教学样例，31 日 PB 日变化求和测试基本面时间序列结构。最终只需要一个可执行表达式。,"ts_sum(pct_change(pb, 1), 31)","```dsl_fire
result = ts_sum(pct_change(pb, 1), 31)
```","```dsl_fire
result = ts_prod(add(1.0, pct_change(close, 1), 3)), neg(pct_change(close, 1), 3)
```",,,1,"c1:score=20,parse=True,exec=False | c2:score=20,parse=True,exec=False | c3:score=20,parse=True,exec=False | c4:score=20,parse=True,exec=False | c5:score=20,parse=True,exec=False",execution_error
code_gen_0155,generalization_time_series,gen_argmin_close,请把这个未见过的金融想法转成 `dsl_fire` 代码块，代码块内只写 result 赋值：收盘价在 66 日窗口内低点位置用于描述路径。,"ts_argmin(close, 66)","```dsl_fire
result = ts_argmin(close, 66)
```","```dsl_fire
result = ts_win_cumsum(pct_change(close, 1), 20)
```",,,1,"c1:score=120,parse=True,exec=True | c2:score=120,parse=True,exec=True | c3:score=120,parse=True,exec=True | c4:score=120,parse=True,exec=True | c5:score=120,parse=True,exec=True",semantic_mismatch
code_gen_0368,generalization_time_series_paraphrase,gen_argmax_volume,请把这个未见过的金融想法转成 `dsl_fire` 代码块，代码块内只写 result 赋值：作为教学样例，成交量在 17 日窗口内高点越靠近当前，信号越新。这个想法需要转换为函数式 DSL。,"neg(ts_argmax(volume, 17))","```dsl_fire
result = neg(ts_argmax(volume, 17))
```","```dsl_fire
result = div(sub(shift(volume, 1), shift(close, 1), shift(close, 1), 10))
```",,,2,"c1:score=0,parse=False,exec=False | c2:score=20,parse=True,exec=False | c3:score=20,parse=True,exec=False | c4:score=0,parse=False,exec=False | c5:score=20,parse=True,exec=False",execution_error
code_gen_0178,generalization_conditional,gen_conditional_xs_high_47,请把这个未见过的金融想法转成 `dsl_fire` 代码块，代码块内只写 result 赋值：只有最高价横截面标准化值为正时，才保留 47 日动量。,"where(gt(div(sub(high, xs_mean(high)), xs_std(high)), 0.0), pct_change(close, 47), 0.0)","```dsl_fire
result = where(gt(div(sub(high, xs_mean(high)), xs_std(high)), 0.0), pct_change(close, 47), 0.0)
```","```dsl_fire
result = where(gt(div(sub(log(market_cap), xs_mean(log(market_cap))), xs_std(log(market_cap))), xs_mean(div(sub(log(market_cap), xs_mean(log(market_cap))), xs_std(log(market_cap))))), gt(div(sub(volume, ts_
```",,,1,"c1:score=0,parse=False,exec=False | c2:score=0,parse=False,exec=False | c3:score=0,parse=False,exec=False | c4:score=0,parse=False,exec=False | c5:score=0,parse=False,exec=False",parse_error
code_gen_0290,generalization_composition_paraphrase,gen_liquidity_adjusted_trend,请把这个未见过的金融想法转成 `dsl_fire` 代码块，代码块内只写 result 赋值：作为教学样例，价格趋势和流动性同时较强时，趋势可信度更高。请保持字段和算子命名规范。,"mul(pct_change(close, 50), log1p(ts_mean(volume, 50)))","```dsl_fire
result = mul(pct_change(close, 50), log1p(ts_mean(volume, 50)))
```","```dsl_fire
result = where(logical_or(gt(neg(log(market_cap)), xs_mean(neg(log(market_cap)))), gt(pct_change(close, 20), xs_mean(pct_change(close, 20)))), add(log(market_cap), pct_change(close, 20)), 0.0)
```",,,1,"c1:score=120,parse=True,exec=True | c2:score=120,parse=True,exec=True | c3:score=120,parse=True,exec=True | c4:score=120,parse=True,exec=True | c5:score=20,parse=True,exec=False",semantic_mismatch
code_gen_0492,generalization_unseen_window_paraphrase,gen_unseen_window_momentum,请把这个未见过的金融想法转成 `dsl_fire` 代码块，代码块内只写 result 赋值：从量化研究角度，过去 12 日收盘价收益越高，短期趋势越强。不要使用解释文字。,"pct_change(close, 12)","```dsl_fire
result = pct_change(close, 12)
```","```dsl_fire
result = pct_change(close, 10)
```",,,1,"c1:score=120,parse=True,exec=True | c2:score=120,parse=True,exec=True | c3:score=120,parse=True,exec=True | c4:score=120,parse=True,exec=True | c5:score=120,parse=True,exec=True",semantic_mismatch
code_gen_0231,generalization_time_series,gen_ts_prod_turnover,请把这个未见过的金融想法转成 `dsl_fire` 代码块，代码块内只写 result 赋值：19 日成交量变化加一后连乘测试未见时间聚合结构。,"ts_prod(add(1.0, pct_change(volume, 1)), 19)","```dsl_fire
result = ts_prod(add(1.0, pct_change(volume, 1)), 19)
```","```dsl_fire
result = ts_prod(add(1.0, pct_change(volume, 1)), 7)
```",,,1,"c1:score=120,parse=True,exec=True | c2:score=120,parse=True,exec=True | c3:score=120,parse=True,exec=True | c4:score=120,parse=True,exec=True | c5:score=120,parse=True,exec=True",semantic_mismatch
code_gen_0279,generalization_unseen_window_paraphrase,gen_unseen_window_volume,请把这个未见过的金融想法转成 `dsl_fire` 代码块，代码块内只写 result 赋值：从量化研究角度，短期成交量相对 120 日均量越高，放量越明显。最终只需要一个可执行表达式。,"div(ts_mean(volume, 30), ts_mean(volume, 120))","```dsl_fire
result = div(ts_mean(volume, 30), ts_mean(volume, 120))
```","```dsl_fire
result = pct_change(volume, 20)
```",,,1,"c1:score=120,parse=True,exec=True | c2:score=120,parse=True,exec=True | c3:score=120,parse=True,exec=True | c4:score=120,parse=True,exec=True | c5:score=120,parse=True,exec=True",semantic_mismatch
code_gen_0287,generalization_composition_paraphrase,gen_industry_value_momentum,请把这个未见过的金融想法转成 `dsl_fire` 代码块，代码块内只写 result 赋值：作为教学样例，行业内估值便宜且 35 日动量较强的股票得分更高。不要使用解释文字。,"add(div(sub(recip(pb), group_mean(recip(pb), industry)), group_std(recip(pb), industry)), pct_change(close, 35))","```dsl_fire
result = add(div(sub(recip(pb), group_mean(recip(pb), industry)), group_std(recip(pb), industry)), pct_change(close, 35))
```","```dsl_fire
result = div(ts_std(pct_change(close, 1), 20), ts_mean(ts_std(pct_change(close, 1), 20)))
```",,,2,"c1:score=0,parse=False,exec=False | c2:score=120,parse=True,exec=True | c3:score=0,parse=False,exec=False | c4:score=0,parse=False,exec=False | c5:score=120,parse=True,exec=True",semantic_mismatch
code_gen_0574,generalization_group_paraphrase,gen_value_quality_trend,请把这个未见过的金融想法转成 `dsl_fire` 代码块，代码块内只写 result 赋值：把这个 alpha 逻辑写成表达式：行业中性估值便宜且 85 日风险调整动量强的股票更有吸引力。最终只需要一个可执行表达式。,"add(div(sub(recip(pb), group_mean(recip(pb), industry)), group_std(recip(pb), industry)), div(pct_change(close, 85), ts_std(pct_change(close, 1), 85)))","```dsl_fire
result = add(div(sub(recip(pb), group_mean(recip(pb), industry)), group_std(recip(pb), industry)), div(pct_change(close, 85), ts_std(pct_change(close, 1), 85)))
```","```dsl_fire
result = ts_std(minimum(pct_change(close, 1), 0.0), 120)
```",,,1,"c1:score=20,parse=True,exec=False | c2:score=20,parse=True,exec=False | c3:score=20,parse=True,exec=False | c4:score=20,parse=True,exec=False | c5:score=20,parse=True,exec=False",execution_error
code_gen_0187,generalization_conditional,gen_conditional_xs_low_73,请把这个未见过的金融想法转成 `dsl_fire` 代码块，代码块内只写 result 赋值：只有最低价横截面标准化值为正时，才保留 73 日动量。,"where(gt(div(sub(low, xs_mean(low)), xs_std(low)), 0.0), pct_change(close, 73), 0.0)","```dsl_fire
result = where(gt(div(sub(low, xs_mean(low)), xs_std(low)), 0.0), pct_change(close, 73), 0.0)
```","```dsl_fire
result = where(gt(ts_xor(pct_change(close, 7), xs_mean(pct_change(close, 7))), neg(sign(pct_change(close, 7)), 0.0)
```",,,1,"c1:score=0,parse=False,exec=False | c2:score=0,parse=False,exec=False | c3:score=0,parse=False,exec=False | c4:score=0,parse=False,exec=False | c5:score=0,parse=False,exec=False",parse_error
code_gen_0434,generalization_conditional_paraphrase,gen_conditional_xs_volume_47,请把这个未见过的金融想法转成 `dsl_fire` 代码块，代码块内只写 result 赋值：作为教学样例，只有成交量横截面标准化值为正时，才保留 47 日动量。最终只需要一个可执行表达式。,"where(gt(div(sub(volume, xs_mean(volume)), xs_std(volume)), 0.0), pct_change(close, 47), 0.0)","```dsl_fire
result = where(gt(div(sub(volume, xs_mean(volume)), xs_std(volume)), 0.0), pct_change(close, 47), 0.0)
```","```dsl_fire
result = where(gt(div(sub(volume, xs_mean(volume, 7)), xs_std(volume)), xs_mean(volume)), 0.0)
```",,,1,"c1:score=20,parse=True,exec=False | c2:score=20,parse=True,exec=False | c3:score=20,parse=True,exec=False | c4:score=20,parse=True,exec=False | c5:score=20,parse=True,exec=False",execution_error
code_gen_0334,generalization_group_paraphrase,gen_value_quality_trend,请把这个未见过的金融想法转成 `dsl_fire` 代码块，代码块内只写 result 赋值：把这个 alpha 逻辑写成表达式：行业中性估值便宜且 85 日风险调整动量强的股票更有吸引力。最终只需要一个可执行表达式。,"add(div(sub(recip(pb), group_mean(recip(pb), industry)), group_std(recip(pb), industry)), div(pct_change(close, 85), ts_std(pct_change(close, 1), 85)))","```dsl_fire
result = add(div(sub(recip(pb), group_mean(recip(pb), industry)), group_std(recip(pb), industry)), div(pct_change(close, 85), ts_std(pct_change(close, 1), 85)))
```","```dsl_fire
result = ts_std(minimum(pct_change(close, 1), 0.0), 120)
```",,,1,"c1:score=20,parse=True,exec=False | c2:score=20,parse=True,exec=False | c3:score=20,parse=True,exec=False | c4:score=20,parse=True,exec=False | c5:score=20,parse=True,exec=False",execution_error
code_gen_0087,generalization_time_series,gen_quantile_value,请把这个未见过的金融想法转成 `dsl_fire` 代码块，代码块内只写 result 赋值：估值便宜程度高于自身 42 日 70% 分位数越多，价值信号越突出。,"sub(recip(pb), ts_quantile(recip(pb), 42, 0.7))","```dsl_fire
result = sub(recip(pb), ts_quantile(recip(pb), 42, 0.7))
```","```dsl_fire
result = div(sub(close, ts_min(low, 10)), sub(ts_max(high, 10), ts_min(low, 10)))
```",,,1,"c1:score=120,parse=True,exec=True | c2:score=120,parse=True,exec=True | c3:score=120,parse=True,exec=True | c4:score=120,parse=True,exec=True | c5:score=120,parse=True,exec=True",semantic_mismatch
code_gen_0531,generalization_composition_paraphrase,gen_industry_value_momentum,请把这个未见过的金融想法转成 `dsl_fire` 代码块，代码块内只写 result 赋值：从量化研究角度，行业内估值便宜且 50 日动量较强的股票得分更高。注意窗口、方向和字段选择。,"add(div(sub(recip(pb), group_mean(recip(pb), industry)), group_std(recip(pb), industry)), pct_change(close, 50))","```dsl_fire
result = add(div(sub(recip(pb), group_mean(recip(pb), industry)), group_std(recip(pb), industry)), pct_change(close, 50))
```","```dsl_fire
result = div(ts_cap), group_mean(log(market_cap), industry)), group_sum(absolute(pct_change(close, 20)), industry))
```",,,1,"c1:score=0,parse=False,exec=False | c2:score=0,parse=False,exec=False | c3:score=0,parse=False,exec=False | c4:score=0,parse=False,exec=False | c5:score=0,parse=False,exec=False",parse_error
code_gen_0238,generalization_time_series,gen_ts_prod_turnover,请把这个未见过的金融想法转成 `dsl_fire` 代码块，代码块内只写 result 赋值：31 日成交量变化加一后连乘测试未见时间聚合结构。,"ts_prod(add(1.0, pct_change(volume, 1)), 31)","```dsl_fire
result = ts_prod(add(1.0, pct_change(volume, 1)), 31)
```","```dsl_fire
result = ts_prod(add(1.0, pct_change(volume, 1)), 3)
```",,,1,"c1:score=120,parse=True,exec=True | c2:score=120,parse=True,exec=True | c3:score=120,parse=True,exec=True | c4:score=120,parse=True,exec=True | c5:score=120,parse=True,exec=True",semantic_mismatch
code_gen_0383,generalization_time_series_paraphrase,gen_argmin_vwap,请把这个未见过的金融想法转成 `dsl_fire` 代码块，代码块内只写 result 赋值：作为教学样例，成交量加权平均价在 38 日窗口内低点位置用于描述路径。这个想法需要转换为函数式 DSL。,"ts_argmin(vwap, 38)","```dsl_fire
result = ts_argmin(vwap, 38)
```","```dsl_fire
result = div(sub(volume, tsolume, ts_last(shift(volume, 1), 3)), 3)
```",,,2,"c1:score=0,parse=False,exec=False | c2:score=20,parse=True,exec=False | c3:score=0,parse=False,exec=False | c4:score=20,parse=True,exec=False | c5:score=0,parse=False,exec=False",execution_error
code_gen_0534,generalization_composition_paraphrase,gen_liquidity_adjusted_trend,请把这个未见过的金融想法转成 `dsl_fire` 代码块，代码块内只写 result 赋值：从量化研究角度，价格趋势和流动性同时较强时，趋势可信度更高。最终只需要一个可执行表达式。,"mul(pct_change(close, 75), log1p(ts_mean(volume, 75)))","```dsl_fire
result = mul(pct_change(close, 75), log1p(ts_mean(volume, 75)))
```","```dsl_fire
result = where(logical_or(gt(neg(log(market_cap)), xs_mean(neg(log(market_cap)))), gt(pct_change(close, 20), xs_mean(pct_change(close, 20)))), add(neg(log(market_cap)), div(volume, market_cap)), 0.0)
```",,,1,"c1:score=120,parse=True,exec=True | c2:score=0,parse=False,exec=False | c3:score=0,parse=False,exec=False | c4:score=120,parse=True,exec=True | c5:score=20,parse=True,exec=False",semantic_mismatch
code_gen_0117,generalization_time_series,gen_argmin_market_cap,请把这个未见过的金融想法转成 `dsl_fire` 代码块，代码块内只写 result 赋值：总市值在 11 日窗口内低点位置用于描述路径。,"ts_argmin(market_cap, 11)","```dsl_fire
result = ts_argmin(market_cap, 11)
```","```dsl_fire
result = ts_win_cumsum(pct_change(close, 1), 20)
```",,,1,"c1:score=120,parse=True,exec=True | c2:score=120,parse=True,exec=True | c3:score=120,parse=True,exec=True | c4:score=120,parse=True,exec=True | c5:score=120,parse=True,exec=True",semantic_mismatch
code_gen_0220,generalization_conditional,gen_logic_value_size_or,请把这个未见过的金融想法转成 `dsl_fire` 代码块，代码块内只写 result 赋值：估值或小市值任一强于市场时保留价值规模组合。,"where(logical_or(gt(recip(pb), xs_mean(recip(pb))), gt(neg(log(market_cap)), xs_mean(neg(log(market_cap))))), add(recip(pb), neg(log(market_cap))), 0.0)","```dsl_fire
result = where(logical_or(gt(recip(pb), xs_mean(recip(pb))), gt(neg(log(market_cap)), xs_mean(neg(log(market_cap))))), add(recip(pb), neg(log(market_cap))), 0.0)
```","```dsl_fire
result = where(log(market_cap), xs_mean(log(market_cap)))
```",,,1,"c1:score=20,parse=True,exec=False | c2:score=20,parse=True,exec=False | c3:score=20,parse=True,exec=False | c4:score=20,parse=True,exec=False | c5:score=20,parse=True,exec=False",execution_error
code_gen_0452,generalization_cross_section_paraphrase,gen_xs_quantile_market_cap_13,请把这个未见过的金融想法转成 `dsl_fire` 代码块，代码块内只写 result 赋值：作为教学样例，总市值相对横截面 75% 分位数的偏离用于测试未见分位结构。不要使用解释文字。,"sub(market_cap, xs_quantile(market_cap, 0.75))","```dsl_fire
result = sub(market_cap, xs_quantile(market_cap, 0.75))
```","```dsl_fire
result = div(sub(shift(close, 7), shift(close, 7)), shift(close, 7))
```",,,1,"c1:score=20,parse=True,exec=False | c2:score=20,parse=True,exec=False | c3:score=20,parse=True,exec=False | c4:score=20,parse=True,exec=False | c5:score=20,parse=True,exec=False",execution_error
code_gen_0413,generalization_group_paraphrase,gen_group_abs_high_13,请把这个未见过的金融想法转成 `dsl_fire` 代码块，代码块内只写 result 赋值：作为教学样例，最高价行业内标准化偏离的绝对值用于测试行业异常程度。这个想法需要转换为函数式 DSL。,"absolute(div(sub(high, group_mean(high, industry)), group_std(high, industry)))","```dsl_fire
result = absolute(div(sub(high, group_mean(high, industry)), group_std(high, industry)))
```","```dsl_fire
result = div(sub(div(sub(log(market_cap), group_mean(log(market_cap), industry)), group_std(log(market_cap), industry)), group_mean(div(sub(log(market_cap), xs_mean(log(market_cap))), xs_std(log(market_cap))), industry)), group_std(neg(log
```",,,1,"c1:score=0,parse=False,exec=False | c2:score=0,parse=False,exec=False | c3:score=0,parse=False,exec=False | c4:score=0,parse=False,exec=False | c5:score=0,parse=False,exec=False",parse_error
code_gen_0384,generalization_time_series_paraphrase,gen_argmax_vwap,请把这个未见过的金融想法转成 `dsl_fire` 代码块，代码块内只写 result 赋值：从量化研究角度，成交量加权平均价在 66 日窗口内高点越靠近当前，信号越新。最终只需要一个可执行表达式。,"neg(ts_argmax(vwap, 66))","```dsl_fire
result = neg(ts_argmax(vwap, 66))
```","```dsl_fire
result = pct_change(volume, 10)
```",,,1,"c1:score=120,parse=True,exec=True | c2:score=120,parse=True,exec=True | c3:score=120,parse=True,exec=True | c4:score=120,parse=True,exec=True | c5:score=120,parse=True,exec=True",semantic_mismatch
code_gen_0092,generalization_regression,gen_corr_flow_return,请把这个未见过的金融想法转成 `dsl_fire` 代码块，代码块内只写 result 赋值：用 55 日滚动相关衡量换手代理和日收益同步性。,"ts_corr(div(volume, market_cap), pct_change(close, 1), 55)","```dsl_fire
result = ts_corr(div(volume, market_cap), pct_change(close, 1), 55)
```","```dsl_fire
result = ts_corr(div(volume, market_cap), pct_change(close, 5), 5)
```",,,1,"c1:score=120,parse=True,exec=True | c2:score=120,parse=True,exec=True | c3:score=120,parse=True,exec=True | c4:score=120,parse=True,exec=True | c5:score=120,parse=True,exec=True",semantic_mismatch
code_gen_0160,generalization_conditional,gen_conditional_xs_open_19,请把这个未见过的金融想法转成 `dsl_fire` 代码块，代码块内只写 result 赋值：只有开盘价横截面标准化值为正时，才保留 19 日动量。,"where(gt(div(sub(open, xs_mean(open)), xs_std(open)), 0.0), pct_change(close, 19), 0.0)","```dsl_fire
result = where(gt(div(sub(open, xs_mean(open)), xs_std(open)), 0.0), pct_change(close, 19), 0.0)
```","```dsl_fire
result = where(gt(div(sub(log(market_cap), xs_mean(log(market_cap))), xs_std(log(market_cap))), xs_mean(div(sub(log(market_cap), xs_mean(log(market_cap))), xs_std(log(market_cap))))), gt(div(sub(volume, ts_
```",,,1,"c1:score=0,parse=False,exec=False | c2:score=0,parse=False,exec=False | c3:score=0,parse=False,exec=False | c4:score=0,parse=False,exec=False | c5:score=0,parse=False,exec=False",parse_error
code_gen_0415,generalization_conditional_paraphrase,gen_mask_group_high_13,请把这个未见过的金融想法转成 `dsl_fire` 代码块，代码块内只写 result 赋值：把这个 alpha 逻辑写成表达式：只有最高价不低于行业均值时，才保留行业标准化信号。请保持字段和算子命名规范。,"mask(div(sub(high, group_mean(high, industry)), group_std(high, industry)), ge(high, group_mean(high, industry)), 0.0)","```dsl_fire
result = mask(div(sub(high, group_mean(high, industry)), group_std(high, industry)), ge(high, group_mean(high, industry)), 0.0)
```","```dsl_fire
result = where(logical_xor(gt(div(sub(volume, vwap, vwap), group_mean(div(sub(volume, vwap), vwap), industry)), group_std(div(sub(recip(pb), industry)), group_mean(volume, industry)), group_std(volume, industry)), 0.0)
```",,,1,"c1:score=0,parse=False,exec=False | c2:score=0,parse=False,exec=False | c3:score=0,parse=False,exec=False | c4:score=0,parse=False,exec=False | c5:score=0,parse=False,exec=False",parse_error
code_gen_0402,generalization_conditional_paraphrase,gen_conditional_xs_open_47,请把这个未见过的金融想法转成 `dsl_fire` 代码块，代码块内只写 result 赋值：从量化研究角度，只有开盘价横截面标准化值为正时，才保留 47 日动量。不要使用解释文字。,"where(gt(div(sub(open, xs_mean(open)), xs_std(open)), 0.0), pct_change(close, 47), 0.0)","```dsl_fire
result = where(gt(div(sub(open, xs_mean(open)), xs_std(open)), 0.0), pct_change(close, 47), 0.0)
```","```dsl_fire
result = where(gt(div(sub(volume, xs_mean(volume, 7)), xs_std(volume)), -1.0), 7.0)
```",,,2,"c1:score=0,parse=False,exec=False | c2:score=20,parse=True,exec=False | c3:score=0,parse=False,exec=False | c4:score=20,parse=True,exec=False | c5:score=20,parse=True,exec=False",execution_error
code_gen_0144,generalization_time_series,gen_argmax_vwap,请把这个未见过的金融想法转成 `dsl_fire` 代码块，代码块内只写 result 赋值：成交量加权平均价在 66 日窗口内高点越靠近当前，信号越新。,"neg(ts_argmax(vwap, 66))","```dsl_fire
result = neg(ts_argmax(vwap, 66))
```","```dsl_fire
result = ts_win_cumsum(pct_change(vwap, 1), 10)
```",,,2,"c1:score=0,parse=False,exec=False | c2:score=120,parse=True,exec=True | c3:score=0,parse=False,exec=False | c4:score=0,parse=False,exec=False | c5:score=0,parse=False,exec=False",semantic_mismatch
code_gen_0006,generalization_unseen_window,gen_unseen_window_vol,请把这个未见过的金融想法转成 `dsl_fire` 代码块，代码块内只写 result 赋值：过去 6 日日收益波动越低，稳定性越强。,"neg(ts_std(pct_change(close, 1), 6))","```dsl_fire
result = neg(ts_std(pct_change(close, 1), 6))
```","```dsl_fire
result = ts_reg_res(pct_change(close, 1), 20)
```",,,1,"c1:score=20,parse=True,exec=False | c2:score=20,parse=True,exec=False | c3:score=20,parse=True,exec=False | c4:score=20,parse=True,exec=False | c5:score=20,parse=True,exec=False",execution_error
code_gen_0018,generalization_unseen_window,gen_unseen_window_vol,请把这个未见过的金融想法转成 `dsl_fire` 代码块，代码块内只写 result 赋值：过去 18 日日收益波动越低，稳定性越强。,"neg(ts_std(pct_change(close, 1), 18))","```dsl_fire
result = neg(ts_std(pct_change(close, 1), 18))
```","```dsl_fire
result = sub(ts_mean(pct_change(close, 1), 20), ts_std(pct_change(close, 1), 20))
```",,,3,"c1:score=20,parse=True,exec=False | c2:score=20,parse=True,exec=False | c3:score=120,parse=True,exec=True | c4:score=20,parse=True,exec=False | c5:score=20,parse=True,exec=False",semantic_mismatch
code_gen_0282,generalization_composition_paraphrase,gen_liquidity_adjusted_trend,请把这个未见过的金融想法转成 `dsl_fire` 代码块，代码块内只写 result 赋值：从量化研究角度，价格趋势和流动性同时较强时，趋势可信度更高。不要使用解释文字。,"mul(pct_change(close, 25), log1p(ts_mean(volume, 25)))","```dsl_fire
result = mul(pct_change(close, 25), log1p(ts_mean(volume, 25)))
```","```dsl_fire
result = where(logical_xor(gt(pct_change(close, 20), xs_mean(pct_change(close, 20))), add(recip(pb), neg(pct_change(close, 20))), 0.0)
```",,,1,"c1:score=0,parse=False,exec=False | c2:score=0,parse=False,exec=False | c3:score=0,parse=False,exec=False | c4:score=0,parse=False,exec=False | c5:score=0,parse=False,exec=False",parse_error
code_gen_0470,generalization_cross_section_paraphrase,gen_xs_prod_return,请把这个未见过的金融想法转成 `dsl_fire` 代码块，代码块内只写 result 赋值：作为教学样例，19 日收益加一后的横截面乘积测试未见聚合结构。请保持字段和算子命名规范。,"xs_prod(add(1.0, pct_change(close, 19)))","```dsl_fire
result = xs_prod(add(1.0, pct_change(close, 19)))
```","```dsl_fire
result = div(sub(log(market_cap), xs_mean(log(market_cap))), xs_std(log(market_cap))))
```",,,1,"c1:score=0,parse=False,exec=False | c2:score=0,parse=False,exec=False | c3:score=0,parse=False,exec=False | c4:score=0,parse=False,exec=False | c5:score=0,parse=False,exec=False",parse_error
code_gen_0152,generalization_time_series,gen_argmax_close,请把这个未见过的金融想法转成 `dsl_fire` 代码块，代码块内只写 result 赋值：收盘价在 38 日窗口内高点越靠近当前，信号越新。,"neg(ts_argmax(close, 38))","```dsl_fire
result = neg(ts_argmax(close, 38))
```","```dsl_fire
result = ts_argmin(ts_lt(pct_change(close, 1), 3)), 3)
```",,,1,"c1:score=0,parse=False,exec=False | c2:score=0,parse=False,exec=False | c3:score=0,parse=False,exec=False | c4:score=0,parse=False,exec=False | c5:score=0,parse=False,exec=False",parse_error
code_gen_0430,generalization_conditional_paraphrase,gen_conditional_xs_volume_13,请把这个未见过的金融想法转成 `dsl_fire` 代码块，代码块内只写 result 赋值：把这个 alpha 逻辑写成表达式：只有成交量横截面标准化值为正时，才保留 13 日动量。请保持字段和算子命名规范。,"where(gt(div(sub(volume, xs_mean(volume)), xs_std(volume)), 0.0), pct_change(close, 13), 0.0)","```dsl_fire
result = where(gt(div(sub(volume, xs_mean(volume)), xs_std(volume)), 0.0), pct_change(close, 13), 0.0)
```","```dsl_fire
result = where(sign(sign(sign(pct_change(close, 10), xs_mean(volume)), -1.0), div(sub(volume, ts_mean(volume, 20)), ts_std(volume, 20)), xs_std(volume)), 0.0)
```",,,4,"c1:score=0,parse=False,exec=False | c2:score=0,parse=False,exec=False | c3:score=0,parse=False,exec=False | c4:score=20,parse=True,exec=False | c5:score=0,parse=False,exec=False",execution_error
code_gen_0232,generalization_time_series,gen_ts_sum_value,请把这个未见过的金融想法转成 `dsl_fire` 代码块，代码块内只写 result 赋值：19 日 PB 日变化求和测试基本面时间序列结构。,"ts_sum(pct_change(pb, 1), 19)","```dsl_fire
result = ts_sum(pct_change(pb, 1), 19)
```","```dsl_fire
result = ts_prod(add(1.0, pct_change(close, 1)), 10)
```",,,1,"c1:score=120,parse=True,exec=True | c2:score=120,parse=True,exec=True | c3:score=120,parse=True,exec=True | c4:score=120,parse=True,exec=True | c5:score=120,parse=True,exec=True",semantic_mismatch
code_gen_0113,generalization_time_series,gen_argmin_pb,请把这个未见过的金融想法转成 `dsl_fire` 代码块，代码块内只写 result 赋值：市净率 PB在 38 日窗口内低点位置用于描述路径。,"ts_argmin(pb, 38)","```dsl_fire
result = ts_argmin(pb, 38)
```","```dsl_fire
result = div(pct_change(close, 3), 3)
```",,,1,"c1:score=120,parse=True,exec=True | c2:score=120,parse=True,exec=True | c3:score=0,parse=False,exec=False | c4:score=0,parse=False,exec=False | c5:score=120,parse=True,exec=True",semantic_mismatch
code_gen_0186,generalization_conditional,gen_conditional_xs_low_47,请把这个未见过的金融想法转成 `dsl_fire` 代码块，代码块内只写 result 赋值：只有最低价横截面标准化值为正时，才保留 47 日动量。,"where(gt(div(sub(low, xs_mean(low)), xs_std(low)), 0.0), pct_change(close, 47), 0.0)","```dsl_fire
result = where(gt(div(sub(low, xs_mean(low)), xs_std(low)), 0.0), pct_change(close, 47), 0.0)
```","```dsl_fire
result = where(gt(div(sub(log(market_cap), xs_mean(log(market_cap))), xs_std(log(market_cap))), xs_mean(div(sub(log(market_cap), xs_mean(log(market_cap))), xs_std(log(market_cap))))), gt(div(volume, market_cap), x
```",,,1,"c1:score=0,parse=False,exec=False | c2:score=0,parse=False,exec=False | c3:score=0,parse=False,exec=False | c4:score=0,parse=False,exec=False | c5:score=0,parse=False,exec=False",parse_error
code_gen_0346,generalization_time_series_paraphrase,gen_argmax_pb,请把这个未见过的金融想法转成 `dsl_fire` 代码块，代码块内只写 result 赋值：把这个 alpha 逻辑写成表达式：市净率 PB在 11 日窗口内高点越靠近当前，信号越新。注意窗口、方向和字段选择。,"neg(ts_argmax(pb, 11))","```dsl_fire
result = neg(ts_argmax(pb, 11))
```","```dsl_fire
result = ts_win_cumsum(pct_change(pb, 1), 5)
```",,,1,"c1:score=120,parse=True,exec=True | c2:score=120,parse=True,exec=True | c3:score=120,parse=True,exec=True | c4:score=120,parse=True,exec=True | c5:score=120,parse=True,exec=True",semantic_mismatch
code_gen_0500,generalization_unseen_window_paraphrase,gen_unseen_window_momentum,请把这个未见过的金融想法转成 `dsl_fire` 代码块，代码块内只写 result 赋值：作为教学样例，过去 25 日收盘价收益越高，短期趋势越强。请保持字段和算子命名规范。,"pct_change(close, 25)","```dsl_fire
result = pct_change(close, 25)
```","```dsl_fire
result = div(ts_std(pct_change(close, 1), 20), ts_mean(ts_std(pct_change(close, 1), 20)))
```",,,1,"c1:score=120,parse=True,exec=True | c2:score=120,parse=True,exec=True | c3:score=120,parse=True,exec=True | c4:score=120,parse=True,exec=True | c5:score=120,parse=True,exec=True",semantic_mismatch
code_gen_0004,generalization_unseen_window,gen_unseen_window_momentum,请把这个未见过的金融想法转成 `dsl_fire` 代码块，代码块内只写 result 赋值：过去 6 日收盘价收益越高，短期趋势越强。,"pct_change(close, 6)","```dsl_fire
result = pct_change(close, 6)
```","```dsl_fire
result = ts_prod(ts_mean(volume, 1), 20)
```",,,1,"c1:score=120,parse=True,exec=True | c2:score=120,parse=True,exec=True | c3:score=120,parse=True,exec=True | c4:score=120,parse=True,exec=True | c5:score=0,parse=False,exec=False",semantic_mismatch
code_gen_0096,generalization_conditional,gen_value_momentum_gate,请把这个未见过的金融想法转成 `dsl_fire` 代码块，代码块内只写 result 赋值：只有估值便宜且 85 日动量高于市场均值时，才保留价值动量组合。,"where(logical_and(gt(recip(pb), xs_mean(recip(pb))), gt(pct_change(close, 85), xs_mean(pct_change(close, 85)))), add(recip(pb), pct_change(close, 85)), 0.0)","```dsl_fire
result = where(logical_and(gt(recip(pb), xs_mean(recip(pb))), gt(pct_change(close, 85), xs_mean(pct_change(close, 85)))), add(recip(pb), pct_change(close, 85)), 0.0)
```","```dsl_fire
result = where(gt(recip(pb), xs_mean(recip(pb))), div(sub(log(market_cap), xs_mean(log(market_cap))), xs_std(log(market_cap))))
```",,,1,"c1:score=20,parse=True,exec=False | c2:score=0,parse=False,exec=False | c3:score=0,parse=False,exec=False | c4:score=0,parse=False,exec=False | c5:score=0,parse=False,exec=False",execution_error
code_gen_0064,generalization_group,gen_value_quality_trend,请把这个未见过的金融想法转成 `dsl_fire` 代码块，代码块内只写 result 赋值：行业中性估值便宜且 14 日风险调整动量强的股票更有吸引力。,"add(div(sub(recip(pb), group_mean(recip(pb), industry)), group_std(recip(pb), industry)), div(pct_change(close, 14), ts_std(pct_change(close, 1), 14)))","```dsl_fire
result = add(div(sub(recip(pb), group_mean(recip(pb), industry)), group_std(recip(pb), industry)), div(pct_change(close, 14), ts_std(pct_change(close, 1), 14)))
```","```dsl_fire
result = div(log(market_cap), group_mean(log(market_cap), industry)), div(sub(log(market_cap), group_mean(log(market_cap), industry)), group_std(log(market_cap), industry)), industry))
```",,,1,"c1:score=0,parse=False,exec=False | c2:score=0,parse=False,exec=False | c3:score=0,parse=False,exec=False | c4:score=0,parse=False,exec=False | c5:score=0,parse=False,exec=False",parse_error
code_gen_0116,generalization_time_series,gen_argmax_market_cap,请把这个未见过的金融想法转成 `dsl_fire` 代码块，代码块内只写 result 赋值：总市值在 11 日窗口内高点越靠近当前，信号越新。,"neg(ts_argmax(market_cap, 11))","```dsl_fire
result = neg(ts_argmax(market_cap, 11))
```","```dsl_fire
result = ts_win_cumsum(pct_change(market_cap, 1), 5)
```",,,1,"c1:score=120,parse=True,exec=True | c2:score=120,parse=True,exec=True | c3:score=120,parse=True,exec=True | c4:score=120,parse=True,exec=True | c5:score=120,parse=True,exec=True",semantic_mismatch
code_gen_0427,generalization_conditional_paraphrase,gen_conditional_xs_low_73,请把这个未见过的金融想法转成 `dsl_fire` 代码块，代码块内只写 result 赋值：把这个 alpha 逻辑写成表达式：只有最低价横截面标准化值为正时，才保留 73 日动量。不要使用解释文字。,"where(gt(div(sub(low, xs_mean(low)), xs_std(low)), 0.0), pct_change(close, 73), 0.0)","```dsl_fire
result = where(gt(div(sub(low, xs_mean(low)), xs_std(low)), 0.0), pct_change(close, 73), 0.0)
```","```dsl_fire
result = where(sign(sign(sign(pct_change(close, 7), xs_mean(pct_change(close, 7)), -1.0), 1.0)
```",,,1,"c1:score=0,parse=False,exec=False | c2:score=0,parse=False,exec=False | c3:score=0,parse=False,exec=False | c4:score=0,parse=False,exec=False | c5:score=0,parse=False,exec=False",parse_error
code_gen_0442,generalization_conditional_paraphrase,gen_conditional_xs_vwap_47,请把这个未见过的金融想法转成 `dsl_fire` 代码块，代码块内只写 result 赋值：把这个 alpha 逻辑写成表达式：只有成交量加权平均价横截面标准化值为正时，才保留 47 日动量。不要使用解释文字。,"where(gt(div(sub(vwap, xs_mean(vwap)), xs_std(vwap)), 0.0), pct_change(close, 47), 0.0)","```dsl_fire
result = where(gt(div(sub(vwap, xs_mean(vwap)), xs_std(vwap)), 0.0), pct_change(close, 47), 0.0)
```","```dsl_fire
result = where(gt(pct_change(volume, 7), xs_mean(volume, 7)), div(sub(volume, xs_mean(volume)), xs_std(volume)), 0.0)
```",,,1,"c1:score=20,parse=True,exec=False | c2:score=20,parse=True,exec=False | c3:score=20,parse=True,exec=False | c4:score=0,parse=False,exec=False | c5:score=20,parse=True,exec=False",execution_error
code_gen_0054,generalization_composition,gen_liquidity_adjusted_trend,请把这个未见过的金融想法转成 `dsl_fire` 代码块，代码块内只写 result 赋值：价格趋势和流动性同时较强时，趋势可信度更高。,"mul(pct_change(close, 75), log1p(ts_mean(volume, 75)))","```dsl_fire
result = mul(pct_change(close, 75), log1p(ts_mean(volume, 75)))
```","```dsl_fire
result = where(logical_xor(gt(pct_change(close, 20), xs_mean(pct_change(close, 20))), add(recip(pb), neg(pct_change(close, 20)), 0.0)
```",,,1,"c1:score=0,parse=False,exec=False | c2:score=0,parse=False,exec=False | c3:score=0,parse=False,exec=False | c4:score=0,parse=False,exec=False | c5:score=0,parse=False,exec=False",parse_error
code_gen_0445,generalization_group_paraphrase,gen_group_abs_pb_13,请把这个未见过的金融想法转成 `dsl_fire` 代码块，代码块内只写 result 赋值：把这个 alpha 逻辑写成表达式：市净率 PB行业内标准化偏离的绝对值用于测试行业异常程度。请保持字段和算子命名规范。,"absolute(div(sub(pb, group_mean(pb, industry)), group_std(pb, industry)))","```dsl_fire
result = absolute(div(sub(pb, group_mean(pb, industry)), group_std(pb, industry)))
```","```dsl_fire
result = div(sub(div(sub(pb, ts_mean(pb, 20)), ts_std(shift(pb, 1), industry)), group_mean(div(sub(pb, ts_mean(volume, 20)), ts_std(last(volume, 20)))), xs_std(div(sub(log(market_cap), xs_mean(log(market_c
```",,,1,"c1:score=0,parse=False,exec=False | c2:score=0,parse=False,exec=False | c3:score=0,parse=False,exec=False | c4:score=0,parse=False,exec=False | c5:score=0,parse=False,exec=False",parse_error
code_gen_0008,generalization_unseen_window,gen_unseen_window_momentum,请把这个未见过的金融想法转成 `dsl_fire` 代码块，代码块内只写 result 赋值：过去 8 日收盘价收益越高，短期趋势越强。,"pct_change(close, 8)","```dsl_fire
result = pct_change(close, 8)
```","```dsl_fire
result = ts_prod(ts_mean(volume, 1), 20)
```",,,1,"c1:score=120,parse=True,exec=True | c2:score=0,parse=False,exec=False | c3:score=120,parse=True,exec=True | c4:score=120,parse=True,exec=True | c5:score=0,parse=False,exec=False",semantic_mismatch
code_gen_0213,generalization_group,gen_group_abs_market_cap_13,请把这个未见过的金融想法转成 `dsl_fire` 代码块，代码块内只写 result 赋值：总市值行业内标准化偏离的绝对值用于测试行业异常程度。,"absolute(div(sub(market_cap, group_mean(market_cap, industry)), group_std(market_cap, industry)))","```dsl_fire
result = absolute(div(sub(market_cap, group_mean(market_cap, industry)), group_std(market_cap, industry)))
```","```dsl_fire
result = div(sub(ts_std(pct_change(close, 1), 20), group_mean(div(sub(reclose, vwap), vwap), industry)), group_std(div(sub(recip(pb), vwap), industry)))
```",,,2,"c1:score=0,parse=False,exec=False | c2:score=20,parse=True,exec=False | c3:score=0,parse=False,exec=False | c4:score=20,parse=True,exec=False | c5:score=0,parse=False,exec=False",execution_error
code_gen_0354,generalization_time_series_paraphrase,gen_argmax_pb,请把这个未见过的金融想法转成 `dsl_fire` 代码块，代码块内只写 result 赋值：从量化研究角度，市净率 PB在 66 日窗口内高点越靠近当前，信号越新。最终只需要一个可执行表达式。,"neg(ts_argmax(pb, 66))","```dsl_fire
result = neg(ts_argmax(pb, 66))
```","```dsl_fire
result = pct_change(volume, 20)
```",,,2,"c1:score=0,parse=False,exec=False | c2:score=120,parse=True,exec=True | c3:score=120,parse=True,exec=True | c4:score=120,parse=True,exec=True | c5:score=120,parse=True,exec=True",semantic_mismatch
code_gen_0572,generalization_regression_paraphrase,gen_corr_flow_return,请把这个未见过的金融想法转成 `dsl_fire` 代码块，代码块内只写 result 赋值：作为教学样例，用 55 日滚动相关衡量换手代理和日收益同步性。不要使用解释文字。,"ts_corr(div(volume, market_cap), pct_change(close, 1), 55)","```dsl_fire
result = ts_corr(div(volume, market_cap), pct_change(close, 1), 55)
```","```dsl_fire
result = ts_corr(div(volume, market_cap), pct_change(close, 5), 5)
```",,,1,"c1:score=120,parse=True,exec=True | c2:score=0,parse=False,exec=False | c3:score=0,parse=False,exec=False | c4:score=120,parse=True,exec=True | c5:score=120,parse=True,exec=True",semantic_mismatch
code_gen_0362,generalization_time_series_paraphrase,gen_argmax_market_cap,请把这个未见过的金融想法转成 `dsl_fire` 代码块，代码块内只写 result 赋值：作为教学样例，总市值在 38 日窗口内高点越靠近当前，信号越新。不要使用解释文字。,"neg(ts_argmax(market_cap, 38))","```dsl_fire
result = neg(ts_argmax(market_cap, 38))
```","```dsl_fire
result = div(ts_last(shift(market_cap, 1), 3), ts_last(shift(market_cap, 1), 3))
```",,,1,"c1:score=20,parse=True,exec=False | c2:score=20,parse=True,exec=False | c3:score=20,parse=True,exec=False | c4:score=0,parse=False,exec=False | c5:score=20,parse=True,exec=False",execution_error
code_gen_0268,generalization_unseen_window_paraphrase,gen_unseen_window_momentum,请把这个未见过的金融想法转成 `dsl_fire` 代码块，代码块内只写 result 赋值：把这个 alpha 逻辑写成表达式：过去 50 日收盘价收益越高，短期趋势越强。这个想法需要转换为函数式 DSL。,"pct_change(close, 50)","```dsl_fire
result = pct_change(close, 50)
```","```dsl_fire
result = pct_change(close, 10)
```",,,1,"c1:score=120,parse=True,exec=True | c2:score=120,parse=True,exec=True | c3:score=120,parse=True,exec=True | c4:score=120,parse=True,exec=True | c5:score=120,parse=True,exec=True",semantic_mismatch
code_gen_0348,generalization_time_series_paraphrase,gen_argmax_pb,请把这个未见过的金融想法转成 `dsl_fire` 代码块，代码块内只写 result 赋值：从量化研究角度，市净率 PB在 17 日窗口内高点越靠近当前，信号越新。这个想法需要转换为函数式 DSL。,"neg(ts_argmax(pb, 17))","```dsl_fire
result = neg(ts_argmax(pb, 17))
```","```dsl_fire
result = pct_change(close, 5), div(sub(pct_change(close, 5), xs_mean(pb)), xs_std(recip(pb))))
```",,,1,"c1:score=0,parse=False,exec=False | c2:score=0,parse=False,exec=False | c3:score=0,parse=False,exec=False | c4:score=0,parse=False,exec=False | c5:score=0,parse=False,exec=False",parse_error
code_gen_0545,generalization_conditional_paraphrase,gen_size_liquidity_gate,请把这个未见过的金融想法转成 `dsl_fire` 代码块，代码块内只写 result 赋值：作为教学样例，只有小市值暴露高于市场均值时，才保留 14 日流动性信号。请保持字段和算子命名规范。,"where(gt(neg(log(market_cap)), xs_mean(neg(log(market_cap)))), log1p(ts_mean(volume, 14)), 0.0)","```dsl_fire
result = where(gt(neg(log(market_cap)), xs_mean(neg(log(market_cap)))), log1p(ts_mean(volume, 14)), 0.0)
```","```dsl_fire
result = where(logical_or(gt(neg(log(market_cap)), xs_mean(neg(log(market_cap)))), gt(div(volume, market_cap), xs_mean(div(volume, market_cap)))), add(neg(log(market_cap)), div(volume, market_cap)), 0.0)
```",,,1,"c1:score=120,parse=True,exec=True | c2:score=120,parse=True,exec=True | c3:score=120,parse=True,exec=True | c4:score=120,parse=True,exec=True | c5:score=120,parse=True,exec=True",semantic_mismatch
code_gen_0015,generalization_unseen_window,gen_unseen_window_volume,请把这个未见过的金融想法转成 `dsl_fire` 代码块，代码块内只写 result 赋值：短期成交量相对 12 日均量越高，放量越明显。,"div(ts_mean(volume, 3), ts_mean(volume, 12))","```dsl_fire
result = div(ts_mean(volume, 3), ts_mean(volume, 12))
```","```dsl_fire
result = pct_change(volume, 10)
```",,,1,"c1:score=120,parse=True,exec=True | c2:score=20,parse=True,exec=False | c3:score=0,parse=False,exec=False | c4:score=120,parse=True,exec=True | c5:score=0,parse=False,exec=False",semantic_mismatch
code_gen_0431,generalization_conditional_paraphrase,gen_mask_group_volume_13,请把这个未见过的金融想法转成 `dsl_fire` 代码块，代码块内只写 result 赋值：作为教学样例，只有成交量不低于行业均值时，才保留行业标准化信号。注意窗口、方向和字段选择。,"mask(div(sub(volume, group_mean(volume, industry)), group_std(volume, industry)), ge(volume, group_mean(volume, industry)), 0.0)","```dsl_fire
result = mask(div(sub(volume, group_mean(volume, industry)), group_std(volume, industry)), ge(volume, group_mean(volume, industry)), 0.0)
```","```dsl_fire
result = where(logical_argt(logical_xor(gt(log(market_cap), group_mean(log(market_cap), industry)), group_mean(div(sub(volume, vwap), vwap), industry)), group_std(log(market_cap), industry)), 0.0)
```",,,3,"c1:score=0,parse=False,exec=False | c2:score=0,parse=False,exec=False | c3:score=20,parse=True,exec=False | c4:score=20,parse=True,exec=False | c5:score=20,parse=True,exec=False",execution_error
code_gen_0527,generalization_composition_paraphrase,gen_industry_value_momentum,请把这个未见过的金融想法转成 `dsl_fire` 代码块，代码块内只写 result 赋值：作为教学样例，行业内估值便宜且 35 日动量较强的股票得分更高。不要使用解释文字。,"add(div(sub(recip(pb), group_mean(recip(pb), industry)), group_std(recip(pb), industry)), pct_change(close, 35))","```dsl_fire
result = add(div(sub(recip(pb), group_mean(recip(pb), industry)), group_std(recip(pb), industry)), pct_change(close, 35))
```","```dsl_fire
result = div(ts_std(pct_change(close, 1), 20), ts_mean(ts_std(pct_change(close, 1), 20)))
```",,,1,"c1:score=120,parse=True,exec=True | c2:score=0,parse=False,exec=False | c3:score=120,parse=True,exec=True | c4:score=120,parse=True,exec=True | c5:score=0,parse=False,exec=False",semantic_mismatch
code_gen_0488,generalization_unseen_window_paraphrase,gen_unseen_window_momentum,请把这个未见过的金融想法转成 `dsl_fire` 代码块，代码块内只写 result 赋值：作为教学样例，过去 8 日收盘价收益越高，短期趋势越强。这个想法需要转换为函数式 DSL。,"pct_change(close, 8)","```dsl_fire
result = pct_change(close, 8)
```","```dsl_fire
result = div(ts_std(pct_change(close, 1), 20), ts_mean(ts_std(pct_change(close, 1), 20)))
```",,,2,"c1:score=0,parse=False,exec=False | c2:score=120,parse=True,exec=True | c3:score=0,parse=False,exec=False | c4:score=120,parse=True,exec=True | c5:score=0,parse=False,exec=False",semantic_mismatch
code_gen_0497,generalization_unseen_window_paraphrase,gen_unseen_window_reversal,请把这个未见过的金融想法转成 `dsl_fire` 代码块，代码块内只写 result 赋值：作为教学样例，过去 18 日涨幅越高，后续均值回归压力越大。不要使用解释文字。,"neg(pct_change(close, 18))","```dsl_fire
result = neg(pct_change(close, 18))
```","```dsl_fire
result = div(ts_std(pct_change(close, 1), 20), ts_mean(ts_std(pct_change(close, 1), 20)))
```",,,5,"c1:score=0,parse=False,exec=False | c2:score=0,parse=False,exec=False | c3:score=0,parse=False,exec=False | c4:score=20,parse=True,exec=False | c5:score=120,parse=True,exec=True",semantic_mismatch
code_gen_0123,generalization_time_series,gen_argmin_market_cap,请把这个未见过的金融想法转成 `dsl_fire` 代码块，代码块内只写 result 赋值：总市值在 38 日窗口内低点位置用于描述路径。,"ts_argmin(market_cap, 38)","```dsl_fire
result = ts_argmin(market_cap, 38)
```","```dsl_fire
result = div(sub(shift(close, 3)), shift(close, 3)
```",,,1,"c1:score=0,parse=False,exec=False | c2:score=0,parse=False,exec=False | c3:score=0,parse=False,exec=False | c4:score=0,parse=False,exec=False | c5:score=0,parse=False,exec=False",parse_error
code_gen_0359,generalization_time_series_paraphrase,gen_argmin_market_cap,请把这个未见过的金融想法转成 `dsl_fire` 代码块，代码块内只写 result 赋值：作为教学样例，总市值在 17 日窗口内低点位置用于描述路径。最终只需要一个可执行表达式。,"ts_argmin(market_cap, 17)","```dsl_fire
result = ts_argmin(market_cap, 17)
```","```dsl_fire
result = div(ts_cap, ts_last(shift(volume, 1), 10)), div(sub(shift(close, 1), 10)), ts_mean(shift(volume, 1), 10))
```",,,1,"c1:score=0,parse=False,exec=False | c2:score=0,parse=False,exec=False | c3:score=0,parse=False,exec=False | c4:score=0,parse=False,exec=False | c5:score=0,parse=False,exec=False",parse_error
code_gen_0223,generalization_cross_section,gen_xs_prod_return,请把这个未见过的金融想法转成 `dsl_fire` 代码块，代码块内只写 result 赋值：13 日收益加一后的横截面乘积测试未见聚合结构。,"xs_prod(add(1.0, pct_change(close, 13)))","```dsl_fire
result = xs_prod(add(1.0, pct_change(close, 13)))
```","```dsl_fire
result = ts_prod(add(1.0, pct_change(close, 10)))
```",,,1,"c1:score=120,parse=True,exec=True | c2:score=120,parse=True,exec=True | c3:score=0,parse=False,exec=False | c4:score=0,parse=False,exec=False | c5:score=0,parse=False,exec=False",semantic_mismatch
code_gen_0278,generalization_unseen_window_paraphrase,gen_unseen_window_vol,请把这个未见过的金融想法转成 `dsl_fire` 代码块，代码块内只写 result 赋值：作为教学样例，过去 120 日日收益波动越低，稳定性越强。这个想法需要转换为函数式 DSL。,"neg(ts_std(pct_change(close, 1), 120))","```dsl_fire
result = neg(ts_std(pct_change(close, 1), 120))
```","```dsl_fire
result = pct_change(close, 60)
```",,,2,"c1:score=20,parse=True,exec=False | c2:score=120,parse=True,exec=True | c3:score=20,parse=True,exec=False | c4:score=20,parse=True,exec=False | c5:score=20,parse=True,exec=False",semantic_mismatch
code_gen_0103,generalization_regression,gen_reg_value_size,请把这个未见过的金融想法转成 `dsl_fire` 代码块，代码块内只写 result 赋值：用 110 日滚动回归提取估值相对市值解释后的残差。,"ts_reg_res(recip(pb), log(market_cap), 110)","```dsl_fire
result = ts_reg_res(recip(pb), log(market_cap), 110)
```","```dsl_fire
result = ts_prod(add(1.0, pct_change(close, 1)), 20)
```",,,1,"c1:score=120,parse=True,exec=True | c2:score=120,parse=True,exec=True | c3:score=120,parse=True,exec=True | c4:score=120,parse=True,exec=True | c5:score=120,parse=True,exec=True",semantic_mismatch
code_gen_0357,generalization_time_series_paraphrase,gen_argmin_market_cap,请把这个未见过的金融想法转成 `dsl_fire` 代码块，代码块内只写 result 赋值：从量化研究角度，总市值在 11 日窗口内低点位置用于描述路径。不要使用解释文字。,"ts_argmin(market_cap, 11)","```dsl_fire
result = ts_argmin(market_cap, 11)
```","```dsl_fire
result = div(ts_olute(pct_change(close, 20), gt(log(market_cap), xs_mean(log(market_cap))), div(sub(log(market_cap), xs_mean(log(market_cap))), xs_std(log(market_cap)))))
```",,,1,"c1:score=20,parse=True,exec=False | c2:score=0,parse=False,exec=False | c3:score=20,parse=True,exec=False | c4:score=0,parse=False,exec=False | c5:score=0,parse=False,exec=False",execution_error
code_gen_0134,generalization_time_series,gen_argmax_volume,请把这个未见过的金融想法转成 `dsl_fire` 代码块，代码块内只写 result 赋值：成交量在 66 日窗口内高点越靠近当前，信号越新。,"neg(ts_argmax(volume, 66))","```dsl_fire
result = neg(ts_argmax(volume, 66))
```","```dsl_fire
result = pct_change(volume, 10)
```",,,1,"c1:score=120,parse=True,exec=True | c2:score=120,parse=True,exec=True | c3:score=120,parse=True,exec=True | c4:score=120,parse=True,exec=True | c5:score=120,parse=True,exec=True",semantic_mismatch
code_gen_0495,generalization_unseen_window_paraphrase,gen_unseen_window_volume,请把这个未见过的金融想法转成 `dsl_fire` 代码块，代码块内只写 result 赋值：从量化研究角度，短期成交量相对 12 日均量越高，放量越明显。请保持字段和算子命名规范。,"div(ts_mean(volume, 3), ts_mean(volume, 12))","```dsl_fire
result = div(ts_mean(volume, 3), ts_mean(volume, 12))
```","```dsl_fire
result = pct_change(volume, 20), div(volume, ts_mean(volume, 20)), pct_change(close, 2))
```",,,1,"c1:score=0,parse=False,exec=False | c2:score=0,parse=False,exec=False | c3:score=0,parse=False,exec=False | c4:score=0,parse=False,exec=False | c5:score=0,parse=False,exec=False",parse_error
code_gen_0447,generalization_conditional_paraphrase,gen_mask_group_pb_13,请把这个未见过的金融想法转成 `dsl_fire` 代码块，代码块内只写 result 赋值：从量化研究角度，只有市净率 PB不低于行业均值时，才保留行业标准化信号。不要使用解释文字。,"mask(div(sub(pb, group_mean(pb, industry)), group_std(pb, industry)), ge(pb, group_mean(pb, industry)), 0.0)","```dsl_fire
result = mask(div(sub(pb, group_mean(pb, industry)), group_std(pb, industry)), ge(pb, group_mean(pb, industry)), 0.0)
```","```dsl_fire
result = where(gt(sqrt(recip(pb)), group_mean(sqrt(volume, 20)), div(sub(volume, xs_mean(volume)), xs_std(volume)), 0.0)
```",,,1,"c1:score=0,parse=False,exec=False | c2:score=0,parse=False,exec=False | c3:score=0,parse=False,exec=False | c4:score=0,parse=False,exec=False | c5:score=0,parse=False,exec=False",parse_error
code_gen_0010,generalization_unseen_window,gen_unseen_window_vol,请把这个未见过的金融想法转成 `dsl_fire` 代码块，代码块内只写 result 赋值：过去 8 日日收益波动越低，稳定性越强。,"neg(ts_std(pct_change(close, 1), 8))","```dsl_fire
result = neg(ts_std(pct_change(close, 1), 8))
```","```dsl_fire
result = neg(ts_varg(pct_change(close, 1), 20))
```",,,1,"c1:score=20,parse=True,exec=False | c2:score=20,parse=True,exec=False | c3:score=20,parse=True,exec=False | c4:score=20,parse=True,exec=False | c5:score=20,parse=True,exec=False",execution_error
code_gen_0060,generalization_cross_section,gen_turnover_value_spread,请把这个未见过的金融想法转成 `dsl_fire` 代码块，代码块内只写 result 赋值：换手代理相对市场更高但估值优势不足时，反映交易关注和估值之间的背离。,"sub(div(div(volume, market_cap), xs_mean(div(volume, market_cap))), div(recip(pb), xs_mean(recip(pb))))","```dsl_fire
result = sub(div(div(volume, market_cap), xs_mean(div(volume, market_cap))), div(recip(pb), xs_mean(recip(pb))))
```","```dsl_fire
result = where(logical_and(gt(div(volume, market_cap), xs_mean(div(volume, market_cap))), gt(recip(pb), xs_mean(recip(pb)))), div(volume, market_cap), 0.0)
```",,,3,"c1:score=0,parse=False,exec=False | c2:score=0,parse=False,exec=False | c3:score=120,parse=True,exec=True | c4:score=120,parse=True,exec=True | c5:score=120,parse=True,exec=True",semantic_mismatch
code_gen_0197,generalization_group,gen_group_abs_vwap_13,请把这个未见过的金融想法转成 `dsl_fire` 代码块，代码块内只写 result 赋值：成交量加权平均价行业内标准化偏离的绝对值用于测试行业异常程度。,"absolute(div(sub(vwap, group_mean(vwap, industry)), group_std(vwap, industry)))","```dsl_fire
result = absolute(div(sub(vwap, group_mean(vwap, industry)), group_std(vwap, industry)))
```","```dsl_fire
result = div(sub(shift(vwap, 10), group_mean(div(sub(vwap, vwap), vwap), group_mean(div(volume, market_cap), industry)), group_std(div(sub(volume, vwap), vwap), industry))
```",,,1,"c1:score=0,parse=False,exec=False | c2:score=0,parse=False,exec=False | c3:score=0,parse=False,exec=False | c4:score=0,parse=False,exec=False | c5:score=0,parse=False,exec=False",parse_error
code_gen_0533,generalization_composition_paraphrase,gen_value_momentum,请把这个未见过的金融想法转成 `dsl_fire` 代码块，代码块内只写 result 赋值：作为教学样例，同时偏好低 PB 估值和 75 日价格动量强的股票。这个想法需要转换为函数式 DSL。,"add(recip(pb), pct_change(close, 75))","```dsl_fire
result = add(recip(pb), pct_change(close, 75))
```","```dsl_fire
result = div(recip(pb), pct_change(close, 7), 0.0)
```",,,2,"c1:score=0,parse=False,exec=False | c2:score=120,parse=True,exec=True | c3:score=0,parse=False,exec=False | c4:score=20,parse=True,exec=False | c5:score=0,parse=False,exec=False",semantic_mismatch
code_gen_0561,generalization_time_series_paraphrase,gen_quantile_value,请把这个未见过的金融想法转成 `dsl_fire` 代码块，代码块内只写 result 赋值：从量化研究角度，估值便宜程度高于自身 28 日 70% 分位数越多，价值信号越突出。注意窗口、方向和字段选择。,"sub(recip(pb), ts_quantile(recip(pb), 28, 0.7))","```dsl_fire
result = sub(recip(pb), ts_quantile(recip(pb), 28, 0.7))
```","```dsl_fire
result = div(sub(volume, ts_min(low, 20)), sub(ts_max(high, 20), ts_min(low, 20)))
```",,,1,"c1:score=120,parse=True,exec=True | c2:score=120,parse=True,exec=True | c3:score=120,parse=True,exec=True | c4:score=0,parse=False,exec=False | c5:score=0,parse=False,exec=False",semantic_mismatch
code_gen_0598,generalization_time_series_paraphrase,gen_argmax_market_cap,请把这个未见过的金融想法转成 `dsl_fire` 代码块，代码块内只写 result 赋值：把这个 alpha 逻辑写成表达式：总市值在 17 日窗口内高点越靠近当前，信号越新。这个想法需要转换为函数式 DSL。,"neg(ts_argmax(market_cap, 17))","```dsl_fire
result = neg(ts_argmax(market_cap, 17))
```","```dsl_fire
result = pct_change(market_cap, 5)
```",,,1,"c1:score=120,parse=True,exec=True | c2:score=120,parse=True,exec=True | c3:score=120,parse=True,exec=True | c4:score=120,parse=True,exec=True | c5:score=120,parse=True,exec=True",semantic_mismatch
code_gen_0227,generalization_regression,gen_ts_corr_size_flow,请把这个未见过的金融想法转成 `dsl_fire` 代码块，代码块内只写 result 赋值：用 13 日滚动相关衡量规模和换手代理同步性。,"ts_corr(log(market_cap), div(volume, market_cap), 13)","```dsl_fire
result = ts_corr(log(market_cap), div(volume, market_cap), 13)
```","```dsl_fire
result = ts_corr(log(market_cap), 60)
```",,,1,"c1:score=20,parse=True,exec=False | c2:score=20,parse=True,exec=False | c3:score=20,parse=True,exec=False | c4:score=20,parse=True,exec=False | c5:score=20,parse=True,exec=False",execution_error
code_gen_0518,generalization_unseen_window_paraphrase,gen_unseen_window_vol,请把这个未见过的金融想法转成 `dsl_fire` 代码块，代码块内只写 result 赋值：作为教学样例，过去 120 日日收益波动越低，稳定性越强。这个想法需要转换为函数式 DSL。,"neg(ts_std(pct_change(close, 1), 120))","```dsl_fire
result = neg(ts_std(pct_change(close, 1), 120))
```","```dsl_fire
result = div(ts_std(pct_change(close, 1), 20), ts_std(pct_change(close, 1), 20))
```",,,1,"c1:score=20,parse=True,exec=False | c2:score=20,parse=True,exec=False | c3:score=20,parse=True,exec=False | c4:score=20,parse=True,exec=False | c5:score=20,parse=True,exec=False",execution_error
code_gen_0101,generalization_conditional,gen_size_liquidity_gate,请把这个未见过的金融想法转成 `dsl_fire` 代码块，代码块内只写 result 赋值：只有小市值暴露高于市场均值时，才保留 110 日流动性信号。,"where(gt(neg(log(market_cap)), xs_mean(neg(log(market_cap)))), log1p(ts_mean(volume, 110)), 0.0)","```dsl_fire
result = where(gt(neg(log(market_cap)), xs_mean(neg(log(market_cap)))), log1p(ts_mean(volume, 110)), 0.0)
```","```dsl_fire
result = where(logical_xor(gt(neg(log(market_cap)), xs_mean(neg(log(market_cap)))), gt(pct_change(close, 20), xs_mean(pct_change(close, 20)))), add(neg(log(market_cap)), div(volume, 20)), 0.0)
```",,,1,"c1:score=120,parse=True,exec=True | c2:score=120,parse=True,exec=True | c3:score=0,parse=False,exec=False | c4:score=0,parse=False,exec=False | c5:score=0,parse=False,exec=False",semantic_mismatch
code_gen_0580,generalization_group_paraphrase,gen_value_quality_trend,请把这个未见过的金融想法转成 `dsl_fire` 代码块，代码块内只写 result 赋值：把这个 alpha 逻辑写成表达式：行业中性估值便宜且 110 日风险调整动量强的股票更有吸引力。请保持字段和算子命名规范。,"add(div(sub(recip(pb), group_mean(recip(pb), industry)), group_std(recip(pb), industry)), div(pct_change(close, 110), ts_std(pct_change(close, 1), 110)))","```dsl_fire
result = add(div(sub(recip(pb), group_mean(recip(pb), industry)), group_std(recip(pb), industry)), div(pct_change(close, 110), ts_std(pct_change(close, 1), 110)))
```","```dsl_fire
result = ts_std(pct_change(close, 1), 20)
```",,,2,"c1:score=0,parse=False,exec=False | c2:score=120,parse=True,exec=True | c3:score=0,parse=False,exec=False | c4:score=0,parse=False,exec=False | c5:score=20,parse=True,exec=False",semantic_mismatch
code_gen_0261,generalization_unseen_window_paraphrase,gen_unseen_window_reversal,请把这个未见过的金融想法转成 `dsl_fire` 代码块，代码块内只写 result 赋值：从量化研究角度，过去 25 日涨幅越高，后续均值回归压力越大。注意窗口、方向和字段选择。,"neg(pct_change(close, 25))","```dsl_fire
result = neg(pct_change(close, 25))
```","```dsl_fire
result = ts_win_cumsum(pct_change(volume, 1), 45)
```",,,2,"c1:score=20,parse=True,exec=False | c2:score=120,parse=True,exec=True | c3:score=120,parse=True,exec=True | c4:score=0,parse=False,exec=False | c5:score=20,parse=True,exec=False",semantic_mismatch
code_gen_0453,generalization_group_paraphrase,gen_group_abs_market_cap_13,请把这个未见过的金融想法转成 `dsl_fire` 代码块，代码块内只写 result 赋值：从量化研究角度，总市值行业内标准化偏离的绝对值用于测试行业异常程度。这个想法需要转换为函数式 DSL。,"absolute(div(sub(market_cap, group_mean(market_cap, industry)), group_std(market_cap, industry)))","```dsl_fire
result = absolute(div(sub(market_cap, group_mean(market_cap, industry)), group_std(market_cap, industry)))
```","```dsl_fire
result = div(sub(shift(close, 21), xs_mean(div(sub(volume, vwap, vwap), xs_mean(div(volume, market_cap)))), xs_std(div(sub(div(volume, market_cap), xs_mean(div(volume, market_cap))))), xs_std(div(sub(log(market_cap), xs
```",,,1,"c1:score=0,parse=False,exec=False | c2:score=0,parse=False,exec=False | c3:score=0,parse=False,exec=False | c4:score=0,parse=False,exec=False | c5:score=0,parse=False,exec=False",parse_error
code_gen_0028,generalization_unseen_window,gen_unseen_window_momentum,请把这个未见过的金融想法转成 `dsl_fire` 代码块，代码块内只写 result 赋值：过去 50 日收盘价收益越高，短期趋势越强。,"pct_change(close, 50)","```dsl_fire
result = pct_change(close, 50)
```","```dsl_fire
result = ts_prod(ts_mean(volume, 1), 20)
```",,,1,"c1:score=120,parse=True,exec=True | c2:score=120,parse=True,exec=True | c3:score=120,parse=True,exec=True | c4:score=120,parse=True,exec=True | c5:score=120,parse=True,exec=True",semantic_mismatch
code_gen_0388,generalization_time_series_paraphrase,gen_argmax_close,请把这个未见过的金融想法转成 `dsl_fire` 代码块，代码块内只写 result 赋值：把这个 alpha 逻辑写成表达式：收盘价在 17 日窗口内高点越靠近当前，信号越新。这个想法需要转换为函数式 DSL。,"neg(ts_argmax(close, 17))","```dsl_fire
result = neg(ts_argmax(close, 17))
```","```dsl_fire
result = pct_change(close, 20)
```",,,2,"c1:score=0,parse=False,exec=False | c2:score=120,parse=True,exec=True | c3:score=0,parse=False,exec=False | c4:score=0,parse=False,exec=False | c5:score=120,parse=True,exec=True",semantic_mismatch
code_gen_0542,generalization_regression_paraphrase,gen_corr_flow_return,请把这个未见过的金融想法转成 `dsl_fire` 代码块，代码块内只写 result 赋值：作为教学样例，用 9 日滚动相关衡量换手代理和日收益同步性。不要使用解释文字。,"ts_corr(div(volume, market_cap), pct_change(close, 1), 9)","```dsl_fire
result = ts_corr(div(volume, market_cap), pct_change(close, 1), 9)
```","```dsl_fire
result = ts_corr(div(volume, market_cap), pct_change(close, 1), 90)
```",,,2,"c1:score=20,parse=True,exec=False | c2:score=120,parse=True,exec=True | c3:score=0,parse=False,exec=False | c4:score=120,parse=True,exec=True | c5:score=0,parse=False,exec=False",semantic_mismatch
code_gen_0030,generalization_unseen_window,gen_unseen_window_vol,请把这个未见过的金融想法转成 `dsl_fire` 代码块，代码块内只写 result 赋值：过去 50 日日收益波动越低，稳定性越强。,"neg(ts_std(pct_change(close, 1), 50))","```dsl_fire
result = neg(ts_std(pct_change(close, 1), 50))
```","```dsl_fire
result = sub(ts_mean(pct_change(close, 1), 20), ts_std(pct_change(close, 1), 20))
```",,,1,"c1:score=120,parse=True,exec=True | c2:score=20,parse=True,exec=False | c3:score=20,parse=True,exec=False | c4:score=120,parse=True,exec=True | c5:score=20,parse=True,exec=False",semantic_mismatch
code_gen_0342,generalization_conditional_paraphrase,gen_value_momentum_gate,请把这个未见过的金融想法转成 `dsl_fire` 代码块，代码块内只写 result 赋值：从量化研究角度，只有估值便宜且 110 日动量高于市场均值时，才保留价值动量组合。不要使用解释文字。,"where(logical_and(gt(recip(pb), xs_mean(recip(pb))), gt(pct_change(close, 110), xs_mean(pct_change(close, 110)))), add(recip(pb), pct_change(close, 110)), 0.0)","```dsl_fire
result = where(logical_and(gt(recip(pb), xs_mean(recip(pb))), gt(pct_change(close, 110), xs_mean(pct_change(close, 110)))), add(recip(pb), pct_change(close, 110)), 0.0)
```","```dsl_fire
result = where(logical_and(gt(recip(pb), xs_mean(recip(pb))), gt(pct_change(close, 20), xs_mean(pct_change(close, 20)))), add(recip(pb), neg(pct_change(close, 20)), 0.0)
```",,,1,"c1:score=0,parse=False,exec=False | c2:score=0,parse=False,exec=False | c3:score=0,parse=False,exec=False | c4:score=0,parse=False,exec=False | c5:score=0,parse=False,exec=False",parse_error
code_gen_0258,generalization_unseen_window_paraphrase,gen_unseen_window_vol,请把这个未见过的金融想法转成 `dsl_fire` 代码块，代码块内只写 result 赋值：从量化研究角度，过去 18 日日收益波动越低，稳定性越强。这个想法需要转换为函数式 DSL。,"neg(ts_std(pct_change(close, 1), 18))","```dsl_fire
result = neg(ts_std(pct_change(close, 1), 18))
```","```dsl_fire
result = pct_change(close, 60)
```",,,1,"c1:score=120,parse=True,exec=True | c2:score=120,parse=True,exec=True | c3:score=120,parse=True,exec=True | c4:score=120,parse=True,exec=True | c5:score=120,parse=True,exec=True",semantic_mismatch
code_gen_0300,generalization_cross_section_paraphrase,gen_turnover_value_spread,请把这个未见过的金融想法转成 `dsl_fire` 代码块，代码块内只写 result 赋值：从量化研究角度，换手代理相对市场更高但估值优势不足时，反映交易关注和估值之间的背离。请保持字段和算子命名规范。,"sub(div(div(volume, market_cap), xs_mean(div(volume, market_cap))), div(recip(pb), xs_mean(recip(pb))))","```dsl_fire
result = sub(div(div(volume, market_cap), xs_mean(div(volume, market_cap))), div(recip(pb), xs_mean(recip(pb))))
```","```dsl_fire
result = where(logical_or(gt(neg(log(market_cap)), xs_mean(neg(log(market_cap)))), gt(pct_change(close, 20), xs_mean(pct_change(close, 20)))), add(neg(log(market_cap)), div(volume, market_cap)), 0.0)
```",,,1,"c1:score=120,parse=True,exec=True | c2:score=0,parse=False,exec=False | c3:score=120,parse=True,exec=True | c4:score=0,parse=False,exec=False | c5:score=120,parse=True,exec=True",semantic_mismatch
code_gen_0250,generalization_unseen_window_paraphrase,gen_unseen_window_vol,请把这个未见过的金融想法转成 `dsl_fire` 代码块，代码块内只写 result 赋值：把这个 alpha 逻辑写成表达式：过去 8 日日收益波动越低，稳定性越强。请保持字段和算子命名规范。,"neg(ts_std(pct_change(close, 1), 8))","```dsl_fire
result = neg(ts_std(pct_change(close, 1), 8))
```","```dsl_fire
result = pct_change(close, 20)
```",,,1,"c1:score=120,parse=True,exec=True | c2:score=120,parse=True,exec=True | c3:score=120,parse=True,exec=True | c4:score=120,parse=True,exec=True | c5:score=120,parse=True,exec=True",semantic_mismatch
code_gen_0596,generalization_time_series_paraphrase,gen_argmax_market_cap,请把这个未见过的金融想法转成 `dsl_fire` 代码块，代码块内只写 result 赋值：作为教学样例，总市值在 11 日窗口内高点越靠近当前，信号越新。注意窗口、方向和字段选择。,"neg(ts_argmax(market_cap, 11))","```dsl_fire
result = neg(ts_argmax(market_cap, 11))
```","```dsl_fire
result = div(ts_wap, ts_last(shift(volume, 1), 10)), div(absolute(pct_change(close, 10)), vwap)), neg(div(volume, market_cap, market_cap, market_cap)), 0.0)
```",,,1,"c1:score=0,parse=False,exec=False | c2:score=0,parse=False,exec=False | c3:score=0,parse=False,exec=False | c4:score=0,parse=False,exec=False | c5:score=0,parse=False,exec=False",parse_error
code_gen_0387,generalization_time_series_paraphrase,gen_argmin_close,请把这个未见过的金融想法转成 `dsl_fire` 代码块，代码块内只写 result 赋值：从量化研究角度，收盘价在 11 日窗口内低点位置用于描述路径。不要使用解释文字。,"ts_argmin(close, 11)","```dsl_fire
result = ts_argmin(close, 11)
```","```dsl_fire
result = ts_win_cumsum(pct_change(close, 1), 15)
```",,,2,"c1:score=0,parse=False,exec=False | c2:score=120,parse=True,exec=True | c3:score=0,parse=False,exec=False | c4:score=0,parse=False,exec=False | c5:score=0,parse=False,exec=False",semantic_mismatch
code_gen_0410,generalization_conditional_paraphrase,gen_conditional_xs_close_47,请把这个未见过的金融想法转成 `dsl_fire` 代码块，代码块内只写 result 赋值：作为教学样例，只有收盘价横截面标准化值为正时，才保留 47 日动量。请保持字段和算子命名规范。,"where(gt(div(sub(close, xs_mean(close)), xs_std(close)), 0.0), pct_change(close, 47), 0.0)","```dsl_fire
result = where(gt(div(sub(close, xs_mean(close)), xs_std(close)), 0.0), pct_change(close, 47), 0.0)
```","```dsl_fire
result = where(sign(sign(sign(pct_change(close, 7), xs_mean(div(sub(pct_change(close, 20), xs_mean(pct_change(close, 20)))), xs_std(low)), 0.0)
```",,,1,"c1:score=0,parse=False,exec=False | c2:score=0,parse=False,exec=False | c3:score=0,parse=False,exec=False | c4:score=0,parse=False,exec=False | c5:score=0,parse=False,exec=False",parse_error
code_gen_0456,generalization_conditional_paraphrase,gen_conditional_xs_market_cap_19,请把这个未见过的金融想法转成 `dsl_fire` 代码块，代码块内只写 result 赋值：从量化研究角度，只有总市值横截面标准化值为正时，才保留 19 日动量。注意窗口、方向和字段选择。,"where(gt(div(sub(market_cap, xs_mean(market_cap)), xs_std(market_cap)), 0.0), pct_change(close, 19), 0.0)","```dsl_fire
result = where(gt(div(sub(market_cap, xs_mean(market_cap)), xs_std(market_cap)), 0.0), pct_change(close, 19), 0.0)
```","```dsl_fire
result = where(gt(neg(log(market_cap)), xs_mean(neg(log(market_cap)))), div(sub(volume, ts_mean(volume, 20)), ts_std(volume, 20)), 0.0)
```",,,2,"c1:score=20,parse=True,exec=False | c2:score=120,parse=True,exec=True | c3:score=20,parse=True,exec=False | c4:score=20,parse=True,exec=False | c5:score=20,parse=True,exec=False",semantic_mismatch
code_gen_0131,generalization_time_series,gen_argmin_volume,请把这个未见过的金融想法转成 `dsl_fire` 代码块，代码块内只写 result 赋值：成交量在 27 日窗口内低点位置用于描述路径。,"ts_argmin(volume, 27)","```dsl_fire
result = ts_argmin(volume, 27)
```","```dsl_fire
result = div(sub(shift(volume, 2)), shift(close, 2)
```",,,1,"c1:score=0,parse=False,exec=False | c2:score=0,parse=False,exec=False | c3:score=0,parse=False,exec=False | c4:score=0,parse=False,exec=False | c5:score=0,parse=False,exec=False",parse_error
code_gen_0098,generalization_regression,gen_corr_flow_return,请把这个未见过的金融想法转成 `dsl_fire` 代码块，代码块内只写 result 赋值：用 85 日滚动相关衡量换手代理和日收益同步性。,"ts_corr(div(volume, market_cap), pct_change(close, 1), 85)","```dsl_fire
result = ts_corr(div(volume, market_cap), pct_change(close, 1), 85)
```","```dsl_fire
result = ts_corr(pct_change(close, 1), 45)
```",,,1,"c1:score=20,parse=True,exec=False | c2:score=20,parse=True,exec=False | c3:score=20,parse=True,exec=False | c4:score=20,parse=True,exec=False | c5:score=20,parse=True,exec=False",execution_error
code_gen_0440,generalization_conditional_paraphrase,gen_conditional_xs_vwap_19,请把这个未见过的金融想法转成 `dsl_fire` 代码块，代码块内只写 result 赋值：作为教学样例，只有成交量加权平均价横截面标准化值为正时，才保留 19 日动量。请保持字段和算子命名规范。,"where(gt(div(sub(vwap, xs_mean(vwap)), xs_std(vwap)), 0.0), pct_change(close, 19), 0.0)","```dsl_fire
result = where(gt(div(sub(vwap, xs_mean(vwap)), xs_std(vwap)), 0.0), pct_change(close, 19), 0.0)
```","```dsl_fire
result = where(gt(div(sub(volume, xs_mean(volume, 20)), xs_std(volume)), xs_std(volume)), 0.0)
```",,,1,"c1:score=20,parse=True,exec=False | c2:score=20,parse=True,exec=False | c3:score=20,parse=True,exec=False | c4:score=20,parse=True,exec=False | c5:score=20,parse=True,exec=False",execution_error
code_gen_0069,generalization_time_series,gen_quantile_value,请把这个未见过的金融想法转成 `dsl_fire` 代码块，代码块内只写 result 赋值：估值便宜程度高于自身 14 日 70% 分位数越多，价值信号越突出。,"sub(recip(pb), ts_quantile(recip(pb), 14, 0.7))","```dsl_fire
result = sub(recip(pb), ts_quantile(recip(pb), 14, 0.7))
```","```dsl_fire
result = neg(div(sub(close, ts_min(low, 20)), sub(ts_max(close, 20), ts_min(low, 20))))
```",,,1,"c1:score=120,parse=True,exec=True | c2:score=120,parse=True,exec=True | c3:score=120,parse=True,exec=True | c4:score=120,parse=True,exec=True | c5:score=120,parse=True,exec=True",semantic_mismatch
code_gen_0095,generalization_conditional,gen_size_liquidity_gate,请把这个未见过的金融想法转成 `dsl_fire` 代码块，代码块内只写 result 赋值：只有小市值暴露高于市场均值时，才保留 85 日流动性信号。,"where(gt(neg(log(market_cap)), xs_mean(neg(log(market_cap)))), log1p(ts_mean(volume, 85)), 0.0)","```dsl_fire
result = where(gt(neg(log(market_cap)), xs_mean(neg(log(market_cap)))), log1p(ts_mean(volume, 85)), 0.0)
```","```dsl_fire
result = where(logical_xor(gt(neg(log(market_cap)), xs_mean(neg(log(market_cap)))), gt(log(market_cap), xs_mean(log(market_cap)))), log1p(ts_mean(volume, 20)), 0.0)
```",,,1,"c1:score=120,parse=True,exec=True | c2:score=120,parse=True,exec=True | c3:score=120,parse=True,exec=True | c4:score=120,parse=True,exec=True | c5:score=120,parse=True,exec=True",semantic_mismatch
code_gen_0188,generalization_cross_section,gen_xs_quantile_volume_13,请把这个未见过的金融想法转成 `dsl_fire` 代码块，代码块内只写 result 赋值：成交量相对横截面 75% 分位数的偏离用于测试未见分位结构。,"sub(volume, xs_quantile(volume, 0.75))","```dsl_fire
result = sub(volume, xs_quantile(volume, 0.75))
```","```dsl_fire
result = div(volume, xs_quantile(volume, 0.2))
```",,,1,"c1:score=120,parse=True,exec=True | c2:score=120,parse=True,exec=True | c3:score=120,parse=True,exec=True | c4:score=120,parse=True,exec=True | c5:score=120,parse=True,exec=True",semantic_mismatch
code_gen_0450,generalization_conditional_paraphrase,gen_conditional_xs_pb_47,请把这个未见过的金融想法转成 `dsl_fire` 代码块，代码块内只写 result 赋值：从量化研究角度，只有市净率 PB横截面标准化值为正时，才保留 47 日动量。请保持字段和算子命名规范。,"where(gt(div(sub(pb, xs_mean(pb)), xs_std(pb)), 0.0), pct_change(close, 47), 0.0)","```dsl_fire
result = where(gt(div(sub(pb, xs_mean(pb)), xs_std(pb)), 0.0), pct_change(close, 47), 0.0)
```","```dsl_fire
result = where(gt(div(sub(pb, xs_mean(volume, 7)), xs_std(volume)), gt(volume, xs_mean(volume)), 0.0)
```",,,1,"c1:score=0,parse=False,exec=False | c2:score=0,parse=False,exec=False | c3:score=0,parse=False,exec=False | c4:score=0,parse=False,exec=False | c5:score=0,parse=False,exec=False",parse_error
code_gen_0560,generalization_regression_paraphrase,gen_corr_flow_return,请把这个未见过的金融想法转成 `dsl_fire` 代码块，代码块内只写 result 赋值：作为教学样例，用 28 日滚动相关衡量换手代理和日收益同步性。请保持字段和算子命名规范。,"ts_corr(div(volume, market_cap), pct_change(close, 1), 28)","```dsl_fire
result = ts_corr(div(volume, market_cap), pct_change(close, 1), 28)
```","```dsl_fire
result = ts_std(div(volume, market_cap), 2)
```",,,1,"c1:score=120,parse=True,exec=True | c2:score=20,parse=True,exec=False | c3:score=20,parse=True,exec=False | c4:score=20,parse=True,exec=False | c5:score=20,parse=True,exec=False",semantic_mismatch
code_gen_0316,generalization_group_paraphrase,gen_value_quality_trend,请把这个未见过的金融想法转成 `dsl_fire` 代码块，代码块内只写 result 赋值：把这个 alpha 逻辑写成表达式：行业中性估值便宜且 28 日风险调整动量强的股票更有吸引力。注意窗口、方向和字段选择。,"add(div(sub(recip(pb), group_mean(recip(pb), industry)), group_std(recip(pb), industry)), div(pct_change(close, 28), ts_std(pct_change(close, 1), 28)))","```dsl_fire
result = add(div(sub(recip(pb), group_mean(recip(pb), industry)), group_std(recip(pb), industry)), div(pct_change(close, 28), ts_std(pct_change(close, 1), 28)))
```","```dsl_fire
result = ts_corr(logical_cap), pct_change(close, 2), 2)
```",,,1,"c1:score=0,parse=False,exec=False | c2:score=0,parse=False,exec=False | c3:score=0,parse=False,exec=False | c4:score=0,parse=False,exec=False | c5:score=0,parse=False,exec=False",parse_error
code_gen_0461,generalization_conditional_paraphrase,gen_logic_liquidity_risk_xor,请把这个未见过的金融想法转成 `dsl_fire` 代码块，代码块内只写 result 赋值：作为教学样例，流动性强和低风险只有一个成立时保留 13 日动量。注意窗口、方向和字段选择。,"where(logical_xor(gt(log1p(ts_mean(volume, 13)), xs_mean(log1p(ts_mean(volume, 13)))), le(ts_std(pct_change(close, 1), 13), xs_mean(ts_std(pct_change(close, 1), 13)))), pct_change(close, 13), 0.0)","```dsl_fire
result = where(logical_xor(gt(log1p(ts_mean(volume, 13)), xs_mean(log1p(ts_mean(volume, 13)))), le(ts_std(pct_change(close, 1), 13), xs_mean(ts_std(pct_change(close, 1), 13)))), pct_change(close, 13), 0.0)
```","```dsl_fire
result = where(logical_arggt(log(market_cap), xs_mean(log(market_cap))), gt(log1p(ts_mean(volume, 20)), xs_mean(log1p(ts_mean(volume, 20))))), add(neg(log(market_cap)), log1p(ts_mean(volume, 20))), 0.0)
```",,,1,"c1:score=0,parse=False,exec=False | c2:score=0,parse=False,exec=False | c3:score=0,parse=False,exec=False | c4:score=0,parse=False,exec=False | c5:score=0,parse=False,exec=False",parse_error
code_gen_0120,generalization_time_series,gen_argmax_market_cap,请把这个未见过的金融想法转成 `dsl_fire` 代码块，代码块内只写 result 赋值：总市值在 27 日窗口内高点越靠近当前，信号越新。,"neg(ts_argmax(market_cap, 27))","```dsl_fire
result = neg(ts_argmax(market_cap, 27))
```","```dsl_fire
result = ts_argmin(ts_olute(pct_change(close, 1)), 2)
```",,,2,"c1:score=0,parse=False,exec=False | c2:score=20,parse=True,exec=False | c3:score=0,parse=False,exec=False | c4:score=20,parse=True,exec=False | c5:score=0,parse=False,exec=False",execution_error
code_gen_0271,generalization_unseen_window_paraphrase,gen_unseen_window_volume,请把这个未见过的金融想法转成 `dsl_fire` 代码块，代码块内只写 result 赋值：把这个 alpha 逻辑写成表达式：短期成交量相对 50 日均量越高，放量越明显。注意窗口、方向和字段选择。,"div(ts_mean(volume, 12), ts_mean(volume, 50))","```dsl_fire
result = div(ts_mean(volume, 12), ts_mean(volume, 50))
```","```dsl_fire
result = pct_change(volume, 10)
```",,,1,"c1:score=120,parse=True,exec=True | c2:score=120,parse=True,exec=True | c3:score=120,parse=True,exec=True | c4:score=120,parse=True,exec=True | c5:score=120,parse=True,exec=True",semantic_mismatch
code_gen_0468,generalization_conditional_paraphrase,gen_logic_liquidity_risk_xor,请把这个未见过的金融想法转成 `dsl_fire` 代码块，代码块内只写 result 赋值：从量化研究角度，流动性强和低风险只有一个成立时保留 19 日动量。这个想法需要转换为函数式 DSL。,"where(logical_xor(gt(log1p(ts_mean(volume, 19)), xs_mean(log1p(ts_mean(volume, 19)))), le(ts_std(pct_change(close, 1), 19), xs_mean(ts_std(pct_change(close, 1), 19)))), pct_change(close, 19), 0.0)","```dsl_fire
result = where(logical_xor(gt(log1p(ts_mean(volume, 19)), xs_mean(log1p(ts_mean(volume, 19)))), le(ts_std(pct_change(close, 1), 19), xs_mean(ts_std(pct_change(close, 1), 19)))), pct_change(close, 19), 0.0)
```","```dsl_fire
result = where(logical_xor(gt(pct_change(close, 20), xs_mean(pct_change(close, 20))), gt(div(volume, market_cap), xs_mean(div(volume, market_cap)))), add(recip(pb), neg(pct_change(close, 20)), 0.0)
```",,,1,"c1:score=0,parse=False,exec=False | c2:score=0,parse=False,exec=False | c3:score=0,parse=False,exec=False | c4:score=0,parse=False,exec=False | c5:score=0,parse=False,exec=False",parse_error
code_gen_0201,generalization_conditional,gen_conditional_xs_vwap_31,请把这个未见过的金融想法转成 `dsl_fire` 代码块，代码块内只写 result 赋值：只有成交量加权平均价横截面标准化值为正时，才保留 31 日动量。,"where(gt(div(sub(vwap, xs_mean(vwap)), xs_std(vwap)), 0.0), pct_change(close, 31), 0.0)","```dsl_fire
result = where(gt(div(sub(vwap, xs_mean(vwap)), xs_std(vwap)), 0.0), pct_change(close, 31), 0.0)
```","```dsl_fire
result = where(gt(ts_and(pct_change(volume, 3), xs_mean(volume, 3), 3), 0.0)
```",,,1,"c1:score=0,parse=False,exec=False | c2:score=0,parse=False,exec=False | c3:score=0,parse=False,exec=False | c4:score=0,parse=False,exec=False | c5:score=0,parse=False,exec=False",parse_error
code_gen_0259,generalization_unseen_window_paraphrase,gen_unseen_window_volume,请把这个未见过的金融想法转成 `dsl_fire` 代码块，代码块内只写 result 赋值：把这个 alpha 逻辑写成表达式：短期成交量相对 18 日均量越高，放量越明显。最终只需要一个可执行表达式。,"div(ts_mean(volume, 4), ts_mean(volume, 18))","```dsl_fire
result = div(ts_mean(volume, 4), ts_mean(volume, 18))
```","```dsl_fire
result = pct_change(volume, 20), div(volume, ts_mean(volume, 20)), pct_change(close, 7))
```",,,1,"c1:score=0,parse=False,exec=False | c2:score=0,parse=False,exec=False | c3:score=0,parse=False,exec=False | c4:score=0,parse=False,exec=False | c5:score=0,parse=False,exec=False",parse_error
code_gen_0156,generalization_cross_section,gen_xs_quantile_open_13,请把这个未见过的金融想法转成 `dsl_fire` 代码块，代码块内只写 result 赋值：开盘价相对横截面 75% 分位数的偏离用于测试未见分位结构。,"sub(open, xs_quantile(open, 0.75))","```dsl_fire
result = sub(open, xs_quantile(open, 0.75))
```","```dsl_fire
result = div(open, xs_quantile(log(market_cap), 0.2))
```",,,1,"c1:score=120,parse=True,exec=True | c2:score=120,parse=True,exec=True | c3:score=120,parse=True,exec=True | c4:score=120,parse=True,exec=True | c5:score=120,parse=True,exec=True",semantic_mismatch
code_gen_0540,generalization_cross_section_paraphrase,gen_turnover_value_spread,请把这个未见过的金融想法转成 `dsl_fire` 代码块，代码块内只写 result 赋值：从量化研究角度，换手代理相对市场更高但估值优势不足时，反映交易关注和估值之间的背离。请保持字段和算子命名规范。,"sub(div(div(volume, market_cap), xs_mean(div(volume, market_cap))), div(recip(pb), xs_mean(recip(pb))))","```dsl_fire
result = sub(div(div(volume, market_cap), xs_mean(div(volume, market_cap))), div(recip(pb), xs_mean(recip(pb))))
```","```dsl_fire
result = where(logical_or(gt(neg(log(market_cap)), xs_mean(neg(log(market_cap)))), gt(pct_change(close, 20), xs_mean(pct_change(close, 20)))), add(neg(log(market_cap)), div(volume, market_cap)), 0.0)
```",,,3,"c1:score=0,parse=False,exec=False | c2:score=0,parse=False,exec=False | c3:score=120,parse=True,exec=True | c4:score=120,parse=True,exec=True | c5:score=0,parse=False,exec=False",semantic_mismatch
code_gen_0555,generalization_time_series_paraphrase,gen_quantile_value,请把这个未见过的金融想法转成 `dsl_fire` 代码块，代码块内只写 result 赋值：从量化研究角度，估值便宜程度高于自身 22 日 70% 分位数越多，价值信号越突出。请保持字段和算子命名规范。,"sub(recip(pb), ts_quantile(recip(pb), 22, 0.7))","```dsl_fire
result = sub(recip(pb), ts_quantile(recip(pb), 22, 0.7))
```","```dsl_fire
result = div(sub(close, ts_min(low, 20)), sub(ts_max(high, 20), ts_min(low, 20)))
```",,,1,"c1:score=120,parse=True,exec=True | c2:score=0,parse=False,exec=False | c3:score=0,parse=False,exec=False | c4:score=120,parse=True,exec=True | c5:score=120,parse=True,exec=True",semantic_mismatch
code_gen_0224,generalization_time_series,gen_ts_prod_turnover,请把这个未见过的金融想法转成 `dsl_fire` 代码块，代码块内只写 result 赋值：13 日成交量变化加一后连乘测试未见时间聚合结构。,"ts_prod(add(1.0, pct_change(volume, 1)), 13)","```dsl_fire
result = ts_prod(add(1.0, pct_change(volume, 1)), 13)
```","```dsl_fire
result = ts_prod(add(1.0, pct_change(volume, 1)), 7)
```",,,1,"c1:score=120,parse=True,exec=True | c2:score=120,parse=True,exec=True | c3:score=120,parse=True,exec=True | c4:score=120,parse=True,exec=True | c5:score=120,parse=True,exec=True",semantic_mismatch
code_gen_0073,generalization_regression,gen_reg_value_size,请把这个未见过的金融想法转成 `dsl_fire` 代码块，代码块内只写 result 赋值：用 22 日滚动回归提取估值相对市值解释后的残差。,"ts_reg_res(recip(pb), log(market_cap), 22)","```dsl_fire
result = ts_reg_res(recip(pb), log(market_cap), 22)
```","```dsl_fire
result = div(ts_quantile(log), div(volume, 20), div(sub(log1p(ts_mean(volume, 20)), ts_std(log(market_cap)))))
```",,,4,"c1:score=0,parse=False,exec=False | c2:score=0,parse=False,exec=False | c3:score=0,parse=False,exec=False | c4:score=20,parse=True,exec=False | c5:score=0,parse=False,exec=False",execution_error
code_gen_0242,generalization_unseen_window_paraphrase,gen_unseen_window_vol,请把这个未见过的金融想法转成 `dsl_fire` 代码块，代码块内只写 result 赋值：作为教学样例，过去 4 日日收益波动越低，稳定性越强。不要使用解释文字。,"neg(ts_std(pct_change(close, 1), 4))","```dsl_fire
result = neg(ts_std(pct_change(close, 1), 4))
```","```dsl_fire
result = div(ts_quantile(pct_change(close, 1), 5), ts_std(pct_change(close, 1), 90))
```",,,1,"c1:score=120,parse=True,exec=True | c2:score=120,parse=True,exec=True | c3:score=120,parse=True,exec=True | c4:score=120,parse=True,exec=True | c5:score=120,parse=True,exec=True",semantic_mismatch
code_gen_0175,generalization_conditional,gen_mask_group_high_13,请把这个未见过的金融想法转成 `dsl_fire` 代码块，代码块内只写 result 赋值：只有最高价不低于行业均值时，才保留行业标准化信号。,"mask(div(sub(high, group_mean(high, industry)), group_std(high, industry)), ge(high, group_mean(high, industry)), 0.0)","```dsl_fire
result = mask(div(sub(high, group_mean(high, industry)), group_std(high, industry)), ge(high, group_mean(high, industry)), 0.0)
```","```dsl_fire
result = where(gt(log(market_cap), group_mean(log(market_cap), industry)), div(sub(volume, group_mean(log(market_cap), industry)), group_std(log(market_cap), industry)), 0.0)
```",,,1,"c1:score=120,parse=True,exec=True | c2:score=120,parse=True,exec=True | c3:score=120,parse=True,exec=True | c4:score=120,parse=True,exec=True | c5:score=120,parse=True,exec=True",semantic_mismatch
code_gen_0437,generalization_group_paraphrase,gen_group_abs_vwap_13,请把这个未见过的金融想法转成 `dsl_fire` 代码块，代码块内只写 result 赋值：作为教学样例，成交量加权平均价行业内标准化偏离的绝对值用于测试行业异常程度。不要使用解释文字。,"absolute(div(sub(vwap, group_mean(vwap, industry)), group_std(vwap, industry)))","```dsl_fire
result = absolute(div(sub(vwap, group_mean(vwap, industry)), group_std(vwap, industry)))
```","```dsl_fire
result = div(sub(shift(volume, 21), group_mean(volume, industry)), group_std(volume, industry))
```",,,1,"c1:score=120,parse=True,exec=True | c2:score=120,parse=True,exec=True | c3:score=120,parse=True,exec=True | c4:score=120,parse=True,exec=True | c5:score=120,parse=True,exec=True",semantic_mismatch
code_gen_0107,generalization_time_series,gen_argmin_pb,请把这个未见过的金融想法转成 `dsl_fire` 代码块，代码块内只写 result 赋值：市净率 PB在 11 日窗口内低点位置用于描述路径。,"ts_argmin(pb, 11)","```dsl_fire
result = ts_argmin(pb, 11)
```","```dsl_fire
result = div(pb, ts_close, 20)
```",,,1,"c1:score=20,parse=True,exec=False | c2:score=0,parse=False,exec=False | c3:score=0,parse=False,exec=False | c4:score=20,parse=True,exec=False | c5:score=20,parse=True,exec=False",execution_error
code_gen_0161,generalization_conditional,gen_conditional_xs_open_31,请把这个未见过的金融想法转成 `dsl_fire` 代码块，代码块内只写 result 赋值：只有开盘价横截面标准化值为正时，才保留 31 日动量。,"where(gt(div(sub(open, xs_mean(open)), xs_std(open)), 0.0), pct_change(close, 31), 0.0)","```dsl_fire
result = where(gt(div(sub(open, xs_mean(open)), xs_std(open)), 0.0), pct_change(close, 31), 0.0)
```","```dsl_fire
result = where(gt(div(sub(log(market_cap), xs_mean(log(market_cap))), xs_std(log(market_cap))), xs_mean(div(sub(log(market_cap), xs_mean(log(market_cap))), xs_std(log(market_cap))))), gt(div(sub(volume, ts_
```",,,1,"c1:score=0,parse=False,exec=False | c2:score=0,parse=False,exec=False | c3:score=0,parse=False,exec=False | c4:score=0,parse=False,exec=False | c5:score=0,parse=False,exec=False",parse_error
code_gen_0274,generalization_unseen_window_paraphrase,gen_unseen_window_vol,请把这个未见过的金融想法转成 `dsl_fire` 代码块，代码块内只写 result 赋值：把这个 alpha 逻辑写成表达式：过去 75 日日收益波动越低，稳定性越强。最终只需要一个可执行表达式。,"neg(ts_std(pct_change(close, 1), 75))","```dsl_fire
result = neg(ts_std(pct_change(close, 1), 75))
```","```dsl_fire
result = pct_change(close, 7)
```",,,1,"c1:score=120,parse=True,exec=True | c2:score=120,parse=True,exec=True | c3:score=120,parse=True,exec=True | c4:score=120,parse=True,exec=True | c5:score=120,parse=True,exec=True",semantic_mismatch
code_gen_0570,generalization_conditional_paraphrase,gen_value_momentum_gate,请把这个未见过的金融想法转成 `dsl_fire` 代码块，代码块内只写 result 赋值：从量化研究角度，只有估值便宜且 55 日动量高于市场均值时，才保留价值动量组合。请保持字段和算子命名规范。,"where(logical_and(gt(recip(pb), xs_mean(recip(pb))), gt(pct_change(close, 55), xs_mean(pct_change(close, 55)))), add(recip(pb), pct_change(close, 55)), 0.0)","```dsl_fire
result = where(logical_and(gt(recip(pb), xs_mean(recip(pb))), gt(pct_change(close, 55), xs_mean(pct_change(close, 55)))), add(recip(pb), pct_change(close, 55)), 0.0)
```","```dsl_fire
result = where(logical_or(gt(recip(pb), xs_mean(recip(pb))), gt(recip(pb), xs_mean(recip(pb)))), div(absolute(pct_change(close, 20)), ts_std(pct_change(close, 1), 20)), 0.0)
```",,,1,"c1:score=120,parse=True,exec=True | c2:score=0,parse=False,exec=False | c3:score=0,parse=False,exec=False | c4:score=120,parse=True,exec=True | c5:score=0,parse=False,exec=False",semantic_mismatch
code_gen_0296,generalization_group_paraphrase,gen_industry_value_size,请把这个未见过的金融想法转成 `dsl_fire` 代码块，代码块内只写 result 赋值：作为教学样例，行业内估值便宜且行业内小市值暴露较强的股票得分更高。注意窗口、方向和字段选择。,"add(div(sub(recip(pb), group_mean(recip(pb), industry)), group_std(recip(pb), industry)), div(sub(neg(log(market_cap)), group_mean(neg(log(market_cap)), industry)), group_std(neg(log(market_cap)), industry)))","```dsl_fire
result = add(div(sub(recip(pb), group_mean(recip(pb), industry)), group_std(recip(pb), industry)), div(sub(neg(log(market_cap)), group_mean(neg(log(market_cap)), industry)), group_std(neg(log(market_cap)), industry)))
```","```dsl_fire
result = div(div(sub(log(market_cap), group_mean(log(market_cap), industry)), group_std(log(market_cap), industry)), industry))
```",,,1,"c1:score=0,parse=False,exec=False | c2:score=0,parse=False,exec=False | c3:score=0,parse=False,exec=False | c4:score=0,parse=False,exec=False | c5:score=0,parse=False,exec=False",parse_error
code_gen_0589,generalization_time_series_paraphrase,gen_argmin_pb,请把这个未见过的金融想法转成 `dsl_fire` 代码块，代码块内只写 result 赋值：把这个 alpha 逻辑写成表达式：市净率 PB在 17 日窗口内低点位置用于描述路径。最终只需要一个可执行表达式。,"ts_argmin(pb, 17)","```dsl_fire
result = ts_argmin(pb, 17)
```","```dsl_fire
result = div( tsignargmax(pb, 10)
```",,,1,"c1:score=0,parse=False,exec=False | c2:score=0,parse=False,exec=False | c3:score=0,parse=False,exec=False | c4:score=0,parse=False,exec=False | c5:score=0,parse=False,exec=False",parse_error
code_gen_0485,generalization_unseen_window_paraphrase,gen_unseen_window_reversal,请把这个未见过的金融想法转成 `dsl_fire` 代码块，代码块内只写 result 赋值：作为教学样例，过去 6 日涨幅越高，后续均值回归压力越大。请保持字段和算子命名规范。,"neg(pct_change(close, 6))","```dsl_fire
result = neg(pct_change(close, 6))
```","```dsl_fire
result = ts_prod(add(1.0, pct_change(close, 1)), 20)
```",,,1,"c1:score=120,parse=True,exec=True | c2:score=0,parse=False,exec=False | c3:score=0,parse=False,exec=False | c4:score=120,parse=True,exec=True | c5:score=120,parse=True,exec=True",semantic_mismatch
code_gen_0122,generalization_time_series,gen_argmax_market_cap,请把这个未见过的金融想法转成 `dsl_fire` 代码块，代码块内只写 result 赋值：总市值在 38 日窗口内高点越靠近当前，信号越新。,"neg(ts_argmax(market_cap, 38))","```dsl_fire
result = neg(ts_argmax(market_cap, 38))
```","```dsl_fire
result = ts_argmin(ts_lt(shift(market_cap, 1), 3)), neg(ts_volume, 15))
```",,,1,"c1:score=0,parse=False,exec=False | c2:score=0,parse=False,exec=False | c3:score=0,parse=False,exec=False | c4:score=0,parse=False,exec=False | c5:score=0,parse=False,exec=False",parse_error
code_gen_0020,generalization_unseen_window,gen_unseen_window_momentum,请把这个未见过的金融想法转成 `dsl_fire` 代码块，代码块内只写 result 赋值：过去 25 日收盘价收益越高，短期趋势越强。,"pct_change(close, 25)","```dsl_fire
result = pct_change(close, 25)
```","```dsl_fire
result = ts_prod(ts_mean(volume, 1), 20)
```",,,4,"c1:score=0,parse=False,exec=False | c2:score=0,parse=False,exec=False | c3:score=0,parse=False,exec=False | c4:score=120,parse=True,exec=True | c5:score=0,parse=False,exec=False",semantic_mismatch
code_gen_0595,generalization_time_series_paraphrase,gen_argmin_pb,请把这个未见过的金融想法转成 `dsl_fire` 代码块，代码块内只写 result 赋值：把这个 alpha 逻辑写成表达式：市净率 PB在 66 日窗口内低点位置用于描述路径。请保持字段和算子命名规范。,"ts_argmin(pb, 66)","```dsl_fire
result = ts_argmin(pb, 66)
```","```dsl_fire
result = div(sign(pct_change(close, 20), le(pb, ts_mean(pb, 20)), pct_change(close, 20), 0.0)
```",,,1,"c1:score=0,parse=False,exec=False | c2:score=0,parse=False,exec=False | c3:score=0,parse=False,exec=False | c4:score=0,parse=False,exec=False | c5:score=0,parse=False,exec=False",parse_error
code_gen_0432,generalization_conditional_paraphrase,gen_conditional_xs_volume_19,请把这个未见过的金融想法转成 `dsl_fire` 代码块，代码块内只写 result 赋值：从量化研究角度，只有成交量横截面标准化值为正时，才保留 19 日动量。不要使用解释文字。,"where(gt(div(sub(volume, xs_mean(volume)), xs_std(volume)), 0.0), pct_change(close, 19), 0.0)","```dsl_fire
result = where(gt(div(sub(volume, xs_mean(volume)), xs_std(volume)), 0.0), pct_change(close, 19), 0.0)
```","```dsl_fire
result = where(gt(div(sub(volume, xs_mean(volume, 20)), xs_std(volume)), gt(volume, ts_mean(volume)), 1.0)), neg(div(sub(volume, ts_mean(volume, 20)), ts_std(volume, 20)), 0.0)
```",,,3,"c1:score=0,parse=False,exec=False | c2:score=0,parse=False,exec=False | c3:score=20,parse=True,exec=False | c4:score=0,parse=False,exec=False | c5:score=20,parse=True,exec=False",execution_error
code_gen_0532,generalization_composition_paraphrase,gen_quality_trend,请把这个未见过的金融想法转成 `dsl_fire` 代码块，代码块内只写 result 赋值：把这个 alpha 逻辑写成表达式：同时偏好 75 日风险调整趋势高且收益方差低的股票。不要使用解释文字。,"add(div(pct_change(close, 75), ts_std(pct_change(close, 1), 75)), neg(ts_var(pct_change(close, 1), 75)))","```dsl_fire
result = add(div(pct_change(close, 75), ts_std(pct_change(close, 1), 75)), neg(ts_var(pct_change(close, 1), 75)))
```","```dsl_fire
result = where(logical_mean(recip(pb)), xs_mean(log(market_cap)))), neg(pct_change(close, 7))
```",,,1,"c1:score=0,parse=False,exec=False | c2:score=0,parse=False,exec=False | c3:score=0,parse=False,exec=False | c4:score=0,parse=False,exec=False | c5:score=0,parse=False,exec=False",parse_error
code_gen_0472,generalization_time_series_paraphrase,gen_ts_sum_value,请把这个未见过的金融想法转成 `dsl_fire` 代码块，代码块内只写 result 赋值：把这个 alpha 逻辑写成表达式：19 日 PB 日变化求和测试基本面时间序列结构。不要使用解释文字。,"ts_sum(pct_change(pb, 1), 19)","```dsl_fire
result = ts_sum(pct_change(pb, 1), 19)
```","```dsl_fire
result = ts_prod(add(1.0, pct_change(close, 1)), 10)
```",,,1,"c1:score=120,parse=True,exec=True | c2:score=120,parse=True,exec=True | c3:score=120,parse=True,exec=True | c4:score=120,parse=True,exec=True | c5:score=120,parse=True,exec=True",semantic_mismatch
code_gen_0408,generalization_conditional_paraphrase,gen_conditional_xs_close_19,请把这个未见过的金融想法转成 `dsl_fire` 代码块，代码块内只写 result 赋值：从量化研究角度，只有收盘价横截面标准化值为正时，才保留 19 日动量。这个想法需要转换为函数式 DSL。,"where(gt(div(sub(close, xs_mean(close)), xs_std(close)), 0.0), pct_change(close, 19), 0.0)","```dsl_fire
result = where(gt(div(sub(close, xs_mean(close)), xs_std(close)), 0.0), pct_change(close, 19), 0.0)
```","```dsl_fire
result = where(sign(sign(sub(pct_change(close, 20), xs_mean(pct_change(close, 20))), xs_std(pct_change(close, 20)))
```",,,1,"c1:score=0,parse=False,exec=False | c2:score=0,parse=False,exec=False | c3:score=0,parse=False,exec=False | c4:score=0,parse=False,exec=False | c5:score=0,parse=False,exec=False",parse_error
code_gen_0275,generalization_unseen_window_paraphrase,gen_unseen_window_volume,请把这个未见过的金融想法转成 `dsl_fire` 代码块，代码块内只写 result 赋值：作为教学样例，短期成交量相对 75 日均量越高，放量越明显。请保持字段和算子命名规范。,"div(ts_mean(volume, 18), ts_mean(volume, 75))","```dsl_fire
result = div(ts_mean(volume, 18), ts_mean(volume, 75))
```","```dsl_fire
result = div(sub(shift(volume, 7)), shift(volume, 7)
```",,,1,"c1:score=0,parse=False,exec=False | c2:score=0,parse=False,exec=False | c3:score=0,parse=False,exec=False | c4:score=0,parse=False,exec=False | c5:score=0,parse=False,exec=False",parse_error
code_gen_0503,generalization_unseen_window_paraphrase,gen_unseen_window_volume,请把这个未见过的金融想法转成 `dsl_fire` 代码块，代码块内只写 result 赋值：作为教学样例，短期成交量相对 25 日均量越高，放量越明显。这个想法需要转换为函数式 DSL。,"div(ts_mean(volume, 6), ts_mean(volume, 25))","```dsl_fire
result = div(ts_mean(volume, 6), ts_mean(volume, 25))
```","```dsl_fire
result = div(ts_std(pct_change(close, 1), 20), ts_mean(volume, 1), 20)
```",,,1,"c1:score=120,parse=True,exec=True | c2:score=0,parse=False,exec=False | c3:score=120,parse=True,exec=True | c4:score=120,parse=True,exec=True | c5:score=120,parse=True,exec=True",semantic_mismatch
code_gen_0314,generalization_regression_paraphrase,gen_corr_flow_return,请把这个未见过的金融想法转成 `dsl_fire` 代码块，代码块内只写 result 赋值：作为教学样例，用 22 日滚动相关衡量换手代理和日收益同步性。最终只需要一个可执行表达式。,"ts_corr(div(volume, market_cap), pct_change(close, 1), 22)","```dsl_fire
result = ts_corr(div(volume, market_cap), pct_change(close, 1), 22)
```","```dsl_fire
result = div(ts_std(pct_change(close, 1), 2), ts_std(pct_change(close, 1), 20))
```",,,1,"c1:score=120,parse=True,exec=True | c2:score=120,parse=True,exec=True | c3:score=120,parse=True,exec=True | c4:score=120,parse=True,exec=True | c5:score=120,parse=True,exec=True",semantic_mismatch
code_gen_0489,generalization_unseen_window_paraphrase,gen_unseen_window_reversal,请把这个未见过的金融想法转成 `dsl_fire` 代码块，代码块内只写 result 赋值：从量化研究角度，过去 8 日涨幅越高，后续均值回归压力越大。最终只需要一个可执行表达式。,"neg(pct_change(close, 8))","```dsl_fire
result = neg(pct_change(close, 8))
```","```dsl_fire
result = ts_prod(add(1.0, pct_change(close, 1)), 20)
```",,,1,"c1:score=120,parse=True,exec=True | c2:score=120,parse=True,exec=True | c3:score=120,parse=True,exec=True | c4:score=120,parse=True,exec=True | c5:score=120,parse=True,exec=True",semantic_mismatch
code_gen_0590,generalization_time_series_paraphrase,gen_argmax_pb,请把这个未见过的金融想法转成 `dsl_fire` 代码块，代码块内只写 result 赋值：作为教学样例，市净率 PB在 27 日窗口内高点越靠近当前，信号越新。请保持字段和算子命名规范。,"neg(ts_argmax(pb, 27))","```dsl_fire
result = neg(ts_argmax(pb, 27))
```","```dsl_fire
result = div(ts_argmax(volume, 2)), ts_sum(ge(shift(volume, 1), 2))
```",,,1,"c1:score=20,parse=True,exec=False | c2:score=20,parse=True,exec=False | c3:score=0,parse=False,exec=False | c4:score=20,parse=True,exec=False | c5:score=20,parse=True,exec=False",execution_error
code_gen_0055,generalization_composition,gen_industry_value_momentum,请把这个未见过的金融想法转成 `dsl_fire` 代码块，代码块内只写 result 赋值：行业内估值便宜且 75 日动量较强的股票得分更高。,"add(div(sub(recip(pb), group_mean(recip(pb), industry)), group_std(recip(pb), industry)), pct_change(close, 75))","```dsl_fire
result = add(div(sub(recip(pb), group_mean(recip(pb), industry)), group_std(recip(pb), industry)), pct_change(close, 75))
```","```dsl_fire
result = add(pct_change(close, 7), pct_change(close, 7), 0.0)
```",,,2,"c1:score=0,parse=False,exec=False | c2:score=20,parse=True,exec=False | c3:score=20,parse=True,exec=False | c4:score=20,parse=True,exec=False | c5:score=20,parse=True,exec=False",execution_error
code_gen_0382,generalization_time_series_paraphrase,gen_argmax_vwap,请把这个未见过的金融想法转成 `dsl_fire` 代码块，代码块内只写 result 赋值：把这个 alpha 逻辑写成表达式：成交量加权平均价在 38 日窗口内高点越靠近当前，信号越新。不要使用解释文字。,"neg(ts_argmax(vwap, 38))","```dsl_fire
result = neg(ts_argmax(vwap, 38))
```","```dsl_fire
result = ts_win_cumsum(pct_change(vwap, 1), 3)
```",,,5,"c1:score=20,parse=True,exec=False | c2:score=20,parse=True,exec=False | c3:score=20,parse=True,exec=False | c4:score=20,parse=True,exec=False | c5:score=120,parse=True,exec=True",semantic_mismatch
code_gen_0074,generalization_regression,gen_corr_flow_return,请把这个未见过的金融想法转成 `dsl_fire` 代码块，代码块内只写 result 赋值：用 22 日滚动相关衡量换手代理和日收益同步性。,"ts_corr(div(volume, market_cap), pct_change(close, 1), 22)","```dsl_fire
result = ts_corr(div(volume, market_cap), pct_change(close, 1), 22)
```","```dsl_fire
result = ts_corr(div(volume, market_cap), pct_change(close, 1), 2)
```",,,2,"c1:score=0,parse=False,exec=False | c2:score=120,parse=True,exec=True | c3:score=120,parse=True,exec=True | c4:score=120,parse=True,exec=True | c5:score=120,parse=True,exec=True",semantic_mismatch
code_gen_0215,generalization_conditional,gen_mask_group_market_cap_13,请把这个未见过的金融想法转成 `dsl_fire` 代码块，代码块内只写 result 赋值：只有总市值不低于行业均值时，才保留行业标准化信号。,"mask(div(sub(market_cap, group_mean(market_cap, industry)), group_std(market_cap, industry)), ge(market_cap, group_mean(market_cap, industry)), 0.0)","```dsl_fire
result = mask(div(sub(market_cap, group_mean(market_cap, industry)), group_std(market_cap, industry)), ge(market_cap, group_mean(market_cap, industry)), 0.0)
```","```dsl_fire
result = where(gt(log(market_cap), group_mean(log(market_cap), industry)), div(sub(neg(log(market_cap)), group_mean(neg(log(market_cap)), industry)), group_std(neg(log(market_cap)), industry)), 0.0)
```",,,2,"c1:score=0,parse=False,exec=False | c2:score=120,parse=True,exec=True | c3:score=0,parse=False,exec=False | c4:score=120,parse=True,exec=True | c5:score=120,parse=True,exec=True",semantic_mismatch
code_gen_0157,generalization_group,gen_group_abs_open_13,请把这个未见过的金融想法转成 `dsl_fire` 代码块，代码块内只写 result 赋值：开盘价行业内标准化偏离的绝对值用于测试行业异常程度。,"absolute(div(sub(open, group_mean(open, industry)), group_std(open, industry)))","```dsl_fire
result = absolute(div(sub(open, group_mean(open, industry)), group_std(open, industry)))
```","```dsl_fire
result = div(sub(log(market_cap), group_mean(log(market_cap), industry)), group_std(log(market_cap), industry))
```",,,1,"c1:score=120,parse=True,exec=True | c2:score=0,parse=False,exec=False | c3:score=0,parse=False,exec=False | c4:score=0,parse=False,exec=False | c5:score=0,parse=False,exec=False",semantic_mismatch
code_gen_0189,generalization_group,gen_group_abs_volume_13,请把这个未见过的金融想法转成 `dsl_fire` 代码块，代码块内只写 result 赋值：成交量行业内标准化偏离的绝对值用于测试行业异常程度。,"absolute(div(sub(volume, group_mean(volume, industry)), group_std(volume, industry)))","```dsl_fire
result = absolute(div(sub(volume, group_mean(volume, industry)), group_std(volume, industry)))
```","```dsl_fire
result = div(sub(ts_std(pct_change(close, 1), 20), group_mean(div(sub(reclose, vwap), vwap), industry)), group_std(div(sub(recip(pb), vwap), industry)))
```",,,1,"c1:score=20,parse=True,exec=False | c2:score=0,parse=False,exec=False | c3:score=0,parse=False,exec=False | c4:score=0,parse=False,exec=False | c5:score=0,parse=False,exec=False",execution_error
code_gen_0549,generalization_time_series_paraphrase,gen_quantile_value,请把这个未见过的金融想法转成 `dsl_fire` 代码块，代码块内只写 result 赋值：从量化研究角度，估值便宜程度高于自身 14 日 70% 分位数越多，价值信号越突出。最终只需要一个可执行表达式。,"sub(recip(pb), ts_quantile(recip(pb), 14, 0.7))","```dsl_fire
result = sub(recip(pb), ts_quantile(recip(pb), 14, 0.7))
```","```dsl_fire
result = div(sub(close, ts_min(low, 20)), sub(ts_max(high, 20), ts_min(low, 20)))
```",,,1,"c1:score=120,parse=True,exec=True | c2:score=120,parse=True,exec=True | c3:score=120,parse=True,exec=True | c4:score=120,parse=True,exec=True | c5:score=120,parse=True,exec=True",semantic_mismatch
code_gen_0328,generalization_group_paraphrase,gen_value_quality_trend,请把这个未见过的金融想法转成 `dsl_fire` 代码块，代码块内只写 result 赋值：把这个 alpha 逻辑写成表达式：行业中性估值便宜且 55 日风险调整动量强的股票更有吸引力。这个想法需要转换为函数式 DSL。,"add(div(sub(recip(pb), group_mean(recip(pb), industry)), group_std(recip(pb), industry)), div(pct_change(close, 55), ts_std(pct_change(close, 1), 55)))","```dsl_fire
result = add(div(sub(recip(pb), group_mean(recip(pb), industry)), group_std(recip(pb), industry)), div(pct_change(close, 55), ts_std(pct_change(close, 1), 55)))
```","```dsl_fire
result = where(log(recip(pb)), pct_change(close, 5))
```",,,4,"c1:score=0,parse=False,exec=False | c2:score=0,parse=False,exec=False | c3:score=0,parse=False,exec=False | c4:score=20,parse=True,exec=False | c5:score=0,parse=False,exec=False",execution_error
code_gen_0211,generalization_conditional,gen_conditional_xs_pb_73,请把这个未见过的金融想法转成 `dsl_fire` 代码块，代码块内只写 result 赋值：只有市净率 PB横截面标准化值为正时，才保留 73 日动量。,"where(gt(div(sub(pb, xs_mean(pb)), xs_std(pb)), 0.0), pct_change(close, 73), 0.0)","```dsl_fire
result = where(gt(div(sub(pb, xs_mean(pb)), xs_std(pb)), 0.0), pct_change(close, 73), 0.0)
```","```dsl_fire
result = where(gt(ts_xor(pct_change(close, 7), xs_mean(pb)), xs_std(pb)), 3.0)
```",,,1,"c1:score=20,parse=True,exec=False | c2:score=0,parse=False,exec=False | c3:score=20,parse=True,exec=False | c4:score=0,parse=False,exec=False | c5:score=0,parse=False,exec=False",execution_error
code_gen_0225,generalization_time_series,gen_ts_sum_value,请把这个未见过的金融想法转成 `dsl_fire` 代码块，代码块内只写 result 赋值：13 日 PB 日变化求和测试基本面时间序列结构。,"ts_sum(pct_change(pb, 1), 13)","```dsl_fire
result = ts_sum(pct_change(pb, 1), 13)
```","```dsl_fire
result = ts_prod(add(1.0, pct_change(close, 1)), 10)
```",,,1,"c1:score=120,parse=True,exec=True | c2:score=120,parse=True,exec=True | c3:score=120,parse=True,exec=True | c4:score=120,parse=True,exec=True | c5:score=120,parse=True,exec=True",semantic_mismatch
code_gen_0158,generalization_conditional,gen_conditional_xs_open_13,请把这个未见过的金融想法转成 `dsl_fire` 代码块，代码块内只写 result 赋值：只有开盘价横截面标准化值为正时，才保留 13 日动量。,"where(gt(div(sub(open, xs_mean(open)), xs_std(open)), 0.0), pct_change(close, 13), 0.0)","```dsl_fire
result = where(gt(div(sub(open, xs_mean(open)), xs_std(open)), 0.0), pct_change(close, 13), 0.0)
```","```dsl_fire
result = where(gt(div(sub(log(market_cap), xs_mean(log(market_cap))), xs_std(log(market_cap))), xs_mean(div(sub(log(market_cap), xs_mean(log(market_cap))), xs_std(log(market_cap))))), gt(div(sub(volume, ts_
```",,,1,"c1:score=0,parse=False,exec=False | c2:score=0,parse=False,exec=False | c3:score=0,parse=False,exec=False | c4:score=0,parse=False,exec=False | c5:score=0,parse=False,exec=False",parse_error
code_gen_0066,generalization_conditional,gen_value_momentum_gate,请把这个未见过的金融想法转成 `dsl_fire` 代码块，代码块内只写 result 赋值：只有估值便宜且 14 日动量高于市场均值时，才保留价值动量组合。,"where(logical_and(gt(recip(pb), xs_mean(recip(pb))), gt(pct_change(close, 14), xs_mean(pct_change(close, 14)))), add(recip(pb), pct_change(close, 14)), 0.0)","```dsl_fire
result = where(logical_and(gt(recip(pb), xs_mean(recip(pb))), gt(pct_change(close, 14), xs_mean(pct_change(close, 14)))), add(recip(pb), pct_change(close, 14)), 0.0)
```","```dsl_fire
result = where(logical_and(gt(recip(pb), xs_mean(recip(pb))), gt(pct_change(close, 20), xs_mean(pct_change(close, 20)))), add(recip(pb), neg(pct_change(close, 20)), 0.0)
```",,,1,"c1:score=0,parse=False,exec=False | c2:score=0,parse=False,exec=False | c3:score=0,parse=False,exec=False | c4:score=0,parse=False,exec=False | c5:score=0,parse=False,exec=False",parse_error
code_gen_0469,generalization_conditional_paraphrase,gen_logic_not_crowded,请把这个未见过的金融想法转成 `dsl_fire` 代码块，代码块内只写 result 赋值：把这个 alpha 逻辑写成表达式：当换手代理不拥挤时，保留价值和 19 日动量组合。最终只需要一个可执行表达式。,"where(logical_not(gt(div(volume, market_cap), xs_mean(div(volume, market_cap)))), add(recip(pb), pct_change(close, 19)), 0.0)","```dsl_fire
result = where(logical_not(gt(div(volume, market_cap), xs_mean(div(volume, market_cap)))), add(recip(pb), pct_change(close, 19)), 0.0)
```","```dsl_fire
result = where(logical_or(gt(div(volume, market_cap), xs_mean(div(volume, market_cap))), gt(div(volume, market_cap), xs_mean(div(volume, market_cap)))), add(neg(log(market_cap)), div(volume, market_cap)), 0.0)
```",,,1,"c1:score=120,parse=True,exec=True | c2:score=120,parse=True,exec=True | c3:score=120,parse=True,exec=True | c4:score=120,parse=True,exec=True | c5:score=120,parse=True,exec=True",semantic_mismatch
code_gen_0203,generalization_conditional,gen_conditional_xs_vwap_73,请把这个未见过的金融想法转成 `dsl_fire` 代码块，代码块内只写 result 赋值：只有成交量加权平均价横截面标准化值为正时，才保留 73 日动量。,"where(gt(div(sub(vwap, xs_mean(vwap)), xs_std(vwap)), 0.0), pct_change(close, 73), 0.0)","```dsl_fire
result = where(gt(div(sub(vwap, xs_mean(vwap)), xs_std(vwap)), 0.0), pct_change(close, 73), 0.0)
```","```dsl_fire
result = where(gt(ts_xor(pct_change(volume, 7), xs_mean(log(market_cap))), xs_std(log(market_cap))), 0.0)
```",,,4,"c1:score=0,parse=False,exec=False | c2:score=0,parse=False,exec=False | c3:score=0,parse=False,exec=False | c4:score=20,parse=True,exec=False | c5:score=20,parse=True,exec=False",execution_error
code_gen_0021,generalization_unseen_window,gen_unseen_window_reversal,请把这个未见过的金融想法转成 `dsl_fire` 代码块，代码块内只写 result 赋值：过去 25 日涨幅越高，后续均值回归压力越大。,"neg(pct_change(close, 25))","```dsl_fire
result = neg(pct_change(close, 25))
```","```dsl_fire
result = ts_prod(add(1.0, pct_change(close, 1)), 20)
```",,,1,"c1:score=120,parse=True,exec=True | c2:score=120,parse=True,exec=True | c3:score=120,parse=True,exec=True | c4:score=120,parse=True,exec=True | c5:score=120,parse=True,exec=True",semantic_mismatch
code_gen_0128,generalization_time_series,gen_argmax_volume,请把这个未见过的金融想法转成 `dsl_fire` 代码块，代码块内只写 result 赋值：成交量在 17 日窗口内高点越靠近当前，信号越新。,"neg(ts_argmax(volume, 17))","```dsl_fire
result = neg(ts_argmax(volume, 17))
```","```dsl_fire
result = ts_argmax(volume, 10)
```",,,1,"c1:score=120,parse=True,exec=True | c2:score=120,parse=True,exec=True | c3:score=120,parse=True,exec=True | c4:score=120,parse=True,exec=True | c5:score=120,parse=True,exec=True",semantic_mismatch
code_gen_0307,generalization_regression_paraphrase,gen_reg_value_size,请把这个未见过的金融想法转成 `dsl_fire` 代码块，代码块内只写 result 赋值：把这个 alpha 逻辑写成表达式：用 14 日滚动回归提取估值相对市值解释后的残差。不要使用解释文字。,"ts_reg_res(recip(pb), log(market_cap), 14)","```dsl_fire
result = ts_reg_res(recip(pb), log(market_cap), 14)
```","```dsl_fire
result = ts_prod(add(1.0, pct_change(close, 1)), 20)
```",,,1,"c1:score=120,parse=True,exec=True | c2:score=120,parse=True,exec=True | c3:score=120,parse=True,exec=True | c4:score=120,parse=True,exec=True | c5:score=120,parse=True,exec=True",semantic_mismatch
code_gen_0522,generalization_composition_paraphrase,gen_liquidity_adjusted_trend,请把这个未见过的金融想法转成 `dsl_fire` 代码块，代码块内只写 result 赋值：从量化研究角度，价格趋势和流动性同时较强时，趋势可信度更高。不要使用解释文字。,"mul(pct_change(close, 25), log1p(ts_mean(volume, 25)))","```dsl_fire
result = mul(pct_change(close, 25), log1p(ts_mean(volume, 25)))
```","```dsl_fire
result = where(logical_xor(gt(pct_change(close, 20), xs_mean(pct_change(close, 20))), add(recip(pb), neg(pct_change(close, 20))), 0.0)
```",,,1,"c1:score=0,parse=False,exec=False | c2:score=0,parse=False,exec=False | c3:score=0,parse=False,exec=False | c4:score=0,parse=False,exec=False | c5:score=0,parse=False,exec=False",parse_error
code_gen_0435,generalization_conditional_paraphrase,gen_conditional_xs_volume_73,请把这个未见过的金融想法转成 `dsl_fire` 代码块，代码块内只写 result 赋值：从量化研究角度，只有成交量横截面标准化值为正时，才保留 73 日动量。请保持字段和算子命名规范。,"where(gt(div(sub(volume, xs_mean(volume)), xs_std(volume)), 0.0), pct_change(close, 73), 0.0)","```dsl_fire
result = where(gt(div(sub(volume, xs_mean(volume)), xs_std(volume)), 0.0), pct_change(close, 73), 0.0)
```","```dsl_fire
result = where(gt(div(sub(volume, xs_mean(volume, 7)), xs_std(volume)), -1.0), pct_change(close, 7), 0.0)
```",,,1,"c1:score=20,parse=True,exec=False | c2:score=20,parse=True,exec=False | c3:score=20,parse=True,exec=False | c4:score=20,parse=True,exec=False | c5:score=20,parse=True,exec=False",execution_error
code_gen_0396,generalization_cross_section_paraphrase,gen_xs_quantile_open_13,请把这个未见过的金融想法转成 `dsl_fire` 代码块，代码块内只写 result 赋值：从量化研究角度，开盘价相对横截面 75% 分位数的偏离用于测试未见分位结构。注意窗口、方向和字段选择。,"sub(open, xs_quantile(open, 0.75))","```dsl_fire
result = sub(open, xs_quantile(open, 0.75))
```","```dsl_fire
result = sub(div(volume, xs_cap)), xs_sum(volume, 7))
```",,,1,"c1:score=0,parse=False,exec=False | c2:score=0,parse=False,exec=False | c3:score=0,parse=False,exec=False | c4:score=0,parse=False,exec=False | c5:score=0,parse=False,exec=False",parse_error
code_gen_0193,generalization_conditional,gen_conditional_xs_volume_31,请把这个未见过的金融想法转成 `dsl_fire` 代码块，代码块内只写 result 赋值：只有成交量横截面标准化值为正时，才保留 31 日动量。,"where(gt(div(sub(volume, xs_mean(volume)), xs_std(volume)), 0.0), pct_change(close, 31), 0.0)","```dsl_fire
result = where(gt(div(sub(volume, xs_mean(volume)), xs_std(volume)), 0.0), pct_change(close, 31), 0.0)
```","```dsl_fire
result = where(gt(ts_xor(pct_change(close, 3), xs_mean(volume)), 3), 3.0)
```",,,3,"c1:score=0,parse=False,exec=False | c2:score=0,parse=False,exec=False | c3:score=20,parse=True,exec=False | c4:score=20,parse=True,exec=False | c5:score=0,parse=False,exec=False",execution_error
code_gen_0338,generalization_regression_paraphrase,gen_corr_flow_return,请把这个未见过的金融想法转成 `dsl_fire` 代码块，代码块内只写 result 赋值：作为教学样例，用 85 日滚动相关衡量换手代理和日收益同步性。这个想法需要转换为函数式 DSL。,"ts_corr(div(volume, market_cap), pct_change(close, 1), 85)","```dsl_fire
result = ts_corr(div(volume, market_cap), pct_change(close, 1), 85)
```","```dsl_fire
result = ts_std(minimum(pct_change(close, 1), 0.0), 120)
```",,,1,"c1:score=20,parse=True,exec=False | c2:score=20,parse=True,exec=False | c3:score=20,parse=True,exec=False | c4:score=20,parse=True,exec=False | c5:score=20,parse=True,exec=False",execution_error
code_gen_0027,generalization_unseen_window,gen_unseen_window_volume,请把这个未见过的金融想法转成 `dsl_fire` 代码块，代码块内只写 result 赋值：短期成交量相对 35 日均量越高，放量越明显。,"div(ts_mean(volume, 8), ts_mean(volume, 35))","```dsl_fire
result = div(ts_mean(volume, 8), ts_mean(volume, 35))
```","```dsl_fire
result = div(ts_quantile(volume, 3), ts_mean(volume, 3), pct_change(volume, 3))
```",,,1,"c1:score=120,parse=True,exec=True | c2:score=120,parse=True,exec=True | c3:score=120,parse=True,exec=True | c4:score=20,parse=True,exec=False | c5:score=120,parse=True,exec=True",semantic_mismatch
code_gen_0044,generalization_composition,gen_quality_trend,请把这个未见过的金融想法转成 `dsl_fire` 代码块，代码块内只写 result 赋值：同时偏好 35 日风险调整趋势高且收益方差低的股票。,"add(div(pct_change(close, 35), ts_std(pct_change(close, 1), 35)), neg(ts_var(pct_change(close, 1), 35)))","```dsl_fire
result = add(div(pct_change(close, 35), ts_std(pct_change(close, 1), 35)), neg(ts_var(pct_change(close, 1), 35)))
```","```dsl_fire
result = sub(ts_mean(pct_change(close, 1), 3), ts_std(pct_change(close, 1), 90))
```",,,1,"c1:score=120,parse=True,exec=True | c2:score=120,parse=True,exec=True | c3:score=120,parse=True,exec=True | c4:score=120,parse=True,exec=True | c5:score=120,parse=True,exec=True",semantic_mismatch
code_gen_0446,generalization_conditional_paraphrase,gen_conditional_xs_pb_13,请把这个未见过的金融想法转成 `dsl_fire` 代码块，代码块内只写 result 赋值：作为教学样例，只有市净率 PB横截面标准化值为正时，才保留 13 日动量。注意窗口、方向和字段选择。,"where(gt(div(sub(pb, xs_mean(pb)), xs_std(pb)), 0.0), pct_change(close, 13), 0.0)","```dsl_fire
result = where(gt(div(sub(pb, xs_mean(pb)), xs_std(pb)), 0.0), pct_change(close, 13), 0.0)
```","```dsl_fire
result = where(gt(div(sub(volume, ts_mean(volume, 20)), ts_std(shift(volume, 20))), xs_mean(div(volume, market_cap)))
```",,,1,"c1:score=0,parse=False,exec=False | c2:score=0,parse=False,exec=False | c3:score=0,parse=False,exec=False | c4:score=0,parse=False,exec=False | c5:score=0,parse=False,exec=False",parse_error
code_gen_0391,generalization_time_series_paraphrase,gen_argmin_close,请把这个未见过的金融想法转成 `dsl_fire` 代码块，代码块内只写 result 赋值：把这个 alpha 逻辑写成表达式：收盘价在 27 日窗口内低点位置用于描述路径。注意窗口、方向和字段选择。,"ts_argmin(close, 27)","```dsl_fire
result = ts_argmin(close, 27)
```","```dsl_fire
result = ts_win_cumsum(pct_change(close, 1), 2)
```",,,1,"c1:score=120,parse=True,exec=True | c2:score=120,parse=True,exec=True | c3:score=120,parse=True,exec=True | c4:score=120,parse=True,exec=True | c5:score=120,parse=True,exec=True",semantic_mismatch
code_gen_0593,generalization_time_series_paraphrase,gen_argmin_pb,请把这个未见过的金融想法转成 `dsl_fire` 代码块，代码块内只写 result 赋值：作为教学样例，市净率 PB在 38 日窗口内低点位置用于描述路径。这个想法需要转换为函数式 DSL。,"ts_argmin(pb, 38)","```dsl_fire
result = ts_argmin(pb, 38)
```","```dsl_fire
result = div( tsign(pct_change(close, 3), 3), pct_change(volume, 3), 3)
```",,,1,"c1:score=20,parse=True,exec=False | c2:score=20,parse=True,exec=False | c3:score=20,parse=True,exec=False | c4:score=20,parse=True,exec=False | c5:score=20,parse=True,exec=False",execution_error
code_gen_0038,generalization_unseen_window,gen_unseen_window_vol,请把这个未见过的金融想法转成 `dsl_fire` 代码块，代码块内只写 result 赋值：过去 120 日日收益波动越低，稳定性越强。,"neg(ts_std(pct_change(close, 1), 120))","```dsl_fire
result = neg(ts_std(pct_change(close, 1), 120))
```","```dsl_fire
result = neg(ts_varg(pct_change(close, 1), 20))
```",,,1,"c1:score=20,parse=True,exec=False | c2:score=20,parse=True,exec=False | c3:score=20,parse=True,exec=False | c4:score=20,parse=True,exec=False | c5:score=20,parse=True,exec=False",execution_error
code_gen_0510,generalization_unseen_window_paraphrase,gen_unseen_window_vol,请把这个未见过的金融想法转成 `dsl_fire` 代码块，代码块内只写 result 赋值：从量化研究角度，过去 50 日日收益波动越低，稳定性越强。请保持字段和算子命名规范。,"neg(ts_std(pct_change(close, 1), 50))","```dsl_fire
result = neg(ts_std(pct_change(close, 1), 50))
```","```dsl_fire
result = pct_change(close, 10)
```",,,1,"c1:score=120,parse=True,exec=True | c2:score=120,parse=True,exec=True | c3:score=0,parse=False,exec=False | c4:score=120,parse=True,exec=True | c5:score=0,parse=False,exec=False",semantic_mismatch
code_gen_0118,generalization_time_series,gen_argmax_market_cap,请把这个未见过的金融想法转成 `dsl_fire` 代码块，代码块内只写 result 赋值：总市值在 17 日窗口内高点越靠近当前，信号越新。,"neg(ts_argmax(market_cap, 17))","```dsl_fire
result = neg(ts_argmax(market_cap, 17))
```","```dsl_fire
result = ts_argmax(market_cap, 10)
```",,,2,"c1:score=0,parse=False,exec=False | c2:score=120,parse=True,exec=True | c3:score=120,parse=True,exec=True | c4:score=120,parse=True,exec=True | c5:score=120,parse=True,exec=True",semantic_mismatch
code_gen_0591,generalization_time_series_paraphrase,gen_argmin_pb,请把这个未见过的金融想法转成 `dsl_fire` 代码块，代码块内只写 result 赋值：从量化研究角度，市净率 PB在 27 日窗口内低点位置用于描述路径。注意窗口、方向和字段选择。,"ts_argmin(pb, 27)","```dsl_fire
result = ts_argmin(pb, 27)
```","```dsl_fire
result = div(sub(shift(pb, 2)), 2)
```",,,2,"c1:score=0,parse=False,exec=False | c2:score=20,parse=True,exec=False | c3:score=0,parse=False,exec=False | c4:score=0,parse=False,exec=False | c5:score=20,parse=True,exec=False",execution_error
code_gen_0526,generalization_composition_paraphrase,gen_liquidity_adjusted_trend,请把这个未见过的金融想法转成 `dsl_fire` 代码块，代码块内只写 result 赋值：把这个 alpha 逻辑写成表达式：价格趋势和流动性同时较强时，趋势可信度更高。注意窗口、方向和字段选择。,"mul(pct_change(close, 35), log1p(ts_mean(volume, 35)))","```dsl_fire
result = mul(pct_change(close, 35), log1p(ts_mean(volume, 35)))
```","```dsl_fire
result = where(logical_not(gt(log1p(ts_mean(volume, 20)), xs_mean(log1p(ts_mean(volume, 20))))), neg(log1p(ts_mean(volume, 20))))
```",,,4,"c1:score=0,parse=False,exec=False | c2:score=0,parse=False,exec=False | c3:score=0,parse=False,exec=False | c4:score=20,parse=True,exec=False | c5:score=20,parse=True,exec=False",execution_error
code_gen_0340,generalization_group_paraphrase,gen_value_quality_trend,请把这个未见过的金融想法转成 `dsl_fire` 代码块，代码块内只写 result 赋值：把这个 alpha 逻辑写成表达式：行业中性估值便宜且 110 日风险调整动量强的股票更有吸引力。请保持字段和算子命名规范。,"add(div(sub(recip(pb), group_mean(recip(pb), industry)), group_std(recip(pb), industry)), div(pct_change(close, 110), ts_std(pct_change(close, 1), 110)))","```dsl_fire
result = add(div(sub(recip(pb), group_mean(recip(pb), industry)), group_std(recip(pb), industry)), div(pct_change(close, 110), ts_std(pct_change(close, 1), 110)))
```","```dsl_fire
result = ts_std(div(sub(recip(pb), group_mean(recip(pb), industry)), group_std(recip(pb), industry)), div(sub(log(market_cap), group_mean(log(market_cap), industry)), group_std(log(market_cap), industry)), industry))
```",,,1,"c1:score=0,parse=False,exec=False | c2:score=0,parse=False,exec=False | c3:score=0,parse=False,exec=False | c4:score=0,parse=False,exec=False | c5:score=0,parse=False,exec=False",parse_error
code_gen_0395,generalization_time_series_paraphrase,gen_argmin_close,请把这个未见过的金融想法转成 `dsl_fire` 代码块，代码块内只写 result 赋值：作为教学样例，收盘价在 66 日窗口内低点位置用于描述路径。请保持字段和算子命名规范。,"ts_argmin(close, 66)","```dsl_fire
result = ts_argmin(close, 66)
```","```dsl_fire
result = ts_win_cumsum(pct_change(close, 1), 5)
```",,,2,"c1:score=0,parse=False,exec=False | c2:score=120,parse=True,exec=True | c3:score=0,parse=False,exec=False | c4:score=0,parse=False,exec=False | c5:score=0,parse=False,exec=False",semantic_mismatch
code_gen_0448,generalization_conditional_paraphrase,gen_conditional_xs_pb_19,请把这个未见过的金融想法转成 `dsl_fire` 代码块，代码块内只写 result 赋值：把这个 alpha 逻辑写成表达式：只有市净率 PB横截面标准化值为正时，才保留 19 日动量。这个想法需要转换为函数式 DSL。,"where(gt(div(sub(pb, xs_mean(pb)), xs_std(pb)), 0.0), pct_change(close, 19), 0.0)","```dsl_fire
result = where(gt(div(sub(pb, xs_mean(pb)), xs_std(pb)), 0.0), pct_change(close, 19), 0.0)
```","```dsl_fire
result = where(gt(div(sub(pb, xs_mean(pb)), xs_std(pb)), xs_std(pb)), 0.0)
```",,,1,"c1:score=20,parse=True,exec=False | c2:score=20,parse=True,exec=False | c3:score=20,parse=True,exec=False | c4:score=20,parse=True,exec=False | c5:score=20,parse=True,exec=False",execution_error
code_gen_0343,generalization_regression_paraphrase,gen_reg_value_size,请把这个未见过的金融想法转成 `dsl_fire` 代码块，代码块内只写 result 赋值：把这个 alpha 逻辑写成表达式：用 110 日滚动回归提取估值相对市值解释后的残差。这个想法需要转换为函数式 DSL。,"ts_reg_res(recip(pb), log(market_cap), 110)","```dsl_fire
result = ts_reg_res(recip(pb), log(market_cap), 110)
```","```dsl_fire
result = ts_prod(add(1.0, pct_change(close, 1)), 20)
```",,,3,"c1:score=0,parse=False,exec=False | c2:score=0,parse=False,exec=False | c3:score=120,parse=True,exec=True | c4:score=0,parse=False,exec=False | c5:score=0,parse=False,exec=False",semantic_mismatch
code_gen_0047,generalization_composition,gen_industry_value_momentum,请把这个未见过的金融想法转成 `dsl_fire` 代码块，代码块内只写 result 赋值：行业内估值便宜且 35 日动量较强的股票得分更高。,"add(div(sub(recip(pb), group_mean(recip(pb), industry)), group_std(recip(pb), industry)), pct_change(close, 35))","```dsl_fire
result = add(div(sub(recip(pb), group_mean(recip(pb), industry)), group_std(recip(pb), industry)), pct_change(close, 35))
```","```dsl_fire
result = add(div(sub(recip(pb), group_mean(recip(pb), industry)), group_std(recip(pb), industry)), industry)), pct_change(close, 5), 0.0)
```",,,1,"c1:score=0,parse=False,exec=False | c2:score=0,parse=False,exec=False | c3:score=0,parse=False,exec=False | c4:score=0,parse=False,exec=False | c5:score=0,parse=False,exec=False",parse_error
code_gen_0221,generalization_conditional,gen_logic_liquidity_risk_xor,请把这个未见过的金融想法转成 `dsl_fire` 代码块，代码块内只写 result 赋值：流动性强和低风险只有一个成立时保留 13 日动量。,"where(logical_xor(gt(log1p(ts_mean(volume, 13)), xs_mean(log1p(ts_mean(volume, 13)))), le(ts_std(pct_change(close, 1), 13), xs_mean(ts_std(pct_change(close, 1), 13)))), pct_change(close, 13), 0.0)","```dsl_fire
result = where(logical_xor(gt(log1p(ts_mean(volume, 13)), xs_mean(log1p(ts_mean(volume, 13)))), le(ts_std(pct_change(close, 1), 13), xs_mean(ts_std(pct_change(close, 1), 13)))), pct_change(close, 13), 0.0)
```","```dsl_fire
result = where(logical_xor(gt(pct_change(close, 20), xs_mean(pct_change(close, 20))), gt(div(volume, market_cap), xs_mean(div(volume, market_cap)))), pct_change(close, 10), 0.0)
```",,,1,"c1:score=120,parse=True,exec=True | c2:score=120,parse=True,exec=True | c3:score=120,parse=True,exec=True | c4:score=0,parse=False,exec=False | c5:score=120,parse=True,exec=True",semantic_mismatch
code_gen_0240,generalization_unseen_window_paraphrase,gen_unseen_window_momentum,请把这个未见过的金融想法转成 `dsl_fire` 代码块，代码块内只写 result 赋值：从量化研究角度，过去 4 日收盘价收益越高，短期趋势越强。请保持字段和算子命名规范。,"pct_change(close, 4)","```dsl_fire
result = pct_change(close, 4)
```","```dsl_fire
result = pct_change(close, 45)
```",,,1,"c1:score=120,parse=True,exec=True | c2:score=120,parse=True,exec=True | c3:score=120,parse=True,exec=True | c4:score=120,parse=True,exec=True | c5:score=120,parse=True,exec=True",semantic_mismatch
code_gen_0491,generalization_unseen_window_paraphrase,gen_unseen_window_volume,请把这个未见过的金融想法转成 `dsl_fire` 代码块，代码块内只写 result 赋值：作为教学样例，短期成交量相对 8 日均量越高，放量越明显。注意窗口、方向和字段选择。,"div(ts_mean(volume, 2), ts_mean(volume, 8))","```dsl_fire
result = div(ts_mean(volume, 2), ts_mean(volume, 8))
```","```dsl_fire
result = div(sub(volume, ts_last(shift(volume, 1), 10)), ts_last(shift(volume, 1), 10))
```",,,1,"c1:score=120,parse=True,exec=True | c2:score=0,parse=False,exec=False | c3:score=0,parse=False,exec=False | c4:score=120,parse=True,exec=True | c5:score=0,parse=False,exec=False",semantic_mismatch
code_gen_0385,generalization_time_series_paraphrase,gen_argmin_vwap,请把这个未见过的金融想法转成 `dsl_fire` 代码块，代码块内只写 result 赋值：把这个 alpha 逻辑写成表达式：成交量加权平均价在 66 日窗口内低点位置用于描述路径。请保持字段和算子命名规范。,"ts_argmin(vwap, 66)","```dsl_fire
result = ts_argmin(vwap, 66)
```","```dsl_fire
result = ts_argmaxmin(vwap, 10)
```",,,1,"c1:score=120,parse=True,exec=True | c2:score=0,parse=False,exec=False | c3:score=120,parse=True,exec=True | c4:score=120,parse=True,exec=True | c5:score=120,parse=True,exec=True",semantic_mismatch
code_gen_0568,generalization_group_paraphrase,gen_value_quality_trend,请把这个未见过的金融想法转成 `dsl_fire` 代码块，代码块内只写 result 赋值：把这个 alpha 逻辑写成表达式：行业中性估值便宜且 55 日风险调整动量强的股票更有吸引力。这个想法需要转换为函数式 DSL。,"add(div(sub(recip(pb), group_mean(recip(pb), industry)), group_std(recip(pb), industry)), div(pct_change(close, 55), ts_std(pct_change(close, 1), 55)))","```dsl_fire
result = add(div(sub(recip(pb), group_mean(recip(pb), industry)), group_std(recip(pb), industry)), div(pct_change(close, 55), ts_std(pct_change(close, 1), 55)))
```","```dsl_fire
result = ts_std(minimum(pct_change(close, 1), 0.0), 120)
```",,,3,"c1:score=0,parse=False,exec=False | c2:score=0,parse=False,exec=False | c3:score=20,parse=True,exec=False | c4:score=0,parse=False,exec=False | c5:score=0,parse=False,exec=False",execution_error
code_gen_0097,generalization_regression,gen_reg_value_size,请把这个未见过的金融想法转成 `dsl_fire` 代码块，代码块内只写 result 赋值：用 85 日滚动回归提取估值相对市值解释后的残差。,"ts_reg_res(recip(pb), log(market_cap), 85)","```dsl_fire
result = ts_reg_res(recip(pb), log(market_cap), 85)
```","```dsl_fire
result = ts_prod(add(1.0, pct_change(close, 1)), 45)
```",,,1,"c1:score=120,parse=True,exec=True | c2:score=120,parse=True,exec=True | c3:score=120,parse=True,exec=True | c4:score=120,parse=True,exec=True | c5:score=120,parse=True,exec=True",semantic_mismatch
code_gen_0263,generalization_unseen_window_paraphrase,gen_unseen_window_volume,请把这个未见过的金融想法转成 `dsl_fire` 代码块，代码块内只写 result 赋值：作为教学样例，短期成交量相对 25 日均量越高，放量越明显。这个想法需要转换为函数式 DSL。,"div(ts_mean(volume, 6), ts_mean(volume, 25))","```dsl_fire
result = div(ts_mean(volume, 6), ts_mean(volume, 25))
```","```dsl_fire
result = div(ts_std(pct_change(close, 1), 20), ts_mean(ts_std(pct_change(close, 1), 20)))), div(volume, market_cap), 0.0)
```",,,1,"c1:score=0,parse=False,exec=False | c2:score=0,parse=False,exec=False | c3:score=0,parse=False,exec=False | c4:score=0,parse=False,exec=False | c5:score=0,parse=False,exec=False",parse_error
code_gen_0228,generalization_conditional,gen_logic_liquidity_risk_xor,请把这个未见过的金融想法转成 `dsl_fire` 代码块，代码块内只写 result 赋值：流动性强和低风险只有一个成立时保留 19 日动量。,"where(logical_xor(gt(log1p(ts_mean(volume, 19)), xs_mean(log1p(ts_mean(volume, 19)))), le(ts_std(pct_change(close, 1), 19), xs_mean(ts_std(pct_change(close, 1), 19)))), pct_change(close, 19), 0.0)","```dsl_fire
result = where(logical_xor(gt(log1p(ts_mean(volume, 19)), xs_mean(log1p(ts_mean(volume, 19)))), le(ts_std(pct_change(close, 1), 19), xs_mean(ts_std(pct_change(close, 1), 19)))), pct_change(close, 19), 0.0)
```","```dsl_fire
result = where(logical_xor(gt(pct_change(close, 20), xs_mean(pct_change(close, 20))), gt(div(volume, market_cap), xs_mean(div(volume, market_cap)))), pct_change(close, 10), 0.0)
```",,,1,"c1:score=120,parse=True,exec=True | c2:score=120,parse=True,exec=True | c3:score=120,parse=True,exec=True | c4:score=120,parse=True,exec=True | c5:score=120,parse=True,exec=True",semantic_mismatch
code_gen_0180,generalization_cross_section,gen_xs_quantile_low_13,请把这个未见过的金融想法转成 `dsl_fire` 代码块，代码块内只写 result 赋值：最低价相对横截面 75% 分位数的偏离用于测试未见分位结构。,"sub(low, xs_quantile(low, 0.75))","```dsl_fire
result = sub(low, xs_quantile(low, 0.75))
```","```dsl_fire
result = sub(low, xs_quantile(log(market_cap), 0.2))
```",,,1,"c1:score=120,parse=True,exec=True | c2:score=120,parse=True,exec=True | c3:score=0,parse=False,exec=False | c4:score=120,parse=True,exec=True | c5:score=0,parse=False,exec=False",semantic_mismatch
code_gen_0436,generalization_cross_section_paraphrase,gen_xs_quantile_vwap_13,请把这个未见过的金融想法转成 `dsl_fire` 代码块，代码块内只写 result 赋值：把这个 alpha 逻辑写成表达式：成交量加权平均价相对横截面 75% 分位数的偏离用于测试未见分位结构。注意窗口、方向和字段选择。,"sub(vwap, xs_quantile(vwap, 0.75))","```dsl_fire
result = sub(vwap, xs_quantile(vwap, 0.75))
```","```dsl_fire
result = sub(log(market_cap), xs_cap, ts_quantile(vwap, 75)), div(sub(vwap, group_mean(vwap, industry)), group_std(vwap, industry, industry))
```",,,3,"c1:score=0,parse=False,exec=False | c2:score=0,parse=False,exec=False | c3:score=20,parse=True,exec=False | c4:score=20,parse=True,exec=False | c5:score=0,parse=False,exec=False",execution_error
code_gen_0133,generalization_time_series,gen_argmin_volume,请把这个未见过的金融想法转成 `dsl_fire` 代码块，代码块内只写 result 赋值：成交量在 38 日窗口内低点位置用于描述路径。,"ts_argmin(volume, 38)","```dsl_fire
result = ts_argmin(volume, 38)
```","```dsl_fire
result = div(sub(shift(volume, 3, 3)), shift(volume, 3)
```",,,1,"c1:score=0,parse=False,exec=False | c2:score=0,parse=False,exec=False | c3:score=0,parse=False,exec=False | c4:score=0,parse=False,exec=False | c5:score=0,parse=False,exec=False",parse_error
code_gen_0285,generalization_composition_paraphrase,gen_value_momentum,请把这个未见过的金融想法转成 `dsl_fire` 代码块，代码块内只写 result 赋值：从量化研究角度，同时偏好低 PB 估值和 35 日价格动量强的股票。请保持字段和算子命名规范。,"add(recip(pb), pct_change(close, 35))","```dsl_fire
result = add(recip(pb), pct_change(close, 35))
```","```dsl_fire
result = where(sqrt(recip(pb)), pct_change(close, 3), 0.0)
```",,,1,"c1:score=120,parse=True,exec=True | c2:score=120,parse=True,exec=True | c3:score=120,parse=True,exec=True | c4:score=120,parse=True,exec=True | c5:score=120,parse=True,exec=True",semantic_mismatch
code_gen_0312,generalization_conditional_paraphrase,gen_value_momentum_gate,请把这个未见过的金融想法转成 `dsl_fire` 代码块，代码块内只写 result 赋值：从量化研究角度，只有估值便宜且 22 日动量高于市场均值时，才保留价值动量组合。不要使用解释文字。,"where(logical_and(gt(recip(pb), xs_mean(recip(pb))), gt(pct_change(close, 22), xs_mean(pct_change(close, 22)))), add(recip(pb), pct_change(close, 22)), 0.0)","```dsl_fire
result = where(logical_and(gt(recip(pb), xs_mean(recip(pb))), gt(pct_change(close, 22), xs_mean(pct_change(close, 22)))), add(recip(pb), pct_change(close, 22)), 0.0)
```","```dsl_fire
result = where(logical_or(gt(recip(pb), xs_mean(recip(pb))), gt(pct_change(close, 20), xs_mean(pct_change(close, 20)))), add(recip(pb), neg(pct_change(close, 20)), 0.0)
```",,,1,"c1:score=0,parse=False,exec=False | c2:score=0,parse=False,exec=False | c3:score=0,parse=False,exec=False | c4:score=0,parse=False,exec=False | c5:score=0,parse=False,exec=False",parse_error
code_gen_0241,generalization_unseen_window_paraphrase,gen_unseen_window_reversal,请把这个未见过的金融想法转成 `dsl_fire` 代码块，代码块内只写 result 赋值：把这个 alpha 逻辑写成表达式：过去 4 日涨幅越高，后续均值回归压力越大。注意窗口、方向和字段选择。,"neg(pct_change(close, 4))","```dsl_fire
result = neg(pct_change(close, 4))
```","```dsl_fire
result = neg(ts_argmax(log(market_cap, 45)))
```",,,1,"c1:score=20,parse=True,exec=False | c2:score=20,parse=True,exec=False | c3:score=20,parse=True,exec=False | c4:score=20,parse=True,exec=False | c5:score=20,parse=True,exec=False",execution_error
code_gen_0102,generalization_conditional,gen_value_momentum_gate,请把这个未见过的金融想法转成 `dsl_fire` 代码块，代码块内只写 result 赋值：只有估值便宜且 110 日动量高于市场均值时，才保留价值动量组合。,"where(logical_and(gt(recip(pb), xs_mean(recip(pb))), gt(pct_change(close, 110), xs_mean(pct_change(close, 110)))), add(recip(pb), pct_change(close, 110)), 0.0)","```dsl_fire
result = where(logical_and(gt(recip(pb), xs_mean(recip(pb))), gt(pct_change(close, 110), xs_mean(pct_change(close, 110)))), add(recip(pb), pct_change(close, 110)), 0.0)
```","```dsl_fire
result = where(logical_and(gt(recip(pb), xs_mean(recip(pb))), gt(pct_change(close, 20), xs_mean(pct_change(close, 20)))), neg(log(market_cap)), 0.0)
```",,,3,"c1:score=20,parse=True,exec=False | c2:score=20,parse=True,exec=False | c3:score=120,parse=True,exec=True | c4:score=120,parse=True,exec=True | c5:score=0,parse=False,exec=False",semantic_mismatch
code_gen_0438,generalization_conditional_paraphrase,gen_conditional_xs_vwap_13,请把这个未见过的金融想法转成 `dsl_fire` 代码块，代码块内只写 result 赋值：从量化研究角度，只有成交量加权平均价横截面标准化值为正时，才保留 13 日动量。这个想法需要转换为函数式 DSL。,"where(gt(div(sub(vwap, xs_mean(vwap)), xs_std(vwap)), 0.0), pct_change(close, 13), 0.0)","```dsl_fire
result = where(gt(div(sub(vwap, xs_mean(vwap)), xs_std(vwap)), 0.0), pct_change(close, 13), 0.0)
```","```dsl_fire
result = where(gt(div(sub(volume, xs_mean(volume, 20)), xs_std(volume)), -1.0), div(sub(volume, ts_mean(volume, 20)), ts_std(volume, 20)), 0.0)
```",,,1,"c1:score=20,parse=True,exec=False | c2:score=20,parse=True,exec=False | c3:score=20,parse=True,exec=False | c4:score=20,parse=True,exec=False | c5:score=0,parse=False,exec=False",execution_error
code_gen_0335,generalization_conditional_paraphrase,gen_size_liquidity_gate,请把这个未见过的金融想法转成 `dsl_fire` 代码块，代码块内只写 result 赋值：作为教学样例，只有小市值暴露高于市场均值时，才保留 85 日流动性信号。请保持字段和算子命名规范。,"where(gt(neg(log(market_cap)), xs_mean(neg(log(market_cap)))), log1p(ts_mean(volume, 85)), 0.0)","```dsl_fire
result = where(gt(neg(log(market_cap)), xs_mean(neg(log(market_cap)))), log1p(ts_mean(volume, 85)), 0.0)
```","```dsl_fire
result = where(logical_or(gt(neg(log(market_cap)), xs_mean(neg(log(market_cap)))), gt(div(volume, market_cap), xs_mean(div(volume, market_cap)))), add(neg(log(market_cap)), div(volume, market_cap)), 0.0)
```",,,1,"c1:score=120,parse=True,exec=True | c2:score=120,parse=True,exec=True | c3:score=120,parse=True,exec=True | c4:score=120,parse=True,exec=True | c5:score=120,parse=True,exec=True",semantic_mismatch
code_gen_0256,generalization_unseen_window_paraphrase,gen_unseen_window_momentum,请把这个未见过的金融想法转成 `dsl_fire` 代码块，代码块内只写 result 赋值：把这个 alpha 逻辑写成表达式：过去 18 日收盘价收益越高，短期趋势越强。注意窗口、方向和字段选择。,"pct_change(close, 18)","```dsl_fire
result = pct_change(close, 18)
```","```dsl_fire
result = pct_change(close, 5)
```",,,1,"c1:score=120,parse=True,exec=True | c2:score=120,parse=True,exec=True | c3:score=120,parse=True,exec=True | c4:score=120,parse=True,exec=True | c5:score=120,parse=True,exec=True",semantic_mismatch
code_gen_0587,generalization_time_series_paraphrase,gen_argmin_pb,请把这个未见过的金融想法转成 `dsl_fire` 代码块，代码块内只写 result 赋值：作为教学样例，市净率 PB在 11 日窗口内低点位置用于描述路径。不要使用解释文字。,"ts_argmin(pb, 11)","```dsl_fire
result = ts_argmin(pb, 11)
```","```dsl_fire
result = div(ts_cap, ts_last(shift(pb, 1), 5)), div(absolute(pb, ts_mean(volume, 20)), ts_std(volume, 5))
```",,,2,"c1:score=0,parse=False,exec=False | c2:score=20,parse=True,exec=False | c3:score=20,parse=True,exec=False | c4:score=0,parse=False,exec=False | c5:score=0,parse=False,exec=False",execution_error
code_gen_0412,generalization_cross_section_paraphrase,gen_xs_quantile_high_13,请把这个未见过的金融想法转成 `dsl_fire` 代码块，代码块内只写 result 赋值：把这个 alpha 逻辑写成表达式：最高价相对横截面 75% 分位数的偏离用于测试未见分位结构。不要使用解释文字。,"sub(high, xs_quantile(high, 0.75))","```dsl_fire
result = sub(high, xs_quantile(high, 0.75))
```","```dsl_fire
result = sub(div(sub(close, xs_median(close, ts_min(low, 7))), xs_std(pct_change(close, 7))))
```",,,1,"c1:score=20,parse=True,exec=False | c2:score=20,parse=True,exec=False | c3:score=0,parse=False,exec=False | c4:score=20,parse=True,exec=False | c5:score=0,parse=False,exec=False",execution_error
code_gen_0576,generalization_conditional_paraphrase,gen_value_momentum_gate,请把这个未见过的金融想法转成 `dsl_fire` 代码块，代码块内只写 result 赋值：从量化研究角度，只有估值便宜且 85 日动量高于市场均值时，才保留价值动量组合。注意窗口、方向和字段选择。,"where(logical_and(gt(recip(pb), xs_mean(recip(pb))), gt(pct_change(close, 85), xs_mean(pct_change(close, 85)))), add(recip(pb), pct_change(close, 85)), 0.0)","```dsl_fire
result = where(logical_and(gt(recip(pb), xs_mean(recip(pb))), gt(pct_change(close, 85), xs_mean(pct_change(close, 85)))), add(recip(pb), pct_change(close, 85)), 0.0)
```","```dsl_fire
result = where(logical_or(gt(log(market_cap), xs_mean(log(market_cap))), gt(neg(log(market_cap)), xs_mean(neg(log(market_cap))))), add(log(market_cap), div(volume, market_cap)), 0.0)
```",,,1,"c1:score=120,parse=True,exec=True | c2:score=0,parse=False,exec=False | c3:score=20,parse=True,exec=False | c4:score=0,parse=False,exec=False | c5:score=0,parse=False,exec=False",semantic_mismatch
code_gen_0403,generalization_conditional_paraphrase,gen_conditional_xs_open_73,请把这个未见过的金融想法转成 `dsl_fire` 代码块，代码块内只写 result 赋值：把这个 alpha 逻辑写成表达式：只有开盘价横截面标准化值为正时，才保留 73 日动量。这个想法需要转换为函数式 DSL。,"where(gt(div(sub(open, xs_mean(open)), xs_std(open)), 0.0), pct_change(close, 73), 0.0)","```dsl_fire
result = where(gt(div(sub(open, xs_mean(open)), xs_std(open)), 0.0), pct_change(close, 73), 0.0)
```","```dsl_fire
result = where(sign(sign(sign(pct_change(close, 7), xs_mean(volume)), -1.0), pct_change(close, 7), 0.0)
```",,,1,"c1:score=0,parse=False,exec=False | c2:score=0,parse=False,exec=False | c3:score=0,parse=False,exec=False | c4:score=0,parse=False,exec=False | c5:score=0,parse=False,exec=False",parse_error
code_gen_0177,generalization_conditional,gen_conditional_xs_high_31,请把这个未见过的金融想法转成 `dsl_fire` 代码块，代码块内只写 result 赋值：只有最高价横截面标准化值为正时，才保留 31 日动量。,"where(gt(div(sub(high, xs_mean(high)), xs_std(high)), 0.0), pct_change(close, 31), 0.0)","```dsl_fire
result = where(gt(div(sub(high, xs_mean(high)), xs_std(high)), 0.0), pct_change(close, 31), 0.0)
```","```dsl_fire
result = where(gt(div(sub(log(market_cap), xs_mean(log(market_cap))), xs_std(log(market_cap))), -1.0), pct_change(close, 20), 0.0)
```",,,1,"c1:score=120,parse=True,exec=True | c2:score=0,parse=False,exec=False | c3:score=0,parse=False,exec=False | c4:score=0,parse=False,exec=False | c5:score=120,parse=True,exec=True",semantic_mismatch
code_gen_0550,generalization_group_paraphrase,gen_value_quality_trend,请把这个未见过的金融想法转成 `dsl_fire` 代码块，代码块内只写 result 赋值：把这个 alpha 逻辑写成表达式：行业中性估值便宜且 22 日风险调整动量强的股票更有吸引力。请保持字段和算子命名规范。,"add(div(sub(recip(pb), group_mean(recip(pb), industry)), group_std(recip(pb), industry)), div(pct_change(close, 22), ts_std(pct_change(close, 1), 22)))","```dsl_fire
result = add(div(sub(recip(pb), group_mean(recip(pb), industry)), group_std(recip(pb), industry)), div(pct_change(close, 22), ts_std(pct_change(close, 1), 22)))
```","```dsl_fire
result = div(div(sub(recip(pb), group_mean(recip(pb), industry)), group_std(recip(pb), industry)), div(sub(log(market_cap), group_mean(log(market_cap), industry)), group_std(log(market_cap), industry)), industry))
```",,,1,"c1:score=0,parse=False,exec=False | c2:score=0,parse=False,exec=False | c3:score=0,parse=False,exec=False | c4:score=0,parse=False,exec=False | c5:score=0,parse=False,exec=False",parse_error
code_gen_0135,generalization_time_series,gen_argmin_volume,请把这个未见过的金融想法转成 `dsl_fire` 代码块，代码块内只写 result 赋值：成交量在 66 日窗口内低点位置用于描述路径。,"ts_argmin(volume, 66)","```dsl_fire
result = ts_argmin(volume, 66)
```","```dsl_fire
result = ts_win_cumsum(pct_change(volume, 1), 20)
```",,,1,"c1:score=120,parse=True,exec=True | c2:score=120,parse=True,exec=True | c3:score=120,parse=True,exec=True | c4:score=120,parse=True,exec=True | c5:score=120,parse=True,exec=True",semantic_mismatch
code_gen_0538,generalization_conditional_paraphrase,gen_size_liquidity_gate,请把这个未见过的金融想法转成 `dsl_fire` 代码块，代码块内只写 result 赋值：把这个 alpha 逻辑写成表达式：只有小市值暴露高于市场均值时，才保留 9 日流动性信号。这个想法需要转换为函数式 DSL。,"where(gt(neg(log(market_cap)), xs_mean(neg(log(market_cap)))), log1p(ts_mean(volume, 9)), 0.0)","```dsl_fire
result = where(gt(neg(log(market_cap)), xs_mean(neg(log(market_cap)))), log1p(ts_mean(volume, 9)), 0.0)
```","```dsl_fire
result = where(logical_and(gt(neg(log(market_cap)), xs_mean(neg(log(market_cap)))), gt(log1p(ts_mean(volume, 20)), xs_mean(log1p(ts_mean(volume, 20))))), neg(log(market_cap)), 0.0)
```",,,3,"c1:score=20,parse=True,exec=False | c2:score=0,parse=False,exec=False | c3:score=120,parse=True,exec=True | c4:score=0,parse=False,exec=False | c5:score=20,parse=True,exec=False",semantic_mismatch
code_gen_0426,generalization_conditional_paraphrase,gen_conditional_xs_low_47,请把这个未见过的金融想法转成 `dsl_fire` 代码块，代码块内只写 result 赋值：从量化研究角度，只有最低价横截面标准化值为正时，才保留 47 日动量。注意窗口、方向和字段选择。,"where(gt(div(sub(low, xs_mean(low)), xs_std(low)), 0.0), pct_change(close, 47), 0.0)","```dsl_fire
result = where(gt(div(sub(low, xs_mean(low)), xs_std(low)), 0.0), pct_change(close, 47), 0.0)
```","```dsl_fire
result = where(gt(div(sub(volume, xs_mean(volume, 7)), xs_std(volume)), -1.0), div(sub(volume, ts_mean(volume, 7)), ts_std(volume, 7)), 2.0)
```",,,3,"c1:score=0,parse=False,exec=False | c2:score=0,parse=False,exec=False | c3:score=20,parse=True,exec=False | c4:score=0,parse=False,exec=False | c5:score=0,parse=False,exec=False",execution_error
code_gen_0125,generalization_time_series,gen_argmin_market_cap,请把这个未见过的金融想法转成 `dsl_fire` 代码块，代码块内只写 result 赋值：总市值在 66 日窗口内低点位置用于描述路径。,"ts_argmin(market_cap, 66)","```dsl_fire
result = ts_argmin(market_cap, 66)
```","```dsl_fire
result = ts_win_cumsum(pct_change(close, 1), 20)
```",,,1,"c1:score=120,parse=True,exec=True | c2:score=120,parse=True,exec=True | c3:score=120,parse=True,exec=True | c4:score=120,parse=True,exec=True | c5:score=120,parse=True,exec=True",semantic_mismatch
code_gen_0208,generalization_conditional,gen_conditional_xs_pb_19,请把这个未见过的金融想法转成 `dsl_fire` 代码块，代码块内只写 result 赋值：只有市净率 PB横截面标准化值为正时，才保留 19 日动量。,"where(gt(div(sub(pb, xs_mean(pb)), xs_std(pb)), 0.0), pct_change(close, 19), 0.0)","```dsl_fire
result = where(gt(div(sub(pb, xs_mean(pb)), xs_std(pb)), 0.0), pct_change(close, 19), 0.0)
```","```dsl_fire
result = where(gt(sqrt(recip(pb)), xs_mean(sqrt(recip(pb)))), neg(log(market_cap)), 0.0)
```",,,1,"c1:score=120,parse=True,exec=True | c2:score=120,parse=True,exec=True | c3:score=120,parse=True,exec=True | c4:score=120,parse=True,exec=True | c5:score=120,parse=True,exec=True",semantic_mismatch
code_gen_0439,generalization_conditional_paraphrase,gen_mask_group_vwap_13,请把这个未见过的金融想法转成 `dsl_fire` 代码块，代码块内只写 result 赋值：把这个 alpha 逻辑写成表达式：只有成交量加权平均价不低于行业均值时，才保留行业标准化信号。最终只需要一个可执行表达式。,"mask(div(sub(vwap, group_mean(vwap, industry)), group_std(vwap, industry)), ge(vwap, group_mean(vwap, industry)), 0.0)","```dsl_fire
result = mask(div(sub(vwap, group_mean(vwap, industry)), group_std(vwap, industry)), ge(vwap, group_mean(vwap, industry)), 0.0)
```","```dsl_fire
result = where(logical_or(gt(log(market_cap), group_mean(log(market_cap), industry)), group_std(log(market_cap), industry)), neg(div(sub(volume, vwap), group_mean(volume, industry)), group_std(volume, industry)), 0.0)
```",,,3,"c1:score=0,parse=False,exec=False | c2:score=0,parse=False,exec=False | c3:score=20,parse=True,exec=False | c4:score=0,parse=False,exec=False | c5:score=0,parse=False,exec=False",execution_error
code_gen_0130,generalization_time_series,gen_argmax_volume,请把这个未见过的金融想法转成 `dsl_fire` 代码块，代码块内只写 result 赋值：成交量在 27 日窗口内高点越靠近当前，信号越新。,"neg(ts_argmax(volume, 27))","```dsl_fire
result = neg(ts_argmax(volume, 27))
```","```dsl_fire
result = neg(ts_argmax(volume, 2))
```",,,1,"c1:score=120,parse=True,exec=True | c2:score=20,parse=True,exec=False | c3:score=120,parse=True,exec=True | c4:score=120,parse=True,exec=True | c5:score=20,parse=True,exec=False",semantic_mismatch
code_gen_0478,generalization_time_series_paraphrase,gen_ts_prod_turnover,请把这个未见过的金融想法转成 `dsl_fire` 代码块，代码块内只写 result 赋值：把这个 alpha 逻辑写成表达式：31 日成交量变化加一后连乘测试未见时间聚合结构。这个想法需要转换为函数式 DSL。,"ts_prod(add(1.0, pct_change(volume, 1)), 31)","```dsl_fire
result = ts_prod(add(1.0, pct_change(volume, 1)), 31)
```","```dsl_fire
result = ts_prod(add(1.0, pct_change(volume, 1)), 3)
```",,,1,"c1:score=120,parse=True,exec=True | c2:score=120,parse=True,exec=True | c3:score=120,parse=True,exec=True | c4:score=120,parse=True,exec=True | c5:score=120,parse=True,exec=True",semantic_mismatch
code_gen_0546,generalization_conditional_paraphrase,gen_value_momentum_gate,请把这个未见过的金融想法转成 `dsl_fire` 代码块，代码块内只写 result 赋值：从量化研究角度，只有估值便宜且 14 日动量高于市场均值时，才保留价值动量组合。注意窗口、方向和字段选择。,"where(logical_and(gt(recip(pb), xs_mean(recip(pb))), gt(pct_change(close, 14), xs_mean(pct_change(close, 14)))), add(recip(pb), pct_change(close, 14)), 0.0)","```dsl_fire
result = where(logical_and(gt(recip(pb), xs_mean(recip(pb))), gt(pct_change(close, 14), xs_mean(pct_change(close, 14)))), add(recip(pb), pct_change(close, 14)), 0.0)
```","```dsl_fire
result = where(logical_or(gt(log(market_cap), xs_mean(log(market_cap))), gt(neg(log(market_cap)), xs_mean(neg(log(market_cap))))), add(log(market_cap), div(volume, market_cap)), 0.0)
```",,,1,"c1:score=120,parse=True,exec=True | c2:score=120,parse=True,exec=True | c3:score=0,parse=False,exec=False | c4:score=120,parse=True,exec=True | c5:score=0,parse=False,exec=False",semantic_mismatch
code_gen_0184,generalization_conditional,gen_conditional_xs_low_19,请把这个未见过的金融想法转成 `dsl_fire` 代码块，代码块内只写 result 赋值：只有最低价横截面标准化值为正时，才保留 19 日动量。,"where(gt(div(sub(low, xs_mean(low)), xs_std(low)), 0.0), pct_change(close, 19), 0.0)","```dsl_fire
result = where(gt(div(sub(low, xs_mean(low)), xs_std(low)), 0.0), pct_change(close, 19), 0.0)
```","```dsl_fire
result = where(gt(div(sub(log(market_cap), xs_mean(log(market_cap))), xs_std(log(market_cap))), xs_mean(div(sub(log(market_cap), xs_mean(log(market_cap))), xs_std(log(market_cap))))), gt(div(volume, market_cap), x
```",,,1,"c1:score=0,parse=False,exec=False | c2:score=0,parse=False,exec=False | c3:score=0,parse=False,exec=False | c4:score=0,parse=False,exec=False | c5:score=0,parse=False,exec=False",parse_error
code_gen_0091,generalization_regression,gen_reg_value_size,请把这个未见过的金融想法转成 `dsl_fire` 代码块，代码块内只写 result 赋值：用 55 日滚动回归提取估值相对市值解释后的残差。,"ts_reg_res(recip(pb), log(market_cap), 55)","```dsl_fire
result = ts_reg_res(recip(pb), log(market_cap), 55)
```","```dsl_fire
result = ts_prod(add(1.0, pct_change(close, 1)), 5)
```",,,2,"c1:score=0,parse=False,exec=False | c2:score=120,parse=True,exec=True | c3:score=20,parse=True,exec=False | c4:score=0,parse=False,exec=False | c5:score=0,parse=False,exec=False",semantic_mismatch
code_gen_0353,generalization_time_series_paraphrase,gen_argmin_pb,请把这个未见过的金融想法转成 `dsl_fire` 代码块，代码块内只写 result 赋值：作为教学样例，市净率 PB在 38 日窗口内低点位置用于描述路径。这个想法需要转换为函数式 DSL。,"ts_argmin(pb, 38)","```dsl_fire
result = ts_argmin(pb, 38)
```","```dsl_fire
result = div( tsign(pct_change(close, 3), 3), sub(ts_max(volume, 3), ts_mean(volume, 20)))
```",,,1,"c1:score=20,parse=True,exec=False | c2:score=20,parse=True,exec=False | c3:score=20,parse=True,exec=False | c4:score=20,parse=True,exec=False | c5:score=20,parse=True,exec=False",execution_error
code_gen_0319,generalization_regression_paraphrase,gen_reg_value_size,请把这个未见过的金融想法转成 `dsl_fire` 代码块，代码块内只写 result 赋值：把这个 alpha 逻辑写成表达式：用 28 日滚动回归提取估值相对市值解释后的残差。最终只需要一个可执行表达式。,"ts_reg_res(recip(pb), log(market_cap), 28)","```dsl_fire
result = ts_reg_res(recip(pb), log(market_cap), 28)
```","```dsl_fire
result = ts_reg_res(logical_mean(lt(volume, ts_mean(volume, 20)), div(volume, market_cap), pct_change(close, 20)), 0.0)
```",,,4,"c1:score=0,parse=False,exec=False | c2:score=0,parse=False,exec=False | c3:score=0,parse=False,exec=False | c4:score=20,parse=True,exec=False | c5:score=0,parse=False,exec=False",execution_error
code_gen_0245,generalization_unseen_window_paraphrase,gen_unseen_window_reversal,请把这个未见过的金融想法转成 `dsl_fire` 代码块，代码块内只写 result 赋值：作为教学样例，过去 6 日涨幅越高，后续均值回归压力越大。请保持字段和算子命名规范。,"neg(pct_change(close, 6))","```dsl_fire
result = neg(pct_change(close, 6))
```","```dsl_fire
result = div(ts_std(pct_change(close, 1), 20), ts_mean(ts_std(pct_change(close, 1), 20)))
```",,,3,"c1:score=0,parse=False,exec=False | c2:score=0,parse=False,exec=False | c3:score=120,parse=True,exec=True | c4:score=120,parse=True,exec=True | c5:score=0,parse=False,exec=False",semantic_mismatch
code_gen_0147,generalization_time_series,gen_argmin_close,请把这个未见过的金融想法转成 `dsl_fire` 代码块，代码块内只写 result 赋值：收盘价在 11 日窗口内低点位置用于描述路径。,"ts_argmin(close, 11)","```dsl_fire
result = ts_argmin(close, 11)
```","```dsl_fire
result = ts_win_cumsum(pct_change(close, 1), 20)
```",,,1,"c1:score=120,parse=True,exec=True | c2:score=120,parse=True,exec=True | c3:score=120,parse=True,exec=True | c4:score=120,parse=True,exec=True | c5:score=120,parse=True,exec=True",semantic_mismatch
code_gen_0524,generalization_composition_paraphrase,gen_quality_trend,请把这个未见过的金融想法转成 `dsl_fire` 代码块，代码块内只写 result 赋值：作为教学样例，同时偏好 35 日风险调整趋势高且收益方差低的股票。最终只需要一个可执行表达式。,"add(div(pct_change(close, 35), ts_std(pct_change(close, 1), 35)), neg(ts_var(pct_change(close, 1), 35)))","```dsl_fire
result = add(div(pct_change(close, 35), ts_std(pct_change(close, 1), 35)), neg(ts_var(pct_change(close, 1), 35)))
```","```dsl_fire
result = div(ts_std(pct_change(close, 1), 3), ts_mean(ts_std(pct_change(close, 1), 5), 5))
```",,,1,"c1:score=120,parse=True,exec=True | c2:score=20,parse=True,exec=False | c3:score=20,parse=True,exec=False | c4:score=0,parse=False,exec=False | c5:score=120,parse=True,exec=True",semantic_mismatch
code_gen_0207,generalization_conditional,gen_mask_group_pb_13,请把这个未见过的金融想法转成 `dsl_fire` 代码块，代码块内只写 result 赋值：只有市净率 PB不低于行业均值时，才保留行业标准化信号。,"mask(div(sub(pb, group_mean(pb, industry)), group_std(pb, industry)), ge(pb, group_mean(pb, industry)), 0.0)","```dsl_fire
result = mask(div(sub(pb, group_mean(pb, industry)), group_std(pb, industry)), ge(pb, group_mean(pb, industry)), 0.0)
```","```dsl_fire
result = where(gt(pb, group_mean(pb, industry)), neg(div(sub(pb, group_mean(pb, industry)), group_std(volume, industry)), group_std(div(sub(pb, vwap), vwap), industry)), 0.0)
```",,,3,"c1:score=0,parse=False,exec=False | c2:score=0,parse=False,exec=False | c3:score=20,parse=True,exec=False | c4:score=0,parse=False,exec=False | c5:score=0,parse=False,exec=False",execution_error
code_gen_0104,generalization_regression,gen_corr_flow_return,请把这个未见过的金融想法转成 `dsl_fire` 代码块，代码块内只写 result 赋值：用 110 日滚动相关衡量换手代理和日收益同步性。,"ts_corr(div(volume, market_cap), pct_change(close, 1), 110)","```dsl_fire
result = ts_corr(div(volume, market_cap), pct_change(close, 1), 110)
```","```dsl_fire
result = ts_corr(pct_change(close, 1), 20)
```",,,1,"c1:score=20,parse=True,exec=False | c2:score=20,parse=True,exec=False | c3:score=20,parse=True,exec=False | c4:score=20,parse=True,exec=False | c5:score=20,parse=True,exec=False",execution_error
code_gen_0360,generalization_time_series_paraphrase,gen_argmax_market_cap,请把这个未见过的金融想法转成 `dsl_fire` 代码块，代码块内只写 result 赋值：从量化研究角度，总市值在 27 日窗口内高点越靠近当前，信号越新。请保持字段和算子命名规范。,"neg(ts_argmax(market_cap, 27))","```dsl_fire
result = neg(ts_argmax(market_cap, 27))
```","```dsl_fire
result = sub(ts_prod(add(1.0, pct_change(close, 1)), 2), 2)
```",,,1,"c1:score=120,parse=True,exec=True | c2:score=120,parse=True,exec=True | c3:score=0,parse=False,exec=False | c4:score=0,parse=False,exec=False | c5:score=0,parse=False,exec=False",semantic_mismatch
code_gen_0558,generalization_conditional_paraphrase,gen_value_momentum_gate,请把这个未见过的金融想法转成 `dsl_fire` 代码块，代码块内只写 result 赋值：从量化研究角度，只有估值便宜且 28 日动量高于市场均值时，才保留价值动量组合。这个想法需要转换为函数式 DSL。,"where(logical_and(gt(recip(pb), xs_mean(recip(pb))), gt(pct_change(close, 28), xs_mean(pct_change(close, 28)))), add(recip(pb), pct_change(close, 28)), 0.0)","```dsl_fire
result = where(logical_and(gt(recip(pb), xs_mean(recip(pb))), gt(pct_change(close, 28), xs_mean(pct_change(close, 28)))), add(recip(pb), pct_change(close, 28)), 0.0)
```","```dsl_fire
result = where(logical_xor(gt(recip(pb), xs_mean(recip(pb))), gt(recip(pb), xs_mean(recip(pb)))), div(absolute(pct_change(close, 20)), ts_std(pct_change(close, 1), 20)), 0.0)
```",,,1,"c1:score=20,parse=True,exec=False | c2:score=0,parse=False,exec=False | c3:score=0,parse=False,exec=False | c4:score=0,parse=False,exec=False | c5:score=0,parse=False,exec=False",execution_error
code_gen_0079,generalization_regression,gen_reg_value_size,请把这个未见过的金融想法转成 `dsl_fire` 代码块，代码块内只写 result 赋值：用 28 日滚动回归提取估值相对市值解释后的残差。,"ts_reg_res(recip(pb), log(market_cap), 28)","```dsl_fire
result = ts_reg_res(recip(pb), log(market_cap), 28)
```","```dsl_fire
result = ts_prod(add(1.0, pct_change(close, 1)), 2)
```",,,1,"c1:score=120,parse=True,exec=True | c2:score=120,parse=True,exec=True | c3:score=120,parse=True,exec=True | c4:score=0,parse=False,exec=False | c5:score=120,parse=True,exec=True",semantic_mismatch
code_gen_0322,generalization_group_paraphrase,gen_value_quality_trend,请把这个未见过的金融想法转成 `dsl_fire` 代码块，代码块内只写 result 赋值：把这个 alpha 逻辑写成表达式：行业中性估值便宜且 42 日风险调整动量强的股票更有吸引力。不要使用解释文字。,"add(div(sub(recip(pb), group_mean(recip(pb), industry)), group_std(recip(pb), industry)), div(pct_change(close, 42), ts_std(pct_change(close, 1), 42)))","```dsl_fire
result = add(div(sub(recip(pb), group_mean(recip(pb), industry)), group_std(recip(pb), industry)), div(pct_change(close, 42), ts_std(pct_change(close, 1), 42)))
```","```dsl_fire
result = div(log(market_cap), group_mean(log(market_cap), industry)), div(sub(log(market_cap), group_mean(log(market_cap), industry)), group_std(log(market_cap), industry))))
```",,,1,"c1:score=0,parse=False,exec=False | c2:score=0,parse=False,exec=False | c3:score=0,parse=False,exec=False | c4:score=0,parse=False,exec=False | c5:score=0,parse=False,exec=False",parse_error
code_gen_0168,generalization_conditional,gen_conditional_xs_close_19,请把这个未见过的金融想法转成 `dsl_fire` 代码块，代码块内只写 result 赋值：只有收盘价横截面标准化值为正时，才保留 19 日动量。,"where(gt(div(sub(close, xs_mean(close)), xs_std(close)), 0.0), pct_change(close, 19), 0.0)","```dsl_fire
result = where(gt(div(sub(close, xs_mean(close)), xs_std(close)), 0.0), pct_change(close, 19), 0.0)
```","```dsl_fire
result = where(gt(div(sub(log(market_cap), xs_mean(log(market_cap))), xs_std(log(market_cap))), xs_mean(div(sub(log(market_cap), xs_mean(log(market_cap))), xs_std(log(market_cap))))), gt(pct_change(close, 20), 0
```",,,1,"c1:score=0,parse=False,exec=False | c2:score=0,parse=False,exec=False | c3:score=0,parse=False,exec=False | c4:score=0,parse=False,exec=False | c5:score=0,parse=False,exec=False",parse_error
code_gen_0058,generalization_conditional,gen_size_liquidity_gate,请把这个未见过的金融想法转成 `dsl_fire` 代码块，代码块内只写 result 赋值：只有小市值暴露高于市场均值时，才保留 9 日流动性信号。,"where(gt(neg(log(market_cap)), xs_mean(neg(log(market_cap)))), log1p(ts_mean(volume, 9)), 0.0)","```dsl_fire
result = where(gt(neg(log(market_cap)), xs_mean(neg(log(market_cap)))), log1p(ts_mean(volume, 9)), 0.0)
```","```dsl_fire
result = where(logical_xor(gt(neg(log(market_cap)), xs_mean(neg(log(market_cap)))), gt(log(market_cap), xs_mean(log(market_cap)))), log1p(ts_mean(volume, 20)), 0.0)
```",,,1,"c1:score=120,parse=True,exec=True | c2:score=120,parse=True,exec=True | c3:score=0,parse=False,exec=False | c4:score=120,parse=True,exec=True | c5:score=120,parse=True,exec=True",semantic_mismatch
code_gen_0476,generalization_conditional_paraphrase,gen_logic_not_crowded,请把这个未见过的金融想法转成 `dsl_fire` 代码块，代码块内只写 result 赋值：作为教学样例，当换手代理不拥挤时，保留价值和 31 日动量组合。注意窗口、方向和字段选择。,"where(logical_not(gt(div(volume, market_cap), xs_mean(div(volume, market_cap)))), add(recip(pb), pct_change(close, 31)), 0.0)","```dsl_fire
result = where(logical_not(gt(div(volume, market_cap), xs_mean(div(volume, market_cap)))), add(recip(pb), pct_change(close, 31)), 0.0)
```","```dsl_fire
result = where(logical_or(gt(neg(log(market_cap)), xs_mean(neg(log(market_cap)))), eg(pct_change(close, 20), 0.0)), 0.0)
```",,,1,"c1:score=20,parse=True,exec=False | c2:score=20,parse=True,exec=False | c3:score=20,parse=True,exec=False | c4:score=20,parse=True,exec=False | c5:score=20,parse=True,exec=False",execution_error
code_gen_0578,generalization_regression_paraphrase,gen_corr_flow_return,请把这个未见过的金融想法转成 `dsl_fire` 代码块，代码块内只写 result 赋值：作为教学样例，用 85 日滚动相关衡量换手代理和日收益同步性。这个想法需要转换为函数式 DSL。,"ts_corr(div(volume, market_cap), pct_change(close, 1), 85)","```dsl_fire
result = ts_corr(div(volume, market_cap), pct_change(close, 1), 85)
```","```dsl_fire
result = ts_std(minimum(pct_change(close, 1), 0.0), 120)
```",,,1,"c1:score=20,parse=True,exec=False | c2:score=20,parse=True,exec=False | c3:score=20,parse=True,exec=False | c4:score=20,parse=True,exec=False | c5:score=20,parse=True,exec=False",execution_error
code_gen_0315,generalization_time_series_paraphrase,gen_quantile_value,请把这个未见过的金融想法转成 `dsl_fire` 代码块，代码块内只写 result 赋值：从量化研究角度，估值便宜程度高于自身 22 日 70% 分位数越多，价值信号越突出。请保持字段和算子命名规范。,"sub(recip(pb), ts_quantile(recip(pb), 22, 0.7))","```dsl_fire
result = sub(recip(pb), ts_quantile(recip(pb), 22, 0.7))
```","```dsl_fire
result = div(sub(close, ts_min(low, 7)), sub(ts_max(high, 7), ts_min(low, 20)))
```",,,1,"c1:score=120,parse=True,exec=True | c2:score=120,parse=True,exec=True | c3:score=120,parse=True,exec=True | c4:score=120,parse=True,exec=True | c5:score=120,parse=True,exec=True",semantic_mismatch
code_gen_0547,generalization_regression_paraphrase,gen_reg_value_size,请把这个未见过的金融想法转成 `dsl_fire` 代码块，代码块内只写 result 赋值：把这个 alpha 逻辑写成表达式：用 14 日滚动回归提取估值相对市值解释后的残差。不要使用解释文字。,"ts_reg_res(recip(pb), log(market_cap), 14)","```dsl_fire
result = ts_reg_res(recip(pb), log(market_cap), 14)
```","```dsl_fire
result = ts_reg_res(recip(pb), log(market_cap), 20)
```",,,1,"c1:score=120,parse=True,exec=True | c2:score=120,parse=True,exec=True | c3:score=120,parse=True,exec=True | c4:score=120,parse=True,exec=True | c5:score=120,parse=True,exec=True",semantic_mismatch
code_gen_0350,generalization_time_series_paraphrase,gen_argmax_pb,请把这个未见过的金融想法转成 `dsl_fire` 代码块，代码块内只写 result 赋值：作为教学样例，市净率 PB在 27 日窗口内高点越靠近当前，信号越新。请保持字段和算子命名规范。,"neg(ts_argmax(pb, 27))","```dsl_fire
result = neg(ts_argmax(pb, 27))
```","```dsl_fire
result = div(ts_argmax(volume, 2)), ts_sum(ge(shift(volume, 1), 2))
```",,,2,"c1:score=0,parse=False,exec=False | c2:score=20,parse=True,exec=False | c3:score=0,parse=False,exec=False | c4:score=20,parse=True,exec=False | c5:score=20,parse=True,exec=False",execution_error
code_gen_0162,generalization_conditional,gen_conditional_xs_open_47,请把这个未见过的金融想法转成 `dsl_fire` 代码块，代码块内只写 result 赋值：只有开盘价横截面标准化值为正时，才保留 47 日动量。,"where(gt(div(sub(open, xs_mean(open)), xs_std(open)), 0.0), pct_change(close, 47), 0.0)","```dsl_fire
result = where(gt(div(sub(open, xs_mean(open)), xs_std(open)), 0.0), pct_change(close, 47), 0.0)
```","```dsl_fire
result = where(gt(div(sub(log(market_cap), xs_mean(log(market_cap))), xs_std(log(market_cap))), xs_mean(div(sub(log(market_cap), xs_mean(log(market_cap))), xs_std(log(market_cap))))), gt(div(sub(volume, ts_
```",,,1,"c1:score=0,parse=False,exec=False | c2:score=0,parse=False,exec=False | c3:score=0,parse=False,exec=False | c4:score=0,parse=False,exec=False | c5:score=0,parse=False,exec=False",parse_error
code_gen_0146,generalization_time_series,gen_argmax_close,请把这个未见过的金融想法转成 `dsl_fire` 代码块，代码块内只写 result 赋值：收盘价在 11 日窗口内高点越靠近当前，信号越新。,"neg(ts_argmax(close, 11))","```dsl_fire
result = neg(ts_argmax(close, 11))
```","```dsl_fire
result = ts_win_cumsum(pct_change(close, 1), 10)
```",,,1,"c1:score=120,parse=True,exec=True | c2:score=120,parse=True,exec=True | c3:score=120,parse=True,exec=True | c4:score=120,parse=True,exec=True | c5:score=120,parse=True,exec=True",semantic_mismatch
code_gen_0584,generalization_regression_paraphrase,gen_corr_flow_return,请把这个未见过的金融想法转成 `dsl_fire` 代码块，代码块内只写 result 赋值：作为教学样例，用 110 日滚动相关衡量换手代理和日收益同步性。最终只需要一个可执行表达式。,"ts_corr(div(volume, market_cap), pct_change(close, 1), 110)","```dsl_fire
result = ts_corr(div(volume, market_cap), pct_change(close, 1), 110)
```","```dsl_fire
result = ts_prod(add(1.0, pct_change(close, 1)), 20)
```",,,1,"c1:score=120,parse=True,exec=True | c2:score=120,parse=True,exec=True | c3:score=120,parse=True,exec=True | c4:score=120,parse=True,exec=True | c5:score=120,parse=True,exec=True",semantic_mismatch
code_gen_0483,generalization_unseen_window_paraphrase,gen_unseen_window_volume,请把这个未见过的金融想法转成 `dsl_fire` 代码块，代码块内只写 result 赋值：从量化研究角度，短期成交量相对 4 日均量越高，放量越明显。这个想法需要转换为函数式 DSL。,"div(ts_mean(volume, 2), ts_mean(volume, 4))","```dsl_fire
result = div(ts_mean(volume, 2), ts_mean(volume, 4))
```","```dsl_fire
result = sub(ts_std(pct_change(close, 1), 20), ts_std(pct_change(close, 1), 45))
```",,,1,"c1:score=120,parse=True,exec=True | c2:score=20,parse=True,exec=False | c3:score=20,parse=True,exec=False | c4:score=20,parse=True,exec=False | c5:score=20,parse=True,exec=False",semantic_mismatch
code_gen_0043,generalization_composition,gen_industry_value_momentum,请把这个未见过的金融想法转成 `dsl_fire` 代码块，代码块内只写 result 赋值：行业内估值便宜且 25 日动量较强的股票得分更高。,"add(div(sub(recip(pb), group_mean(recip(pb), industry)), group_std(recip(pb), industry)), pct_change(close, 25))","```dsl_fire
result = add(div(sub(recip(pb), group_mean(recip(pb), industry)), group_std(recip(pb), industry)), pct_change(close, 25))
```","```dsl_fire
result = add(pct_change(close, 20), pct_change(close, 20), 0.0)
```",,,1,"c1:score=20,parse=True,exec=False | c2:score=20,parse=True,exec=False | c3:score=20,parse=True,exec=False | c4:score=20,parse=True,exec=False | c5:score=20,parse=True,exec=False",execution_error
code_gen_0404,generalization_cross_section_paraphrase,gen_xs_quantile_close_13,请把这个未见过的金融想法转成 `dsl_fire` 代码块，代码块内只写 result 赋值：作为教学样例，收盘价相对横截面 75% 分位数的偏离用于测试未见分位结构。最终只需要一个可执行表达式。,"sub(close, xs_quantile(close, 0.75))","```dsl_fire
result = sub(close, xs_quantile(close, 0.75))
```","```dsl_fire
result = div(sub(close, xs_mean(close)), xs_std(close, 7))
```",,,1,"c1:score=20,parse=True,exec=False | c2:score=20,parse=True,exec=False | c3:score=20,parse=True,exec=False | c4:score=20,parse=True,exec=False | c5:score=20,parse=True,exec=False",execution_error
code_gen_0124,generalization_time_series,gen_argmax_market_cap,请把这个未见过的金融想法转成 `dsl_fire` 代码块，代码块内只写 result 赋值：总市值在 66 日窗口内高点越靠近当前，信号越新。,"neg(ts_argmax(market_cap, 66))","```dsl_fire
result = neg(ts_argmax(market_cap, 66))
```","```dsl_fire
result = ts_win_argmax(market_cap, 10))
```",,,1,"c1:score=0,parse=False,exec=False | c2:score=0,parse=False,exec=False | c3:score=0,parse=False,exec=False | c4:score=0,parse=False,exec=False | c5:score=0,parse=False,exec=False",parse_error
code_gen_0330,generalization_conditional_paraphrase,gen_value_momentum_gate,请把这个未见过的金融想法转成 `dsl_fire` 代码块，代码块内只写 result 赋值：从量化研究角度，只有估值便宜且 55 日动量高于市场均值时，才保留价值动量组合。请保持字段和算子命名规范。,"where(logical_and(gt(recip(pb), xs_mean(recip(pb))), gt(pct_change(close, 55), xs_mean(pct_change(close, 55)))), add(recip(pb), pct_change(close, 55)), 0.0)","```dsl_fire
result = where(logical_and(gt(recip(pb), xs_mean(recip(pb))), gt(pct_change(close, 55), xs_mean(pct_change(close, 55)))), add(recip(pb), pct_change(close, 55)), 0.0)
```","```dsl_fire
result = where(logical_or(gt(recip(pb), xs_mean(recip(pb))), gt(recip(pb), xs_mean(recip(pb)))), div(absolute(pct_change(close, 20)), ts_std(pct_change(close, 1), 20)), 0.0)
```",,,2,"c1:score=0,parse=False,exec=False | c2:score=120,parse=True,exec=True | c3:score=0,parse=False,exec=False | c4:score=0,parse=False,exec=False | c5:score=120,parse=True,exec=True",semantic_mismatch
code_gen_0429,generalization_group_paraphrase,gen_group_abs_volume_13,请把这个未见过的金融想法转成 `dsl_fire` 代码块，代码块内只写 result 赋值：从量化研究角度，成交量行业内标准化偏离的绝对值用于测试行业异常程度。最终只需要一个可执行表达式。,"absolute(div(sub(volume, group_mean(volume, industry)), group_std(volume, industry)))","```dsl_fire
result = absolute(div(sub(volume, group_mean(volume, industry)), group_std(volume, industry)))
```","```dsl_fire
result = div(sub(ts_std(pct_change(close, 1), 20), group_mean(div(sub(volume, vwap), vwap), industry)), group_std(div(sub(log(market_cap), vwap), industry))), 0.0)
```",,,1,"c1:score=0,parse=False,exec=False | c2:score=0,parse=False,exec=False | c3:score=0,parse=False,exec=False | c4:score=0,parse=False,exec=False | c5:score=0,parse=False,exec=False",parse_error
code_gen_0425,generalization_conditional_paraphrase,gen_conditional_xs_low_31,请把这个未见过的金融想法转成 `dsl_fire` 代码块，代码块内只写 result 赋值：作为教学样例，只有最低价横截面标准化值为正时，才保留 31 日动量。请保持字段和算子命名规范。,"where(gt(div(sub(low, xs_mean(low)), xs_std(low)), 0.0), pct_change(close, 31), 0.0)","```dsl_fire
result = where(gt(div(sub(low, xs_mean(low)), xs_std(low)), 0.0), pct_change(close, 31), 0.0)
```","```dsl_fire
result = where(sign(sign(sign(sub(volume, ts_mean(volume, 20)), ts_std(volume, 3), 3.0))
```",,,1,"c1:score=0,parse=False,exec=False | c2:score=0,parse=False,exec=False | c3:score=0,parse=False,exec=False | c4:score=0,parse=False,exec=False | c5:score=0,parse=False,exec=False",parse_error
code_gen_0381,generalization_time_series_paraphrase,gen_argmin_vwap,请把这个未见过的金融想法转成 `dsl_fire` 代码块，代码块内只写 result 赋值：从量化研究角度，成交量加权平均价在 27 日窗口内低点位置用于描述路径。注意窗口、方向和字段选择。,"ts_argmin(vwap, 27)","```dsl_fire
result = ts_argmin(vwap, 27)
```","```dsl_fire
result = div(sub(shift(volume, 2)), 2)
```",,,1,"c1:score=20,parse=True,exec=False | c2:score=20,parse=True,exec=False | c3:score=20,parse=True,exec=False | c4:score=20,parse=True,exec=False | c5:score=20,parse=True,exec=False",execution_error
code_gen_0068,generalization_regression,gen_corr_flow_return,请把这个未见过的金融想法转成 `dsl_fire` 代码块，代码块内只写 result 赋值：用 14 日滚动相关衡量换手代理和日收益同步性。,"ts_corr(div(volume, market_cap), pct_change(close, 1), 14)","```dsl_fire
result = ts_corr(div(volume, market_cap), pct_change(close, 1), 14)
```","```dsl_fire
result = ts_corr(pct_change(close, 1), 60)
```",,,1,"c1:score=20,parse=True,exec=False | c2:score=20,parse=True,exec=False | c3:score=20,parse=True,exec=False | c4:score=20,parse=True,exec=False | c5:score=20,parse=True,exec=False",execution_error
code_gen_0034,generalization_unseen_window,gen_unseen_window_vol,请把这个未见过的金融想法转成 `dsl_fire` 代码块，代码块内只写 result 赋值：过去 75 日日收益波动越低，稳定性越强。,"neg(ts_std(pct_change(close, 1), 75))","```dsl_fire
result = neg(ts_std(pct_change(close, 1), 75))
```","```dsl_fire
result = div(ts_quantile(pct_change(close, 1), 7), 1.0)
```",,,5,"c1:score=20,parse=True,exec=False | c2:score=20,parse=True,exec=False | c3:score=20,parse=True,exec=False | c4:score=20,parse=True,exec=False | c5:score=120,parse=True,exec=True",semantic_mismatch
code_gen_0179,generalization_conditional,gen_conditional_xs_high_73,请把这个未见过的金融想法转成 `dsl_fire` 代码块，代码块内只写 result 赋值：只有最高价横截面标准化值为正时，才保留 73 日动量。,"where(gt(div(sub(high, xs_mean(high)), xs_std(high)), 0.0), pct_change(close, 73), 0.0)","```dsl_fire
result = where(gt(div(sub(high, xs_mean(high)), xs_std(high)), 0.0), pct_change(close, 73), 0.0)
```","```dsl_fire
result = where(gt(ts_xor(pct_change(close, 7), xs_mean(pct_change(close, 7), xs_mean(pct_change(close, 7)))), neg(div(sub(low, xs_mean(volume, 7)), xs_std(log(market_cap))))), 0.0)
```",,,4,"c1:score=0,parse=False,exec=False | c2:score=0,parse=False,exec=False | c3:score=0,parse=False,exec=False | c4:score=20,parse=True,exec=False | c5:score=20,parse=True,exec=False",execution_error
code_gen_0501,generalization_unseen_window_paraphrase,gen_unseen_window_reversal,请把这个未见过的金融想法转成 `dsl_fire` 代码块，代码块内只写 result 赋值：从量化研究角度，过去 25 日涨幅越高，后续均值回归压力越大。注意窗口、方向和字段选择。,"neg(pct_change(close, 25))","```dsl_fire
result = neg(pct_change(close, 25))
```","```dsl_fire
result = ts_win_cumsum(pct_change(volume, 1), 45)
```",,,5,"c1:score=20,parse=True,exec=False | c2:score=20,parse=True,exec=False | c3:score=20,parse=True,exec=False | c4:score=0,parse=False,exec=False | c5:score=120,parse=True,exec=True",semantic_mismatch
code_gen_0138,generalization_time_series,gen_argmax_vwap,请把这个未见过的金融想法转成 `dsl_fire` 代码块，代码块内只写 result 赋值：成交量加权平均价在 17 日窗口内高点越靠近当前，信号越新。,"neg(ts_argmax(vwap, 17))","```dsl_fire
result = neg(ts_argmax(vwap, 17))
```","```dsl_fire
result = ts_argmin(ts_lt(pct_change(vwap, 1), 10)), neg(log(market_cap))
```",,,1,"c1:score=20,parse=True,exec=False | c2:score=20,parse=True,exec=False | c3:score=20,parse=True,exec=False | c4:score=20,parse=True,exec=False | c5:score=20,parse=True,exec=False",execution_error
code_gen_0509,generalization_unseen_window_paraphrase,gen_unseen_window_reversal,请把这个未见过的金融想法转成 `dsl_fire` 代码块，代码块内只写 result 赋值：作为教学样例，过去 50 日涨幅越高，后续均值回归压力越大。最终只需要一个可执行表达式。,"neg(pct_change(close, 50))","```dsl_fire
result = neg(pct_change(close, 50))
```","```dsl_fire
result = ts_prod(add(1.0, pct_change(close, 1)), 20)
```",,,1,"c1:score=120,parse=True,exec=True | c2:score=120,parse=True,exec=True | c3:score=120,parse=True,exec=True | c4:score=120,parse=True,exec=True | c5:score=120,parse=True,exec=True",semantic_mismatch
code_gen_0592,generalization_time_series_paraphrase,gen_argmax_pb,请把这个未见过的金融想法转成 `dsl_fire` 代码块，代码块内只写 result 赋值：把这个 alpha 逻辑写成表达式：市净率 PB在 38 日窗口内高点越靠近当前，信号越新。不要使用解释文字。,"neg(ts_argmax(pb, 38))","```dsl_fire
result = neg(ts_argmax(pb, 38))
```","```dsl_fire
result = ts_argmaxmin(volume, 3)
```",,,1,"c1:score=120,parse=True,exec=True | c2:score=120,parse=True,exec=True | c3:score=120,parse=True,exec=True | c4:score=120,parse=True,exec=True | c5:score=120,parse=True,exec=True",semantic_mismatch
code_gen_0003,generalization_unseen_window,gen_unseen_window_volume,请把这个未见过的金融想法转成 `dsl_fire` 代码块，代码块内只写 result 赋值：短期成交量相对 4 日均量越高，放量越明显。,"div(ts_mean(volume, 2), ts_mean(volume, 4))","```dsl_fire
result = div(ts_mean(volume, 2), ts_mean(volume, 4))
```","```dsl_fire
result = pct_change(volume, 45)
```",,,1,"c1:score=120,parse=True,exec=True | c2:score=120,parse=True,exec=True | c3:score=20,parse=True,exec=False | c4:score=120,parse=True,exec=True | c5:score=20,parse=True,exec=False",semantic_mismatch
code_gen_0002,generalization_unseen_window,gen_unseen_window_vol,请把这个未见过的金融想法转成 `dsl_fire` 代码块，代码块内只写 result 赋值：过去 4 日日收益波动越低，稳定性越强。,"neg(ts_std(pct_change(close, 1), 4))","```dsl_fire
result = neg(ts_std(pct_change(close, 1), 4))
```","```dsl_fire
result = neg(ts_varg(pct_change(close, 1), 20))
```",,,1,"c1:score=20,parse=True,exec=False | c2:score=20,parse=True,exec=False | c3:score=20,parse=True,exec=False | c4:score=20,parse=True,exec=False | c5:score=20,parse=True,exec=False",execution_error
code_gen_0325,generalization_regression_paraphrase,gen_reg_value_size,请把这个未见过的金融想法转成 `dsl_fire` 代码块，代码块内只写 result 赋值：把这个 alpha 逻辑写成表达式：用 42 日滚动回归提取估值相对市值解释后的残差。请保持字段和算子命名规范。,"ts_reg_res(recip(pb), log(market_cap), 42)","```dsl_fire
result = ts_reg_res(recip(pb), log(market_cap), 42)
```","```dsl_fire
result = ts_reg_res(minimum(pct_change(close, 1), 0.0), div(ts_std(pct_change(close, 1), 20), ts_std(pct_change(close, 1), 20)))
```",,,1,"c1:score=20,parse=True,exec=False | c2:score=20,parse=True,exec=False | c3:score=20,parse=True,exec=False | c4:score=20,parse=True,exec=False | c5:score=20,parse=True,exec=False",execution_error
code_gen_0454,generalization_conditional_paraphrase,gen_conditional_xs_market_cap_13,请把这个未见过的金融想法转成 `dsl_fire` 代码块，代码块内只写 result 赋值：把这个 alpha 逻辑写成表达式：只有总市值横截面标准化值为正时，才保留 13 日动量。最终只需要一个可执行表达式。,"where(gt(div(sub(market_cap, xs_mean(market_cap)), xs_std(market_cap)), 0.0), pct_change(close, 13), 0.0)","```dsl_fire
result = where(gt(div(sub(market_cap, xs_mean(market_cap)), xs_std(market_cap)), 0.0), pct_change(close, 13), 0.0)
```","```dsl_fire
result = where(gt(div(sub(log(market_cap), xs_mean(log(market_cap))), xs_std(log(market_cap))), xs_mean(neg(div(sub(log(market_cap), xs_mean(log(market_cap))), xs_std(log(market_cap)))))), gt(pct_change(close
```",,,1,"c1:score=0,parse=False,exec=False | c2:score=0,parse=False,exec=False | c3:score=0,parse=False,exec=False | c4:score=0,parse=False,exec=False | c5:score=0,parse=False,exec=False",parse_error
code_gen_0173,generalization_group,gen_group_abs_high_13,请把这个未见过的金融想法转成 `dsl_fire` 代码块，代码块内只写 result 赋值：最高价行业内标准化偏离的绝对值用于测试行业异常程度。,"absolute(div(sub(high, group_mean(high, industry)), group_std(high, industry)))","```dsl_fire
result = absolute(div(sub(high, group_mean(high, industry)), group_std(high, industry)))
```","```dsl_fire
result = div(sub(ts_std(pct_change(close, 1), 20), group_mean(div(sub(reclose, vwap), vwap), group_mean(div(sub(recip(pb), industry)), group_std(recip(pb), industry)), industry)), group_std(div(sub(recip(pb), vwap), industry)))
```",,,2,"c1:score=0,parse=False,exec=False | c2:score=20,parse=True,exec=False | c3:score=20,parse=True,exec=False | c4:score=20,parse=True,exec=False | c5:score=20,parse=True,exec=False",execution_error
code_gen_0484,generalization_unseen_window_paraphrase,gen_unseen_window_momentum,请把这个未见过的金融想法转成 `dsl_fire` 代码块，代码块内只写 result 赋值：把这个 alpha 逻辑写成表达式：过去 6 日收盘价收益越高，短期趋势越强。最终只需要一个可执行表达式。,"pct_change(close, 6)","```dsl_fire
result = pct_change(close, 6)
```","```dsl_fire
result = pct_change(close, 20)
```",,,1,"c1:score=120,parse=True,exec=True | c2:score=120,parse=True,exec=True | c3:score=120,parse=True,exec=True | c4:score=120,parse=True,exec=True | c5:score=120,parse=True,exec=True",semantic_mismatch
code_gen_0582,generalization_conditional_paraphrase,gen_value_momentum_gate,请把这个未见过的金融想法转成 `dsl_fire` 代码块，代码块内只写 result 赋值：从量化研究角度，只有估值便宜且 110 日动量高于市场均值时，才保留价值动量组合。不要使用解释文字。,"where(logical_and(gt(recip(pb), xs_mean(recip(pb))), gt(pct_change(close, 110), xs_mean(pct_change(close, 110)))), add(recip(pb), pct_change(close, 110)), 0.0)","```dsl_fire
result = where(logical_and(gt(recip(pb), xs_mean(recip(pb))), gt(pct_change(close, 110), xs_mean(pct_change(close, 110)))), add(recip(pb), pct_change(close, 110)), 0.0)
```","```dsl_fire
result = where(logical_or(gt(recip(pb), xs_mean(recip(pb))), gt(pct_change(close, 20), xs_mean(pct_change(close, 20)))), add(recip(pb), neg(pct_change(close, 20)), 0.0)
```",,,1,"c1:score=0,parse=False,exec=False | c2:score=0,parse=False,exec=False | c3:score=0,parse=False,exec=False | c4:score=0,parse=False,exec=False | c5:score=0,parse=False,exec=False",parse_error
code_gen_0294,generalization_composition_paraphrase,gen_liquidity_adjusted_trend,请把这个未见过的金融想法转成 `dsl_fire` 代码块，代码块内只写 result 赋值：从量化研究角度，价格趋势和流动性同时较强时，趋势可信度更高。最终只需要一个可执行表达式。,"mul(pct_change(close, 75), log1p(ts_mean(volume, 75)))","```dsl_fire
result = mul(pct_change(close, 75), log1p(ts_mean(volume, 75)))
```","```dsl_fire
result = where(logical_or(gt(neg(log(market_cap)), xs_mean(neg(log(market_cap)))), gt(pct_change(close, 20), xs_mean(pct_change(close, 20)))), add(neg(log(market_cap)), div(volume, market_cap)), 0.0)
```",,,1,"c1:score=120,parse=True,exec=True | c2:score=0,parse=False,exec=False | c3:score=0,parse=False,exec=False | c4:score=120,parse=True,exec=True | c5:score=0,parse=False,exec=False",semantic_mismatch
code_gen_0556,generalization_group_paraphrase,gen_value_quality_trend,请把这个未见过的金融想法转成 `dsl_fire` 代码块，代码块内只写 result 赋值：把这个 alpha 逻辑写成表达式：行业中性估值便宜且 28 日风险调整动量强的股票更有吸引力。注意窗口、方向和字段选择。,"add(div(sub(recip(pb), group_mean(recip(pb), industry)), group_std(recip(pb), industry)), div(pct_change(close, 28), ts_std(pct_change(close, 1), 28)))","```dsl_fire
result = add(div(sub(recip(pb), group_mean(recip(pb), industry)), group_std(recip(pb), industry)), div(pct_change(close, 28), ts_std(pct_change(close, 1), 28)))
```","```dsl_fire
result = ts_corr(log(market_cap), group_mean(log(market_cap), industry)), div(volume, market_cap), div(volume, market_cap), group_mean(div(volume, market_cap), industry)
```",,,3,"c1:score=0,parse=False,exec=False | c2:score=0,parse=False,exec=False | c3:score=20,parse=True,exec=False | c4:score=0,parse=False,exec=False | c5:score=0,parse=False,exec=False",execution_error
code_gen_0507,generalization_unseen_window_paraphrase,gen_unseen_window_volume,请把这个未见过的金融想法转成 `dsl_fire` 代码块，代码块内只写 result 赋值：从量化研究角度，短期成交量相对 35 日均量越高，放量越明显。不要使用解释文字。,"div(ts_mean(volume, 8), ts_mean(volume, 35))","```dsl_fire
result = div(ts_mean(volume, 8), ts_mean(volume, 35))
```","```dsl_fire
result = div(ts_prod(pct_change(close, 1), 3), ts_var(pct_change(close, 3)))
```",,,1,"c1:score=120,parse=True,exec=True | c2:score=0,parse=False,exec=False | c3:score=0,parse=False,exec=False | c4:score=0,parse=False,exec=False | c5:score=120,parse=True,exec=True",semantic_mismatch
code_gen_0183,generalization_conditional,gen_mask_group_low_13,请把这个未见过的金融想法转成 `dsl_fire` 代码块，代码块内只写 result 赋值：只有最低价不低于行业均值时，才保留行业标准化信号。,"mask(div(sub(low, group_mean(low, industry)), group_std(low, industry)), ge(low, group_mean(low, industry)), 0.0)","```dsl_fire
result = mask(div(sub(low, group_mean(low, industry)), group_std(low, industry)), ge(low, group_mean(low, industry)), 0.0)
```","```dsl_fire
result = where(gt(log(market_cap), group_mean(log(market_cap), industry)), div(sub(volume, group_mean(log(market_cap), industry)), group_std(log(market_cap), industry)), 0.0)
```",,,2,"c1:score=0,parse=False,exec=False | c2:score=120,parse=True,exec=True | c3:score=0,parse=False,exec=False | c4:score=120,parse=True,exec=True | c5:score=120,parse=True,exec=True",semantic_mismatch
code_gen_0141,generalization_time_series,gen_argmin_vwap,请把这个未见过的金融想法转成 `dsl_fire` 代码块，代码块内只写 result 赋值：成交量加权平均价在 27 日窗口内低点位置用于描述路径。,"ts_argmin(vwap, 27)","```dsl_fire
result = ts_argmin(vwap, 27)
```","```dsl_fire
result = ts_win_cumsum(pct_change(vwap, 1), 2)
```",,,1,"c1:score=120,parse=True,exec=True | c2:score=120,parse=True,exec=True | c3:score=120,parse=True,exec=True | c4:score=120,parse=True,exec=True | c5:score=0,parse=False,exec=False",semantic_mismatch
code_gen_0585,generalization_time_series_paraphrase,gen_quantile_value,请把这个未见过的金融想法转成 `dsl_fire` 代码块，代码块内只写 result 赋值：从量化研究角度，估值便宜程度高于自身 110 日 70% 分位数越多，价值信号越突出。请保持字段和算子命名规范。,"sub(recip(pb), ts_quantile(recip(pb), 110, 0.7))","```dsl_fire
result = sub(recip(pb), ts_quantile(recip(pb), 110, 0.7))
```","```dsl_fire
result = sub(div(sub(close, ts_min(low, 20)), sub(ts_max(high, 20), ts_min(low, 20)))))
```",,,1,"c1:score=0,parse=False,exec=False | c2:score=0,parse=False,exec=False | c3:score=0,parse=False,exec=False | c4:score=0,parse=False,exec=False | c5:score=0,parse=False,exec=False",parse_error
code_gen_0136,generalization_time_series,gen_argmax_vwap,请把这个未见过的金融想法转成 `dsl_fire` 代码块，代码块内只写 result 赋值：成交量加权平均价在 11 日窗口内高点越靠近当前，信号越新。,"neg(ts_argmax(vwap, 11))","```dsl_fire
result = neg(ts_argmax(vwap, 11))
```","```dsl_fire
result = ts_win_cumsum(pct_change(vwap, 1), 10)
```",,,1,"c1:score=120,parse=True,exec=True | c2:score=120,parse=True,exec=True | c3:score=120,parse=True,exec=True | c4:score=120,parse=True,exec=True | c5:score=120,parse=True,exec=True",semantic_mismatch
code_gen_0541,generalization_regression_paraphrase,gen_reg_value_size,请把这个未见过的金融想法转成 `dsl_fire` 代码块，代码块内只写 result 赋值：把这个 alpha 逻辑写成表达式：用 9 日滚动回归提取估值相对市值解释后的残差。注意窗口、方向和字段选择。,"ts_reg_res(recip(pb), log(market_cap), 9)","```dsl_fire
result = ts_reg_res(recip(pb), log(market_cap), 9)
```","```dsl_fire
result = ts_win_cumsum(pct_change(close, 1), 90)
```",,,1,"c1:score=120,parse=True,exec=True | c2:score=120,parse=True,exec=True | c3:score=120,parse=True,exec=True | c4:score=120,parse=True,exec=True | c5:score=120,parse=True,exec=True",semantic_mismatch
code_gen_0364,generalization_time_series_paraphrase,gen_argmax_market_cap,请把这个未见过的金融想法转成 `dsl_fire` 代码块，代码块内只写 result 赋值：把这个 alpha 逻辑写成表达式：总市值在 66 日窗口内高点越靠近当前，信号越新。最终只需要一个可执行表达式。,"neg(ts_argmax(market_cap, 66))","```dsl_fire
result = neg(ts_argmax(market_cap, 66))
```","```dsl_fire
result = pct_change(market_cap, 5)
```",,,2,"c1:score=0,parse=False,exec=False | c2:score=120,parse=True,exec=True | c3:score=0,parse=False,exec=False | c4:score=0,parse=False,exec=False | c5:score=0,parse=False,exec=False",semantic_mismatch
code_gen_0061,generalization_regression,gen_reg_value_size,请把这个未见过的金融想法转成 `dsl_fire` 代码块，代码块内只写 result 赋值：用 9 日滚动回归提取估值相对市值解释后的残差。,"ts_reg_res(recip(pb), log(market_cap), 9)","```dsl_fire
result = ts_reg_res(recip(pb), log(market_cap), 9)
```","```dsl_fire
result = ts_prod(add(1.0, pct_change(close, 1)), 90), 90)
```",,,1,"c1:score=0,parse=False,exec=False | c2:score=0,parse=False,exec=False | c3:score=0,parse=False,exec=False | c4:score=0,parse=False,exec=False | c5:score=0,parse=False,exec=False",parse_error
code_gen_0594,generalization_time_series_paraphrase,gen_argmax_pb,请把这个未见过的金融想法转成 `dsl_fire` 代码块，代码块内只写 result 赋值：从量化研究角度，市净率 PB在 66 日窗口内高点越靠近当前，信号越新。最终只需要一个可执行表达式。,"neg(ts_argmax(pb, 66))","```dsl_fire
result = neg(ts_argmax(pb, 66))
```","```dsl_fire
result = pct_change(volume, 20)
```",,,1,"c1:score=120,parse=True,exec=True | c2:score=120,parse=True,exec=True | c3:score=0,parse=False,exec=False | c4:score=120,parse=True,exec=True | c5:score=120,parse=True,exec=True",semantic_mismatch
code_gen_0267,generalization_unseen_window_paraphrase,gen_unseen_window_volume,请把这个未见过的金融想法转成 `dsl_fire` 代码块，代码块内只写 result 赋值：从量化研究角度，短期成交量相对 35 日均量越高，放量越明显。不要使用解释文字。,"div(ts_mean(volume, 8), ts_mean(volume, 35))","```dsl_fire
result = div(ts_mean(volume, 8), ts_mean(volume, 35))
```","```dsl_fire
result = div(ts_prod(pct_change(close, 1), 3), ts_var(pct_change(close, 3)))
```",,,1,"c1:score=120,parse=True,exec=True | c2:score=0,parse=False,exec=False | c3:score=0,parse=False,exec=False | c4:score=120,parse=True,exec=True | c5:score=120,parse=True,exec=True",semantic_mismatch
code_gen_0399,generalization_conditional_paraphrase,gen_mask_group_open_13,请把这个未见过的金融想法转成 `dsl_fire` 代码块，代码块内只写 result 赋值：从量化研究角度，只有开盘价不低于行业均值时，才保留行业标准化信号。最终只需要一个可执行表达式。,"mask(div(sub(open, group_mean(open, industry)), group_std(open, industry)), ge(open, group_mean(open, industry)), 0.0)","```dsl_fire
result = mask(div(sub(open, group_mean(open, industry)), group_std(open, industry)), ge(open, group_mean(open, industry)), 0.0)
```","```dsl_fire
result = where(gt(div(sign(pct_change(close, 20), group_mean(volume, industry)), group_std(div(sub(volume, vwap), vwap), industry)), group_std(div(sub(volume, vwap), vwap), industry))), 0.0)
```",,,1,"c1:score=0,parse=False,exec=False | c2:score=0,parse=False,exec=False | c3:score=0,parse=False,exec=False | c4:score=0,parse=False,exec=False | c5:score=0,parse=False,exec=False",parse_error
code_gen_0514,generalization_unseen_window_paraphrase,gen_unseen_window_vol,请把这个未见过的金融想法转成 `dsl_fire` 代码块，代码块内只写 result 赋值：把这个 alpha 逻辑写成表达式：过去 75 日日收益波动越低，稳定性越强。最终只需要一个可执行表达式。,"neg(ts_std(pct_change(close, 1), 75))","```dsl_fire
result = neg(ts_std(pct_change(close, 1), 75))
```","```dsl_fire
result = pct_change(close, 7)
```",,,1,"c1:score=120,parse=True,exec=True | c2:score=120,parse=True,exec=True | c3:score=120,parse=True,exec=True | c4:score=120,parse=True,exec=True | c5:score=120,parse=True,exec=True",semantic_mismatch
code_gen_0331,generalization_regression_paraphrase,gen_reg_value_size,请把这个未见过的金融想法转成 `dsl_fire` 代码块，代码块内只写 result 赋值：把这个 alpha 逻辑写成表达式：用 55 日滚动回归提取估值相对市值解释后的残差。注意窗口、方向和字段选择。,"ts_reg_res(recip(pb), log(market_cap), 55)","```dsl_fire
result = ts_reg_res(recip(pb), log(market_cap), 55)
```","```dsl_fire
result = ts_win_cumsum(pct_change(close, 1), 5)
```",,,3,"c1:score=0,parse=False,exec=False | c2:score=0,parse=False,exec=False | c3:score=120,parse=True,exec=True | c4:score=0,parse=False,exec=False | c5:score=0,parse=False,exec=False",semantic_mismatch
code_gen_0244,generalization_unseen_window_paraphrase,gen_unseen_window_momentum,请把这个未见过的金融想法转成 `dsl_fire` 代码块，代码块内只写 result 赋值：把这个 alpha 逻辑写成表达式：过去 6 日收盘价收益越高，短期趋势越强。最终只需要一个可执行表达式。,"pct_change(close, 6)","```dsl_fire
result = pct_change(close, 6)
```","```dsl_fire
result = pct_change(close, 10)
```",,,1,"c1:score=120,parse=True,exec=True | c2:score=120,parse=True,exec=True | c3:score=120,parse=True,exec=True | c4:score=120,parse=True,exec=True | c5:score=120,parse=True,exec=True",semantic_mismatch
code_gen_0139,generalization_time_series,gen_argmin_vwap,请把这个未见过的金融想法转成 `dsl_fire` 代码块，代码块内只写 result 赋值：成交量加权平均价在 17 日窗口内低点位置用于描述路径。,"ts_argmin(vwap, 17)","```dsl_fire
result = ts_argmin(vwap, 17)
```","```dsl_fire
result = ts_win_cumsum(pct_change(vwap, 1), 20)
```",,,2,"c1:score=20,parse=True,exec=False | c2:score=120,parse=True,exec=True | c3:score=20,parse=True,exec=False | c4:score=20,parse=True,exec=False | c5:score=20,parse=True,exec=False",semantic_mismatch
code_gen_0216,generalization_conditional,gen_conditional_xs_market_cap_19,请把这个未见过的金融想法转成 `dsl_fire` 代码块，代码块内只写 result 赋值：只有总市值横截面标准化值为正时，才保留 19 日动量。,"where(gt(div(sub(market_cap, xs_mean(market_cap)), xs_std(market_cap)), 0.0), pct_change(close, 19), 0.0)","```dsl_fire
result = where(gt(div(sub(market_cap, xs_mean(market_cap)), xs_std(market_cap)), 0.0), pct_change(close, 19), 0.0)
```","```dsl_fire
result = where(gt(div(sub(log(market_cap), xs_mean(log(market_cap))), xs_std(log(market_cap))), xs_mean(div(sub(log(market_cap), xs_mean(log(market_cap))), xs_std(log(market_cap))))), gt(div(volume, market_cap), x
```",,,1,"c1:score=0,parse=False,exec=False | c2:score=0,parse=False,exec=False | c3:score=0,parse=False,exec=False | c4:score=0,parse=False,exec=False | c5:score=0,parse=False,exec=False",parse_error
code_gen_0441,generalization_conditional_paraphrase,gen_conditional_xs_vwap_31,请把这个未见过的金融想法转成 `dsl_fire` 代码块，代码块内只写 result 赋值：从量化研究角度，只有成交量加权平均价横截面标准化值为正时，才保留 31 日动量。注意窗口、方向和字段选择。,"where(gt(div(sub(vwap, xs_mean(vwap)), xs_std(vwap)), 0.0), pct_change(close, 31), 0.0)","```dsl_fire
result = where(gt(div(sub(vwap, xs_mean(vwap)), xs_std(vwap)), 0.0), pct_change(close, 31), 0.0)
```","```dsl_fire
result = where(le(sub(volume, xs_mean(volume, 3)), xs_std(volume)), -1.0)
```",,,2,"c1:score=0,parse=False,exec=False | c2:score=20,parse=True,exec=False | c3:score=0,parse=False,exec=False | c4:score=20,parse=True,exec=False | c5:score=0,parse=False,exec=False",execution_error
code_gen_0565,generalization_regression_paraphrase,gen_reg_value_size,请把这个未见过的金融想法转成 `dsl_fire` 代码块，代码块内只写 result 赋值：把这个 alpha 逻辑写成表达式：用 42 日滚动回归提取估值相对市值解释后的残差。请保持字段和算子命名规范。,"ts_reg_res(recip(pb), log(market_cap), 42)","```dsl_fire
result = ts_reg_res(recip(pb), log(market_cap), 42)
```","```dsl_fire
result = ts_reg_res(minimum(pct_change(close, 1), 0.0), div(ts_std(pct_change(close, 1), 20), ts_std(pct_change(close, 1), 20)))
```",,,1,"c1:score=20,parse=True,exec=False | c2:score=0,parse=False,exec=False | c3:score=20,parse=True,exec=False | c4:score=20,parse=True,exec=False | c5:score=20,parse=True,exec=False",execution_error
code_gen_0517,generalization_unseen_window_paraphrase,gen_unseen_window_reversal,请把这个未见过的金融想法转成 `dsl_fire` 代码块，代码块内只写 result 赋值：把这个 alpha 逻辑写成表达式：过去 120 日涨幅越高，后续均值回归压力越大。不要使用解释文字。,"neg(pct_change(close, 120))","```dsl_fire
result = neg(pct_change(close, 120))
```","```dsl_fire
result = neg(pct_change(close, 5))
```",,,1,"c1:score=120,parse=True,exec=True | c2:score=120,parse=True,exec=True | c3:score=120,parse=True,exec=True | c4:score=120,parse=True,exec=True | c5:score=120,parse=True,exec=True",semantic_mismatch
code_gen_0243,generalization_unseen_window_paraphrase,gen_unseen_window_volume,请把这个未见过的金融想法转成 `dsl_fire` 代码块，代码块内只写 result 赋值：从量化研究角度，短期成交量相对 4 日均量越高，放量越明显。这个想法需要转换为函数式 DSL。,"div(ts_mean(volume, 2), ts_mean(volume, 4))","```dsl_fire
result = div(ts_mean(volume, 2), ts_mean(volume, 4))
```","```dsl_fire
result = div(ts_std(pct_change(close, 1), 20), ts_std(pct_change(close, 1), 45))
```",,,2,"c1:score=20,parse=True,exec=False | c2:score=120,parse=True,exec=True | c3:score=20,parse=True,exec=False | c4:score=20,parse=True,exec=False | c5:score=20,parse=True,exec=False",semantic_mismatch
code_gen_0444,generalization_cross_section_paraphrase,gen_xs_quantile_pb_13,请把这个未见过的金融想法转成 `dsl_fire` 代码块，代码块内只写 result 赋值：从量化研究角度，市净率 PB相对横截面 75% 分位数的偏离用于测试未见分位结构。最终只需要一个可执行表达式。,"sub(pb, xs_quantile(pb, 0.75))","```dsl_fire
result = sub(pb, xs_quantile(pb, 0.75))
```","```dsl_fire
result = div(volume, xs_cap)
```",,,1,"c1:score=20,parse=True,exec=False | c2:score=20,parse=True,exec=False | c3:score=20,parse=True,exec=False | c4:score=20,parse=True,exec=False | c5:score=0,parse=False,exec=False",execution_error
code_gen_0397,generalization_group_paraphrase,gen_group_abs_open_13,请把这个未见过的金融想法转成 `dsl_fire` 代码块，代码块内只写 result 赋值：把这个 alpha 逻辑写成表达式：开盘价行业内标准化偏离的绝对值用于测试行业异常程度。不要使用解释文字。,"absolute(div(sub(open, group_mean(open, industry)), group_std(open, industry)))","```dsl_fire
result = absolute(div(sub(open, group_mean(open, industry)), group_std(open, industry)))
```","```dsl_fire
result = div(sub(div(sub(open, ts_mean(low, 20)), sub(div(sub(log(market_cap), xs_mean(log(market_cap)), xs_std(log(market_cap)))), xs_std(neg(div(sub(log(market_cap), xs_mean(log(market_cap))), xs_std(log
```",,,1,"c1:score=0,parse=False,exec=False | c2:score=0,parse=False,exec=False | c3:score=0,parse=False,exec=False | c4:score=0,parse=False,exec=False | c5:score=0,parse=False,exec=False",parse_error
code_gen_0567,generalization_time_series_paraphrase,gen_quantile_value,请把这个未见过的金融想法转成 `dsl_fire` 代码块，代码块内只写 result 赋值：从量化研究角度，估值便宜程度高于自身 42 日 70% 分位数越多，价值信号越突出。不要使用解释文字。,"sub(recip(pb), ts_quantile(recip(pb), 42, 0.7))","```dsl_fire
result = sub(recip(pb), ts_quantile(recip(pb), 42, 0.7))
```","```dsl_fire
result = div(sub(close, ts_min(low, 20)), sub(ts_max(high, 10), ts_min(low, 10)))
```",,,1,"c1:score=120,parse=True,exec=True | c2:score=120,parse=True,exec=True | c3:score=120,parse=True,exec=True | c4:score=120,parse=True,exec=True | c5:score=120,parse=True,exec=True",semantic_mismatch
code_gen_0583,generalization_regression_paraphrase,gen_reg_value_size,请把这个未见过的金融想法转成 `dsl_fire` 代码块，代码块内只写 result 赋值：把这个 alpha 逻辑写成表达式：用 110 日滚动回归提取估值相对市值解释后的残差。这个想法需要转换为函数式 DSL。,"ts_reg_res(recip(pb), log(market_cap), 110)","```dsl_fire
result = ts_reg_res(recip(pb), log(market_cap), 110)
```","```dsl_fire
result = ts_prod(add(1.0, pct_change(close, 1)), 20)), neg(pct_change(close, 1), 0.0)
```",,,1,"c1:score=0,parse=False,exec=False | c2:score=0,parse=False,exec=False | c3:score=0,parse=False,exec=False | c4:score=0,parse=False,exec=False | c5:score=0,parse=False,exec=False",parse_error
code_gen_0233,generalization_regression,gen_ts_reg_value_return,请把这个未见过的金融想法转成 `dsl_fire` 代码块，代码块内只写 result 赋值：用 19 日滚动回归提取价值暴露相对动量解释后的残差。,"ts_reg_res(recip(pb), pct_change(close, 19), 19)","```dsl_fire
result = ts_reg_res(recip(pb), pct_change(close, 19), 19)
```","```dsl_fire
result = ts_reg_res(recip(pb), log(market_cap), 20)
```",,,1,"c1:score=120,parse=True,exec=True | c2:score=120,parse=True,exec=True | c3:score=120,parse=True,exec=True | c4:score=120,parse=True,exec=True | c5:score=120,parse=True,exec=True",semantic_mismatch
code_gen_0050,generalization_composition,gen_liquidity_adjusted_trend,请把这个未见过的金融想法转成 `dsl_fire` 代码块，代码块内只写 result 赋值：价格趋势和流动性同时较强时，趋势可信度更高。,"mul(pct_change(close, 50), log1p(ts_mean(volume, 50)))","```dsl_fire
result = mul(pct_change(close, 50), log1p(ts_mean(volume, 50)))
```","```dsl_fire
result = where(logical_xor(gt(pct_change(close, 20), xs_mean(pct_change(close, 20))), add(recip(pb), neg(pct_change(close, 20)), 0.0)
```",,,1,"c1:score=0,parse=False,exec=False | c2:score=0,parse=False,exec=False | c3:score=0,parse=False,exec=False | c4:score=0,parse=False,exec=False | c5:score=0,parse=False,exec=False",parse_error
code_gen_0499,generalization_unseen_window_paraphrase,gen_unseen_window_volume,请把这个未见过的金融想法转成 `dsl_fire` 代码块，代码块内只写 result 赋值：把这个 alpha 逻辑写成表达式：短期成交量相对 18 日均量越高，放量越明显。最终只需要一个可执行表达式。,"div(ts_mean(volume, 4), ts_mean(volume, 18))","```dsl_fire
result = div(ts_mean(volume, 4), ts_mean(volume, 18))
```","```dsl_fire
result = pct_change(volume, 20), div(volume, ts_mean(volume, 20)), pct_change(close, 5), 0.0)
```",,,1,"c1:score=0,parse=False,exec=False | c2:score=0,parse=False,exec=False | c3:score=0,parse=False,exec=False | c4:score=0,parse=False,exec=False | c5:score=0,parse=False,exec=False",parse_error
code_gen_0072,generalization_conditional,gen_value_momentum_gate,请把这个未见过的金融想法转成 `dsl_fire` 代码块，代码块内只写 result 赋值：只有估值便宜且 22 日动量高于市场均值时，才保留价值动量组合。,"where(logical_and(gt(recip(pb), xs_mean(recip(pb))), gt(pct_change(close, 22), xs_mean(pct_change(close, 22)))), add(recip(pb), pct_change(close, 22)), 0.0)","```dsl_fire
result = where(logical_and(gt(recip(pb), xs_mean(recip(pb))), gt(pct_change(close, 22), xs_mean(pct_change(close, 22)))), add(recip(pb), pct_change(close, 22)), 0.0)
```","```dsl_fire
result = where(logical_and(gt(recip(pb), xs_mean(recip(pb))), gt(pct_change(close, 20), xs_mean(pct_change(close, 20)))), add(recip(pb), neg(pct_change(close, 20)), 0.0)
```",,,1,"c1:score=0,parse=False,exec=False | c2:score=0,parse=False,exec=False | c3:score=0,parse=False,exec=False | c4:score=0,parse=False,exec=False | c5:score=0,parse=False,exec=False",parse_error
code_gen_0530,generalization_composition_paraphrase,gen_liquidity_adjusted_trend,请把这个未见过的金融想法转成 `dsl_fire` 代码块，代码块内只写 result 赋值：作为教学样例，价格趋势和流动性同时较强时，趋势可信度更高。请保持字段和算子命名规范。,"mul(pct_change(close, 50), log1p(ts_mean(volume, 50)))","```dsl_fire
result = mul(pct_change(close, 50), log1p(ts_mean(volume, 50)))
```","```dsl_fire
result = where(logical_or(gt(neg(log(market_cap)), xs_mean(neg(log(market_cap)))), gt(pct_change(close, 20), xs_mean(pct_change(close, 20)))), add(log(market_cap), pct_change(close, 20)), 0.0)
```",,,3,"c1:score=20,parse=True,exec=False | c2:score=20,parse=True,exec=False | c3:score=120,parse=True,exec=True | c4:score=0,parse=False,exec=False | c5:score=120,parse=True,exec=True",semantic_mismatch
code_gen_0255,generalization_unseen_window_paraphrase,gen_unseen_window_volume,请把这个未见过的金融想法转成 `dsl_fire` 代码块，代码块内只写 result 赋值：从量化研究角度，短期成交量相对 12 日均量越高，放量越明显。请保持字段和算子命名规范。,"div(ts_mean(volume, 3), ts_mean(volume, 12))","```dsl_fire
result = div(ts_mean(volume, 3), ts_mean(volume, 12))
```","```dsl_fire
result = pct_change(volume, 20), div(volume, ts_mean(volume, 20)), pct_change(close, 60))
```",,,1,"c1:score=0,parse=False,exec=False | c2:score=0,parse=False,exec=False | c3:score=0,parse=False,exec=False | c4:score=0,parse=False,exec=False | c5:score=0,parse=False,exec=False",parse_error
code_gen_0480,generalization_unseen_window_paraphrase,gen_unseen_window_momentum,请把这个未见过的金融想法转成 `dsl_fire` 代码块，代码块内只写 result 赋值：从量化研究角度，过去 4 日收盘价收益越高，短期趋势越强。请保持字段和算子命名规范。,"pct_change(close, 4)","```dsl_fire
result = pct_change(close, 4)
```","```dsl_fire
result = pct_change(close, 45)
```",,,1,"c1:score=120,parse=True,exec=True | c2:score=120,parse=True,exec=True | c3:score=120,parse=True,exec=True | c4:score=120,parse=True,exec=True | c5:score=120,parse=True,exec=True",semantic_mismatch
code_gen_0145,generalization_time_series,gen_argmin_vwap,请把这个未见过的金融想法转成 `dsl_fire` 代码块，代码块内只写 result 赋值：成交量加权平均价在 66 日窗口内低点位置用于描述路径。,"ts_argmin(vwap, 66)","```dsl_fire
result = ts_argmin(vwap, 66)
```","```dsl_fire
result = ts_win_cumsum(pct_change(vwap, 1), 60)
```",,,1,"c1:score=120,parse=True,exec=True | c2:score=120,parse=True,exec=True | c3:score=120,parse=True,exec=True | c4:score=120,parse=True,exec=True | c5:score=120,parse=True,exec=True",semantic_mismatch
code_gen_0363,generalization_time_series_paraphrase,gen_argmin_market_cap,请把这个未见过的金融想法转成 `dsl_fire` 代码块，代码块内只写 result 赋值：从量化研究角度，总市值在 38 日窗口内低点位置用于描述路径。这个想法需要转换为函数式 DSL。,"ts_argmin(market_cap, 38)","```dsl_fire
result = ts_argmin(market_cap, 38)
```","```dsl_fire
result = div(ts_argmax(volume, 3), ts_quantile(log(market_cap, 3), 3, ts_mean(volume, 3)))
```",,,3,"c1:score=0,parse=False,exec=False | c2:score=0,parse=False,exec=False | c3:score=20,parse=True,exec=False | c4:score=0,parse=False,exec=False | c5:score=0,parse=False,exec=False",execution_error
code_gen_0599,generalization_time_series_paraphrase,gen_argmin_market_cap,请把这个未见过的金融想法转成 `dsl_fire` 代码块，代码块内只写 result 赋值：作为教学样例，总市值在 17 日窗口内低点位置用于描述路径。最终只需要一个可执行表达式。,"ts_argmin(market_cap, 17)","```dsl_fire
result = ts_argmin(market_cap, 17)
```","```dsl_fire
result = div(sub(shift(close, 1), xs_mean(div(volume, market_cap))), xs_std(div(volume, market_cap)))
```",,,5,"c1:score=0,parse=False,exec=False | c2:score=0,parse=False,exec=False | c3:score=0,parse=False,exec=False | c4:score=0,parse=False,exec=False | c5:score=120,parse=True,exec=True",semantic_mismatch
code_gen_0329,generalization_conditional_paraphrase,gen_size_liquidity_gate,请把这个未见过的金融想法转成 `dsl_fire` 代码块，代码块内只写 result 赋值：作为教学样例，只有小市值暴露高于市场均值时，才保留 55 日流动性信号。最终只需要一个可执行表达式。,"where(gt(neg(log(market_cap)), xs_mean(neg(log(market_cap)))), log1p(ts_mean(volume, 55)), 0.0)","```dsl_fire
result = where(gt(neg(log(market_cap)), xs_mean(neg(log(market_cap)))), log1p(ts_mean(volume, 55)), 0.0)
```","```dsl_fire
result = where(logical_or(gt(neg(log(market_cap)), xs_mean(neg(log(market_cap)))), gt(log(market_cap), xs_mean(log(market_cap)))), div(volume, market_cap), 0.0)
```",,,1,"c1:score=120,parse=True,exec=True | c2:score=120,parse=True,exec=True | c3:score=120,parse=True,exec=True | c4:score=120,parse=True,exec=True | c5:score=120,parse=True,exec=True",semantic_mismatch
code_gen_0332,generalization_regression_paraphrase,gen_corr_flow_return,请把这个未见过的金融想法转成 `dsl_fire` 代码块，代码块内只写 result 赋值：作为教学样例，用 55 日滚动相关衡量换手代理和日收益同步性。不要使用解释文字。,"ts_corr(div(volume, market_cap), pct_change(close, 1), 55)","```dsl_fire
result = ts_corr(div(volume, market_cap), pct_change(close, 1), 55)
```","```dsl_fire
result = ts_corr(div(volume, market_cap), pct_change(close, 5), 5)
```",,,4,"c1:score=0,parse=False,exec=False | c2:score=0,parse=False,exec=False | c3:score=0,parse=False,exec=False | c4:score=120,parse=True,exec=True | c5:score=0,parse=False,exec=False",semantic_mismatch
code_gen_0528,generalization_composition_paraphrase,gen_quality_trend,请把这个未见过的金融想法转成 `dsl_fire` 代码块，代码块内只写 result 赋值：从量化研究角度，同时偏好 50 日风险调整趋势高且收益方差低的股票。这个想法需要转换为函数式 DSL。,"add(div(pct_change(close, 50), ts_std(pct_change(close, 1), 50)), neg(ts_var(pct_change(close, 1), 50)))","```dsl_fire
result = add(div(pct_change(close, 50), ts_std(pct_change(close, 1), 50)), neg(ts_var(pct_change(close, 1), 50)))
```","```dsl_fire
result = where(log(market_cap), log(market_cap)), neg(log(market_cap))
```",,,2,"c1:score=0,parse=False,exec=False | c2:score=20,parse=True,exec=False | c3:score=0,parse=False,exec=False | c4:score=0,parse=False,exec=False | c5:score=0,parse=False,exec=False",execution_error
code_gen_0535,generalization_composition_paraphrase,gen_industry_value_momentum,请把这个未见过的金融想法转成 `dsl_fire` 代码块，代码块内只写 result 赋值：把这个 alpha 逻辑写成表达式：行业内估值便宜且 75 日动量较强的股票得分更高。请保持字段和算子命名规范。,"add(div(sub(recip(pb), group_mean(recip(pb), industry)), group_std(recip(pb), industry)), pct_change(close, 75))","```dsl_fire
result = add(div(sub(recip(pb), group_mean(recip(pb), industry)), group_std(recip(pb), industry)), pct_change(close, 75))
```","```dsl_fire
result = add(div(sub(recip(pb), group_mean(recip(pb), industry)), group_std(recip(pb), industry)), neg(pct_change(close, 7)))
```",,,1,"c1:score=120,parse=True,exec=True | c2:score=120,parse=True,exec=True | c3:score=120,parse=True,exec=True | c4:score=120,parse=True,exec=True | c5:score=120,parse=True,exec=True",semantic_mismatch
code_gen_0053,generalization_composition,gen_value_momentum,请把这个未见过的金融想法转成 `dsl_fire` 代码块，代码块内只写 result 赋值：同时偏好低 PB 估值和 75 日价格动量强的股票。,"add(recip(pb), pct_change(close, 75))","```dsl_fire
result = add(recip(pb), pct_change(close, 75))
```","```dsl_fire
result = add(sqrt(recip(pb)), pct_change(close, 7))
```",,,1,"c1:score=120,parse=True,exec=True | c2:score=120,parse=True,exec=True | c3:score=120,parse=True,exec=True | c4:score=20,parse=True,exec=False | c5:score=120,parse=True,exec=True",semantic_mismatch
code_gen_0086,generalization_regression,gen_corr_flow_return,请把这个未见过的金融想法转成 `dsl_fire` 代码块，代码块内只写 result 赋值：用 42 日滚动相关衡量换手代理和日收益同步性。,"ts_corr(div(volume, market_cap), pct_change(close, 1), 42)","```dsl_fire
result = ts_corr(div(volume, market_cap), pct_change(close, 1), 42)
```","```dsl_fire
result = ts_corr(div(volume, ts_mean(div(volume, market_cap), 20)), pct_change(close, 1), 45))
```",,,1,"c1:score=0,parse=False,exec=False | c2:score=0,parse=False,exec=False | c3:score=0,parse=False,exec=False | c4:score=0,parse=False,exec=False | c5:score=0,parse=False,exec=False",parse_error
code_gen_0262,generalization_unseen_window_paraphrase,gen_unseen_window_vol,请把这个未见过的金融想法转成 `dsl_fire` 代码块，代码块内只写 result 赋值：把这个 alpha 逻辑写成表达式：过去 25 日日收益波动越低，稳定性越强。不要使用解释文字。,"neg(ts_std(pct_change(close, 1), 25))","```dsl_fire
result = neg(ts_std(pct_change(close, 1), 25))
```","```dsl_fire
result = pct_change(close, 60)
```",,,1,"c1:score=120,parse=True,exec=True | c2:score=120,parse=True,exec=True | c3:score=120,parse=True,exec=True | c4:score=120,parse=True,exec=True | c5:score=120,parse=True,exec=True",semantic_mismatch
code_gen_0276,generalization_unseen_window_paraphrase,gen_unseen_window_momentum,请把这个未见过的金融想法转成 `dsl_fire` 代码块，代码块内只写 result 赋值：从量化研究角度，过去 120 日收盘价收益越高，短期趋势越强。注意窗口、方向和字段选择。,"pct_change(close, 120)","```dsl_fire
result = pct_change(close, 120)
```","```dsl_fire
result = pct_change(volume, 5)
```",,,1,"c1:score=120,parse=True,exec=True | c2:score=120,parse=True,exec=True | c3:score=120,parse=True,exec=True | c4:score=120,parse=True,exec=True | c5:score=120,parse=True,exec=True",semantic_mismatch
code_gen_0515,generalization_unseen_window_paraphrase,gen_unseen_window_volume,请把这个未见过的金融想法转成 `dsl_fire` 代码块，代码块内只写 result 赋值：作为教学样例，短期成交量相对 75 日均量越高，放量越明显。请保持字段和算子命名规范。,"div(ts_mean(volume, 18), ts_mean(volume, 75))","```dsl_fire
result = div(ts_mean(volume, 18), ts_mean(volume, 75))
```","```dsl_fire
result = div(sub(shift(volume, 7)), shift(volume, 7)
```",,,1,"c1:score=0,parse=False,exec=False | c2:score=0,parse=False,exec=False | c3:score=0,parse=False,exec=False | c4:score=0,parse=False,exec=False | c5:score=0,parse=False,exec=False",parse_error
code_gen_0320,generalization_regression_paraphrase,gen_corr_flow_return,请把这个未见过的金融想法转成 `dsl_fire` 代码块，代码块内只写 result 赋值：作为教学样例，用 28 日滚动相关衡量换手代理和日收益同步性。请保持字段和算子命名规范。,"ts_corr(div(volume, market_cap), pct_change(close, 1), 28)","```dsl_fire
result = ts_corr(div(volume, market_cap), pct_change(close, 1), 28)
```","```dsl_fire
result = ts_std(div(volume, market_cap), 2)
```",,,1,"c1:score=120,parse=True,exec=True | c2:score=120,parse=True,exec=True | c3:score=20,parse=True,exec=False | c4:score=20,parse=True,exec=False | c5:score=120,parse=True,exec=True",semantic_mismatch
code_gen_0226,generalization_regression,gen_ts_reg_value_return,请把这个未见过的金融想法转成 `dsl_fire` 代码块，代码块内只写 result 赋值：用 13 日滚动回归提取价值暴露相对动量解释后的残差。,"ts_reg_res(recip(pb), pct_change(close, 13), 13)","```dsl_fire
result = ts_reg_res(recip(pb), pct_change(close, 13), 13)
```","```dsl_fire
result = ts_reg_res(recip(pb), log(market_cap), 20)
```",,,1,"c1:score=120,parse=True,exec=True | c2:score=120,parse=True,exec=True | c3:score=120,parse=True,exec=True | c4:score=120,parse=True,exec=True | c5:score=120,parse=True,exec=True",semantic_mismatch
code_gen_0257,generalization_unseen_window_paraphrase,gen_unseen_window_reversal,请把这个未见过的金融想法转成 `dsl_fire` 代码块，代码块内只写 result 赋值：作为教学样例，过去 18 日涨幅越高，后续均值回归压力越大。不要使用解释文字。,"neg(pct_change(close, 18))","```dsl_fire
result = neg(pct_change(close, 18))
```","```dsl_fire
result = ts_prod(add(1.0, pct_change(close, 1)), 20)
```",,,2,"c1:score=20,parse=True,exec=False | c2:score=120,parse=True,exec=True | c3:score=20,parse=True,exec=False | c4:score=20,parse=True,exec=False | c5:score=20,parse=True,exec=False",semantic_mismatch
code_gen_0398,generalization_conditional_paraphrase,gen_conditional_xs_open_13,请把这个未见过的金融想法转成 `dsl_fire` 代码块，代码块内只写 result 赋值：作为教学样例，只有开盘价横截面标准化值为正时，才保留 13 日动量。这个想法需要转换为函数式 DSL。,"where(gt(div(sub(open, xs_mean(open)), xs_std(open)), 0.0), pct_change(close, 13), 0.0)","```dsl_fire
result = where(gt(div(sub(open, xs_mean(open)), xs_std(open)), 0.0), pct_change(close, 13), 0.0)
```","```dsl_fire
result = where(sign(sign(sub(volume, xs_mean(volume)), xs_std(volume)), xs_std(volume)), 0.0)
```",,,1,"c1:score=20,parse=True,exec=False | c2:score=0,parse=False,exec=False | c3:score=20,parse=True,exec=False | c4:score=20,parse=True,exec=False | c5:score=0,parse=False,exec=False",execution_error
code_gen_0465,generalization_time_series_paraphrase,gen_ts_sum_value,请把这个未见过的金融想法转成 `dsl_fire` 代码块，代码块内只写 result 赋值：从量化研究角度，13 日 PB 日变化求和测试基本面时间序列结构。请保持字段和算子命名规范。,"ts_sum(pct_change(pb, 1), 13)","```dsl_fire
result = ts_sum(pct_change(pb, 1), 13)
```","```dsl_fire
result = ts_prod(add(1.0, pct_change(close, 1)), 10)
```",,,1,"c1:score=120,parse=True,exec=True | c2:score=120,parse=True,exec=True | c3:score=120,parse=True,exec=True | c4:score=120,parse=True,exec=True | c5:score=20,parse=True,exec=False",semantic_mismatch
code_gen_0024,generalization_unseen_window,gen_unseen_window_momentum,请把这个未见过的金融想法转成 `dsl_fire` 代码块，代码块内只写 result 赋值：过去 35 日收盘价收益越高，短期趋势越强。,"pct_change(close, 35)","```dsl_fire
result = pct_change(close, 35)
```","```dsl_fire
result = pct_change(close, 3)
```",,,1,"c1:score=120,parse=True,exec=True | c2:score=120,parse=True,exec=True | c3:score=120,parse=True,exec=True | c4:score=20,parse=True,exec=False | c5:score=20,parse=True,exec=False",semantic_mismatch
code_gen_0093,generalization_time_series,gen_quantile_value,请把这个未见过的金融想法转成 `dsl_fire` 代码块，代码块内只写 result 赋值：估值便宜程度高于自身 55 日 70% 分位数越多，价值信号越突出。,"sub(recip(pb), ts_quantile(recip(pb), 55, 0.7))","```dsl_fire
result = sub(recip(pb), ts_quantile(recip(pb), 55, 0.7))
```","```dsl_fire
result = div(sub(close, ts_min(low, 5)), sub(ts_max(high, 5), ts_min(low, 5)))
```",,,2,"c1:score=0,parse=False,exec=False | c2:score=120,parse=True,exec=True | c3:score=20,parse=True,exec=False | c4:score=120,parse=True,exec=True | c5:score=0,parse=False,exec=False",semantic_mismatch
code_gen_0056,generalization_group,gen_industry_value_size,请把这个未见过的金融想法转成 `dsl_fire` 代码块，代码块内只写 result 赋值：行业内估值便宜且行业内小市值暴露较强的股票得分更高。,"add(div(sub(recip(pb), group_mean(recip(pb), industry)), group_std(recip(pb), industry)), div(sub(neg(log(market_cap)), group_mean(neg(log(market_cap)), industry)), group_std(neg(log(market_cap)), industry)))","```dsl_fire
result = add(div(sub(recip(pb), group_mean(recip(pb), industry)), group_std(recip(pb), industry)), div(sub(neg(log(market_cap)), group_mean(neg(log(market_cap)), industry)), group_std(neg(log(market_cap)), industry)))
```","```dsl_fire
result = add(log(market_cap), industry)
```",,,1,"c1:score=20,parse=True,exec=False | c2:score=20,parse=True,exec=False | c3:score=20,parse=True,exec=False | c4:score=20,parse=True,exec=False | c5:score=20,parse=True,exec=False",execution_error
code_gen_0148,generalization_time_series,gen_argmax_close,请把这个未见过的金融想法转成 `dsl_fire` 代码块，代码块内只写 result 赋值：收盘价在 17 日窗口内高点越靠近当前，信号越新。,"neg(ts_argmax(close, 17))","```dsl_fire
result = neg(ts_argmax(close, 17))
```","```dsl_fire
result = ts_win_cumsum(pct_change(close, 1), 7)
```",,,1,"c1:score=120,parse=True,exec=True | c2:score=120,parse=True,exec=True | c3:score=120,parse=True,exec=True | c4:score=120,parse=True,exec=True | c5:score=120,parse=True,exec=True",semantic_mismatch
code_gen_0358,generalization_time_series_paraphrase,gen_argmax_market_cap,请把这个未见过的金融想法转成 `dsl_fire` 代码块，代码块内只写 result 赋值：把这个 alpha 逻辑写成表达式：总市值在 17 日窗口内高点越靠近当前，信号越新。这个想法需要转换为函数式 DSL。,"neg(ts_argmax(market_cap, 17))","```dsl_fire
result = neg(ts_argmax(market_cap, 17))
```","```dsl_fire
result = pct_change(market_cap, 5)
```",,,1,"c1:score=120,parse=True,exec=True | c2:score=120,parse=True,exec=True | c3:score=120,parse=True,exec=True | c4:score=120,parse=True,exec=True | c5:score=120,parse=True,exec=True",semantic_mismatch
code_gen_0299,generalization_conditional_paraphrase,gen_value_momentum_gate,请把这个未见过的金融想法转成 `dsl_fire` 代码块，代码块内只写 result 赋值：作为教学样例，只有估值便宜且 9 日动量高于市场均值时，才保留价值动量组合。最终只需要一个可执行表达式。,"where(logical_and(gt(recip(pb), xs_mean(recip(pb))), gt(pct_change(close, 9), xs_mean(pct_change(close, 9)))), add(recip(pb), pct_change(close, 9)), 0.0)","```dsl_fire
result = where(logical_and(gt(recip(pb), xs_mean(recip(pb))), gt(pct_change(close, 9), xs_mean(pct_change(close, 9)))), add(recip(pb), pct_change(close, 9)), 0.0)
```","```dsl_fire
result = where(gt(recip(pb), xs_mean(recip(pb))), div(sub(log(market_cap), xs_mean(log(market_cap))), xs_std(log(market_cap))))
```",,,1,"c1:score=20,parse=True,exec=False | c2:score=20,parse=True,exec=False | c3:score=20,parse=True,exec=False | c4:score=20,parse=True,exec=False | c5:score=20,parse=True,exec=False",execution_error
code_gen_0352,generalization_time_series_paraphrase,gen_argmax_pb,请把这个未见过的金融想法转成 `dsl_fire` 代码块，代码块内只写 result 赋值：把这个 alpha 逻辑写成表达式：市净率 PB在 38 日窗口内高点越靠近当前，信号越新。不要使用解释文字。,"neg(ts_argmax(pb, 38))","```dsl_fire
result = neg(ts_argmax(pb, 38))
```","```dsl_fire
result = ts_argmaxmin(volume, 3)
```",,,1,"c1:score=120,parse=True,exec=True | c2:score=120,parse=True,exec=True | c3:score=120,parse=True,exec=True | c4:score=120,parse=True,exec=True | c5:score=120,parse=True,exec=True",semantic_mismatch
code_gen_0486,generalization_unseen_window_paraphrase,gen_unseen_window_vol,请把这个未见过的金融想法转成 `dsl_fire` 代码块，代码块内只写 result 赋值：从量化研究角度，过去 6 日日收益波动越低，稳定性越强。注意窗口、方向和字段选择。,"neg(ts_std(pct_change(close, 1), 6))","```dsl_fire
result = neg(ts_std(pct_change(close, 1), 6))
```","```dsl_fire
result = pct_change(volume, 20)
```",,,1,"c1:score=120,parse=True,exec=True | c2:score=120,parse=True,exec=True | c3:score=120,parse=True,exec=True | c4:score=120,parse=True,exec=True | c5:score=120,parse=True,exec=True",semantic_mismatch
code_gen_0150,generalization_time_series,gen_argmax_close,请把这个未见过的金融想法转成 `dsl_fire` 代码块，代码块内只写 result 赋值：收盘价在 27 日窗口内高点越靠近当前，信号越新。,"neg(ts_argmax(close, 27))","```dsl_fire
result = neg(ts_argmax(close, 27))
```","```dsl_fire
result = ts_argmaxmin(close, 2)
```",,,1,"c1:score=120,parse=True,exec=True | c2:score=120,parse=True,exec=True | c3:score=0,parse=False,exec=False | c4:score=0,parse=False,exec=False | c5:score=120,parse=True,exec=True",semantic_mismatch
code_gen_0016,generalization_unseen_window,gen_unseen_window_momentum,请把这个未见过的金融想法转成 `dsl_fire` 代码块，代码块内只写 result 赋值：过去 18 日收盘价收益越高，短期趋势越强。,"pct_change(close, 18)","```dsl_fire
result = pct_change(close, 18)
```","```dsl_fire
result = sub(ts_mean(pct_change(close, 1), 20), ts_std(pct_change(close, 1), 20))
```",,,3,"c1:score=0,parse=False,exec=False | c2:score=0,parse=False,exec=False | c3:score=120,parse=True,exec=True | c4:score=0,parse=False,exec=False | c5:score=0,parse=False,exec=False",semantic_mismatch
code_gen_0418,generalization_conditional_paraphrase,gen_conditional_xs_high_47,请把这个未见过的金融想法转成 `dsl_fire` 代码块，代码块内只写 result 赋值：把这个 alpha 逻辑写成表达式：只有最高价横截面标准化值为正时，才保留 47 日动量。这个想法需要转换为函数式 DSL。,"where(gt(div(sub(high, xs_mean(high)), xs_std(high)), 0.0), pct_change(close, 47), 0.0)","```dsl_fire
result = where(gt(div(sub(high, xs_mean(high)), xs_std(high)), 0.0), pct_change(close, 47), 0.0)
```","```dsl_fire
result = where(sign(sign(sign(pct_change(close, 7), xs_mean(pct_change(close, 7)), xs_std(log(market_cap)))), 0.0)
```",,,1,"c1:score=0,parse=False,exec=False | c2:score=0,parse=False,exec=False | c3:score=0,parse=False,exec=False | c4:score=0,parse=False,exec=False | c5:score=0,parse=False,exec=False",parse_error
code_gen_0563,generalization_conditional_paraphrase,gen_size_liquidity_gate,请把这个未见过的金融想法转成 `dsl_fire` 代码块，代码块内只写 result 赋值：作为教学样例，只有小市值暴露高于市场均值时，才保留 42 日流动性信号。这个想法需要转换为函数式 DSL。,"where(gt(neg(log(market_cap)), xs_mean(neg(log(market_cap)))), log1p(ts_mean(volume, 42)), 0.0)","```dsl_fire
result = where(gt(neg(log(market_cap)), xs_mean(neg(log(market_cap)))), log1p(ts_mean(volume, 42)), 0.0)
```","```dsl_fire
result = where(log(market_cap), div(sub(log(market_cap), xs_mean(log(market_cap))), xs_std(log(market_cap))), xs_mean(log(market_cap)))), gt(log(market_cap), xs_mean(log(market_cap))))
```",,,1,"c1:score=0,parse=False,exec=False | c2:score=0,parse=False,exec=False | c3:score=0,parse=False,exec=False | c4:score=0,parse=False,exec=False | c5:score=0,parse=False,exec=False",parse_error
code_gen_0039,generalization_unseen_window,gen_unseen_window_volume,请把这个未见过的金融想法转成 `dsl_fire` 代码块，代码块内只写 result 赋值：短期成交量相对 120 日均量越高，放量越明显。,"div(ts_mean(volume, 30), ts_mean(volume, 120))","```dsl_fire
result = div(ts_mean(volume, 30), ts_mean(volume, 120))
```","```dsl_fire
result = pct_change(volume, 5)
```",,,2,"c1:score=20,parse=True,exec=False | c2:score=120,parse=True,exec=True | c3:score=20,parse=True,exec=False | c4:score=20,parse=True,exec=False | c5:score=120,parse=True,exec=True",semantic_mismatch
code_gen_0345,generalization_time_series_paraphrase,gen_quantile_value,请把这个未见过的金融想法转成 `dsl_fire` 代码块，代码块内只写 result 赋值：从量化研究角度，估值便宜程度高于自身 110 日 70% 分位数越多，价值信号越突出。请保持字段和算子命名规范。,"sub(recip(pb), ts_quantile(recip(pb), 110, 0.7))","```dsl_fire
result = sub(recip(pb), ts_quantile(recip(pb), 110, 0.7))
```","```dsl_fire
result = sub(div(sub(close, ts_min(low, 20)), sub(ts_max(high, 20), ts_min(low, 20)))))
```",,,1,"c1:score=0,parse=False,exec=False | c2:score=0,parse=False,exec=False | c3:score=0,parse=False,exec=False | c4:score=0,parse=False,exec=False | c5:score=0,parse=False,exec=False",parse_error
code_gen_0176,generalization_conditional,gen_conditional_xs_high_19,请把这个未见过的金融想法转成 `dsl_fire` 代码块，代码块内只写 result 赋值：只有最高价横截面标准化值为正时，才保留 19 日动量。,"where(gt(div(sub(high, xs_mean(high)), xs_std(high)), 0.0), pct_change(close, 19), 0.0)","```dsl_fire
result = where(gt(div(sub(high, xs_mean(high)), xs_std(high)), 0.0), pct_change(close, 19), 0.0)
```","```dsl_fire
result = where(gt(div(sub(log(market_cap), xs_mean(log(market_cap))), xs_std(log(market_cap))), xs_mean(div(sub(log(market_cap), xs_mean(log(market_cap))), xs_std(log(market_cap))))), gt(div(sub(volume, ts_
```",,,1,"c1:score=0,parse=False,exec=False | c2:score=0,parse=False,exec=False | c3:score=0,parse=False,exec=False | c4:score=0,parse=False,exec=False | c5:score=0,parse=False,exec=False",parse_error
code_gen_0308,generalization_regression_paraphrase,gen_corr_flow_return,请把这个未见过的金融想法转成 `dsl_fire` 代码块，代码块内只写 result 赋值：作为教学样例，用 14 日滚动相关衡量换手代理和日收益同步性。这个想法需要转换为函数式 DSL。,"ts_corr(div(volume, market_cap), pct_change(close, 1), 14)","```dsl_fire
result = ts_corr(div(volume, market_cap), pct_change(close, 1), 14)
```","```dsl_fire
result = ts_std(minimum(pct_change(close, 1), 0.0), 20)
```",,,1,"c1:score=120,parse=True,exec=True | c2:score=20,parse=True,exec=False | c3:score=0,parse=False,exec=False | c4:score=20,parse=True,exec=False | c5:score=120,parse=True,exec=True",semantic_mismatch
code_gen_0031,generalization_unseen_window,gen_unseen_window_volume,请把这个未见过的金融想法转成 `dsl_fire` 代码块，代码块内只写 result 赋值：短期成交量相对 50 日均量越高，放量越明显。,"div(ts_mean(volume, 12), ts_mean(volume, 50))","```dsl_fire
result = div(ts_mean(volume, 12), ts_mean(volume, 50))
```","```dsl_fire
result = pct_change(volume, 10)
```",,,1,"c1:score=120,parse=True,exec=True | c2:score=120,parse=True,exec=True | c3:score=120,parse=True,exec=True | c4:score=120,parse=True,exec=True | c5:score=120,parse=True,exec=True",semantic_mismatch
code_gen_0190,generalization_conditional,gen_conditional_xs_volume_13,请把这个未见过的金融想法转成 `dsl_fire` 代码块，代码块内只写 result 赋值：只有成交量横截面标准化值为正时，才保留 13 日动量。,"where(gt(div(sub(volume, xs_mean(volume)), xs_std(volume)), 0.0), pct_change(close, 13), 0.0)","```dsl_fire
result = where(gt(div(sub(volume, xs_mean(volume)), xs_std(volume)), 0.0), pct_change(close, 13), 0.0)
```","```dsl_fire
result = where(gt(ts_xor(pct_change(close, 20), xs_mean(pct_change(close, 20))), div(sub(pct_change(close, 20), xs_mean(pct_change(close, 20))), xs_std(pct_change(close, 20)), 0.0)
```",,,1,"c1:score=0,parse=False,exec=False | c2:score=0,parse=False,exec=False | c3:score=0,parse=False,exec=False | c4:score=0,parse=False,exec=False | c5:score=0,parse=False,exec=False",parse_error
code_gen_0266,generalization_unseen_window_paraphrase,gen_unseen_window_vol,请把这个未见过的金融想法转成 `dsl_fire` 代码块，代码块内只写 result 赋值：作为教学样例，过去 35 日日收益波动越低，稳定性越强。注意窗口、方向和字段选择。,"neg(ts_std(pct_change(close, 1), 35))","```dsl_fire
result = neg(ts_std(pct_change(close, 1), 35))
```","```dsl_fire
result = ts_l_res(logical_l_cap)), pct_change(close, 3), 3)
```",,,1,"c1:score=0,parse=False,exec=False | c2:score=0,parse=False,exec=False | c3:score=0,parse=False,exec=False | c4:score=0,parse=False,exec=False | c5:score=0,parse=False,exec=False",parse_error
code_gen_0411,generalization_conditional_paraphrase,gen_conditional_xs_close_73,请把这个未见过的金融想法转成 `dsl_fire` 代码块，代码块内只写 result 赋值：从量化研究角度，只有收盘价横截面标准化值为正时，才保留 73 日动量。注意窗口、方向和字段选择。,"where(gt(div(sub(close, xs_mean(close)), xs_std(close)), 0.0), pct_change(close, 73), 0.0)","```dsl_fire
result = where(gt(div(sub(close, xs_mean(close)), xs_std(close)), 0.0), pct_change(close, 73), 0.0)
```","```dsl_fire
result = where(gt(ts_cap, xs_mean(volume, 7))), neg(div(sub(volume, xs_mean(volume)), xs_std(volume)), 0.0)
```",,,1,"c1:score=20,parse=True,exec=False | c2:score=20,parse=True,exec=False | c3:score=20,parse=True,exec=False | c4:score=20,parse=True,exec=False | c5:score=20,parse=True,exec=False",execution_error
code_gen_0090,generalization_conditional,gen_value_momentum_gate,请把这个未见过的金融想法转成 `dsl_fire` 代码块，代码块内只写 result 赋值：只有估值便宜且 55 日动量高于市场均值时，才保留价值动量组合。,"where(logical_and(gt(recip(pb), xs_mean(recip(pb))), gt(pct_change(close, 55), xs_mean(pct_change(close, 55)))), add(recip(pb), pct_change(close, 55)), 0.0)","```dsl_fire
result = where(logical_and(gt(recip(pb), xs_mean(recip(pb))), gt(pct_change(close, 55), xs_mean(pct_change(close, 55)))), add(recip(pb), pct_change(close, 55)), 0.0)
```","```dsl_fire
result = where(logical_and(gt(recip(pb), xs_mean(recip(pb))), gt(pct_change(close, 5), xs_mean(recip(pb))), xs_std(recip(pb)))))
```",,,1,"c1:score=0,parse=False,exec=False | c2:score=0,parse=False,exec=False | c3:score=0,parse=False,exec=False | c4:score=0,parse=False,exec=False | c5:score=0,parse=False,exec=False",parse_error
code_gen_0222,generalization_conditional,gen_logic_not_crowded,请把这个未见过的金融想法转成 `dsl_fire` 代码块，代码块内只写 result 赋值：当换手代理不拥挤时，保留价值和 13 日动量组合。,"where(logical_not(gt(div(volume, market_cap), xs_mean(div(volume, market_cap)))), add(recip(pb), pct_change(close, 13)), 0.0)","```dsl_fire
result = where(logical_not(gt(div(volume, market_cap), xs_mean(div(volume, market_cap)))), add(recip(pb), pct_change(close, 13)), 0.0)
```","```dsl_fire
result = where(logical_or(gt(div(sub(recip(pb), xs_mean(recip(recip(pb))), xs_std(recip(pb))), xs_mean(div(volume, market_cap)))), add(neg(recip(pb)), neg(log(market_cap)))), 0.0)
```",,,4,"c1:score=0,parse=False,exec=False | c2:score=0,parse=False,exec=False | c3:score=0,parse=False,exec=False | c4:score=20,parse=True,exec=False | c5:score=0,parse=False,exec=False",execution_error
code_gen_0490,generalization_unseen_window_paraphrase,gen_unseen_window_vol,请把这个未见过的金融想法转成 `dsl_fire` 代码块，代码块内只写 result 赋值：把这个 alpha 逻辑写成表达式：过去 8 日日收益波动越低，稳定性越强。请保持字段和算子命名规范。,"neg(ts_std(pct_change(close, 1), 8))","```dsl_fire
result = neg(ts_std(pct_change(close, 1), 8))
```","```dsl_fire
result = pct_change(close, 60)
```",,,1,"c1:score=120,parse=True,exec=True | c2:score=120,parse=True,exec=True | c3:score=120,parse=True,exec=True | c4:score=120,parse=True,exec=True | c5:score=120,parse=True,exec=True",semantic_mismatch
code_gen_0280,generalization_composition_paraphrase,gen_quality_trend,请把这个未见过的金融想法转成 `dsl_fire` 代码块，代码块内只写 result 赋值：把这个 alpha 逻辑写成表达式：同时偏好 25 日风险调整趋势高且收益方差低的股票。请保持字段和算子命名规范。,"add(div(pct_change(close, 25), ts_std(pct_change(close, 1), 25)), neg(ts_var(pct_change(close, 1), 25)))","```dsl_fire
result = add(div(pct_change(close, 25), ts_std(pct_change(close, 1), 25)), neg(ts_var(pct_change(close, 1), 25)))
```","```dsl_fire
result = where(logical_and(gt(pct_change(close, 20), xs_mean(pct_change(close, 20)))), neg(log(market_cap)), 0.0)
```",,,1,"c1:score=20,parse=True,exec=False | c2:score=20,parse=True,exec=False | c3:score=20,parse=True,exec=False | c4:score=20,parse=True,exec=False | c5:score=20,parse=True,exec=False",execution_error
code_gen_0401,generalization_conditional_paraphrase,gen_conditional_xs_open_31,请把这个未见过的金融想法转成 `dsl_fire` 代码块，代码块内只写 result 赋值：作为教学样例，只有开盘价横截面标准化值为正时，才保留 31 日动量。注意窗口、方向和字段选择。,"where(gt(div(sub(open, xs_mean(open)), xs_std(open)), 0.0), pct_change(close, 31), 0.0)","```dsl_fire
result = where(gt(div(sub(open, xs_mean(open)), xs_std(open)), 0.0), pct_change(close, 31), 0.0)
```","```dsl_fire
result = where(le(ts_std(pct_change(close, 3), 3), ts_mean(ts_std(pct_change(close, 1), 20))), 0.0)
```",,,1,"c1:score=20,parse=True,exec=False | c2:score=0,parse=False,exec=False | c3:score=0,parse=False,exec=False | c4:score=0,parse=False,exec=False | c5:score=0,parse=False,exec=False",execution_error
code_gen_0286,generalization_composition_paraphrase,gen_liquidity_adjusted_trend,请把这个未见过的金融想法转成 `dsl_fire` 代码块，代码块内只写 result 赋值：把这个 alpha 逻辑写成表达式：价格趋势和流动性同时较强时，趋势可信度更高。注意窗口、方向和字段选择。,"mul(pct_change(close, 35), log1p(ts_mean(volume, 35)))","```dsl_fire
result = mul(pct_change(close, 35), log1p(ts_mean(volume, 35)))
```","```dsl_fire
result = where(logical_not(gtt(log1p(ts_mean(volume, 20)), xs_mean(log1p(ts_mean(volume, 20))))), neg(log1p(ts_mean(volume, 20))))
```",,,1,"c1:score=20,parse=True,exec=False | c2:score=0,parse=False,exec=False | c3:score=20,parse=True,exec=False | c4:score=0,parse=False,exec=False | c5:score=20,parse=True,exec=False",execution_error
code_gen_0313,generalization_regression_paraphrase,gen_reg_value_size,请把这个未见过的金融想法转成 `dsl_fire` 代码块，代码块内只写 result 赋值：把这个 alpha 逻辑写成表达式：用 22 日滚动回归提取估值相对市值解释后的残差。这个想法需要转换为函数式 DSL。,"ts_reg_res(recip(pb), log(market_cap), 22)","```dsl_fire
result = ts_reg_res(recip(pb), log(market_cap), 22)
```","```dsl_fire
result = ts_reg_res(minimum(pct_change(close, 1), 2), 2)
```",,,1,"c1:score=20,parse=True,exec=False | c2:score=20,parse=True,exec=False | c3:score=20,parse=True,exec=False | c4:score=20,parse=True,exec=False | c5:score=20,parse=True,exec=False",execution_error
code_gen_0182,generalization_conditional,gen_conditional_xs_low_13,请把这个未见过的金融想法转成 `dsl_fire` 代码块，代码块内只写 result 赋值：只有最低价横截面标准化值为正时，才保留 13 日动量。,"where(gt(div(sub(low, xs_mean(low)), xs_std(low)), 0.0), pct_change(close, 13), 0.0)","```dsl_fire
result = where(gt(div(sub(low, xs_mean(low)), xs_std(low)), 0.0), pct_change(close, 13), 0.0)
```","```dsl_fire
result = where(gt(div(sub(log(market_cap), xs_mean(log(market_cap))), xs_std(log(market_cap))), xs_mean(div(sub(log(market_cap), xs_mean(log(market_cap))), xs_std(log(market_cap))))), gt(div(volume, market_cap), x
```",,,1,"c1:score=0,parse=False,exec=False | c2:score=0,parse=False,exec=False | c3:score=0,parse=False,exec=False | c4:score=0,parse=False,exec=False | c5:score=0,parse=False,exec=False",parse_error
code_gen_0417,generalization_conditional_paraphrase,gen_conditional_xs_high_31,请把这个未见过的金融想法转成 `dsl_fire` 代码块，代码块内只写 result 赋值：从量化研究角度，只有最高价横截面标准化值为正时，才保留 31 日动量。不要使用解释文字。,"where(gt(div(sub(high, xs_mean(high)), xs_std(high)), 0.0), pct_change(close, 31), 0.0)","```dsl_fire
result = where(gt(div(sub(high, xs_mean(high)), xs_std(high)), 0.0), pct_change(close, 31), 0.0)
```","```dsl_fire
result = where(gt(div(sub(log(market_cap), xs_mean(log(market_cap, 3)), xs_std(log(market_cap))), 1.0)), pct_change(close, 3), 0.0)
```",,,1,"c1:score=20,parse=True,exec=False | c2:score=0,parse=False,exec=False | c3:score=0,parse=False,exec=False | c4:score=0,parse=False,exec=False | c5:score=0,parse=False,exec=False",execution_error
code_gen_0575,generalization_conditional_paraphrase,gen_size_liquidity_gate,请把这个未见过的金融想法转成 `dsl_fire` 代码块，代码块内只写 result 赋值：作为教学样例，只有小市值暴露高于市场均值时，才保留 85 日流动性信号。请保持字段和算子命名规范。,"where(gt(neg(log(market_cap)), xs_mean(neg(log(market_cap)))), log1p(ts_mean(volume, 85)), 0.0)","```dsl_fire
result = where(gt(neg(log(market_cap)), xs_mean(neg(log(market_cap)))), log1p(ts_mean(volume, 85)), 0.0)
```","```dsl_fire
result = where(logical_or(gt(neg(log(market_cap)), xs_mean(neg(log(market_cap)))), gt(log(market_cap), xs_mean(log(market_cap)))), div(sub(volume, ts_mean(volume, 20)), ts_std(volume, 20)), 0.0)
```",,,1,"c1:score=120,parse=True,exec=True | c2:score=120,parse=True,exec=True | c3:score=120,parse=True,exec=True | c4:score=120,parse=True,exec=True | c5:score=120,parse=True,exec=True",semantic_mismatch
code_gen_0140,generalization_time_series,gen_argmax_vwap,请把这个未见过的金融想法转成 `dsl_fire` 代码块，代码块内只写 result 赋值：成交量加权平均价在 27 日窗口内高点越靠近当前，信号越新。,"neg(ts_argmax(vwap, 27))","```dsl_fire
result = neg(ts_argmax(vwap, 27))
```","```dsl_fire
result = ts_argmin(ts_olute(pct_change(vwap, 1), 2)), 2)
```",,,1,"c1:score=0,parse=False,exec=False | c2:score=0,parse=False,exec=False | c3:score=0,parse=False,exec=False | c4:score=0,parse=False,exec=False | c5:score=0,parse=False,exec=False",parse_error
code_gen_0236,generalization_conditional,gen_logic_not_crowded,请把这个未见过的金融想法转成 `dsl_fire` 代码块，代码块内只写 result 赋值：当换手代理不拥挤时，保留价值和 31 日动量组合。,"where(logical_not(gt(div(volume, market_cap), xs_mean(div(volume, market_cap)))), add(recip(pb), pct_change(close, 31)), 0.0)","```dsl_fire
result = where(logical_not(gt(div(volume, market_cap), xs_mean(div(volume, market_cap)))), add(recip(pb), pct_change(close, 31)), 0.0)
```","```dsl_fire
result = where(logical_or(gt(div(sub(recip(pb), xs_mean(recip(recip(pb))), xs_std(recip(pb))), xs_mean(div(volume, market_cap)))), add(neg(recip(pb)), neg(log(market_cap)), 0.0)
```",,,1,"c1:score=0,parse=False,exec=False | c2:score=0,parse=False,exec=False | c3:score=0,parse=False,exec=False | c4:score=0,parse=False,exec=False | c5:score=0,parse=False,exec=False",parse_error
code_gen_0423,generalization_conditional_paraphrase,gen_mask_group_low_13,请把这个未见过的金融想法转成 `dsl_fire` 代码块，代码块内只写 result 赋值：从量化研究角度，只有最低价不低于行业均值时，才保留行业标准化信号。这个想法需要转换为函数式 DSL。,"mask(div(sub(low, group_mean(low, industry)), group_std(low, industry)), ge(low, group_mean(low, industry)), 0.0)","```dsl_fire
result = mask(div(sub(low, group_mean(low, industry)), group_std(low, industry)), ge(low, group_mean(low, industry)), 0.0)
```","```dsl_fire
result = where(logical_or(gt(log(market_cap), group_mean(log(market_cap), industry)), group_std(div(sub(log(market_cap), vwap), industry)), group_std(neg(log(market_cap)), industry)), 0.0)
```",,,2,"c1:score=0,parse=False,exec=False | c2:score=20,parse=True,exec=False | c3:score=0,parse=False,exec=False | c4:score=20,parse=True,exec=False | c5:score=0,parse=False,exec=False",execution_error
code_gen_0577,generalization_regression_paraphrase,gen_reg_value_size,请把这个未见过的金融想法转成 `dsl_fire` 代码块，代码块内只写 result 赋值：把这个 alpha 逻辑写成表达式：用 85 日滚动回归提取估值相对市值解释后的残差。不要使用解释文字。,"ts_reg_res(recip(pb), log(market_cap), 85)","```dsl_fire
result = ts_reg_res(recip(pb), log(market_cap), 85)
```","```dsl_fire
result = ts_prod(add(1.0, pct_change(close, 1)), 45)
```",,,2,"c1:score=0,parse=False,exec=False | c2:score=120,parse=True,exec=True | c3:score=120,parse=True,exec=True | c4:score=0,parse=False,exec=False | c5:score=120,parse=True,exec=True",semantic_mismatch
code_gen_0029,generalization_unseen_window,gen_unseen_window_reversal,请把这个未见过的金融想法转成 `dsl_fire` 代码块，代码块内只写 result 赋值：过去 50 日涨幅越高，后续均值回归压力越大。,"neg(pct_change(close, 50))","```dsl_fire
result = neg(pct_change(close, 50))
```","```dsl_fire
result = ts_prod(add(1.0, pct_change(close, 1)), 20)
```",,,1,"c1:score=120,parse=True,exec=True | c2:score=120,parse=True,exec=True | c3:score=120,parse=True,exec=True | c4:score=120,parse=True,exec=True | c5:score=120,parse=True,exec=True",semantic_mismatch
code_gen_0487,generalization_unseen_window_paraphrase,gen_unseen_window_volume,请把这个未见过的金融想法转成 `dsl_fire` 代码块，代码块内只写 result 赋值：把这个 alpha 逻辑写成表达式：短期成交量相对 6 日均量越高，放量越明显。不要使用解释文字。,"div(ts_mean(volume, 2), ts_mean(volume, 6))","```dsl_fire
result = div(ts_mean(volume, 2), ts_mean(volume, 6))
```","```dsl_fire
result = pct_change(volume, 20)
```",,,1,"c1:score=120,parse=True,exec=True | c2:score=120,parse=True,exec=True | c3:score=120,parse=True,exec=True | c4:score=120,parse=True,exec=True | c5:score=120,parse=True,exec=True",semantic_mismatch
code_gen_0218,generalization_conditional,gen_conditional_xs_market_cap_47,请把这个未见过的金融想法转成 `dsl_fire` 代码块，代码块内只写 result 赋值：只有总市值横截面标准化值为正时，才保留 47 日动量。,"where(gt(div(sub(market_cap, xs_mean(market_cap)), xs_std(market_cap)), 0.0), pct_change(close, 47), 0.0)","```dsl_fire
result = where(gt(div(sub(market_cap, xs_mean(market_cap)), xs_std(market_cap)), 0.0), pct_change(close, 47), 0.0)
```","```dsl_fire
result = where(gt(div(sub(log(market_cap), xs_mean(log(market_cap))), xs_std(log(market_cap))), xs_mean(div(sub(log(market_cap), xs_mean(log(market_cap))), xs_std(log(market_cap))))), gt(div(volume, market_cap), x
```",,,1,"c1:score=0,parse=False,exec=False | c2:score=0,parse=False,exec=False | c3:score=0,parse=False,exec=False | c4:score=0,parse=False,exec=False | c5:score=0,parse=False,exec=False",parse_error
code_gen_0405,generalization_group_paraphrase,gen_group_abs_close_13,请把这个未见过的金融想法转成 `dsl_fire` 代码块，代码块内只写 result 赋值：从量化研究角度，收盘价行业内标准化偏离的绝对值用于测试行业异常程度。请保持字段和算子命名规范。,"absolute(div(sub(close, group_mean(close, industry)), group_std(close, industry)))","```dsl_fire
result = absolute(div(sub(close, group_mean(close, industry)), group_std(close, industry)))
```","```dsl_fire
result = div(sub(div(sub(close, ts_mean(close, 20)), ts_std(shift(close, 20)))), xs_mean(div(sub(div(volume, ts_mean(volume, 20)), ts_std(volume, 20)))))
```",,,3,"c1:score=0,parse=False,exec=False | c2:score=0,parse=False,exec=False | c3:score=20,parse=True,exec=False | c4:score=20,parse=True,exec=False | c5:score=0,parse=False,exec=False",execution_error
code_gen_0297,generalization_group_paraphrase,gen_value_quality_trend,请把这个未见过的金融想法转成 `dsl_fire` 代码块，代码块内只写 result 赋值：从量化研究角度，行业中性估值便宜且 9 日风险调整动量强的股票更有吸引力。不要使用解释文字。,"add(div(sub(recip(pb), group_mean(recip(pb), industry)), group_std(recip(pb), industry)), div(pct_change(close, 9), ts_std(pct_change(close, 1), 9)))","```dsl_fire
result = add(div(sub(recip(pb), group_mean(recip(pb), industry)), group_std(recip(pb), industry)), div(pct_change(close, 9), ts_std(pct_change(close, 1), 9)))
```","```dsl_fire
result = div(ts_mean(volume, 20), market_cap)
```",,,1,"c1:score=120,parse=True,exec=True | c2:score=120,parse=True,exec=True | c3:score=120,parse=True,exec=True | c4:score=120,parse=True,exec=True | c5:score=0,parse=False,exec=False",semantic_mismatch
code_gen_0349,generalization_time_series_paraphrase,gen_argmin_pb,请把这个未见过的金融想法转成 `dsl_fire` 代码块，代码块内只写 result 赋值：把这个 alpha 逻辑写成表达式：市净率 PB在 17 日窗口内低点位置用于描述路径。最终只需要一个可执行表达式。,"ts_argmin(pb, 17)","```dsl_fire
result = ts_argmin(pb, 17)
```","```dsl_fire
result = div( tsign), pct_change(close, 5), 60)
```",,,1,"c1:score=0,parse=False,exec=False | c2:score=0,parse=False,exec=False | c3:score=0,parse=False,exec=False | c4:score=0,parse=False,exec=False | c5:score=0,parse=False,exec=False",parse_error
code_gen_0209,generalization_conditional,gen_conditional_xs_pb_31,请把这个未见过的金融想法转成 `dsl_fire` 代码块，代码块内只写 result 赋值：只有市净率 PB横截面标准化值为正时，才保留 31 日动量。,"where(gt(div(sub(pb, xs_mean(pb)), xs_std(pb)), 0.0), pct_change(close, 31), 0.0)","```dsl_fire
result = where(gt(div(sub(pb, xs_mean(pb)), xs_std(pb)), 0.0), pct_change(close, 31), 0.0)
```","```dsl_fire
result = where(gt(sqrt(recip(pb)), xs_mean(sqrt(recip(pb)))), neg(log(market_cap)), 0.0)
```",,,2,"c1:score=20,parse=True,exec=False | c2:score=120,parse=True,exec=True | c3:score=0,parse=False,exec=False | c4:score=0,parse=False,exec=False | c5:score=20,parse=True,exec=False",semantic_mismatch
code_gen_0237,generalization_cross_section,gen_xs_prod_return,请把这个未见过的金融想法转成 `dsl_fire` 代码块，代码块内只写 result 赋值：31 日收益加一后的横截面乘积测试未见聚合结构。,"xs_prod(add(1.0, pct_change(close, 31)))","```dsl_fire
result = xs_prod(add(1.0, pct_change(close, 31)))
```","```dsl_fire
result = ts_prod(add(1.0, pct_change(close, 3)))
```",,,1,"c1:score=120,parse=True,exec=True | c2:score=120,parse=True,exec=True | c3:score=120,parse=True,exec=True | c4:score=120,parse=True,exec=True | c5:score=120,parse=True,exec=True",semantic_mismatch
code_gen_0505,generalization_unseen_window_paraphrase,gen_unseen_window_reversal,请把这个未见过的金融想法转成 `dsl_fire` 代码块，代码块内只写 result 赋值：把这个 alpha 逻辑写成表达式：过去 35 日涨幅越高，后续均值回归压力越大。请保持字段和算子命名规范。,"neg(pct_change(close, 35))","```dsl_fire
result = neg(pct_change(close, 35))
```","```dsl_fire
result = t t t ts_res(log(market_cap), pct_change(close, 3), 3)
```",,,1,"c1:score=0,parse=False,exec=False | c2:score=0,parse=False,exec=False | c3:score=0,parse=False,exec=False | c4:score=0,parse=False,exec=False | c5:score=0,parse=False,exec=False",parse_error
code_gen_0254,generalization_unseen_window_paraphrase,gen_unseen_window_vol,请把这个未见过的金融想法转成 `dsl_fire` 代码块，代码块内只写 result 赋值：作为教学样例，过去 12 日日收益波动越低，稳定性越强。最终只需要一个可执行表达式。,"neg(ts_std(pct_change(close, 1), 12))","```dsl_fire
result = neg(ts_std(pct_change(close, 1), 12))
```","```dsl_fire
result = div(ts_std(pct_change(close, 1), 20), ts_std(pct_change(close, 1), 20))
```",,,1,"c1:score=20,parse=True,exec=False | c2:score=0,parse=False,exec=False | c3:score=20,parse=True,exec=False | c4:score=20,parse=True,exec=False | c5:score=20,parse=True,exec=False",execution_error
code_gen_0457,generalization_conditional_paraphrase,gen_conditional_xs_market_cap_31,请把这个未见过的金融想法转成 `dsl_fire` 代码块，代码块内只写 result 赋值：把这个 alpha 逻辑写成表达式：只有总市值横截面标准化值为正时，才保留 31 日动量。不要使用解释文字。,"where(gt(div(sub(market_cap, xs_mean(market_cap)), xs_std(market_cap)), 0.0), pct_change(close, 31), 0.0)","```dsl_fire
result = where(gt(div(sub(market_cap, xs_mean(market_cap)), xs_std(market_cap)), 0.0), pct_change(close, 31), 0.0)
```","```dsl_fire
result = where(sign(sign(sign(pct_change(close, 3), 3), 3), 3), 3.0)
```",,,2,"c1:score=0,parse=False,exec=False | c2:score=20,parse=True,exec=False | c3:score=20,parse=True,exec=False | c4:score=0,parse=False,exec=False | c5:score=20,parse=True,exec=False",execution_error
code_gen_0569,generalization_conditional_paraphrase,gen_size_liquidity_gate,请把这个未见过的金融想法转成 `dsl_fire` 代码块，代码块内只写 result 赋值：作为教学样例，只有小市值暴露高于市场均值时，才保留 55 日流动性信号。最终只需要一个可执行表达式。,"where(gt(neg(log(market_cap)), xs_mean(neg(log(market_cap)))), log1p(ts_mean(volume, 55)), 0.0)","```dsl_fire
result = where(gt(neg(log(market_cap)), xs_mean(neg(log(market_cap)))), log1p(ts_mean(volume, 55)), 0.0)
```","```dsl_fire
result = where(logical_or(gt(neg(log(market_cap)), xs_mean(neg(log(market_cap)))), gt(log(market_cap), xs_mean(log(market_cap)))), div(volume, market_cap), 0.0)
```",,,1,"c1:score=120,parse=True,exec=True | c2:score=120,parse=True,exec=True | c3:score=120,parse=True,exec=True | c4:score=120,parse=True,exec=True | c5:score=120,parse=True,exec=True",semantic_mismatch
code_gen_0390,generalization_time_series_paraphrase,gen_argmax_close,请把这个未见过的金融想法转成 `dsl_fire` 代码块，代码块内只写 result 赋值：从量化研究角度，收盘价在 27 日窗口内高点越靠近当前，信号越新。请保持字段和算子命名规范。,"neg(ts_argmax(close, 27))","```dsl_fire
result = neg(ts_argmax(close, 27))
```","```dsl_fire
result = div(sub(ts_volume, ts_last(shift(close, 1), 2)),)
```",,,2,"c1:score=0,parse=False,exec=False | c2:score=20,parse=True,exec=False | c3:score=0,parse=False,exec=False | c4:score=20,parse=True,exec=False | c5:score=20,parse=True,exec=False",execution_error
code_gen_0392,generalization_time_series_paraphrase,gen_argmax_close,请把这个未见过的金融想法转成 `dsl_fire` 代码块，代码块内只写 result 赋值：作为教学样例，收盘价在 38 日窗口内高点越靠近当前，信号越新。不要使用解释文字。,"neg(ts_argmax(close, 38))","```dsl_fire
result = neg(ts_argmax(close, 38))
```","```dsl_fire
result = ts_prod(ts_argmax(volume, 3)), ts_last(ts_mean(volume, 3))
```",,,1,"c1:score=20,parse=True,exec=False | c2:score=20,parse=True,exec=False | c3:score=0,parse=False,exec=False | c4:score=20,parse=True,exec=False | c5:score=0,parse=False,exec=False",execution_error
code_gen_0482,generalization_unseen_window_paraphrase,gen_unseen_window_vol,请把这个未见过的金融想法转成 `dsl_fire` 代码块，代码块内只写 result 赋值：作为教学样例，过去 4 日日收益波动越低，稳定性越强。不要使用解释文字。,"neg(ts_std(pct_change(close, 1), 4))","```dsl_fire
result = neg(ts_std(pct_change(close, 1), 4))
```","```dsl_fire
result = div(ts_quantile(pct_change(close, 1), 5), ts_std(pct_change(close, 1), 90))
```",,,1,"c1:score=120,parse=True,exec=True | c2:score=120,parse=True,exec=True | c3:score=120,parse=True,exec=True | c4:score=120,parse=True,exec=True | c5:score=120,parse=True,exec=True",semantic_mismatch
code_gen_0421,generalization_group_paraphrase,gen_group_abs_low_13,请把这个未见过的金融想法转成 `dsl_fire` 代码块，代码块内只写 result 赋值：把这个 alpha 逻辑写成表达式：最低价行业内标准化偏离的绝对值用于测试行业异常程度。注意窗口、方向和字段选择。,"absolute(div(sub(low, group_mean(low, industry)), group_std(low, industry)))","```dsl_fire
result = absolute(div(sub(low, group_mean(low, industry)), group_std(low, industry)))
```","```dsl_fire
result = div(sub(div(sub(low, vwap, vwap, ts_mean(low, vwap, vwap, 20)), ts_std(min(low, 20), industry)), group_mean(div(sub(low, vwap, vwap), vwap, 20)), xs_std(div(sub(low, vwap), 20)), industry))
```",,,1,"c1:score=20,parse=True,exec=False | c2:score=0,parse=False,exec=False | c3:score=0,parse=False,exec=False | c4:score=0,parse=False,exec=False | c5:score=0,parse=False,exec=False",execution_error
code_gen_0248,generalization_unseen_window_paraphrase,gen_unseen_window_momentum,请把这个未见过的金融想法转成 `dsl_fire` 代码块，代码块内只写 result 赋值：作为教学样例，过去 8 日收盘价收益越高，短期趋势越强。这个想法需要转换为函数式 DSL。,"pct_change(close, 8)","```dsl_fire
result = pct_change(close, 8)
```","```dsl_fire
result = ts_prod(add(1.0, pct_change(close, 1)), 60)
```",,,1,"c1:score=120,parse=True,exec=True | c2:score=120,parse=True,exec=True | c3:score=120,parse=True,exec=True | c4:score=120,parse=True,exec=True | c5:score=0,parse=False,exec=False",semantic_mismatch
code_gen_0305,generalization_conditional_paraphrase,gen_size_liquidity_gate,请把这个未见过的金融想法转成 `dsl_fire` 代码块，代码块内只写 result 赋值：作为教学样例，只有小市值暴露高于市场均值时，才保留 14 日流动性信号。请保持字段和算子命名规范。,"where(gt(neg(log(market_cap)), xs_mean(neg(log(market_cap)))), log1p(ts_mean(volume, 14)), 0.0)","```dsl_fire
result = where(gt(neg(log(market_cap)), xs_mean(neg(log(market_cap)))), log1p(ts_mean(volume, 14)), 0.0)
```","```dsl_fire
result = where(logical_or(gt(neg(log(market_cap)), xs_mean(neg(log(market_cap)))), gt(div(volume, market_cap), xs_mean(div(volume, market_cap)))), add(neg(log(market_cap)), div(volume, market_cap)), 0.0)
```",,,1,"c1:score=120,parse=True,exec=True | c2:score=120,parse=True,exec=True | c3:score=120,parse=True,exec=True | c4:score=120,parse=True,exec=True | c5:score=120,parse=True,exec=True",semantic_mismatch
code_gen_0035,generalization_unseen_window,gen_unseen_window_volume,请把这个未见过的金融想法转成 `dsl_fire` 代码块，代码块内只写 result 赋值：短期成交量相对 75 日均量越高，放量越明显。,"div(ts_mean(volume, 18), ts_mean(volume, 75))","```dsl_fire
result = div(ts_mean(volume, 18), ts_mean(volume, 75))
```","```dsl_fire
result = div(ts_quantile(volume, 7), ts_mean(shift(volume, 1), 7))
```",,,1,"c1:score=120,parse=True,exec=True | c2:score=120,parse=True,exec=True | c3:score=120,parse=True,exec=True | c4:score=120,parse=True,exec=True | c5:score=120,parse=True,exec=True",semantic_mismatch
code_gen_0192,generalization_conditional,gen_conditional_xs_volume_19,请把这个未见过的金融想法转成 `dsl_fire` 代码块，代码块内只写 result 赋值：只有成交量横截面标准化值为正时，才保留 19 日动量。,"where(gt(div(sub(volume, xs_mean(volume)), xs_std(volume)), 0.0), pct_change(close, 19), 0.0)","```dsl_fire
result = where(gt(div(sub(volume, xs_mean(volume)), xs_std(volume)), 0.0), pct_change(close, 19), 0.0)
```","```dsl_fire
result = where(gt(ts_xor(pct_change(close, 20), xs_mean(pct_change(close, 20))), div(sub(pct_change(close, 20), xs_mean(pct_change(close, 20))), xs_std(pct_change(close, 20)), 0.0)
```",,,1,"c1:score=0,parse=False,exec=False | c2:score=0,parse=False,exec=False | c3:score=0,parse=False,exec=False | c4:score=0,parse=False,exec=False | c5:score=0,parse=False,exec=False",parse_error
code_gen_0386,generalization_time_series_paraphrase,gen_argmax_close,请把这个未见过的金融想法转成 `dsl_fire` 代码块，代码块内只写 result 赋值：作为教学样例，收盘价在 11 日窗口内高点越靠近当前，信号越新。注意窗口、方向和字段选择。,"neg(ts_argmax(close, 11))","```dsl_fire
result = neg(ts_argmax(close, 11))
```","```dsl_fire
result = div(ts_wap, ts_last(shift(volume, 1), 10)), div(sub(shift(close, 1), xs_mean(volume, 10)), shift(volume, 10))
```",,,3,"c1:score=0,parse=False,exec=False | c2:score=0,parse=False,exec=False | c3:score=20,parse=True,exec=False | c4:score=20,parse=True,exec=False | c5:score=20,parse=True,exec=False",execution_error
code_gen_0552,generalization_conditional_paraphrase,gen_value_momentum_gate,请把这个未见过的金融想法转成 `dsl_fire` 代码块，代码块内只写 result 赋值：从量化研究角度，只有估值便宜且 22 日动量高于市场均值时，才保留价值动量组合。不要使用解释文字。,"where(logical_and(gt(recip(pb), xs_mean(recip(pb))), gt(pct_change(close, 22), xs_mean(pct_change(close, 22)))), add(recip(pb), pct_change(close, 22)), 0.0)","```dsl_fire
result = where(logical_and(gt(recip(pb), xs_mean(recip(pb))), gt(pct_change(close, 22), xs_mean(pct_change(close, 22)))), add(recip(pb), pct_change(close, 22)), 0.0)
```","```dsl_fire
result = where(logical_or(gt(recip(pb), xs_mean(recip(pb))), gt(pct_change(close, 20), xs_mean(pct_change(close, 20)))), add(recip(pb), neg(pct_change(close, 20)), 0.0)
```",,,1,"c1:score=0,parse=False,exec=False | c2:score=0,parse=False,exec=False | c3:score=0,parse=False,exec=False | c4:score=0,parse=False,exec=False | c5:score=0,parse=False,exec=False",parse_error
code_gen_0253,generalization_unseen_window_paraphrase,gen_unseen_window_reversal,请把这个未见过的金融想法转成 `dsl_fire` 代码块，代码块内只写 result 赋值：把这个 alpha 逻辑写成表达式：过去 12 日涨幅越高，后续均值回归压力越大。这个想法需要转换为函数式 DSL。,"neg(pct_change(close, 12))","```dsl_fire
result = neg(pct_change(close, 12))
```","```dsl_fire
result = neg(pct_change(close, 20))
```",,,1,"c1:score=120,parse=True,exec=True | c2:score=120,parse=True,exec=True | c3:score=120,parse=True,exec=True | c4:score=120,parse=True,exec=True | c5:score=120,parse=True,exec=True",semantic_mismatch
code_gen_0393,generalization_time_series_paraphrase,gen_argmin_close,请把这个未见过的金融想法转成 `dsl_fire` 代码块，代码块内只写 result 赋值：从量化研究角度，收盘价在 38 日窗口内低点位置用于描述路径。这个想法需要转换为函数式 DSL。,"ts_argmin(close, 38)","```dsl_fire
result = ts_argmin(close, 38)
```","```dsl_fire
result = div(sub(shift(close, 1), shift(close, 1), shift(close, 1))
```",,,1,"c1:score=0,parse=False,exec=False | c2:score=0,parse=False,exec=False | c3:score=0,parse=False,exec=False | c4:score=0,parse=False,exec=False | c5:score=0,parse=False,exec=False",parse_error
code_gen_0167,generalization_conditional,gen_mask_group_close_13,请把这个未见过的金融想法转成 `dsl_fire` 代码块，代码块内只写 result 赋值：只有收盘价不低于行业均值时，才保留行业标准化信号。,"mask(div(sub(close, group_mean(close, industry)), group_std(close, industry)), ge(close, group_mean(close, industry)), 0.0)","```dsl_fire
result = mask(div(sub(close, group_mean(close, industry)), group_std(close, industry)), ge(close, group_mean(close, industry)), 0.0)
```","```dsl_fire
result = where(gt(log(market_cap), group_mean(log(market_cap), industry)), div(sub(close, group_mean(log(market_cap), industry)), group_std(log(market_cap), industry)), 0.0)
```",,,1,"c1:score=120,parse=True,exec=True | c2:score=0,parse=False,exec=False | c3:score=120,parse=True,exec=True | c4:score=0,parse=False,exec=False | c5:score=120,parse=True,exec=True",semantic_mismatch
code_gen_0001,generalization_unseen_window,gen_unseen_window_reversal,请把这个未见过的金融想法转成 `dsl_fire` 代码块，代码块内只写 result 赋值：过去 4 日涨幅越高，后续均值回归压力越大。,"neg(pct_change(close, 4))","```dsl_fire
result = neg(pct_change(close, 4))
```","```dsl_fire
result = neg(pct_change(close, 45))
```",,,1,"c1:score=120,parse=True,exec=True | c2:score=120,parse=True,exec=True | c3:score=120,parse=True,exec=True | c4:score=120,parse=True,exec=True | c5:score=120,parse=True,exec=True",semantic_mismatch
code_gen_0333,generalization_time_series_paraphrase,gen_quantile_value,请把这个未见过的金融想法转成 `dsl_fire` 代码块，代码块内只写 result 赋值：从量化研究角度，估值便宜程度高于自身 55 日 70% 分位数越多，价值信号越突出。这个想法需要转换为函数式 DSL。,"sub(recip(pb), ts_quantile(recip(pb), 55, 0.7))","```dsl_fire
result = sub(recip(pb), ts_quantile(recip(pb), 55, 0.7))
```","```dsl_fire
result = div(div(volume, market_cap), group_mean(div(volume, market_cap), industry)), group_std(div(volume, market_cap), industry))
```",,,1,"c1:score=0,parse=False,exec=False | c2:score=0,parse=False,exec=False | c3:score=0,parse=False,exec=False | c4:score=0,parse=False,exec=False | c5:score=0,parse=False,exec=False",parse_error
code_gen_0317,generalization_conditional_paraphrase,gen_size_liquidity_gate,请把这个未见过的金融想法转成 `dsl_fire` 代码块，代码块内只写 result 赋值：作为教学样例，只有小市值暴露高于市场均值时，才保留 28 日流动性信号。不要使用解释文字。,"where(gt(neg(log(market_cap)), xs_mean(neg(log(market_cap)))), log1p(ts_mean(volume, 28)), 0.0)","```dsl_fire
result = where(gt(neg(log(market_cap)), xs_mean(neg(log(market_cap)))), log1p(ts_mean(volume, 28)), 0.0)
```","```dsl_fire
result = where(logical_or(gt(neg(log(market_cap)), xs_mean(neg(log(market_cap)))), gt(log(market_cap), xs_mean(log(market_cap)))), div(volume, market_cap), 0.0)
```",,,3,"c1:score=0,parse=False,exec=False | c2:score=0,parse=False,exec=False | c3:score=120,parse=True,exec=True | c4:score=120,parse=True,exec=True | c5:score=20,parse=True,exec=False",semantic_mismatch
code_gen_0042,generalization_composition,gen_liquidity_adjusted_trend,请把这个未见过的金融想法转成 `dsl_fire` 代码块，代码块内只写 result 赋值：价格趋势和流动性同时较强时，趋势可信度更高。,"mul(pct_change(close, 25), log1p(ts_mean(volume, 25)))","```dsl_fire
result = mul(pct_change(close, 25), log1p(ts_mean(volume, 25)))
```","```dsl_fire
result = where(logical_xor(gt(pct_change(close, 20), xs_mean(pct_change(close, 20))), add(recip(pb), neg(pct_change(close, 20)), 0.0)
```",,,1,"c1:score=0,parse=False,exec=False | c2:score=0,parse=False,exec=False | c3:score=0,parse=False,exec=False | c4:score=0,parse=False,exec=False | c5:score=0,parse=False,exec=False",parse_error
code_gen_0235,generalization_conditional,gen_logic_liquidity_risk_xor,请把这个未见过的金融想法转成 `dsl_fire` 代码块，代码块内只写 result 赋值：流动性强和低风险只有一个成立时保留 31 日动量。,"where(logical_xor(gt(log1p(ts_mean(volume, 31)), xs_mean(log1p(ts_mean(volume, 31)))), le(ts_std(pct_change(close, 1), 31), xs_mean(ts_std(pct_change(close, 1), 31)))), pct_change(close, 31), 0.0)","```dsl_fire
result = where(logical_xor(gt(log1p(ts_mean(volume, 31)), xs_mean(log1p(ts_mean(volume, 31)))), le(ts_std(pct_change(close, 1), 31), xs_mean(ts_std(pct_change(close, 1), 31)))), pct_change(close, 31), 0.0)
```","```dsl_fire
result = where(logical_xor(gt(pct_change(close, 1), xs_mean(pct_change(close, 3), xs_mean(pct_change(close, 20)), gt(ts_std(pct_change(close, 1), 20), xs_mean(ts_std(pct_change(close, 1), 20))))), pct_change(close, 20), 0.0)
```",,,1,"c1:score=0,parse=False,exec=False | c2:score=0,parse=False,exec=False | c3:score=0,parse=False,exec=False | c4:score=0,parse=False,exec=False | c5:score=0,parse=False,exec=False",parse_error
code_gen_0196,generalization_cross_section,gen_xs_quantile_vwap_13,请把这个未见过的金融想法转成 `dsl_fire` 代码块，代码块内只写 result 赋值：成交量加权平均价相对横截面 75% 分位数的偏离用于测试未见分位结构。,"sub(vwap, xs_quantile(vwap, 0.75))","```dsl_fire
result = sub(vwap, xs_quantile(vwap, 0.75))
```","```dsl_fire
result = sub(vwap, xs_quantile(vwap, 0.2))
```",,,1,"c1:score=120,parse=True,exec=True | c2:score=120,parse=True,exec=True | c3:score=120,parse=True,exec=True | c4:score=120,parse=True,exec=True | c5:score=120,parse=True,exec=True",semantic_mismatch
code_gen_0511,generalization_unseen_window_paraphrase,gen_unseen_window_volume,请把这个未见过的金融想法转成 `dsl_fire` 代码块，代码块内只写 result 赋值：把这个 alpha 逻辑写成表达式：短期成交量相对 50 日均量越高，放量越明显。注意窗口、方向和字段选择。,"div(ts_mean(volume, 12), ts_mean(volume, 50))","```dsl_fire
result = div(ts_mean(volume, 12), ts_mean(volume, 50))
```","```dsl_fire
result = pct_change(volume, 10)
```",,,1,"c1:score=120,parse=True,exec=True | c2:score=120,parse=True,exec=True | c3:score=120,parse=True,exec=True | c4:score=120,parse=True,exec=True | c5:score=120,parse=True,exec=True",semantic_mismatch
code_gen_0171,generalization_conditional,gen_conditional_xs_close_73,请把这个未见过的金融想法转成 `dsl_fire` 代码块，代码块内只写 result 赋值：只有收盘价横截面标准化值为正时，才保留 73 日动量。,"where(gt(div(sub(close, xs_mean(close)), xs_std(close)), 0.0), pct_change(close, 73), 0.0)","```dsl_fire
result = where(gt(div(sub(close, xs_mean(close)), xs_std(close)), 0.0), pct_change(close, 73), 0.0)
```","```dsl_fire
result = where(gt(pct_change(close, 7), xs_mean(pct_change(close, 7), xs_mean(pct_change(close, 7), 7))), 1.0)
```",,,2,"c1:score=0,parse=False,exec=False | c2:score=20,parse=True,exec=False | c3:score=20,parse=True,exec=False | c4:score=0,parse=False,exec=False | c5:score=0,parse=False,exec=False",execution_error
code_gen_0462,generalization_conditional_paraphrase,gen_logic_not_crowded,请把这个未见过的金融想法转成 `dsl_fire` 代码块，代码块内只写 result 赋值：从量化研究角度，当换手代理不拥挤时，保留价值和 13 日动量组合。不要使用解释文字。,"where(logical_not(gt(div(volume, market_cap), xs_mean(div(volume, market_cap)))), add(recip(pb), pct_change(close, 13)), 0.0)","```dsl_fire
result = where(logical_not(gt(div(volume, market_cap), xs_mean(div(volume, market_cap)))), add(recip(pb), pct_change(close, 13)), 0.0)
```","```dsl_fire
result = where(logical_or(gt(neg(log(market_cap)), xs_mean(neg(log(market_cap)))), gt(pct_change(close, 20), xs_mean(pct_change(close, 20)))), add(neg(log(market_cap)), div(volume, market_cap)), 0.0)
```",,,1,"c1:score=120,parse=True,exec=True | c2:score=0,parse=False,exec=False | c3:score=120,parse=True,exec=True | c4:score=120,parse=True,exec=True | c5:score=0,parse=False,exec=False",semantic_mismatch
code_gen_0455,generalization_conditional_paraphrase,gen_mask_group_market_cap_13,请把这个未见过的金融想法转成 `dsl_fire` 代码块，代码块内只写 result 赋值：作为教学样例，只有总市值不低于行业均值时，才保留行业标准化信号。请保持字段和算子命名规范。,"mask(div(sub(market_cap, group_mean(market_cap, industry)), group_std(market_cap, industry)), ge(market_cap, group_mean(market_cap, industry)), 0.0)","```dsl_fire
result = mask(div(sub(market_cap, group_mean(market_cap, industry)), group_std(market_cap, industry)), ge(market_cap, group_mean(market_cap, industry)), 0.0)
```","```dsl_fire
result = where(logical_or(gt(div(sub(log(market_cap), group_mean(log(market_cap), industry)), group_std(log(market_cap), industry)), 0.0)), neg(div(sub(close, vwap), vwap), ts_mean(volume, 20)), 0.0)
```",,,2,"c1:score=0,parse=False,exec=False | c2:score=20,parse=True,exec=False | c3:score=0,parse=False,exec=False | c4:score=0,parse=False,exec=False | c5:score=0,parse=False,exec=False",execution_error
