[1] code_public_0576_0: ```dsl_fire result = ts_prod(add(1.0, pct_change(close, 1)), 15) ```
[2] code_public_0347_0: ```dsl_fire result = minimum(maximum(div(sub(volume, xs_mean(volume)), xs_std(open)), -2.0), 3.0) ```
[3] code_public_0885_1: ```dsdsdsffire result = sub(pct_change(close, 20), xs_quantile(pct_change(close, 20), 0.2)) ```
[4] code_public_0965_1: ```dsl_fire result = neg(pct_change(close, 30)) ```
[5] code_public_0216_0: ```dsl_fire result = where(ne(sign(sub(low, xs_mean(low, vwap, vwap, vwap, xs_mean(div(sub(reclose, vwap, vwap)), vwap, 
[6] code_public_0852_1: ```dsl_fire result = sub(vwap, xs_quantile(vwap, 0.2)) ```
[7] code_public_0389_1: ```dsl_fire result = ts_propct_change(close, 1), 60) ```
[8] code_public_0048_0: ```dsl_fire result = xs_prod(add(11.0, pct_change(volume, 20))) ```
[9] code_public_0635_0: ```dsl_fire result = neg(div(ts_mean(volume, 5), ts_mean(volume, 60)), pct_change(close, 5))) ```
[10] code_public_0313_1: ```dsl_fire result = where(gt(pct_change(close, 1), group_mean(pct_change(close, 20), industry)), div(sub(pb, group_mean
[11] code_public_0168_1: ```dsl_fire result = mask(pct_change(vwap, 5), 0.0) ```
[12] code_public_0483_1: ```dsl_fire result = neg(logical_fire ```dsl_fire result = neg(div(sub(pct_change(close, 2), xs_mean(pct_change(close, 2
[13] code_public_0071_1: ```dsl_fire result = xs_prod(add(1p(1p(111111111111111111111111111111111111111111111111111111111111111111111111111111111
[14] code_public_0290_1: ```dsl_fire result = where(logical_and(gttt(pb), group_mean(div(volume, market_cap), industry)), gt(pct_change(close, 20
[15] code_public_0146_0: ```dsl_fire result = neg(pct_change(close, 2)) ```
[16] code_public_0890_1: ```dsl_fire result = ts_win_cumsum(pct_change(close, 1), 15) ```
[17] code_public_0800_1: ```dsl_fire result = ts_propct_change(close, 1), 2) ```
[18] code_public_0822_1: ```dsl_fire result = where(recip(pb), xs_mean(recip(pb))), div(sub(log(market_cap), xs_mean(log(market_cap))), xs_std(lo
[19] code_public_0156_0: ```dsl_fire result = diff(volume, 60) ```
[20] code_public_0307_0: ```dsl_fire result = minimum(pct_change(pb, 2), 0.0) ```
[21] code_public_0537_1: ```dsl_fire result = where(gt(recip(pb), xs_mean(recip(pb))), neg(div(sub(log(market_cap), xs_mean(log(market_cap))), xs
[22] code_public_0529_1: ```dsl_fire result = sub(low, xs_quantile(low, 0.2)) ```
[23] code_public_0491_0: ```dsl_fire result = ts_prod(add(1.0, pct_change(close, 1)), 90) ```
[24] code_public_0817_1: ```dsl_fire result = ts_wap, 15) ```
[25] code_public_0324_0: ```dsl_fire result = sub(ts_mean(pct_change(close, 1), 3), ts_var(pct_change(close, 1), 90)) ```
[26] code_public_0133_0: ```dsl_fire result = div(sub(open, shift(close, 30)), shift(close, 30)) ```
[27] code_public_0574_1: ```dsl_fire result = maspct_change(close, 30), 0.0) ```
[28] code_public_0132_0: ```dsl_fire result = neg(div(sub(div(sub(close, ts_mean(close, 5)), ts_std(pct_change(close, 5), 5))) ```
[29] code_public_0082_0: ```dsl_fire result = where(logical_or(gt(recip(pb), xs_mean(recip(pb))), gt(pct_change(close, 20), xs_mean(pct_change(cl
[30] code_public_0860_1: ```dsl_fire result = ts_prod(pct_change(close, 1), 0.0) ```
[31] code_public_0012_0: ```dsl_fire result = neg(pct_change(vwap, 2)) ```
[32] code_public_0840_1: ```dsl_ffire result = ts_corr(pct_change(close, 1), 45) ```
[33] code_public_0144_1: ```dsl_fire result = maximum(pct_change(open, 20), 0.0) ```
[34] code_public_0707_1: ```dsl_fire result = ts_propct_change(volume, 15)) ```
[35] code_public_0750_0: ```dsl_fire result = minimum(pct_change(vwap, 7), 0.0) ```
[36] code_public_0695_1: ```dsl_fire result = where(le(vwap, xs_median(vwap)), neg(div(sub(vwap, xs_mean(vwap)), xs_std(vwap)), 0.0) ```
[37] code_public_0725_0: ```dsl_fire result = div(sub(div(sub(close, vwap), vwap), group_mean(div(sub(close, vwap), vwap), industry)), group_std(
[38] code_public_0244_1: ```dsl_fire result = sub(sign(sub(market_cap, xs_mean(market_cap)), xs_std(market_cap)), xs_std(market_cap)), 0.0) ```
[39] code_public_0883_1: ```dsl_fire result = div(sub(log1p(ts_mean vwap)), group_mean(log1p(ts_mean(volume, 20)), industry)), group_std(pct_chan
[40] code_public_0603_0: ```dsdsdsdsdsdsdsdsdsdsdsdsdsdsdsdsdsdsdsdsdsdsdsdsdsdsdsdsdsdsdsdsdsdsdsdsdsdsdsdsdsdsdsdsdsresult = t x x x x x x x xr
[41] code_public_0636_0: ```dsl_fire result = where(gt(low, xs_median(log(market_cap)), div(sub(volume, xs_mean(volume)), xs_std(volume)), 0.0) `
[42] code_public_0926_0: ```dsl_fire result = ts_reg_res(recip(pb), log(market_cap), 60) ```
[43] code_public_0171_1: ```dsl_fire result = ts_win_corr(pct_change(close, 2), 2) ```
[44] code_public_0284_1: ```dsl_ffire result = ts_reg_res(pct_change(close, 1), 20) ```
[45] code_public_0752_1: ```dsl_fire result = where(logical_and(gt(pct_change(close, 20), xs_mean(pct_change(close, 5))), -1.0) ```
[46] code_public_0001_0: ```dsl_fire result = sub(pct_change(close, 60), pct_change(close, 60), 0.0) ```
[47] code_public_0585_0: ```dsl_fire result = where(gt(div(sub(close, xs_mean(close)), xs_std(close)), -1.0), div(sub(close, xs_mean(close)), xs_
[48] code_public_0623_1: ```dsl_fire result = add(market_cap, 5 5), pct_change(close, 5)) ```
[49] code_public_0674_1: ```dsl_fire result = maximum(pct_change(close, 10) ```
[50] code_public_0536_0: ```dsl_fire result = ts_win_cumsum(pct_change(close, 1), 30) ```
[51] code_public_0526_0: ```dsl_fire result = sub(div(absolute(div(volume, market_cap)), xs_sum(absolute(div(volume, market_cap)))), div(absolute
[52] code_public_0465_1: ```dsl_fire result = neg(pct_change(close, 30)) ```
[53] code_public_0266_1: ```dsl_fire result = maspct_change(close, 5), 0.0) ```
[54] code_public_0899_1: ```dsl_fire result = neg(pct_change(close, 5)) ```
[55] code_public_0108_0: ```dsl_fire result = maximum(pct_change(close, 15), 0.0) ```
[56] code_public_0130_0: ```dsl_fire result = sub(div(close, xs_sum(close)), div(volume, xs_sum(volume))) ```
[57] code_public_0315_0: ```dsl_fire result = sub(div(volume, market_cap), xs_quantile(div(volume, market_cap), 0.2)) ```
[58] code_public_0318_0: ```dsl_fire result = minimum(pct_change(vwap, 10)) ```
[59] code_public_0995_0: ```dsdsdsffire result = sub(log(market_cap), xs_quantile(log(market_cap), 0.2)) ```
[60] code_public_0811_0: ```dsl_fire result = add(div(sub(log(market_cap), xs_mean(log(market_cap))), xs_std(log(market_cap))), div(sub(close, vw
[61] code_public_0173_1: ```dsdsdsdsdsdsdsdsdsdsdsdsdsdsdsdsdsdsdsdsdsdsdsdsdsdsdsdsdsdsdsdsdsdsdsdsdsdsdsdsdsdsdsdsdsdsdsdsdsdsdsdsdsdsdsdsdsdsd
[62] code_public_0820_0: ```dsl_fire result = mod(pb, 10.0) ```
[63] code_public_0115_0: ```dsl_fire result = sub(log(market_cap)), neg(log(market_cap))) ```
[64] code_public_0437_1: ```dsl_fire result = sub(pb, xs_median(pb)) ```
[65] code_public_0759_1: ```dsl_fire result = ts_prod(market_cap, 5)) ```
[66] code_public_0122_1: ```dsl_fire result = maximum(absolute(pct_change(low, 15)))) ```
[67] code_public_0605_1: ```dsl_fire result = neg(pct_change(close, 20)) ```
[68] code_public_0545_0: ```dsl_fire result = where(logical_and(gt(log(market_cap), xs_mean(log(market_cap))), gt(div(volume, market_cap), xs_mea
[69] code_public_0876_0: ```dsl_fire result = abs_prod(div(sub(log(market_cap), xs_mean(log(market_cap))), xs_std(div(sub(log(market_cap), xs_mea
[70] code_public_0818_0: ```dsl_fire result = minimum(maximum(div(sub(div(sign(volume, xs_mean(volume, 20)), xs_std(div(reclose, xs_mean(div(volu
[71] code_public_0306_1: ```dsl_fire result = ts_propct_change(close, 5)) ``````
[72] code_public_0787_1: ```dsl_fire result = maximum(pct_change(close, 15), 0.25) ```
[73] code_public_0047_0: ```dsl_fire result = sign(pct_change(open, 5)) ```
[74] code_public_0662_1: ```dsl_fire result = ts_win_corr(pct_change(close, 3), 3) ```
[75] code_public_0416_0: ```dsl_fire result = ts_prod(add(1.0, pct_change(volume, 1)), 10) ```
[76] code_public_0462_1: ```dsl_fire result = where(logical_and(gt(recip(pb), xs_mean(recip(pb))), gt(pct_change(close, 60), xs_mean(pct_change(c
[77] code_public_0846_1: ```dsl_fire result = minimum(vvvolume, 10)) ```
[78] code_public_0831_1: ```dsl_fire result = maximum(absolute(pct_change(close, 20, 20)), 0.5) ```
[79] code_public_0262_0: ```dsl_fire result = neg(minimum(pct_change(pb, 10)) ```
[80] code_public_0331_0: ```dsl_fire result = mul(div(sub(pb, xs_mean(pb)), xs_std(pb)), 1.0)) ```
[81] code_public_0663_1: ```dsl_fire result = xs_corr(log(market_cap), log1p(ts_mean(volume, 20))) ```
[82] code_public_0994_0: ```dsl_fire result = neg(div(ts_mean(volume, 3), ts_mean(volume, 90)), pct_change(close, 3))) ```
[83] code_public_0024_0: ```dsl_fire result = square square square square square square square square square square square square square square s
[84] code_public_0602_0: ```dsl_fire result = ts_corr(close, 10) ```
[85] code_public_0869_1: ```dsl_fire result = ts_wap, xs_mean(div(sub(open, group_mean(open, industry)), group_std(open, industry)), -3.0), 3.0) 
[86] code_public_0752_0: ```dsl_fire result = where(logical_and(gt(volume, ts_mean(volume, 20)), neg(pct_change(close, 5)), 0.0) ```
[87] code_public_0996_1: ```dsl_fire result = ts_propct_change(close, 60)) ```
[88] code_public_0407_0: ```dsl_fire result = neg(div(pb, xs_sum(pb))) ```
[89] code_public_0917_1: ```dsl_ffire result = div(recip(pb), div(sub(log(market_cap), xs_mean(log(market_cap))), xs_std(log(market_cap)))) ```
[90] code_public_0923_0: ```dsl_fire result = xs_prod(add(1.0, pct_change(volume, 2))) ```
[91] code_public_0741_1: ```dsl_fire result = sub(div(absolute(pct_change(close, 20)), xs_sum(absolute(pct_change(close, 20)))), div(absolute(div
[92] code_public_0963_1: ```dsl_fire result = sub(pb, xs_quantile(pb, xs_mean(pb, 7), 0.5) ```
[93] code_public_0965_0: ```dsl_fire result = neg(pct_change(close, 30)) ```
[94] code_public_0338_0: ```dsl_fire result = sub(ts_mean(pct_change(close, 1), 20), ts_std(pct_change(close, 1), 90)) ```
[95] code_public_0396_1: ```dsl_fire result = neg(pct_change(close, 90)) ```
[96] code_public_0634_0: ```dsl_fire result = mul(div(ts_mean(volume, ts_mean(volume, 60)), pct_change(close, 7), 0.0) ```
[97] code_public_0749_1: ```dsl_fire result = swwwwin___prod(add(1p(ts_mevolume, pct_change(vwap, 1), 10))) ```
[98] code_public_0484_0: ```dsl_fire result = minimum(pct_change(high, 2)) ```
[99] code_public_0581_0: ```dsl_fire result = ts_prod(add(1.0, pct_change(close, 7))) ```
[100] code_public_0912_0: ```dsl_fire result = mul(div(ts_mean(volume, 3), ts_mean(volume, 20)), pct_change(close, 3)) ```
[101] code_public_0141_0: ```dsl_fire result = ts_win_cumsum(pct_change(close, 1), 3) ```
[102] code_public_0931_0: ```dsl_fire result = mod(pb, 500.0) ```
[103] code_public_0190_1: ```dsl_ffire result = div(sub(pct_change(close, 20), group_mean(pct_change(close, 20), industry)), group_std(pct_change(
[104] code_public_0847_1: ```dsl_fire result = ts_prod(pct_change(vwap, 1), 45) ```
[105] code_public_0560_0: ```dsl_fire result = ts_regmeananan(pct_change(close, 1), 5) ```
[106] code_public_0330_0: ```dsl_fire result = sub(market_cap, ts_quantile(market_cap, 90, 0.7)) ```
[107] code_public_0029_0: ```dsl_fire result = where(logical_xor(gt(pct_change(close, 20), xs_mean(recip(pb))), gt(log1p(ts_mean(volume, 20)), xs_
[108] code_public_0655_1: ```dsl_fire result = add(div(sub(recip(pb), group_mean(recip(pb), industry)), group_std(recip(pb), industry)), pct_chang
[109] code_public_0586_1: ```dsl_fire result = neg(ts_argmax(volume, 20)) ```
[110] code_public_0653_1: ```dsl_fire result = xs_prod(add(1p(1p(111111111111111111111111111111111111111111111111111111111111111111111111111111111
[111] code_public_0325_1: ```dsl_ffire result = div(sign(pct_change(close, 20), group_mean(pct_change(close, 20), industry)), group_stddddd(pct_ch
[112] code_public_0562_1: ```dsl_fire result = ts_prod(pct_change(pb, 1), 20) ```
[113] code_public_0144_0: ```dsl_fire result = sign(pct_change(open, 20)) ```
[114] code_public_0114_1: ```dsl_fire result = maximum(absolute(pct_change(close, 20, 20)), 0.5) ```
[115] code_public_0736_0: ```dsl_fire result = minimum(pct_change(volume, 3), 0.0) ```
[116] code_public_0430_0: ```dsl_fire result = ts_prod(add(1.0, pct_change(volume, 1)), 5) ```
[117] code_public_0323_0: ```dsl_fire result = xs_corr(pct_change(close, 20), volume) ```
[118] code_public_0204_0: ```dsl_fire result = neg(ts_argmax(vwap, 5)) ```
[119] code_public_0218_1: ```dsl_fire result = power(absolute(pct_change(vwap, 10)), 0.25) ```
[120] code_public_0827_1: ```dsl_fire result = where(logical_xor(gt(pct_change(close, 1), xs_mean(pct_change(close, 20))), gt(recip(pb), xs_mean(r
[121] code_public_0422_1: ```dsl_fire result = where(logical_not(gt(recip(pb), xs_mean(recip(pb))), gt(pct_change(close, 20), xs_mean(pct_change(c
[122] code_public_0200_0: ```dsl_fire result = neg(div(sub( xs_mean(pb)), xs_std(pb)), -2.0), 2.0) ```
[123] code_public_0279_1: ```dsl_fire result = mask(pb, xs_mean(pb)), div(pb, xs_mean(pb)), 0.0) ```
[124] code_public_0400_0: ```dsl_fire result = where(logical_and(gt(close, ts_mean(close, 20)), neg(pct_change(close, 5)), 0.0) ```
[125] code_public_0795_0: ```dsl_fire result = ts_reg_res(pct_change(close, 45), 45) ```
[126] code_public_0377_0: ```dsl_fire result = where(gt(pct_change(close, 20), group_mean(pct_change(close, 20), industry)), div(sub(pct_change(cl
[127] code_public_0462_0: ```dsl_fire result = where(logical_and(gt(recip(pb), xs_mean(recip(pb))), gt(pct_change(close, 60), xs_mean(pct_change(c
[128] code_public_0511_0: ```dsl_fire result = mod(volume, 300.0) ```
[129] code_public_0068_0: ```dsl_fire result = sub(close, ts_quantile(close, 30, 0.8)) ```
[130] code_public_0627_1: ```dsl_fire result = neg(ts_argmax(pb, 10)) ```
[131] code_public_0360_1: ```dsl_fire result = where(logical_and(gt(pct_change(close, 1), xs_mean(pct_change(close, 20))), gt(pct_change(close, 2)
[132] code_public_0450_0: ```dsl_fire result = sub(high, group_mean(high, industry)) ```
[133] code_public_0439_0: ```dsl_fire result = div(sub(pct_change(volume, 10), xs_mean(pct_change(close, 10))), xs_std(pct_change(close, 10))) ```
[134] code_public_0564_0: ```dsl_fire result = ts_prod(add(1.0, pct_change(close, 1)), 10) ```
[135] code_public_0761_0: ```dsl_fire result = where(gt(log(market_cap), group_mean(log(market_cap), industry)), div(sub(log1p(ts_mean(volume, 20)
[136] code_public_0912_1: ```dsl_fire result = mul(div(ts_mean(volume, 3), ts_mean(volume, 30)), pct_change(close, 3)) ```
[137] code_public_0112_0: ```dsl_fire result = neg(pct_change(open, 2)) ```
[138] code_public_0542_0: ```dsl_fire result = sub(div(sub(close, xs_mean(close, vwap)), xs_std(close)), 1.0) ```
[139] code_public_0283_1: ```dsl_fire result = ts_propct_changevwap, 5)) ```
[140] code_public_0119_0: ```dsl_fire result = minimum(maximum(div(sub(volume, group_mean(volume, industry)), group_std(volume, industry)), -2.0),
[141] code_public_0227_0: ```dsl_fire result = maximum(pct_change(open, 2) ```
[142] code_public_0587_1: ```dsl_fire result = maspct_change(close, 10), lt(pct_change(close, 10), 0.0) ```
[143] code_public_0384_1: ```dsl_fire result = where(div(sub(log(market_cap), xs_mean(log(market_cap))), xs_std(log(market_cap))), xs_mean(div(sub
[144] code_public_0797_0: ```dsl_fire result = ts_prod(add(1.0, pct_change(close, 1)), 3) ```
[145] code_public_0720_1: ```dsdsdsfffire result = sub(pct_change(close, 20), xs_mean(pct_change(close, 20), group_std(pct_change(close, 20), indu
[146] code_public_0198_0: ```dsl_fire result = minimum(pct_change(pb, 5)) ```
[147] code_public_0398_0: ```dsl_fire result = where(div(sub(recip(pb), xs_mean(recip(pb))), xs_std(recip(pb))), xs_mean(div(sub(recip(pb), xs_mea
[148] code_public_0328_1: ```dsl_fire result = maximum(absolute(pct_change(pb, 2)), 0.5) ```
[149] code_public_0335_0: ```dsl_fire result = ts_argmin(close, 5) ```
[150] code_public_0022_1: ```dsl_fire result = ts_prod(pct_change(close, 1), 3) ```
[151] code_public_0973_0: ```dsl_fire result = sub(close, ts_quantile(close, 15, 0.8)) ```
[152] code_public_0751_0: ```dsdsdsffire result = sub(pct_change(close, 20), xs_mean(pct_change(close, 20), xs_mean(pct_change(close, 20)))) ```
[153] code_public_0225_1: ```dsdsdsdsdsdsdsdsdsdsdsdsdsdsdsdsdsdsdsdsdsdsdsdsdsdsdsdsdsdsdsdsdsdsdsdsdsdsdsdsdsdsdsdsdsdsdsdsdsdsdsdsdsdsdsdsdsdsd
[154] code_public_0353_1: ```dsl_fire result = m,ssss___propct_change(volume, 1), 10pct_change(volume, 10), 0.0) ```
[155] code_public_0456_1: ```dsl_fire result = ts_win_cumsum(pct_change(vwap, 1), 45) ```
[156] code_public_0918_1: ```dsl_fire result = ts_wap, 10) ```
[157] code_public_0448_0: ```dsl_fire result = mod(market_cap, 10.0) ```
[158] code_public_0028_1: ```dsl_fire result = sub(pct_change(close, 20), xs_mean(pct_change(close, 20))) ```
[159] code_public_0351_1: ```dsl_fire result = neg(ts_arg, ts_argmax(vwap, 90)) ```
[160] code_public_0971_1: ```dsl_fire result = ts_prod(pct_change(close, 2) ```
[161] code_public_0432_1: ```dsl_fire result = maximum(pct_change(volume, 15), 0.0) ```
[162] code_public_0286_1: ```dsl_fire result = mask(pct_change(close, 2), 2) ```
[163] code_public_0468_0: ```dsl_fire result = where(logical_xor(gt(pct_change(close, 1), xs_mean(pct_change(close, 1)), 1.0), 0.0) ```
[164] code_public_0821_0: ```dsl_fire result = neg(pct_change(close, 10)) ```
[165] code_public_0486_1: ```dsl_fire result = minimum(maximum(div(sign(pb, vwap, group_mean(volume, industry)), -1.0), pct_change(close, 10), 0.0
[166] code_public_0272_0: ```dsl_fire result = ts_reg_res(pct_change(close, 20), recip(pb), 45) ```
[167] code_public_0003_1: ```dsl_fire result = ts_prod(pct_change(close, 7)) ```
[168] code_public_0239_1: ```dsl_fire result = ts_win_res(pct_change(vwap, 1), 60) ```
[169] code_public_0792_0: ```dsl_fire result = ts_corr(recip(pb), log(market_cap), 15) ```
[170] code_public_0526_1: ```dsl_fire result = sub(div(absolute(pct_change(close, 20)), xs_sum(absolute(pct_change(close, 20)))), div(absolute(pct
[171] code_public_0708_0: ```dsl_fire result = neg(div(sub(div(sub(close, ts_mean(close, 5)), sub(pct_change(close, 5), xs_mean(pct_change(close, 
[172] code_public_0862_1: ```dsl_fire result = sub(low, xs_quantile(low, 0.8)) ```
[173] code_public_0304_0: ```dsl_fire result = diff(volume, 7) ```
[174] code_public_0663_0: ```dsl_fire result = xs_corr(log1p(ts_mean(volume, 20)), pct_change(close, 20)) ```
[175] code_public_0667_0: ```dsl_fire result = sub(recip(pb)), pct_change(close, 20)), 0.0) ```
[176] code_public_0182_1: ```dsl_fire result = mask(pct_change(vwap, 7)) ```
[177] code_public_0856_1: ```dsl_fire result = sign(pct_change(close, 5)) ```
[178] code_public_0156_1: ```dsl_fire result = ts_prod(open, 60)) `````````````````````
[179] code_public_0977_0: ```dsl_fire result = neg(pct_change(close, 45)) ```
[180] code_public_0286_0: ```dsl_fire result = sub(pct_change(close, 2), pct_change(close, 2) ```
[181] code_public_0451_0: ```dsl_fire result = minimum(maximum(div(sub(neg(log(market_cap)), xs_mean(market_cap)), -2.0), 2.0) ```
[182] code_public_0233_1: ```dsl_fire result = where(logical_and(market_cap), xs_mean(log(market_cap))), le(volume, ts_mean(volume, 20))), pct_cha
[183] code_public_0608_0: ```dsl_fire result = where(eq(sign(sub(volume, xs_mean(volume)), xs_std(volume)), -1.0), 2.0) ```
[184] code_public_0790_0: ```dsl_fire result = xs_corr(log(market_cap), ts_std(pct_change(close, 1), 20)) ```
[185] code_public_0866_1: ```dsl_fire result = mul(div(sub(volume, xs_mean(volume)), xs_std(volume)), 2.0)) ```
[186] code_public_0281_0: ```dsl_fire result = sub(div(sub(log(market_cap), xs_mean(log(market_cap))), xs_std(log(market_cap))))) ```
[187] code_public_0344_1: ```dsl_fire result = maximumpct_change(pb, 3), 0.0) ```
[188] code_public_0104_0: ```dsl_fire result = div(sub(log(market_cap), group_mean(log(market_cap), industry)), group_std(log(market_cap), industr
[189] code_public_0299_0: ```dsl_fire result = diff(volume, 2) ```
[190] code_public_0280_0: ```dsl_fire result = xs_corr(pct_change(close, 10), volume) ```
[191] code_public_0590_0: ```dsl_fire result = minimum(pct_change(close, 15)) ```
[192] code_public_0086_0: ```dsl_fire result = div(sub(close, group_mean(close, industry)), group_std(log1p(ts_mean(volume, 20)), industry)) ```
[193] code_public_0668_1: ```dsl_fire result = maximum(absolute(pct_change(pb, 3)), 0.25) ```
[194] code_public_0558_1: ```dsl_fire result = sign(pct_change(close, 3)) ```
[195] code_public_0572_0: ```dsl_fire result = ts_prod(add(1.0, pct_change(market_cap, 7))) ```
[196] code_public_0412_0: ```dsl_fire result = ts_reg_res(div(volume, market_cap), pct_change(close, 5), 90) ```
[197] code_public_0501_1: ```dsl_fire result = add(div(sub(recip(pb), xs_mean(recip(pb))), xs_std(recip(pb)), industry)), neg(pct_change(close, 10
[198] code_public_0102_1: ```dsl_fire result = where(gt(recip(pb), xs_mean(recip(pb))), div(sub(log(market_cap), xs_mean(log(market_cap))), xs_std
[199] code_public_0915_1: ```dsl_fire result = xs_prod(pct_change(vwap, 30)) ```
[200] code_public_0069_1: ```dsl_fire result = ts_win_res(pct_change(vwap, 1), 30) ```
[201] code_public_0643_0: ```dsl_fire result = ts_corr(recip(pb), log(market_cap), 30) ```
[202] code_public_0519_1: ```dsl_fire result = maximum(pct_change(pb, 10) ```
[203] code_public_0152_0: ```dsl_fire result = power(absolute(pct_change(close, 2)), 0.25) ```
[204] code_public_0633_0: ```dsl_fire result = ts_prod(add(1.0, pct_change(close, 1)), 15) ```
[205] code_public_0128_1: ```dsl_fire result = ts_win_cumumum(pct_change(volume, 1), 10) ```
[206] code_public_0008_1: ```dsl_fire result = ts_wap, 15) ```
[207] code_public_0403_1: ```dsl_fire result = maximum(absolute(pct_change(close, 10)), 0.25) ```
[208] code_public_0890_0: ```dsl_fire result = ts_win_cumsum(pb, 1), 15) ```
[209] code_public_0269_0: ```dsl_fire result = ts_prod(add(1.0, pct_change(close, 1)), 20) ```
[210] code_public_0621_1: ```dsl_fire result = maspct_changevwap, 10), 0.0) ```
[211] code_public_0952_0: ```dsl_fire result = add(pct_change(close, 20), pct_change(close, 20), 0.0) ```
[212] code_public_0439_1: ```dsl_fire result = neg(pct_change(vwap, 10)) ```
[213] code_public_0532_1: ```dsl_fire result = neg(pct_change(close, 60)) ```
[214] code_public_0000_1: ```dsl_fire result = ts_prod(add(1p(1p(111111111111111111111111111111111111111111111111111111111111111111111111111111111
[215] code_public_0506_0: ```dsl_fire result = sub(pb, xs_quantile(pb, 0.5)) ```
[216] code_public_0418_0: ```dsl_fire result = where(logical_xor(gt(recip(pb), xs_mean(recip(pb))), gt(pct_change(close, 20), xs_mean(pct_change(c
[217] code_public_0900_0: ```dsl_fire result = power(absolute(pct_change(open, 10)), 0.5) ```
[218] code_public_0371_0: ```dsl_fire result = min minimum(pct_change(market_cap, 7), 0.0) ```
[219] code_public_0449_1: ```dsdsdsdsdsdsdsdsdsdsdsdsdsdsdsdsdsdsdsdsdsdsdsdsdsdsdsdsdsdsdsdsdsdsdsdsdsdsdsdsdsdsdsdsdsdsdsdsdsdsdsdsdsdsdsdsdsdsd
[220] code_public_0794_1: ```dsl_fire result = where(logical_and(gt(recip(pb)), xs_mean(recip(pb))), gt(pct_change(close, 20), xs_mean(pct_change(
[221] code_public_0253_1: ```dsl_fire result = ts_corr(close, vwap, 0.8)) ```
[222] code_public_0727_0: ```dsl_fire result = ts_wap, 60) ```
[223] code_public_0492_0: ```dsl_fire result = ts_corr(close, 90) ```
[224] code_public_0157_0: ```dsl_fire result = where(logical_xor(lt(close, ts_mean(close, 20)), le(volume, ts_mean(volume, 20))), pct_change(close
[225] code_public_0535_1: ```dsl_fire result = add(div(sub(log(market_cap), xs_mean(log(market_cap))), xs_std(log(market_cap))), divg(div(volume, 
[226] code_public_0504_0: ```dsl_fire result = ts_win_cumsum(pct_change(close, 1), 2) ```
[227] code_public_0786_1: ```dsl_ffire result = div(sub(close, group_mean(close, industry)), group_std(close, industry)) ```
[228] code_public_0884_1: ```dsl_fire result = ts_win_sum(pct_change(volume, 1), 15) ```
[229] code_public_0674_0: ```dsl_fire result = power(absolute(pct_change(close, 10)), 0.25) ```
[230] code_public_0558_0: ```dsl_fire result = sign(pct_change(close, 3)) ```
[231] code_public_0083_1: ```dsl_fire result = sub(div(absolute(recip(pb)), xs_sum(absolute(recip(pb)))), div(absolute(div(sub(close, vwap), vwap)
[232] code_public_0039_0: ```dsl_fire result = sub(volume, ts_quantile(vwap, 5, 0.7)) ```
[233] code_public_0225_0: ```dsl_fire result = sub(log(market_cap), xs_quantile(log(market_cap), 0.2)) ```
[234] code_public_0196_0: ```dsl_fire result = ts_win_cumsum(pct_change(pb, 1), 15) ```
[235] code_public_0100_1: ```dsdsdsdsdsdsdsdsdsdsdsdsdsdsdsdsdsdsdsdsdsdsdsdsdsdsdsdsdsdsdsdsdsdsdsdsdsdsdsdsdsdsdsdsdsdsdsdsdsdsdsdsdsdsdsdsdsdsd
[236] code_public_0906_1: ```dsl_fire result = neg(log(market_cap)) ```
[237] code_public_0931_1: ```dsl_fire result = add(pb, 500.0) ```
[238] code_public_0669_1: ```dsl_fire result = ts_win_cum(pct_change(volume, 3), 3) ```
[239] code_public_0771_1: ```dsl_fire result = neg(log(market_cap)) ```
[240] code_public_0383_0: ```dsl_fire result = minimum(pct_change(close, 2), 0.0) ```
[241] code_public_0147_0: ```dsl_fire result = ts_prod(add(1.0, pct_change(close, 1)), 3) ```
[242] code_public_0134_1: ```dsl_fire result = ts_wap, 90) ```
[243] code_public_0332_0: ```dsl_fire result = neg(pct_change(close, 3)) ```
[244] code_public_0256_0: ```dsl_fire result = where(logical_xor(market_cap), xs_mean(log(market_cap))), gt(pct_change(close, 20), xs_mean(pct_cha
[245] code_public_0970_0: ```dsl_fire result = sub(ts_mean(pct_change(close, 1), 2), ts_var(pct_change(close, 1), 90)) ```
[246] code_public_0990_0: ```dsl_fire result = where(logical_xor(logical_and(gt(pct_change(close, 20), xs_mean(pct_change(close, 20))), gt(div(sub
[247] code_public_0136_1: ```dsl_fire result = ts_c, ts_quantile(pb, 5, 0.7)) ```
[248] code_public_0802_1: ```dsl_fire result = ts_prod(pct_change(close, 1), 30) ```
[249] code_public_0749_0: ```dsl_fire result = minimum(pct_change(vwap, 10, 10, ts_mean(volume, 10)) ```
[250] code_public_0008_0: ```dsl_fire result = ts_wap, 15) ```
[251] code_public_0310_0: ```dsl_fire result = mask(pct_change(close, 5), ge(volume, ts_mean(volume, 5)), 0.0) ```
[252] code_public_0155_0: ```dsl_fire result = power(absolute(pct_change(close, 20)), 0.25) ```
[253] code_public_0979_1: ```dsl_fire result = ts_win_cumsumppct_change(pb, 1), 5) ```
[254] code_public_0572_1: ```dsl_fire result = ts_win_sum(pct_change(market_cap, 7)), 7)) ```
[255] code_public_0343_0: ```dsl_fire result = ts_prod(add(1.0, pct_change(close, 1)), 10) ```
[256] code_public_0085_1: ```dsdsdsdsdsdsdsdsdsdsdsdsdsdsdsdsdsdsdsdsdsdsdsdsdsdsdsdsdsdsdsdsdsdsdsdsdsdsdsdsdsdsdsdsdsdsdsdsdsdsdsdsdsdsdsdsdsdsd
[257] code_public_0158_0: ```dsl_fire result = sub(sqrt(recip(pb)), log(market_cap)) ```
[258] code_public_0007_1: ```dsl_fire result = maximum(absolute(pct_change(close, 5)), 0.25) ```
[259] code_public_0047_1: ```dsl_fire result = sign(pct_change(open, 5)) ```
[260] code_public_0160_0: ```dsl_ffire result = where(gt(recip(pb), group_mean(recip(pb), industry)), neg(div(sub(recip(pb), group_mean(recip(pb),
[261] code_public_0123_1: ```dsl_fire result = ts_wap, 90) ```
[262] code_public_0671_0: ```dsl_fire result = div(close, group_mean(close, industry)) ```
[263] code_public_0744_0: ```dsl_fire result = ts_prod(add(1.0, pct_change(close, 1)), 30) ```
[264] code_public_0475_1: ```dsl_fire result = ts_prod(pct_change(volume, 5), 5) ```
[265] code_public_0861_0: ```dsl_fire result = sub(ts_mean(pct_change(close, 1), 10), ts_var(pct_change(close, 1), 30)) ```
[266] code_public_0986_0: ```dsl_fire result = neg(pct_change(close, 30)) ```
[267] code_public_0179_1: ```dsl_fire result = sub(close, ts_quantile(close, 15, 0.7)) ```
[268] code_public_0626_1: ```dsl_fire result = ts_win_sum(pct_change(pb, 5)) ```
[269] code_public_0788_1: ```dsl_fire result = ts_win_cum(pct_change(open, 7), 7) ```
[270] code_public_0649_0: ```dsl_fire result = sub(div(sub(close, xs_mean(close)), xs_std(close)), 0.0) ```
[271] code_public_0192_0: ```dsl_fire result = xs_corr(pct_change(close, 15), volume) ```
[272] code_public_0793_0: ```dsl_fire result = xs_prod(add(1p(ts_mean(volume, 7)))) ```
[273] code_public_0027_1: ```dsl_fire result = maximum(absolute(pct_change(close, 5))) ```
[274] code_public_0214_1: ```dsl_fire result = sub(volume, ts_quantile(volume, 10, 0.7)) ```
[275] code_public_0202_0: ```dsl_fire result = ts_wap, 30) ```
[276] code_public_0910_0: ```dsl_fire result = xs_prod(add(1.0, pct_change(vwap, 15))) ```
[277] code_public_0090_0: ```dsl_fire result = neg(ts_argmax(pb, 5)) ```
[278] code_public_0987_0: ```dsl_fire result = neg(minimum(pct_change(open, 2)) ```
[279] code_public_0077_0: ```dsl_fire result = ts_prod(add(1.0, pct_change(close, 1)), 20) ```
[280] code_public_0595_1: ```dsl_fire result = xs_cccccccpct_change(close, 7)) ```
[281] code_public_0735_0: ```dsdsdsdsdsdsdsdsdsdsdsdsdsdsdsdsdsdsdsdsdsdsdsdsdsdsdsdsdsdsdsdsdsdsdsdsdsdsdsdsdsdsdsdsdsdsdsdsdsdsdsdsdsdsdsdsdsdsd
[282] code_public_0833_1: ```dsl_fire result = power(absolute(pct_change(vwap, 15)), 0.5) ```
[283] code_public_0837_0: ```dsl_fire result = add(div(sub(recip(pb), group_mean(recip(pb), industry)), group_std(recip(pb), industry)), pct_chang
[284] code_public_0126_0: ```dsl_fire result = div(sub(open, shift(close, 20)), shift(close, 20)) ```
[285] code_public_0062_0: ```dsl_fire result = xs_corr(div(sub(close, vwap), vwap), xs_mean(div(sub(close, vwap), vwap))) ```
[286] code_public_0442_1: ```dsl_fire result = ts_regmax(close, 90)) ```
[287] code_public_0956_0: ```dsl_fire result = minimum(pct_change(close, 60), 0.0) ```
[288] code_public_0115_1: ```dsl_fire result = sub(log(market_cap), xs_mean(log(market_cap)))), neg(log(market_cap))) ```
[289] code_public_0438_0: ```dsl_fire result = add(log(recip(pb)), log(market_cap)) ```
[290] code_public_0117_0: ```dsl_fire result = ts_argmin(pb, 10) ```
[291] code_public_0798_1: ```dsl_fire result = maximum(pct_change(close, 7), 0.pct_change(close, 7)), 0.0) `````````dsl_fire result = ts_cum(pct_c
[292] code_public_0170_0: ```dsl_fire result = add(div(sub(log(market_cap), xs_mean(log(market_cap))), xs_std(log(market_cap))), log1p(ts_mean(vol
[293] code_public_0445_1: ```dsl_fire result = xs_prod(add(11p(11111111111111111111111111111111111111111111111111111111111111111111111111111111111
[294] code_public_0540_1: ```dsdsdsdsdsdsdsdsdsdsdsdsdsdsdsdsdsdsdsdsdsdsdsdsdsdsdsdsdsdsdsdsdsdsdsdsdsdsdsdsresult = subresult = ttststststststst
[295] code_public_0350_1: ```dsdsdsdsdsdsdsdsdsdsdsdsdsdsdsdsdsdsdsdsdsdsdsdsdsdsdsdsdsdsdsdsdsdsdsdsdsdsdsdsdsdsdsdsdsdsdsdsdsdsdsdsdsdsdsdsdsdsd
[296] code_public_0301_0: ```dsl_fire result = ts_win_cumsum(pct_change(pb, 1), 60) ```
[297] code_public_0751_1: ```dsdsdsdsdsdsdsdsdsdsdsdsdsdsdsdsdsdsdsdsdsdsdsdsdsdsdsdsdsdsdsdsdsdsdsdsdsdsdsdsdsdsdsdsdsdsdsdsdsdsdsdsdsdsdsdsdsdsd
[298] code_public_0835_1: ```dsl_fire result = where(logical_xor(eq(sign(pct_change(close, 1)), 1.0)), neg(pct_change(close, 10)), 0.0) ```
[299] code_public_0812_1: ```dsl_fire result = mask(div(sub(recip(pb), xs_mean(recip(pb))), xs_std(recip(pb))))), add(recip(pb), neg(log(market_ca
[300] code_public_0454_1: ```dsl_fire result = div(sub(pct_change(close, 45), group_mean(pct_change(close, 45), industry)), group_stdddd(pct_chang
[301] code_public_0713_0: ```dsl_fire result = minimum(pct_change(market_cap, 15), 0.0) ```
[302] code_public_0972_1: ```dsl_fire result = ts_wap) ```dsl_fire result = ts_argggggmax(volume, 20) ```
[303] code_public_0788_0: ```dsl_fire result = neg(minimum(pct_change(open, 7)) ```
[304] code_public_0359_1: ```dsl_fire result = square square square square square square square square square square square square square square s
[305] code_public_0616_0: ```dsl_fire result = div(pct_change(close, 2), absolute(div(sub(close, ts_min(low, 10)), sub(ts_max(high, 10), ts_min(lo
[306] code_public_0547_1: ```dsdsdsdsdsdsdsdsdsdsdsdsdsdsdsdsdsdsdsdsdsdsdsdsdsdsdsdsdsdsdsdsdsdsdsdsdsdsdsdsdsdsdsdsdsdsdsdsdsdsdsdsdsdsdsdsdsdsd
[307] code_public_0136_0: ```dsl_fire result = sub(pb, ts_quantile(pb, 5, 0.7)) ```
[308] code_public_0737_1: ```dsl_fire result = maximum(pct_change(pb, 20) ```
[309] code_public_0848_0: ```dsl_fire result = mod(market_cap, 100000.0) ```
[310] code_public_0185_0: ```dsl_fire result = where(gt(log(market_cap), group_mean(log(market_cap), industry)), div(sub(close, group_mean(log(mar
[311] code_public_0121_0: ```dsl_fire result = ts_prod(add(1.0, pct_change(pb, 1)), 90) ```
[312] code_public_0968_1: ```dsl_fire result = sub(recip(pb), log(market_cap)) ```
[313] code_public_0650_0: ```dsl_fire result = xs_prod(add(1.0, pct_change(vwap, 2))) ```
[314] code_public_0724_0: ```dsl_fire result = sign sign(pct_change(open, 5)) ```
[315] code_public_0002_0: ```dsl_fire result = minimum(pct_change(open, 3), 0.0) ```
[316] code_public_0093_1: ```dsl_fire result = xs_prod(div(sub(log(market_cap), xs_mean(market_cap)), xs_std(market_cap)), 3.0)) ```
[317] code_public_0658_0: ```dsl_fire result = mask(div(sub(log1p(ts_mean(volume, 20)), xs_mean(log1p(ts_meananananananananan(volume, 20)), 0.0) `
[318] code_public_0342_0: ```dsl_fire result = where(logical_and(gt(volume, ts_mean(volume, 20)), xs_mean(div(volume, market_cap))), gt(neg(log(ma
[319] code_public_0871_1: ```dsl_fire result = mod(volume, 10000.0) ```
[320] code_public_0485_1: ```dsdsdsdsdsdsdsdsdsdsdsdsdsdsdsdsdsdsdsdsdsdsdsdsdsdsdsdsdsdsdsdsdsdsdsdsdsdsdsdsdsdsdsdsdsdsdsdsdsdsdsdsdsdsdsdsdsdsd
[321] code_public_0525_1: ```dsl_fire result = ts_reg_res(pct_change(close, 1), 90), 90) ```
[322] code_public_0747_0: ```dsl_fire result = ts_prod(pct_change(volume, 1), 60) ```
[323] code_public_0509_0: ```dsl_fire result = sign(pct_change(close, 60)) ```
[324] code_public_0034_1: ```dsl_fire result = ts_regg_res(recip(pb), log(market_cap), 15) ```
[325] code_public_0578_1: ```dsl_fire result = maximumpct_change(close, 3)) ```
[326] code_public_0292_0: ```dsl_fire result = ts_prod(pct_change(close, 1), 30) ```
[327] code_public_0759_0: ```dsl_fire result = mod(market_cap, 200000.0) ```
[328] code_public_0586_0: ```dsl_fire result = neg(ts_argmax(close, 20)) ```
[329] code_public_0925_0: ```dsl_fire result = sub(pct_change(close, 20), pct_change(close, 1), 20), 0.0) ```
[330] code_public_0218_0: ```dsl_fire result = sqrt(absolute(pct_change(vwap, 10))) ```
[331] code_public_0859_1: ```dsl_fire result = maximum(pct_change(open, 2), 0.0) ```
[332] code_public_0716_0: ```dsl_fire result = neg(ts_wap, ts_argmax(vwap, 20)) ```
[333] code_public_0242_1: ```dsl_fire result = neg(mul(div(ts_mean(volume, 3), ts_mean(volume, 30)), pct_change(close, 3))) ```
[334] code_public_0679_0: ```dsl_fire result = where(eq(sign(sub(open, xs_mean(open)), xs_std(open)), xs_std(open)), 0.0) ```
[335] code_public_0646_0: ```dsl_fire result = ts_corr(pct_change(close, 20), log(market_cap), 45) ```
[336] code_public_0699_1: ```dsl_fire result = sub(market_cap, xs_median(log(market_cap))) ```
[337] code_public_0895_1: ```dsl_fire result = ts_prod(pct_change(vwap, 1), 10) ```
[338] code_public_0146_1: ```dsl_fire result = ts_cum(pct_change(close, 2), 2) ```
[339] code_public_0264_0: ```dsl_fire result = ts_win_cumsum(pb, 1), 45) ```
[340] code_public_0091_0: ```dsl_fire result = add(div(sub(log(market_cap), xs_mean(log(market_cap))), xs_std(log(market_cap))))) ```
[341] code_public_0070_1: ```dsl_fire result = maximum(absolute(pct_change(low, 3)) 0.25) ```
[342] code_public_0033_0: ```dsl_fire result = ts_reg_res(pct_change(close, 20), recip(pb), 15) ```
[343] code_public_0727_1: ```dsl_fire result = ts_wap, 60) ```
[344] code_public_0099_1: ```dsl_fire result = ts_prod(pct_change(volume, 1), 0.0) ```
[345] code_public_0094_0: ```dsl_fire result = ts_win_cumsum(pct_change(volume, 1), 45) ```
[346] code_public_0195_1: ```dsl_fire result = ts_prod(pct_change(market_cap, 1), 20) ```
[347] code_public_0079_0: ```dsl_fire result = where(log(market_cap), xs_mean(neg(log(market_cap)))), neg(log(market_cap)), 0.0) ```
[348] code_public_0229_1: ```dsdsdsdsdsdsdsdsdsdsdsdsdsdsdsdsdsdsdsdsdsdsdsdsdsdsdsdsdsdsdsdsdsdsdsdsdsdsdsdsdsdsdsdsdsdsdsdsdsdsdsdsdsdsdsdsdsdsd
[349] code_public_0361_0: ```dsl_fire result = diff(volume, 3) ```
[350] code_public_0672_0: ```dsl_fire result = neg(ts_argmax(volume, 5)) ```
[351] code_public_0961_0: ```dsl_fire result = div(sub(open, shift(close, 60)), shift(close, 60)) ```
[352] code_public_0412_1: ```dsl_fire result = ts_reg_reg_reg_reg_reg_res(pct_change(close, 1), 90) ```
[353] code_public_0903_0: ```dsl_fire result = neg(pct_change(close, 20)) ```
[354] code_public_0037_0: ```dsl_fire result = t ts_prod(add(1.0, pct_change(close, 3))) ```
[355] code_public_0397_0: ```dsl_fire result = add(div(sub(recip(pb), xs_mean(recip(pb))), xs_std(recip(pb))), neg(log(market_cap))) ```
[356] code_public_0477_1: ```dsl_fire result = xs_ccccccpct_change(close, 60), volume) ```
[357] code_public_0683_1: ```dsl_fire result = ts_win_sum(pct_change(volume, 1), 60) ```
[358] code_public_0085_0: ```dsl_fire result = xs_corr(recip(pb), div(volume, market_cap)) ```
[359] code_public_0346_0: ```dsl_fire result = ts_prod(add(1.0, pct_change(volume, 1)), 3) ```
[360] code_public_0440_1: ```dsl_fire result = neg(pct_change(close, 2)) ```
[361] code_public_0007_0: ```dsl_fire result = power(absolute(pct_change(close, 5)), 0.25) ```
[362] code_public_0375_1: ```dsl_fire result = ts_win_sum(pct_change(volume, 1), 30) ```
[363] code_public_0826_0: ```dsdsdsdsdsdsdsdsdsdsdsdsdsdsdsdsdsdsdsdsdsdsdsdsdsdsdsdsdsdsdsdsdsdsdsdsdsdsdsdsdsdsdsdsdsdsdsdsdsdsdsdsdsdsdsdsdsdsd
[364] code_public_0548_0: ```dsl_fire result = neg(pct_change(vwap, 20)) ```
[365] code_public_0809_0: ```dsl_fire result = mask(pct_change(close, 2), gt(pct_change(close, 20), 2)), 2) ```
[366] code_public_0724_1: ```dsl_fire result = ts_win_cum(pct_change(open, 5)) ```
[367] code_public_0630_0: ```dsl_fire result = where(eq(sign(sub(market_cap, xs_mean(log(market_cap)), xs_std(market_cap)), xs_mean(market_cap)), 
[368] code_public_0718_0: ```dsl_fire result = where(logical_and(gt(pct_change(close, 20), xs_mean(pct_change(close, 20))), gt(div(sub(recip(pb), 
[369] code_public_0799_0: ```dsl_fire result = ts_prod(add(1.0, pct_change(close, 1)), 60) ```
[370] code_public_0055_1: ```dsl_fire result = maspct_change(close, 1), 0.0) ```
[371] code_public_0386_0: ```dsl_fire result = ts_prod(add(1.0, pct_change(volume, 1)), 90) ```
[372] code_public_0756_1: ```dsl_fire result = ts_wap, 5) ```
[373] code_public_0411_0: ```dsl_fire result = ts_win_cumsum(pct_change(close, 1), 5) ```
[374] code_public_0261_0: ```dsl_fire result = where(div(sub(log(market_cap), xs_mean(log(market_cap))), xs_std(log(market_cap))), xs_mean(div(sub
[375] code_public_0288_0: ```dsl_fire result = div(sub(vwap, 2) ```
[376] code_public_0736_1: ```dsl_fire result = maspct_change(volume, 3), 0.0) ```
[377] code_public_0823_1: ```dsl_fire result = where(gt(div(sub(close, vwap), vwap), group_mean(div(sub(close, vwap), vwap), industry)), group_std
[378] code_public_0428_0: ```dsl_fire result = xs_ccccorr(log(market_cap), div(sub(close, vwap), vwap)) ```
[379] code_public_0210_1: ```dsl_fire result = ts_prod(pct_change(close, 1), 10) ```
[380] code_public_0234_0: ```dsl_fire result = mod(volume, 500.0) ```
[381] code_public_0642_0: ```dsl_fire result = where(log(market_cap), xs_mean(recap))), gt(neg(log(market_cap)), xs_mean(neg(log(market_cap))))), 
[382] code_public_0453_0: ```dsl_fire result = xs_prod(add(1.0, pct_change(volume, 2))) ```
[383] code_public_0977_1: ```dsl_fire result = neg(pct_change(close, 45)) ```
[384] code_public_0376_0: ```dsl_fire result = power(absolute(pct_change(open, 20)), 0.25) ```
[385] code_public_0531_1: ```dsl_fire result = neg(pct_change(vwap, 60)) ```
[386] code_public_0371_1: ```dsl_fire result = xs_prod(add(1p(1p(111111111111111111111111111111111111111111111111111111111111111111111111111111111
[387] code_public_0801_0: ```dsl_fire result = power(absolute(pct_change(close, 10)), 0.5) ```
[388] code_public_0716_1: ```dsl_fire result = neg(ts_arg, ts_argmax(vwap, 20)) ```
[389] code_public_0248_1: ```dsl_fire result = ts_prod(add(1.1.11111111111111111111111111111111111111111111111111111111111111111111111111111111111
[390] code_public_0871_0: ```dsl_fire result = mod(volume, 10000.0) ```
[391] code_public_0849_1: ```dsl_fire result = mask(pct_change(vwap, 10), 0.0) ```
[392] code_public_0392_1: ```dsl_fire result = ts_win_cumsum(pct_change(close, 1), 45) ```
[393] code_public_0288_1: ```dsl_fire result = mask(pct_change(vwap, 2), 2) ```
[394] code_public_0918_0: ```dsl_fire result = ts_wap, 10) ```
[395] code_public_0520_1: ```dsl_fire result = add(div(sub(log(recip(pb)), group_mean(log(recip(pb)), industry)), group_std(log(recip(pb)), indust
[396] code_public_0782_0: ```dsl_fire result = div(sub(pct_change(volume, 30), group_mean(volume, industry)), group_std(pct_change(close, 30), ind
[397] code_public_0199_0: ```dsl_fire result = power(absolute(pct_change(open, 2)), 0.5) ```
[398] code_public_0333_1: ```dsdsdsffffire result = ts_reg(div(volume, market_cap),) ```
[399] code_public_0904_1: ```dsl_fire result = ts_win_cum(pct_change(close, 7), 7) ```
[400] code_public_0255_0: ```dsl_fire result = where(logical_and(market_cap), xs_mean(log(market_cap))), ge(volume, ts_mean(volume, 20))), neg(log
[401] code_public_0275_1: ```dsl_fire result = maximumpct_change(pb, 5), 0.0) ```
[402] code_public_0195_0: ```dsl_fire result = ts_prod(add(1.0, pct_change(market_cap, 1), 20)), pct_change(market_cap, 20), 0.0) ```
[403] code_public_0343_1: ```dsl_fire result = ts_win_res(pct_change(close, 10)) ```
[404] code_public_0546_1: ```dsl_fire result = ts_regmax(log11111111111111111111111111111111111111111111111111111111111111111111111111111111111111
[405] code_public_0255_1: ```dsl_fire result = where(logical_xor(market_cap), xs_mean(pct_change(close, 20))), neg(pct_change(close, 20)), 0.0) ``
[406] code_public_0908_0: ```dsl_fire result = ts_reg_res(pct_change(close, 20), recip(pb), 30) ```
[407] code_public_0057_1: ```dsl_fire result = ts_prod(add(1ppp(1111111111111111111111111111111111111111111111111111111111111111111111111111111111
[408] code_public_0669_0: ```dsl_fire result = neg(minimum(pct_change(volume, 3), 0.1)) ```
[409] code_public_0805_1: ```dsl_fire result = ts_wap, 90) ```
[410] code_public_0456_0: ```dsl_fire result = ts_prod(pct_change(vwap, 45), 45) ```
[411] code_public_0162_0: ```dsl_fire result = add(log(market_cap), log1p(ts_mean(volume, 20))) ```
[412] code_public_0137_1: ```dsl_fire result = mask(div(sign(sign(market_cap, xs_mean(market_cap, xs_mean(market_cap, xs_mean(market_cap)), gt(clo
[413] code_public_0645_0: ```dsl_fire result = minimum(pct_change(volume, 10)) ```
[414] code_public_0254_1: ```dsl_fire result = neg(log(market_cap)) ```dslpct_change(close, 5), 0.0) ```
[415] code_public_0194_0: ```dsl_fire result = ts_prod(add(1.0, pct_change(close, 1)), 90) ```
[416] code_public_0721_1: ```pct_changepb, 30) ```
[417] code_public_0954_0: ```dsdsdsdsdsdsdsdsdsdsdsdsdsdsdsdsdsdsdsdsdsdsdsdsdsdsdsdsdsdsdsdsdsdsdsdsdsdsdsdsdsdsdsdsdsdsdsdsdsdsdsdsdsdsdsdsdsdsd
[418] code_public_0365_0: ```dsl_fire result = ts_wap, 5) ```
[419] code_public_0294_1: ```dsdsdsdsdsdsdsdsdsdsdsdsdsdsdsdsdsdsdsdsdsdsdsdsdsdsdsdsdsdsdsdsdsdsdsdsdsdsdsdsdsdsdsdsdsdsdsdsdsdsdsdsdsdsdsdsdsdsd
[420] code_public_0295_0: ```dsl_fire result = where(logical_xor(ne(sign(pct_change(close, 1)), -1.0), lt(close, ts_mean(close, 20))), pct_change(
[421] code_public_0564_1: ```dsl_fire result = ts_propct_change(close, 1), 10pct_change(pct_change(close, 1), 0.0) ```
[422] code_public_0281_1: ```dsl_fire result = sub(div(sub(recip(pb), xs_mean(recip(pb))), xs_std(recip(pb))), neg(log(market_cap))) ```
[423] code_public_0120_0: ```dsl_fire result = div(sub(vwap, shift(vwap, 3)), shift(vwap, 3)) ```
[424] code_public_0618_1: ```dsl_fire result = div(sub(vwap, group_mean(vwap, industry)), group_std(vwap, industry)) ```
[425] code_public_0169_1: ```dsl_fire result = ts_win_sum(pct_change(close, 5)) ```
[426] code_public_0305_1: ```dsl_fire result = sub(market_cap, xs_quantile(market_cap, 0.2)) ```
[427] code_public_0249_1: ```dsl_fire result = maximumpct_change(close, 7), 0.0) ```
[428] code_public_0964_0: ```dsl_fire result = ts_regmeananan(pct_change(vwap, 5)) ```
[429] code_public_0394_0: ```dsl_fire result = power(absolute(pct_change(vwap, 2)), 0.25) ```
[430] code_public_0719_0: ```dsl_fire result = div(sub(pct_change(close, 15), xs_mean(pct_change(close, 15), 15)), volume, ts_last(pct_change(clos
[431] code_public_0149_1: ```dsdsdsdsdsdsdsdsdsdsdsdsdsdsdsdsdsdsdsdsdsdsdsdsdsdsdsdsdsdsdsdsdsdsdsdsdsdsdsdsdsdsdsdsdsdsdsdsdsdsdsdsdsdsdsdsdsdsd
[432] code_public_0709_1: ```dsl_fire result = ts_prod(pct_change(volume, 15), 15) ```
[433] code_public_0494_0: ```dsl_fire result = div(sub(open, xs_mean(open, 5)), shift(open, 5)) ```
[434] code_public_0025_1: ```dsl_fire result = ts_corr(pct_change(close, 1), 45) ```
[435] code_public_0072_0: ```dsl_fire result = minimum(maximum(div(sub(vwap, group_mean(vwap, industry)), group_std(vwap, industry)), -3.0), 3.0) 
[436] code_public_0498_0: ```dsl_fire result = ts_prod(add(1.0, pct_change(vwap, 1)), 90) ```
[437] code_public_0166_0: ```dsl_fire result = mask(pct_change(close, 5), gt(close, ts_mean(close, 5)), 0.0) ```
[438] code_public_0111_0: ```dsl_fire result = sub(pct_change(close, 15), pct_change(close, 1), 15) ```
[439] code_public_0243_0: ```dsl_fire result = sign(pct_change(close, 10)) ```
[440] code_public_0551_0: ```dsl_fire result = diff(volume, 15) ```
[441] code_public_0471_0: ```dsl_fire result = minimum(pct_change(volume, 2), 0.0) ```
[442] code_public_0659_0: ```dsl_fire result = mod(volume, 20000.0) ```
[443] code_public_0163_1: ```dsdsdsfffire result = div(sign(pct_change(close, 20), group_mean(pct_change(close, 20), industry)), sign(pct_change(c
[444] code_public_0565_1: ```dsl_fire result = minimum(pct_change(vwap, 7), 0.1)) ```
[445] code_public_0776_1: ```dsl_fire result = neg(pct_change(close, 2)) ```
[446] code_public_0320_1: ```dsl_fire result = where(logical_and(le(volume, ts_mean(volume, 20)), ne(sign(pct_change(close, 1)), -1.0)), pct_chang
[447] code_public_0297_0: ```dsl_fire result = ts_reg_res(div(volume, market_cap), pct_change(close, 5), 20) ```
[448] code_public_0692_1: ```dsl_fire result = maximum(pct_change(vwap, 5), 0.25) ```
[449] code_public_0574_0: ```dsl_fire result = sub(pct_change(close, 10), pct_change(close, 30), 0.0) ```
[450] code_public_0712_0: ```dsl_fire result = neg(ts_argmax(volume, 15)) ```
[451] code_public_0634_1: ```dsl_fire result = mul(div(ts_mean(volume, 3), ts_mean(volume, 60)), pct_change(close, 3)) ```
[452] code_public_0480_1: ```dsl_fire result = xs_me(recip(pb)) ```
[453] code_public_0693_0: ```dsl_fire result = ts_prod(add(1.0, pct_change(open, 1)), 15) ```
[454] code_public_0322_1: ```dsdsdsdsdsdsdsdsdsdsdsdsdsdsdsdsdsdsdsdsdsdsdsdsdsdsdsdsdsdsdsdsdsdsdsdsdsdsdsdsdsdsdsdsdsdsdsdsdsdsdsdsdsdsdsdsdsdsd
[455] code_public_0214_0: ```dsl_fire result = sub(volume, ts_quantile(volume, 10, 0.7)) ```
[456] code_public_0951_1: ```dsl_fire result = ts_corr(close, 10) ```
[457] code_public_0538_0: ```dsl_fire result = where(div(sub(recip(pb), xs_mean(recip(pb))), xs_std(recip(pb))), xs_mean(div(sub(recip(pb), xs_mea
[458] code_public_0623_0: ```dsl_fire result = mod(market_cap, 5000.0) ```
[459] code_public_0999_1: ```dsl_fire result = maximum(absolute(pct_change(pb, 3))) ```
[460] code_public_0881_1: ```dsl_fire result = ts_win_win_win_cumsum(pct_change(volume, 1), 5) ```
[461] code_public_0802_0: ```dsl_fire result = sub(pct_change(close, 30), pct_change(close, 1), 30) ```
[462] code_public_0975_1: ```dsl_fire result = m)       ````````````
[463] code_public_0283_0: ```dsl_fire result = ts_prod(add(1.0, pct_change(volume, 1)), 45) ```
[464] code_public_0408_1: ```dsl_fire result = mul(div(sub(pct_change(close, 7), xs_mean(pct_change(close, 7))), 1.0)), pct_change(close, 7), 0.0)
[465] code_public_0061_1: ```dsl_fire result = sub(volume, ts_quantile(volume, 60, 0.7)) ```
[466] code_public_0270_1: ```dsl_fire result = t ts_prod(add(1.0, pct_change(close, 1)), 3) ```
[467] code_public_0806_1: ```dsl_fire result = neg(mul(div(ts_mean(volume, 3), ts_mean(volume, 20)), pct_change(close, 3))) ```
[468] code_public_0889_1: ```dsl_fire result = where(logical_and(market_cap), xs_mean(log(market_cap))), gt(volume, ts_mean(volume, 20))), pct_cha
[469] code_public_0009_1: ```dsl_fire result = div(sign(pb, 3), 0.0) ```
[470] code_public_0011_1: ```dsl_fire result = ts_wap, 60) ```
[471] code_public_0964_1: ```dsl_fire result = ts_win_res(pct_change(vwap, 5), 5) ```
[472] code_public_0045_1: ```dsl_fire result = ts_std(pct_change(close, 1), 90), pct_change(close, 1), 90) ```
[473] code_public_0550_1: ```dsl_fire result = mask(div(sign(sign(market_cap, xs_mean(market_cap, xs_cap)), xs_std(market_cap)), 0.0) ```
[474] code_public_0937_0: ```dsl_fire result = sub(market_cap, ts_quantile(market_cap, 60, 0.7)) ```
[475] code_public_0624_1: ```dsl_fire result = xs_prod(add(1p(1p(111111111111111111111111111111111111111111111111111111111111111111111111111111111
[476] code_public_0762_0: ```dsdsdsdsdsdsdsdsdsdsdsdsdsdsdsdsdsdsdsdsdsdsdsdsdsdsdsdsdsdsdsdsdsdsdsdsdsdsdsdsdsdsdsdsdsdsdsdsdsdsdsdsdsdsdsdsdsdsd
[477] code_public_0037_1: ```dsl_fire result = t ts_prod(add(1.0, pct_change(volume, 1)), 3) ```
[478] code_public_0987_1: ```dsl_fire result = ts_win_cum(pct_change(open, 2), 2) ```
[479] code_public_0437_0: ```dsl_fire result = sub(pb, xs_median(pb)) ```
[480] code_public_0482_1: ```dsl_fire result = ts_win_res(pct_change(close, 5), 45) ```
[481] code_public_0222_1: ```dsl_fire result = maspct_change(close, 15), pct_change(close, 15), 15) ```
[482] code_public_0183_0: ```dsl_fire result = t ts_prod(add(1.0, pct_change(volume, 1)), 3) ```
[483] code_public_0837_1: ```dsl_fire result = add(pct_change(close, 20), pct_change(close, 1)), 0.0) ```
[484] code_public_0291_0: ```dsl_fire result = ts_prod(add(1.0, pct_change(market_cap, 15)))) ```
[485] code_public_0657_0: ```dsl_fire result = div(sub(open, ts_mean(open, 15)), shift(open, 15)) ```
[486] code_public_0492_1: ```dsl_fire result = ts_corr(close, 90) ```
[487] code_public_0937_1: ```dsl_fire result = sub(volume, ts_quantile(volume, 60, 0.7)) ```
[488] code_public_0058_0: ```dsl_fire result = div(market_cap, xs_sum(market_cap)) ```
[489] code_public_0202_1: ```dsl_fire result = ts_win_cumsum(pct_change(close, 1), 30) ```
[490] code_public_0049_0: ```dsdsffffire result = sub(div(volume, market_cap), xs_median(div(volume, market_cap))) ```
[491] code_public_0886_1: ```dsdsdsdsdsdsdsdsdsdsdsdsdsdsdsdsdsdsdsdsdsdsdsdsdsdsdsdsdsdsdsdsdsdsdsdsdsdsdsdsdsdsdsdsdsdsdsdsdsdsdsdsdsdsdsdsdsdsd
[492] code_public_0723_0: ```dsl_fire result = div(sub(pct_change(close, 30), group_mean(pct_change(close, 30), industry)), group_std(pct_change(c
[493] code_public_0943_1: ```dsl_fire result = div(sign(pct_change(volume, 45), 0.0) ```
[494] code_public_0604_1: ```dsl_fire result = where(gtt(market_cap, xs_median(log(market_cap)), div(sub(volume, xs_mean(volume, 20)), xs_std(log(
[495] code_public_0064_1: ```dsl_fire result = neg(volume, group_mean(volume, industry)) ```
[496] code_public_0696_1: ```dsl_fire result = where(gt(recip(pb), xs_mean(recip(pb))), log(market_cap), 0.0) ```
[497] code_public_0733_0: ```dsl_fire result = m)  result = m p p p p p p p pb, xs_sum(div(sub(volume, xs_mean(volume)), xs_std(volume)), xs_std(v
[498] code_public_0888_0: ```dsl_fire result = sub(pct_change(close, 2), pct_change(close, 90)) ```
[499] code_public_0593_0: ```dsl_fire result = xs_corr(pct_change(close, 20), ts_std(pct_change(close, 1), 20)) ```
[500] code_public_0765_0: ```dsl_fire result = minimum(maximum(div(sub(close, group_mean(close, industry)), group_std(close, industry)), -2.0), 3.
[501] code_public_0683_0: ```dsl_fire result = ts_prod(add(1.0, pct_change(market_cap, 1)), 60) ```
[502] code_public_0098_0: ```dsl_fire result = sub(low, xs_median(log(market_cap))) ```
[503] code_public_0819_1: ```dsdsdsdsdsdsdsdsdsdsdsdsdsdsdsdsdsdsdsdsdsdsdsdsdsdsdsdsdsdsdsdsdsdsdsdsdsdsdsdsdsdsdsdsdsdsdsdsdsdsdsdsdsdsdsdsdsdsd
[504] code_public_0530_0: ```dsl_fire result = minimum(pct_change(volume, 2), 2) ```
[505] code_public_0942_0: ```dsl_fire result = ts_prod(add(1.0, pct_change(close, 1)), 7) ```
[506] code_public_0229_0: ```dsl_fire result = mask(div(sub(pb, xs_mean(pb)), xs_std(pb)), xs_std(pb)), gt(div(sub(pb, xs_mean(pb)), xs_std(pb)), 
[507] code_public_0356_0: ```dsl_fire result = sub(pb, ts_quantile(pb, 90, 0.7)) ```
[508] code_public_0224_0: ```dsl_fire result = add(div(sub(recip(pb), group_mean(recip(pb), industry)), group_std(recip(pb), industry)), pct_chang
[509] code_public_0238_1: ```dsl_fire result = ts_corr(pct_change(close, 1), 45) ```
[510] code_public_0005_1: ```dsl_fire result = sub(volume, ts_quantile(volume, 15, 0.7)) ```
[511] code_public_0566_1: ```dsl_fire result = where(log(recip(pb)), xs_mean(recip(pb))), neg(div(sub(log(market_cap), xs_mean(log(market_cap))), 
[512] code_public_0038_1: ```dsl_fire result = ts_reg_res(pct_change(close, 1), 90), pct_change(close, 1), 90) ```
[513] code_public_0106_0: ```dsl_fire result = ts_prod(add(1.0, pct_change(vwap, 1)), 10) ```
[514] code_public_0399_0: ```dsl_fire result = ts_prod(add(1.0, pct_change(market_cap, 1)), 45) ```
[515] code_public_0932_1: ```dsl_fire result = ts_corr(div(volume, market_cap), pct_change(close, 5), 45) ```
[516] code_public_0898_1: ```dsl_fire result = sub(market_cap, xs_quantile(market_cap, 0.5), volume, 0.5) ```
[517] code_public_0940_0: ```dsl_fire result = ts_std(pct_change(close, 1), 45) ```
[518] code_public_0579_1: ```dsl_fire result = where(logical_xor(ne(sign(pct_change(close, 1)), -1.0)), neg(pct_change(close, 10)), 0.0) ```
[519] code_public_0830_1: ```dsl_fire result = xs_cccccpct_change(vwap, xs_mean(vwap)) ```
[520] code_public_0776_0: ```dsl_fire result = neg(pct_change(close, 2)) ```
[521] code_public_0582_0: ```dsl_fire result = neg(pct_change(vwap, 10)) ```
[522] code_public_0657_1: ```dsl_fire result = div(sign(pct_change(open, 15), 0.0) ```
[523] code_public_0314_1: ```dsl_fire result = maximumpct_change(vwap, 15)) ```
[524] code_public_0979_0: ```dsl_fire result = ts_win_cumsum(pct_change(pb, 1), 5) ```
[525] code_public_0279_0: ```dsl_fire result = where(ge(pb, xs_mean(pb)), vwap, xs_mean(pb)) ```
[526] code_public_0291_1: ```dsl_fire result = maximum(pct_change(pb, 15)) ```
[527] code_public_0457_1: ```dsl_fire result = ts_reg, 90) ```
[528] code_public_0901_1: ```dsl_fire result = ts_reg_res(recip(pb), log(market_cap), 20) ```
[529] code_public_0610_1: ```dsl_fire result = mul(div(sub(vwap, xs_mean(vwap)), xs_std(vwap)), 2.0)) ```
[530] code_public_0888_1: ```dsl_fire result = neg(pct_change(close, 90)) ```
[531] code_public_0579_0: ```dsl_fire result = where(logical_xor(ne(sign(pct_change(close, 1)), -1.0)), neg(pct_change(close, 10)), 0.0) ```
[532] code_public_0881_0: ```dsl_fire result = ts_win_cumsum(pct_change(volume, 1), 5) ```
[533] code_public_0419_1: ```dsl_fire result = ts_win_res(pct_change(close, 1), 60) ```
[534] code_public_0541_1: ```dsl_fire result = ts_wap, 90) ```
[535] code_public_0783_1: ```dsl_fire result = ts_wap, 90) ```
[536] code_public_0147_1: ```dsl_fire result = ts_win_res(pct_change(close, 3), 3) ```
[537] code_public_0715_0: ```dsl_fire result = minimum(pct_change(close, 20), 0.0) ```
[538] code_public_0331_1: ```dsl_fire result = mul(div(sub(pb, xs_mean(pb)), xs_std(pb)), 1.0)) ```
[539] code_public_0739_1: ```dsl_fire result = ts_win_cum(pct_change(close, 90), 90) ```
[540] code_public_0425_1: ```dsl_fire result = sub(div(sub(pct_change(close, xs_mean(volume)), xs_std(volume)), 4.0)) ```
[541] code_public_0490_1: ```dsl_fire result = xs_ccorr(div(sub(close, vwap), vwap), xs_mean(div(sub(close, vwap), vwap))) ```
[542] code_public_0851_0: ```dsl_fire result = power(absolute(pct_change(vwap, 5)), 0.5) ```
[543] code_public_0632_0: ```dsl_fire result = neg(volume, ts_mean(volume, 20)) ```
[544] code_public_0391_1: ```dsl_fire result = neg(vwap, xs_mean(vwap)) ```
[545] code_public_0981_1: ```dsl_fire result = where(logical_xor(ne(sign(pct_change(close, 1)), -1.0), lt(close, ts_mean(close, 20))), pct_change(
[546] code_public_0917_0: ```dsl_ffire result = div(recip(pb) ```
[547] code_public_0263_1: ```dsl_fire result = ts_cccorr(sub(pb, xs_mean(pb, 20)), xs_std(pb)) ```
[548] code_public_0618_0: ```dsl_fire result = div(sub(volume, group_mean(volume, industry)), group_std(volume, industry)), -2.0) ```
[549] code_public_0429_0: ```dsl_fire result = div(sub(volume, ts ts ts_last(volume, 1), ts ts_last(shift(volume, 1), 5)) ```
[550] code_public_0188_0: ```dsl_fire result = sign(pct_change(open, 7)) ```
[551] code_public_0084_0: ```dsl_fire result = power(absolute(pct_change(close, 3)), 0.5) ```
[552] code_public_0680_0: ```dsl_fire result = minimum(pct_change(vwap, 10), 0.0) ```
[553] code_public_0056_0: ```dsl_fire result = absolute(sub(close, xs_mean(close)), xs_std(div(sub(close, vwap), vwap)) ```
[554] code_public_0806_0: ```dsl_fire result = neg(div(ts_mean(volume, 3), ts_mean(volume, 20)), pct_change(close, 3))) ```
[555] code_public_0013_0: ```dsl_fire result = sub(recip(pb), neg(log(market_cap)))), neg(log(market_cap))) ```
[556] code_public_0654_1: ```dsl_ffire result = div(sub(pct_change(close, 5), 5), group_mean(pct_change(close, 5), 5), industry) ```
[557] code_public_0654_0: ```dsl_ffire result = div(sub(pct_change(close, 5), group_mean(pct_change(close, 5), industry)), group_std(pct_change(cl
[558] code_public_0899_0: ```dsl_fire result = neg(pct_change(close, 5)) ```
[559] code_public_0055_0: ```dsl_fire result = mask(pct_change(close, 1), gt(pct_change(close, 1), 0.0), 0.0) ```
[560] code_public_0620_1: ```dsl_fire result = where(logical_and(ge(volume, ts_mean(volume, 20)), ne(sign(pct_change(close, 2)), -1.0)), pct_chang
[561] code_public_0914_0: ```dsl_fire result = where(logical_not(gt(volume, ts_mean(volume, 20)), neg(pct_change(close, 7)), 0.0) ```
[562] code_public_0072_1: ```dsl_fire result = minimum(maximum(div(sub(vwap, group_mean(vwap, industry)), group_std(vwap, industry)), -3.0), 3.0) 
[563] code_public_0758_1: ```dsl_fire result = ts_win_res(pct_change(close, 2), 2) ```
[564] code_public_0401_1: ```dsl_fire result = sub(div(absolute(recip(pb)), xs_sum(absolute(div(sub(close, vwap), vwap)), xs_sum(absolute(div(sub(
[565] code_public_0209_1: ```dsl_fire result = xs_ccccccpct_change(close, 5), volume) ```
[566] code_public_0851_1: ```dsl_fire result = maximum(pct_change(vwap, 5, 5) ```
[567] code_public_0438_1: ```dsl_fire result = add(pct_change(close, 20), pct_change(close, 20)) ```
[568] code_public_0043_0: ```dsl_fire result = ts_win_cumsum(pct_change(pb, 1), 45) ```
[569] code_public_0968_0: ```dsl_fire result = sub(log(recip(pb)), log(market_cap)) ```
[570] code_public_0367_0: ```dsl_fire result = minimum(pct_change(open, 10)) ```
[571] code_public_0321_0: ```dsl_fire result = sub(close, xs_quantile(close, 0.8)) ```
[572] code_public_0092_1: ```dsl_fire result = maximumpct_change(low, 3), 0.0) ```
[573] code_public_0175_1: ```dsl_fire result = ts_wap, 10) ```
[574] code_public_0277_1: ```dsl_fire result = sign(pct_change(vwap, 30)) ```
[575] code_public_0894_1: ```dsl_fire result = where(logical_and(gt(recip(pb), xs_mean(recip(pb))), gt(pct_change(close, 10), xs_mean(pct_change(c
[576] code_public_0444_0: ```dsl_fire result = ts_prod(add(1.0, pct_change(market_cap, 1)), 15) ```
[577] code_public_0304_1: ```dsl_fire result = ms_win_win_solute(pct_change(open, 7), 7)) ```
[578] code_public_0848_1: ```dsl_fire result = ts_prod(volume, 90) ```
[579] code_public_0551_1: ```dsl_fire result = ts_prod(pct_change(close, 15), 15) ```
[580] code_public_0474_0: ```dsl_fire result = neg(pct_change(close, 5)) ```
[581] code_public_0056_1: ```dsl_fire result = div(sub(sub(close, xs_mean(close)), xs_std(reclose, vwap))), xs_std(div(sub(recip(pb), xs_mean(reci
[582] code_public_0280_1: ```dsl_fire result = xs_ccccccorr(pct_change(close, 10), volpct_change(close, 10)) ```
[583] code_public_0334_0: ```dsl_fire result = where(logical_xor(gt(recip(pb), xs_mean(recip(pb))), gt(neg(log(market_cap)), xs_mean(neg(log(marke
[584] code_public_0260_0: ```dsl_fire result = ts_prod(add(1.0, pct_change(volume, 1)), 20) ```
[585] code_public_0442_0: ```dsl_fire result = div(sub(close, shift(close, 90)), shift(close, 90)) ```
[586] code_public_0015_1: ```dsl_fire result = ts_reg_reg_reg_reg_corr(pct_change(close, 1), 45) ```
[587] code_public_0389_0: ```dsl_fire result = sub(ts_prod(add(1.0, pct_change(cclose, 1), 60), 1.0) ```
[588] code_public_0355_1: ```dsl_ffire result = div(sub(pct_change(close, 20), group_mean(recip(pb), industry)), group_std(recip(pb), industry)), 
[589] code_public_0552_1: ```dsl_fire result = xs_prod(add(1p(1p(111111111111111111111111111111111111111111111111111111111111111111111111111111111
[590] code_public_0362_0: ```dsl_fire result = maximum(pct_change(close, 10), 0.0) ```
[591] code_public_0388_0: ```dsl_fire result = neg(ts_argmax(volume, 20)) ```
[592] code_public_0070_0: ```dsl_fire result = power(absolute(pct_change(close, 3)), 0.25) ```
[593] code_public_0464_1: ```dsl_fire result = ts_wap, 15pct_change(close, 15)) ```
[594] code_public_0626_0: ```dsl_fire result = ts_prod(add(1.0, pct_change(market_cap, 5))) ```
[595] code_public_0463_1: ```dsl_fire result = ts_win_cum(pct_change(close, 5), 5) ```
[596] code_public_0414_0: ```dsl_fire result = minimum(pct_change(close, 5)) ```
[597] code_public_0431_0: ```dsl_fire result = ts_prod(add(1.0, pct_change(close, 1)), 15) ```
[598] code_public_0074_1: ```dsl_fire result = where(logical_xor(ne(sign(pct_change(close, 1)), -1.0), lt(close, ts_mean(close, 20))), pct_change(
[599] code_public_0267_1: ```dsl_fire result = where(logical_xor(gt(pct_change(close, 20), xs_mean(pct_change(close, 20))), gt(recip(pb), xs_mean(
[600] code_public_0108_1: ```dsl_fire result = maximumpct_change(close, 15), 0.0) ```
[601] code_public_0879_0: ```dsl_fire result = power(absolute(pct_change(vwap, 3)), 0.5) ```
[602] code_public_0316_1: ```dsdsdsdsdsdsdsdsdsdsdsdsdsdsdsdsdsdsdsdsdsdsdsdsdsdsdsdsdsdsdsdsdsdsdsdsdsdsdsdsdsdsdsdsdsdsdsdsdsdsdsdsdsdsdsdsdsdsd
[603] code_public_0568_0: ```dsl_fire result = minimum(pct_change(volume, 2), 0.0) ```
[604] code_public_0953_1: ```dsl_fire result = ts_wap, 20) ```
[605] code_public_0823_0: ```dsl_fire result = where(gt(div(sub(close, vwap), vwap), group_mean(div(sub(close, vwap), vwap), industry)), group_std
[606] code_public_0803_0: ```dsl_fire result = xs_prod(add(1.0, pct_change(vwap, 10))) ```
[607] code_public_0994_1: ```dsl_fire result = neg(div(ts_mean(volume, 3), ts_mean(volume, 90)), pct_change(close, 3))) ```
[608] code_public_0861_1: ```dsl_fire result = ts_propct_change(close, 1), 10) ```
[609] code_public_0723_1: ```dsl_fire result = div(sub(pct_change(close, 30), group_mean(pct_change(close, 30), industry)), group_std(pct_change(c
[610] code_public_0488_0: ```dsl_fire result = neg(ts_argmax(close, 5)) ```
[611] code_public_0378_1: ```dsl_fire result = xs_prod(add(1p(111.0, pct_change(close, 10))) ```
[612] code_public_0983_1: ```dsl_fire result = mod(volume, 1000.0) ```
[613] code_public_0002_1: ```dsl_fire result = xs_prod(add(1p(11p(11111111111111111111111111111111111111111111111111111111111111111111111111111111
[614] code_public_0011_0: ```dsl_fire result = ts_wap, 60) ```
[615] code_public_0076_1: ```dsl_fire result = div(sub(pct_change(close,close, 20), group_mean(pct_change(close, 20), industry)), group_std(pct_ch
[616] code_public_0034_0: ```dsl_fire result = ts_reg_res(recip(pb), log(market_cap), 15) ```
[617] code_public_0373_0: ```dsl_fire result = sub(low, xs_quantile(log(market_cap), xs_mean(log(market_cap)))), div(volume, xs_median(log(market_
[618] code_public_0936_0: ```dsl_fire result = minimum(maximum(div(sub(log(market_cap), group_mean(log(market_cap xs_mean(log(market_cap)), xs_mea
[619] code_public_0187_1: ```dsl_fire result = where(logical_and(gt(recip(pb), xs_mean(recip(pb))), gt(pct_change(close, 20), xs_mean(pct_change(c
[620] code_public_0406_0: ```dsl_fire result = minimum(maximum(div(sub(pb, group_mean(pb, industry)), group_std(pb, industry)), -2.0), 2.0) ```
[621] code_public_0251_0: ```dsl_fire result = where(logical_and(gt(neg(log(market_cap)), xs_mean(neg(log(market_cap)))), gt(log1p(ts_mean(volume,
[622] code_public_0131_0: ```dsl_fire result = sub(pct_change(close, 20), xs_quantile(pct_change(close, 20), 0.2)) ```
[623] code_public_0211_1: ```dsl_fire result = sub(volume, xs_quantile(volume, 0.5)) ```
[624] code_public_0100_0: ```dsl_fire result = diff(volume, 10) ```
[625] code_public_0707_0: ```dsl_fire result = ts_prod(add(1.0, pct_change(volume, 1)), 15) ```
[626] code_public_0857_1: ```dsdsdsdsdsdsdsdsdsdsdsdsdsdsdsdsdsdsdsdsdsdsdsdsdsdsdsdsdsdsdsdsdsdsdsdsdsdsdsdsdsdsdsdsdsdsdsdsdsdsdsdsdsdsdsdsdsdsd
[627] code_public_0803_1: ```dsl_fire result = xs_prod(pct_change(vwap, 60), volume) ```
[628] code_public_0444_1: ```dsl_fire result = ts_win_sum(pct_change(pb, 15)) ```
[629] code_public_0405_0: ```dsl_fire result = where(logical_and(gt(pct_change(close, 20), xs_mean(pct_change(close, 20))), gt(recip(pb), xs_mean(
[630] code_public_0409_0: ```dsl_fire result = sub(volume, xs_quantile(volume, 0.8)) ```
[631] code_public_0297_1: ```dsl_fire result = ts_reg_reg_reg_reg_corr(pct_change(close, 1), 5), 0.0) ```
[632] code_public_0028_0: ```dsl_fire result = sub(div(absolute(recip(pb)), xs_sum(absolute(recip(pb)))), div(absolute(ts_std(pct_change(close, 1)
[633] code_public_0415_1: ```dsl_fire result = div(sub(pct_change(close, 20), group_mean(pct_change(close, 20), industry)), group_std(recip(pb), i
[634] code_public_0887_1: ```dsl_fire result = sub(div(sub(recip(pb), xs_mean(recip(pb))), xs_std(recip(pb))), neg(log(market_cap))) ```
[635] code_public_0159_0: ```dsl_fire result = minimum(pct_change(volume, 5)) ```
[636] code_public_0010_1: ```dsl_fire result = ts_wap, pct_change(close, 15)) ```
[637] code_public_0044_1: ```dsl_fire result = ts_win_cumsum(pct_change(close, 1), 5) ```
[638] code_public_0199_1: ```dsl_fire result = maximum(absolute(pct_change(open, 2)), 0.5) ```
[639] code_public_0017_0: ```dsl_fire result = xs_prod(add(1.0, pct_change(volume, 3))) ```
[640] code_public_0491_1: ```dsl_fire result = ts_win_res(pct_change(close, 90), 90) ```
[641] code_public_0746_0: ```dsl_fire result = xs_prod(add(1.0, pct_change(volume, 3))) ```
[642] code_public_0396_0: ```dsl_fire result = neg(pct_change(close, 90)) ```
[643] code_public_0307_1: ```dsl_fire result = xs_prod(add(1p(111111111111111111111111111111111111111111111111111111111111111111111111111111111111
[644] code_public_0880_1: ```dsl_fire result = ts_win_cum(pct_change(close, 30)) ```
[645] code_public_0730_0: ```dsl_fire result = log10(add(1.0, absolute(pct_change(open, 5)))) ```
[646] code_public_0148_1: ```dsl_fire result = neg(pct_change(close, 10)) ```
[647] code_public_0184_1: ```dsl_fire result = div(sub(open, tsolume, tsolume, 10)), open) ```
[648] code_public_0900_1: ```dsl_fire result = maximum(pct_change(open, 10, 5) ```
[649] code_public_0500_1: ```dsl_fire result = ts_win_sum(pct_change(low, 7)) ```
[650] code_public_0512_1: ```dsl_fire result = div(close, vwap)) ```dsl_fire result = ts_corr(volume, vwap)) ```
[651] code_public_0547_0: ```dsdsdsdsdsdsdsdsdsdsdsdsdsdsdsdsdsdsdsdsdsdsdsdsdsdsdsdsdsdsdsdsdsdsdsdsdsdsdsdsdsdsdsdsdsdsdsdsdsdsdsdsdsdsdsdsdsdsd
[652] code_public_0220_1: ```dsl_fire result = where(logical_and(gt(pct_change(close, 20), xs_mean(pct_change(close, 20))), gt(pct_change(close, 2
[653] code_public_0267_0: ```dsl_fire result = where(logical_xor(gt(recip(pb), xs_mean(recip(pb))), gt(div(volume, market_cap), xs_mean(div(volume
[654] code_public_0451_1: ```dsdsdsdsdsdsdsdsdsdsdsdsdsdsdsdsdsdsdsdsdsdsdsdsdsdsdsdsdsdsdsdsdsdsdsdsdsdsdsdsdsdsdsdsdsdsdsdsdsdsdsdsdsdsdsdsdsdsd
[655] code_public_0080_0: ```dsl_fire result = minimum(pct_change(close, 2)) ```
[656] code_public_0310_1: ```dsl_fire result = mask(pct_change(close, 5), ge(volume, ts_mean(volume, 5)), 0.0) ```
[657] code_public_0798_0: ```dsl_fire result = power(absolute(pct_change(close, 7)), 0.25) ```
[658] code_public_0420_1: ```dsl_fire result = maximum(absolute(pct_change(volume, 3)), 0.5) ```
[659] code_public_0652_1: ```dsl_fire result = sub(volume, ts_quantile(volume, 15, 0.7)) ```
[660] code_public_0922_1: ```dsl_fire result = ts_propct_change(market_cap, 2), 2) ```
[661] code_public_0077_1: ```dsl_fire result = ts_win_res(pct_change(close, 1), 20) ```
[662] code_public_0649_1: ```dsl_fire result = sub(close, xs_quantile(pct_change(close, 5), 0.8)) ```
[663] code_public_0153_0: ```dsl_fire result = ts_argmin(volume, 90) ```
[664] code_public_0684_0: ```dsl_fire result = ts_prod(add(1.0, pct_change(volume, 1)), 60) ```
[665] code_public_0203_0: ```dsl_fire result = ts_argmin(close, 10) ```
[666] code_public_0548_1: ```dsl_fire result = neg(pct_change(vwap, 20)) ```
[667] code_public_0050_1: ```dsl_fire result = neg(pct_change(close, 20)) ```
[668] code_public_0064_0: ```dsl_fire result = neg(volume, group_mean(volume, industry)) ```
[669] code_public_0163_0: ```dsl_fire result = absolute(div(sub(pct_change(close, 20), group_mean(pct_change(close, 20), industry)), group_std(div
[670] code_public_0082_1: ```dsl_fire result = where(logical_and(gt(recip(pb)), xs_mean(recip(pb))), le(ts_std(pct_change(close, 1), 20), xs_mean(
[671] code_public_0397_1: ```dsl_fire result = add(recip(pb), neg(div(sub(log(market_cap), xs_mean(log(market_cap))), xs_std(log(market_cap))))) `
[672] code_public_0246_0: ```dsl_fire result = sub(log(market_cap), xs_cap)) ```
[673] code_public_0042_0: ```dsl_fire result = div(pct_change(close, 2), absolute(div(sub(close, ts_min(low, 20)), sub(ts_max(high, 20), ts_min(lo
[674] code_public_0742_1: ```dsl_fire result = xs_ccorr(log1p(ts_mean(volume, 20)), xs_mean(log1p(ts_mean(volume, 20)))) ```
[675] code_public_0714_0: ```dsl_fire result = ts_win_cumsum(pct_change(close, 1), 45) ```
[676] code_public_0824_0: ```dsl_fire result = sub(close, ts_quantile(close, 15, 0.2)) ```
[677] code_public_0114_0: ```dsl_fire result = power(absolute(pct_change(close, 5)), 0.5) ```
[678] code_public_0660_0: ```dsl_fire result = where(le(div(sub(close, xs_mean(close)), xs_std(close)), -1.0), div(sub(div(sub(close, vwap), xs_me
[679] code_public_0469_0: ```dsl_fire result = absolute(sub(open, xs_mean(open, vwap))) ```
[680] code_public_0641_1: ```dsl_fire result = ts_prod(pct_change(market_cap, 10)) ```
[681] code_public_0496_1: ```dsdsdsffire result = ts_prod(add(1.1.11111111111111111111111111111111111111111111111111111111111111111111111111111111
[682] code_public_0282_0: ```dsl_fire result = where(ge(div(sub(close, xs_mean(close)), xs_std(close)), 0.0), 1.0) ```
[683] code_public_0401_0: ```dsl_fire result = sub(div(absolute(div(volume, vwap)), xs_sum(absolute(div(volume, market_cap)))), div(absolute(div(s
[684] code_public_0549_1: ```dsl_fire result = square square square square square square square square square square square square````````````````
[685] code_public_0276_0: ```dsl_fire result = ts_prod(add(1.0, pct_change(pb, 1)), 5) ```
[686] code_public_0137_0: ```dsl_fire result = mask(div(sub(market_cap, xs_mean(market_cap, xs_mean(market_cap)), xs_std(market_cap)), gt(close, x
[687] code_public_0215_1: ```dsl_fire result = power(absolute(pct_change(vwap, 20)), 0.25) ```
[688] code_public_0101_1: ```dsdsdsdsdsdsdsdsdsdsdsdsdsdsdsdsdsdsdsdsdsdsdsdsdsdsdsdsdsdsdsdsdsdsdsdsdsdsdsdsdsdsdsdsdsdsdsdsdsdsdsdsdsdsdsdsdsdsd
[689] code_public_0609_0: ```dsl_fire result = where(logical_and(lt(close, ts_mean(close, 20))), neg(pct_change(close, 3)), 0.0) ```
[690] code_public_0639_1: ```dsl_fire result = maskwwwin_win_corr(pct_change(close, 15), volume, 15), volwap) ```
[691] code_public_0982_0: ```dsl_fire result = absolute(sub(pb, xs_mean(pb))) ```
[692] code_public_0259_1: ```dsl_fire result = ts_prod(pct_change(volume, 15), 15) ```
[693] code_public_0268_1: ```dsl_fire result = div(sub(recip(pb), group_mean(recip(pb), industry)), group_std(recip(pb), industry)), 0.0) ```
[694] code_public_0230_1: ```dsl_fire result = maximum(absolute(pct_change(close, 3)), 0.5) ```
[695] code_public_0695_0: ```dsl_fire result = where(le(volume, xs_median(vwap)), neg(div(sub(volume, xs_mean(vwap)), xs_std(volume)), 0.0) ```
[696] code_public_0080_1: ```dsl_fire result = maximumpct_change(close, 2), 2) ```
[697] code_public_0662_0: ```dsl_fire result = div(sub(close, shift(close, 3)), shift(close, 3)) ```
[698] code_public_0038_0: ```dsl_fire result = sub(pct_change(close, 90), pct_change(close, 90), 90) ```
[699] code_public_0644_1: ```dsl_fire result = maximumpct_change(close, 15), 0.0) ```
[700] code_public_0869_0: ```dsl_fire result = minimum(maximum(div(sub(volume, group_mean(volume, industry)), group_std(open, industry)), -3.0), 3
[701] code_public_0165_1: ```dsl_fire result = xs_prod(add(1p(1p(111111111111111111111111111111111111111111111111111111111111111111111111111111111
[702] code_public_0285_0: ```dsl_fire result = xs_prod(add(1.0, pct_change(close, 7))) ```
[703] code_public_0089_0: ```dsl_fire result = sub(div(sub(open, xs_mean(open, vwap, vwap, vwap, vwap, vwap, vwap, vwap, 0.0) ```
[704] code_public_0363_1: ```dsl_fire result = ts_prod(open, 30)) ```
[705] code_public_0726_1: ```dsl_fire result = log10(pct_change(close, 60)) ```
[706] code_public_0846_0: ```dsl_fire result = mod(volume, 10.0) ```
[707] code_public_0309_0: ```dsl_fire result = ts_prod(add(1.0, pct_change(close, 1)), 90) ```
[708] code_public_0116_0: ```dsl_fire result = mod(pb, 100000.0) ```
[709] code_public_0105_1: ```dsl_fire result = ts_reggmax(close, 10)) ```
[710] code_public_0459_0: ```dsl_fire result = neg(ts_wap, ts_argmax(vwap, 60)) ```
[711] code_public_0201_1: ```dsl_fire result = where(logical_xor(ne(sign(pct_change(close, 1)), -1.0), lt(close, ts_mean(close, 20))), pct_change(
[712] code_public_0250_0: ```dsl_fire result = diff(volume, 20) ```
[713] code_public_0877_0: ```dsl_fire result = neg(pct_change(close, 60)) ```
[714] code_public_0775_1: ```dsl_fire result = ts_prod(pct_change(vwap, 2), 2) ```
[715] code_public_0501_0: ```dsl_fire result = add(div(sub(recip(pb), group_mean(recip(pb), industry)), group_std(recip(pb), industry)), neg(pct_c
[716] code_public_0200_1: ```dsdsdsdsdsdsdsdsdsdsdsdsdsdsdsdsdsdsdsdsdsdsdsdsdsdsdsdsdsdsdsdsdsdsdsdsdsdsdsdsdsdsdsdsdsdsdsdsdsdsdsdsdsdsdsdsdsdsd
[717] code_public_0461_0: ```dsl_fire result = power(absolute(pct_change(close, 2)), 0.5) ```
[718] code_public_0843_1: ```dsl_fire result = sign(pct_change(vwap, 3)) ```
[719] code_public_0127_0: ```dsl_fire result = sub(close, ts_quantile(close, 90, 0.7)) ```
[720] code_public_0975_0: ```dsl_fire result = sub(pct_change(close, 10), 0.0) ```
[721] code_public_0198_1: ```dsl_fire result = ts_prod(add(1p(1p(111111111111111111111111111111111111111111111111111111111111111111111111111111111
[722] code_public_0947_1: ```dsl_fire result = ts_wap, ts_lllll_l_l_l_l_l_l_volute(vwap, 5)) `````````dsl_fire result = div(vwap, 5), market_cap) 
[723] code_public_0787_0: ```dsl_fire result = power(absolute(pct_change(close, 15), 0.25) ```
[724] code_public_0048_1: ```dsdsdsffire result = xs_prod(pct_change(log(market_cap, 20))) ```
[725] code_public_0742_0: ```dsl_fire result = xs_corr(log1p(ts_mean(volume, 20)), pct_change(close, 20)) ```
[726] code_public_0853_1: ```dsl_fire result = ts_prod(pct_change(close, 1), 45) ```
[727] code_public_0529_0: ```dsl_fire result = sub(close, xs_quantile(close, 0.2)) ```
[728] code_public_0718_1: ```dsl_fire result = where(logical_and(gt(pct_change(close, 20), xs_mean(pct_change(close, 20))), gt(pct_change(close, 2
[729] code_public_0868_0: ```dsl_fire result = power(absolute(pct_change(close, 2)), 0.25) ```
[730] code_public_0935_1: ```dsdsdsfire result = ts_win_win_win_cumsumpct_change(pb, 1), 20) ```
[731] code_public_0103_0: ```dsl_fire result = minimum(maximum(div(sub(pb, group_mean(pb, industry)), group_std(pb, industry)), -1.0), 1.0) ```
[732] code_public_0670_1: ```dsdsdsdsdsdsdsdsdsdsdsdsdsdsdsdsdsdsdsdsdsdsdsdsdsdsdsdsdsdsdsdsdsdsdsdsdsdsdsdsdsdsdsdsdsdsdsdsdsdsdsdsdsdsdsdsdsdsd
[733] code_public_0404_0: ```dsl_fire result = xs_cccorr(log(market_cap), div(volume, market_cap)) ```
[734] code_public_0350_0: ```dsl_fire result = where(div(sub(pb, xs_mean(pb)), xs_std(pb)), -1.0), div(sub(pb, xs_mean(pb)), xs_std(pb)), 0.0) ```
[735] code_public_0231_1: ```dsl_fire result = ts_win_corr(pct_change(volume, 7), 7), 7) ```
[736] code_public_0365_1: ```dsl_fire result = ts_wap, 5) ```
[737] code_public_0036_0: ```dsl_fire result = square square square square square square square square square square square square square square s
[738] code_public_0353_0: ```dsl_fire result = ts_prod(add(1.0, pct_change(volume, 1)), 10) ```
[739] code_public_0366_1: ```dsl_fire result = maspct_change(close, 90), lt(pct_change(close, 90), 90) ```
[740] code_public_0485_0: ```dsl_fire result = sub(div(sub(close, vwap), vwap), xs_mean(div(sub(close, vwap), vwap), 0.2)) ```
[741] code_public_0432_0: ```dsl_fire result = minimum(pct_change(volume, 15), 0.0) ```
[742] code_public_0631_1: ```dsl_fire result = sub(close, ts_quantile(close, 10, 0.7)) ```
[743] code_public_0813_1: ```dsl_fire result = mod(volume, 500.0) ```
[744] code_public_0418_1: ```dsl_fire result = where(logical_xor(gt(pct_change(close, 1), xs_mean(pct_change(close, 20))), gt(recip(pb), xs_mean(r
[745] code_public_0528_0: ```dsl_fire result = sub(market_cap, ts_quantile(market_cap, 20, 0.7)) ```
[746] code_public_0327_1: ```dsl_fire result = add(pct_change(close, 20), pct_change(close, 1), 0.0) ```
[747] code_public_0051_1: ```dsl_fire result = where(logical_and(gttt(pct_change(close, 20), xs_mean(pct_change(close, 20))), neg(log(market_cap))
[748] code_public_0075_0: ```dsl_fire result = sign(pct_change(open, 3)) ```
[749] code_public_0836_1: ```dsl_fire result = ts_win_cum(pct_change(close, 90), 90) ```
[750] code_public_0489_0: ```dsl_fire result = diffire result = mask(pct_change(vwap, 15), 15) ```
[751] code_public_0513_0: ```dsl_fire result = xs_cccorr(log(market_cap), log1p(ts_mean(volume, 20))) ```
[752] code_public_0608_1: ```dsdsdsdsdsdsdsdsdsdsdsdsdsdsdsdsdsdsdsdsdsdsdsdsdsdsdsdsdsdsdsdsdsdsdsdsdsdsdsdsdsdsdsdsdsdsdsdsdsdsdsdsdsdsdsdsdsdsd
[753] code_public_0892_0: ```dsl_fire result = mod(pb, 10.0) ```
[754] code_public_0041_1: ```dsl_fire result = div(sub(open, 2) ```
[755] code_public_0443_0: ```dsl_fire result = neg(div(sub(log(market_cap), xs_mean(log(market_cap))), xs_std(log(market_cap))))) ```
[756] code_public_0755_1: ```dsl_fire result = ts_std(pct_change(close, 1), 10)) ```
[757] code_public_0581_1: ```dsl_fire result = ts_prod(pct_change(close, 7)) ```
[758] code_public_0257_0: ```dsl_fire result = add(pct_change(close, 20), pct_change(close, 20), 0.0) ```
[759] code_public_0681_0: ```dsl_fire result = mask(pct_change(volume, 15), 0.0) ```
[760] code_public_0075_1: ```dsl_fire result = sign(pct_change(open, 3)) ```
[761] code_public_0601_1: ```dsl_fire result = maximumpct_change(volume, 60), 0.0) ```
[762] code_public_0828_1: ```dsl_fire result = where(logical_or(gt(neg(log(market_cap)), xs_mean(neg(log(market_cap)))), gt(pct_change(close, 20),
[763] code_public_0705_1: ```dswininin_win_fire result = ts_win_cumsum(pct_change(close, 1), 30) ```
[764] code_public_0766_1: ```dsl_fire result = sub(open, xs_quantile(open, 0.5)) ```
[765] code_public_0117_1: ```dsl_fire result = ts_wap, 90) ```
[766] code_public_0222_0: ```dsl_fire result = neg(pct_change(close, 15)) ```
[767] code_public_0237_0: ```dsl_fire result = sign(pct_change(vwap, 90)) ```
[768] code_public_0303_0: ```dsl_fire result = ts_win_cumsum(pct_change(volume, 1), 60) ```
[769] code_public_0503_0: ```dsl_fire result = minimum(pct_change(vwap, 10), 0.0) ```
[770] code_public_0553_1: ```dsl_fire result = where(logical_and(gt(neg(pct_change(close, 1)), xs_mean(pct_change(close, 3)))), pct_change(close, 
[771] code_public_0691_1: ```dsl_fire result = sub(div(sub(pct_change(close, xs_mean(vwap)), xs_std(vwap)), 4.0), 4.0) ```
[772] code_public_0091_1: ```dsl_fire result = add(div(sub(recip(pb), xs_mean(recip(pb))), xs_std(recip(pb))), neg(log(market_cap))) ```
[773] code_public_0165_0: ```dsl_fire result = log10(add(1.0, absolute(pct_change(close, 5)))) ```
[774] code_public_0186_0: ```dsl_fire result = where(ge(market_cap, xs_mean(market_cap)), xs_std(market_cap)) ```
[775] code_public_0236_1: ```dsl_fire result = ts_prod(pct_change(close, 15), 15) ```
[776] code_public_0704_0: ```dsl_fire result = ts_prod(pct_change(close, 1), 30) ```
[777] code_public_0703_0: ```dsl_fire result = square square square sub(pct_change(vwap, 2), 2) ```
[778] code_public_0341_1: ```dsl_fire result = where(logical_xor(gt(pct_change(close, 20), xs_mean(pct_change(close, 20))), gt(log(market_cap), xs
[779] code_public_0106_1: ```dsl_fire result = ts_prod(pct_change(vwap, 1), 10) ```
[780] code_public_0358_0: ```dsl_fire result = sub(pct_change(close, 5), pct_change(close, 1), 5) ```
[781] code_public_0356_1: ```dsl_fire result = ts_quantile(pb, 90, 0.7)) ```
[782] code_public_0774_0: ```dsl_fire result = minimum(pct_change(vwap, 60), 0.0) ```
[783] code_public_0761_1: ```dsl_fire result = where(gt(log1p(ts_mean(volume, 20)), group_mean(log1p(ts_mean(volume, 20)), industry)), group_std(p
[784] code_public_0206_1: ```dsl_fire result = ts_propct_change(market_cap, 5)) ```
[785] code_public_0570_1: ```dsdsdsdsdsdsdsdsdsdsdsdsdsdsdsdsdsdsdsdsdsdsdsdsdsdsdsdsdsdsdsdsdsdsdsdsdsdsdsdsdsdsdsdsdsdsdsdsdsdsdsdsdsdsdsdsdsdsd
[786] code_public_0974_1: ```dsl_fire result = where(logical_and(gt(neg(log(market_cap)), xs_mean(neg(log(market_cap))))), gt(pct_change(close, 20
[787] code_public_0232_0: ```dsl_fire result = sub(div(sub(recip(pb), xs_mean(recip(pb))), xs_std(recip(pb))), div(sub(log(market_cap), xs_mean(lo
[788] code_public_0260_1: ```dsl_fire result = maximum(pct_change(volume, 20), 0.25) ```
[789] code_public_0390_0: ```dsl_fire result = sub(close, xs_quantile(close, 0.2)) ```
[790] code_public_0238_0: ```dsl_fire result = ts_corr(log1p(ts_mean(volume, 20)), pct_change(close, 5), 45) ```
[791] code_public_0533_1: ```dsl_fire result = ts_win_win_win_cumsum(pct_change(vwap, 1), 15) ```
[792] code_public_0563_1: ```dsl_fire result = where(logical_xor(gt(pct_change(close, 1), xs_mean(pct_change(close, 1)), xs_mean(volume, 20))), pc
[793] code_public_0118_1: ```dsl_fire result = maximumpct_change(open, 15), 0.0) ```
[794] code_public_0345_1: ```dsl_fire result = minimum(pct_change(vwap, 5)) ```
[795] code_public_0473_0: ```dsl_fire result = div(pct_change(close, 2), absolute(div(sub(close, ts_min(low, 20)), sub(ts_max(high, 20), ts_min(lo
[796] code_public_0012_1: ```dsl_fire result = neg(pct_change(vwap, 2)) ```
[797] code_public_0812_0: ```dsl_fire result = where(log(recip(market_cap)), neg(div(sub(log(market_cap), xs_mean(log(market_cap))), xs_std(log(ma
[798] code_public_0567_1: ```dsl_fire result = ts_wap, 45) ```
[799] code_public_0859_0: ```dsl_fire result = minimum(pct_change(open, 2), 2) ```
[800] code_public_0629_1: ```dsl_fire result = where(logical_and(gt(recip(pb), xs_mean(recip(pb))), gt(pct_change(close, 20), xs_mean(pct_change(c
[801] code_public_0573_0: ```dsl_fire result = minimum(maximum(div(sub(pb, group_mean(pb, industry)), group_std(pb, industry)), -3.0), 3.0) ```
[802] code_public_0447_0: ```dsl_fire result = div(sub(ts_mean(pct_change(close, 90), xs_mean(pct_change(close, 90), 90), ts_std(pct_change(close,
[803] code_public_0274_0: ```dsl_ffire result = div(sub(pct_change(close, 20), group_mean(pct_change(close, 20), industry)), group_std(pct_change(
[804] code_public_0810_0: ```dsl_fire result = where(logical_not(le(ts_mean(volume, 20)), group_mean(log1p(ts_mean(volume, 20)), industry)), neg(d
[805] code_public_0010_0: ```dsl_fire result = ts_reg(pct_change(close, 15), 15) ```
[806] code_public_0184_0: ```dsl_fire result = div(sub(open, shift(close, 10)), shift(close, 10)) ```
[807] code_public_0452_1: ```dsl_fire result = where(logical_and(gt(recip(pb), xs_mean(recip(pb))), gt(pct_change(close, 20), xs_mean(pct_change(c
[808] code_public_0704_1: ```dsl_fire result = ts_win_res(pct_change(close, 1), 30) ```
[809] code_public_0948_1: ```dsl_fire result = power(absolute(pct_change(vwap, 2)), 0.5) ```
[810] code_public_0276_1: ```dsl_fire result = ts_propct_change(pb, 5)) ```
[811] code_public_0430_1: ```dsl_fire result = maximum(pct_change(volume, 5, 5) ```
[812] code_public_0330_1: ```dsl_fire result = ts_cap, ts_quantile(close, 90, 0.7)) ```
[813] code_public_0867_0: ```dsl_fire result = ts_prod(add(1.0, pct_change(close, 1)), 60) ```
[814] code_public_0455_0: ```dsl_fire result = sub(div(absolute(recip(pb)), xs_sum(absolute(recip(pb)))), div(absolute(pct_change(close, 20)), xs_
[815] code_public_0679_1: ```dsdsdsdsdsdsdsdsdsdsdsdsdsdsdsdsdsdsdsdsdsdsdsdsdsdsdsdsdsdsdsdsdsdsdsdsdsdsdsdsdsdsdsdsdsdsdsdsdsdsdsdsdsdsdsdsdsdsd
[816] code_public_0057_0: ```dsl_fire result = ts_prod(add(1.0, pct_change(market_cap, 1)), 5) ```
[817] code_public_0341_0: ```dsl_fire result = where(logical_xor(gt(log(market_cap), xs_mean(log(market_cap))), gt(pct_change(close, 20), xs_mean(
[818] code_public_0347_1: ```dsdsdsdsdsdsdsdsdsdsdsdsdsdsdsdsdsdsdsdsdsdsdsdsdsdsdsdsdsdsdsdsdsdsdsdsdsdsdsdsdsdsdsdsdsdsdsdsdsdsdsdsdsdsdsdsdsdsd
[819] code_public_0847_0: ```dsl_fire result = ts_prod(add(1.0, pct_change(vwap, 1)), 45) ```
[820] code_public_0219_0: ```dsl_fire result = sub(pct_change(close, 90), 90) ```
[821] code_public_0334_1: ```dsl_fire result = where(logical_xor(gt(pct_change(close, 1), xs_mean(pct_change(close, 20))), gt(recip(pb), xs_mean(r
[822] code_public_0606_1: ```dsl_fire result = ts_propct_change(volume, 2)) ````````````
[823] code_public_0855_0: ```dsl_fire result = min minimum(pct_change(high, 10)) ```
[824] code_public_0666_1: ```dsl_fire result = mask(logical_xor(gt(pct_change(close, 20), xs_mean(pct_change(close, 20))), gt(pct_change(close, 20
[825] code_public_0023_1: ```dsl_fire result = ts_corr(pct_change(close, 20), 90) ```
[826] code_public_0940_1: ```dsl_fire result = ts_std(pct_change(close, 1), 45) ```
[827] code_public_0941_0: ```dsl_fire result = xs_ccccorr(log(market_cap), pct_change(close, 10)) ```
[828] code_public_0298_0: ```dsl_fire result = absolute(sub(market_cap, xs_mean(log(market_cap))), xs_std(log(market_cap)))) ```
[829] code_public_0523_1: ```dsl_fire result = m, ts_propct_change(volume, 1), 30) ```
[830] code_public_0138_0: ```dsl_fire result = where(logical_xor(gt(close, ts_mean(close, 20)), ge(volume, ts_mean(volume, 20))), pct_change(close
[831] code_public_0302_0: ```dsl_fire result = where(logical_and(gt(volume, vwap), xs_mean(div(sub(log(market_cap), xs_mean(log(market_cap))), xs_
[832] code_public_0996_0: ```dsl_fire result = square square square square square square square square square square square square square square s
[833] code_public_0370_0: ```dsl_fire result = div(sub(pb, group_mean(pb, industry)), group_std(pb, industry)), group_mean(pb, industry)) ```
[834] code_public_0643_1: ```dsl_fire result = ts_corr(recip(pb), log(market_cap), 30) ```
[835] code_public_0828_0: ```dsl_fire result = where(logical_or(gt(neg(log(market_cap)), xs_mean(neg(log(market_cap)))), gt(div(sub(volume, ts_mea
[836] code_public_0754_1: ```dsl_fire result = ts_prod(add(1.0, pct_change(vwap, 7))) ```
[837] code_public_0573_1: ```dsl_fire result = ts_prod(maximum(div(sub(pb, ts_mean(pb, 3), xs_mean(pb)), 0.0)), 3.0) ```
[838] code_public_0644_0: ```dsl_fire result = maximum(pct_change(low, 15), 0.0) ```
[839] code_public_0482_0: ```dsl_fire result = ts_reg_res(pct_change(close, 45), 45) ```
[840] code_public_0514_0: ```dsl_fire result = ts_win_cumsum(pct_change(close, 1), 90) ```
[841] code_public_0361_1: ```dsl_fire result = mrepct_change(close, 3), 3) ```
[842] code_public_0313_0: ```dsl_fire result = where(gt(pct_change(close, 1), group_mean(pct_change(close, 20), industry)), div(sub(pct_change(clo
[843] code_public_0767_1: ```dsl_fire result = ts_win_cumsum(pct_change(pb, 1), 5) ```
[844] code_public_0015_0: ```dsl_fire result = ts_reg_res(div(volume, market_cap), pct_change(close, 5), 45) ```
[845] code_public_0614_1: ```dsl_fire result = ts_propct_change(market_cap, 1), 30) ```
[846] code_public_0770_0: ```dsl_fire result = div(sub(close, ts_mean(close, 7)), open open open open open open open open open) ```
[847] code_public_0884_0: ```dsl_fire result = ts_prod(add(1.0, pct_change(market_cap, 1)), 15) ```
[848] code_public_0955_0: ```dsl_fire result = mask(ts_mean(pct_change(close, 1), 2), ts_std(pct_change(close, 1), 20)) ```
[849] code_public_0128_0: ```dsl_fire result = ts_win_cumum(pct_change(volume, 1), 10) ```
[850] code_public_0500_0: ```dsl_fire result = ts_prod(add(1.0, pct_change(close, 7))) ```
[851] code_public_0836_0: ```dsl_fire result = minimum(pct_change(close, 90)) ```
[852] code_public_0101_0: ```dsl_fire result = minimum(pct_change(volume, 20), 0.0) ```
[853] code_public_0090_1: ```dsl_fire result = neg(ts_argmax(pb, 5)) ```
[854] code_public_0997_1: ```dsl_fire result = sub(close, ts_quantile(close, 20, 0.2)) ```
[855] code_public_0359_0: ```dsl_fire result = square square square square square square square square square square square square square square s
[856] code_public_0248_0: ```dsl_fire result = neg(minimum(pct_change(market_cap, 20), 0.1)) ```
[857] code_public_0235_0: ```dsl_fire result = sub(pct_change(close, 2), pct_change(close, 2)) ```
[858] code_public_0748_0: ```dsl_fire result = neg(div(ts_mean(volume, 2), ts_mean(volume, 90)), pct_change(close, 2))) ```
[859] code_public_0804_1: ```dsl_fire result = ts_wap, 20) ```
[860] code_public_0247_1: ```dsl_fire result = ts_wap, 7) ```
[861] code_public_0380_1: ```dsl_fire result = ts_win_res(pct_change(close, 1), 20) ```
[862] code_public_0922_0: ```dsl_fire result = xs_prod(add(1.0, pct_change(low, 2))) ```
[863] code_public_0120_1: ```dsl_fire result = ts_win_cum(pct_change(vwap, 3), 3) ```
[864] code_public_0808_1: ```dsl_fire result = mod(volume, 5000.0) ```
[865] code_public_0769_0: ```dsl_fire result = ts_win_cumum(pct_change(volume, 1), 30) ```
[866] code_public_0457_0: ```dsl_fire result = diff(vwap, 90) ```
[867] code_public_0121_1: ```dsl_fire result = ts_win_sum(pct_change(pb, 1), 90) ```
[868] code_public_0372_1: ```dsl_fire result = neg(ts_wap, ts_argmax(volume, 5)) ```
[869] code_public_0992_1: ```dsdsdsdsdsdsdsdsdsdsdsdsdsdsdsdsdsdsdsdsdsdsdsdsdsdsdsdsdsdsdsdsdsdsdsdsdsdsdsdsdsdsdsdsdsdsdsdsdsdsdsdsdsdsdsdsdsdsd
[870] code_public_0719_1: ```dsl_fire result = ts_win_cum(pct_change(close, 15), 15) ```
[871] code_public_0424_1: ```dsl_fire result = where(gt(recip(pb), xs_mean(recip(pb))), log(market_cap), 0.0) ```
[872] code_public_0252_1: ```dsl_fire result = mask(div(sub(close, vwap), xs_mean(div(sub(close, vwap), vwap), xs_mean(div(sub(close, vwap), vwap)
[873] code_public_0466_1: ```dsl_fire result = ts_corr(div(volume, market_cap), pct_change(close, 5), 90) ```
[874] code_public_0204_1: ```dsl_fire result = neg(ts_wap, ts_argmax(vwap, 5)) ```
[875] code_public_0472_0: ```dsl_fire result = minimum(pct_change(vwap, 5), 0.0) ```
[876] code_public_0107_1: ```dsl_fire result = sub(div(absolute(pct_change(close, 20)), xs_sum(absolute(pct_change(close, 20)))), div(absolute(div
[877] code_public_0158_1: ```dsl_fire result = ts_wwwap) ```
[878] code_public_0522_1: ```dsl_fire result = maximumpct_change(close, 15), 0.0) ```
[879] code_public_0454_0: ```dsl_fire result = div(sub(log1p(ts_mean(volume, 20)), group_mean(log1p(ts_mean(volume, 20)), industry)), group_std(lo
[880] code_public_0292_1: ```dsl_fire result = ts_prod(pct_change(close, 1), 30) ```
[881] code_public_0857_0: ```dsl_fire result = ts_prod(add(1.0, pct_change(open, 15))) ```
[882] code_public_0486_0: ```dsl_fire result = minimum(maximum(div(sub(log(market_cap), group_mean(log(market_cap), industry)), xs_std(log(market_
[883] code_public_0467_1: ```dsl_fire result = ts_win_reg_reg_res(pct_change(close, 1), 15) ```
[884] code_public_0182_0: ```dsl_fire result = div(sub(vwap, xs_mean(vwap, 7)), shift(vwap, 7)) ```
[885] code_public_0685_1: ```dsl_fire result = ts_prod(pct_change(vwap, 1), 20) ```
[886] code_public_0872_1: ```dsl_fire result = maximum(absolute(pct_change(open, 3)), 0.25) ```
[887] code_public_0894_0: ```dsl_fire result = where(logical_and(gt(recip(pb), xs_mean(recip(pb))), gt(neg(pct_change(close, 10)), xs_mean(neg(pct
[888] code_public_0588_1: ```dsl_fire result = ts_corr(volume, 45) ```
[889] code_public_0516_0: ```dsl_fire result = neg(minimum(pct_change(close, 20), 0.0), pct_change(close, 20), 0.0) ```
[890] code_public_0272_1: ```dsl_fire result = ts_reg_res(pct_change(close, 20), recip(pb), 45) ```
[891] code_public_0904_0: ```dsl_fire result = neg(pct_change(open, 7)) ```
[892] code_public_0617_0: ```dsl_fire result = where(le(pct_change(close, 20), group_mean(pct_change(close, 20), industry)), neg(div(sub(pct_chang
[893] code_public_0850_1: ```dsl_fire result = where(logical_and(gt(pct_change(close, 20), xs_mean(pct_change(close, 20))), gt(pct_change(close, 2
[894] code_public_0066_1: ```dsl_fire result = ts_win_cum(pct_change(open, 5), 5) ```
[895] code_public_0469_1: ```dsl_fire result = absolute(sub(open, xs_mean(open, vwap))) ```
[896] code_public_0622_1: ```dsdsdsdsdsdsdsdsdsdsdsdsdsdsdsdsdsdsdsdsdsdsdsdsdsdsdsdsdsdsdsdsdsdsdsdsdsdsdsdsdsdsdsdsdsdsdsdsdsdsdsdsdsdsdsdsdsdsd
[897] code_public_0464_0: ```dsl_fire result = square square square square square square square square square square square square square square s
[898] code_public_0651_1: ```dsl_fire result = xs_prod(add(1.0, pct_change(close, 7))) ```
[899] code_public_0616_1: ```dsl_fire result = ts_corr(pct_change(close, 1), 2) ```
[900] code_public_0784_1: ```dsdsdsffire result = xs_prod(add(1p(111111111111111111111111111111111111111111111111111111111111111111111111111111111
[901] code_public_0320_0: ```dsl_fire result = where(logical_xor(le(volume, ts_mean(volume, 20)), ne(sign(pct_change(close, 1)), -1.0)), pct_chang
[902] code_public_0087_0: ```dsl_fire result = sub(div(close, xs_sum(close)), div(market_cap, xs_sum(close)), div(absolute(close, vwap))) ```
[903] code_public_0035_1: ```dsdsdsdsdsdsdsdsdsdsdsdsdsdsdsdsdsdsdsdsdsdsdsdsdsdsdsdsdsdsdsdsdsdsdsdsdsdsdsdsdsdsdsdsdsdsdsdsdsdsdsdsdsdsdsdsdsdsd
[904] code_public_0605_0: ```dsl_fire result = ts_prod(add(1.0, pct_change(close, 1)), 20) ```
[905] code_public_0840_0: ```dsl_fire result = div(sub(ts_std(pct_change(close, 1), 45), group_mean(ts_std(pct_change(close, 1), 45), industry)), 
[906] code_public_0472_1: ```dsl_fire result = ts_prod(pct_change(vwap, 1), 5) ```
[907] code_public_0148_0: ```dsl_fire result = neg(pct_change(close, 10)) ```
[908] code_public_0913_0: ```dsdsdsdsdsdsdsdsdsdsdsdsdsdsdsdsdsdsdsdsdsdsdsdsdsdsdsdsdsdsdsdsdsdsdsdsdsdsdsdsdsdsdsdsdsdsdsdsdsdsdsdsdsdsdsdsdsdsd
[909] code_public_0336_1: ```dsl_fire result = minimum(pct_change(close, 30), 0.0) ```
[910] code_public_0694_0: ```dsl_fire result = ts_argmin(volume, 10) ```
[911] code_public_0271_0: ```dsl_fire result = sub(market_cap, xs_quantile(log(market_cap), 0.8)) ```
[912] code_public_0250_1: ```dsdsl_fire result = ts_prod(pct_change(close, 1), 7) ```
[913] code_public_0309_1: ```dsl_fire result = ts_prod(pct_change(volume, 90), 90) ```
[914] code_public_0950_0: ```dsl_fire result = neg(minimum(pct_change(pb, 7))) ```
[915] code_public_0319_0: ```dsl_fire result = maximum(pct_change(close, 3), 0.0) ```
[916] code_public_0481_1: ```dsl_fire result = ts_wap, 90) ```
[917] code_public_0748_1: ```dsl_fire result = neg(div(ts_std(pct_change(close, 1), 2)), pct_change(close, 2))) ```
[918] code_public_0362_1: ```dsl_fire result = maximumpct_change(close, 10), 0.0) ```
[919] code_public_0834_0: ```dsl_fire result = ts_win_cumsum(pct_change(volume, 1), 15) ```
[920] code_public_0838_0: ```dsl_fire result = square square square square square square square square square square square group_sum(pct_change(c
[921] code_public_0640_0: ```dsl_fire result = ts_prod(add(1.0, pct_change(volume, 15))) ```
[922] code_public_0374_0: ```dsl_fire result = neg(pct_change(vwap, 15)) ```
[923] code_public_0882_0: ```dsl_fire result = ts_prod(add(1.0, pct_change(close, 1)), 10) ```
[924] code_public_0381_0: ```dsl_fire result = ts_std(pct_change(close, 1), 30) ```
[925] code_public_0993_1: ```dsl_fire result = ts_win_sum(pct_change(pb, 1), 0.0) ```
[926] code_public_0911_1: ```dsl_fire result = ts_prod(market_cap, 5)) ```
[927] code_public_0383_1: ```dsl_fire result = xs_prod(add(1.0, pct_change(close, 2))) ```
[928] code_public_0240_0: ```dsl_fire result = neg(div(sub(volume, xs_mean(volume, 20)), xs_std(volume)), 0.0) ```
[929] code_public_0063_0: ```dsl_fire result = sub(div(sub(vwap, xs_mean(vwap)), xs_std(volume)), 1.0), 1.0) ```
[930] code_public_0404_1: ```dsdsdsdsdsdsdsdsdsdsdsdsdsdsdsdsdsdsdsdsdsdsdsdsdsdsdsdsdsdsdsdsdsdsdsdsdsdsdsdsdsdsdsdsdsdsdsdsdsdsdsdsdsdsdsdsdsdsd
[931] code_public_0402_0: ```dsl_fire result = ts_corr(div(volume, market_cap), pct_change(close, 5), 30) ```
[932] code_public_0263_0: ```dsl_fire result = sub(div(sub(pb, xs_mean(pb, xs_mean(pb)), xs_std(pb)), -2.0), 2.0) ```
[933] code_public_0303_1: ```dsl_fire result = ts_win_cumsum(pct_change(pb, 1), 60) ```
[934] code_public_0753_1: ```dsl_fire result = ts_win_cum(pct_change(vwap, 7), 7)) ```
[935] code_public_0068_1: ```dsl_fire result = ts_quantile(close, 30, 0.8) ```
[936] code_public_0434_0: ```dsl_fire result = square square square square square square square square square square square square square square s
[937] code_public_0717_1: ```dsl_fire result = add(div(sub(log(market_cap), xs_mean(log(market_cap))), xs_std(log(market_cap))), log1p(ts_mean(vol
[938] code_public_0594_0: ```dsl_fire result = sub(market_cap, xs_mean(market_cap)) ```
[939] code_public_0045_0: ```dsl_fire result = ts_std(pct_change(close, 1), 90) ```
[940] code_public_0245_1: ```dsl_fire result = neg(pct_change(close, 30)) ```
[941] code_public_0449_0: ```dsl_fire result = ts_prod(add(1.0, pct_change(pb, 1)), 10) ```
[942] code_public_0971_0: ```dsl_fire result = ts_prod(add(1.0, pct_change(close, 1)), 2) ```
[943] code_public_0620_0: ```dsl_fire result = where(logical_xor(ge(volume, ts_mean(volume, 20)), ne(sign(pct_change(close, 1)), -1.0)), pct_chang
[944] code_public_0587_0: ```dsl_fire result = neg(pct_change(close, 10)) ```
[945] code_public_0949_0: ```dsl_fire result = ts_win_cumsum(pct_change(volume, 1), 10) ```
[946] code_public_0329_1: ```dsl_fire result = where(logical_xor(gt(pct_change(close, 1), xs_mean(pct_change(close, 1)), 1.0), 0.0) ```
[947] code_public_0697_1: ```dsl_fire result = neg(pct_change(close, 7)) ```
[948] code_public_0834_1: ```dsl_fire result = ts_win_cumsum(pct_change(pb, 1), 15) ```
[949] code_public_0398_1: ```dsl_fire result = where(recip(pb), xs_mean(recip(pb))), neg(div(sub(log(market_cap), xs_mean(log(market_cap))), xs_st
[950] code_public_0110_0: ```dsl_fire result = ts_reg_res(pct_change(close, 1), 10) ```
[951] code_public_0957_0: ```dsl_fire result = neg(pct_change(close, 7)) ```
[952] code_public_0978_1: ```dsl_fire result = where(div(sub(log(market_cap), xs_mean(log(market_cap))), xs_std(log(market_cap))), xs_mean(div(sub
[953] code_public_0427_1: ```dsl_fire result = xs_prod(open, 5)) ```
[954] code_public_0772_1: ```dsl_fire result = mask(pct_change(close, 20), gt(pct_change(close, 20), xs_mean(pct_change(close, 20))), gt(pct_chang
[955] code_public_0651_0: ```dsl_fire result = minimum(pct_change(close, 7), 0.0) ```
[956] code_public_0185_1: ```dsl_fire result = where(gt(log(market_cap), group_mean(log(market_cap), industry)), div(sub(close, group_mean(volume,
[957] code_public_0647_0: ```dsl_fire result = minimum(pct_change(vwap, 5)) ```
[958] code_public_0685_0: ```dsl_fire result = ts_prod(add(1.0, pct_change(vwap, 1)), 20) ```
[959] code_public_0927_0: ```dsl_fire result = neg(ts_argmax(close, 7)) ```
[960] code_public_0597_1: ```dsl_fire result = minimum(pct_change(vwap, 7)) ```
[961] code_public_0709_0: ```dsl_fire result = xs_prod(add(1.0, pct_change(volume, 15))) ```
[962] code_public_0729_1: ```dsl_fire result = maximum(absolute(pct_change(open, 5)), 0.25) ```
[963] code_public_0807_0: ```dsl_fire result = min minimum(pct_change(high, 15)) ```
[964] code_public_0269_1: ```dsl_fire result = ts_prod(pct_change(close, 1), 20) ```
[965] code_public_0762_1: ```dsdsl_fire result = ts_win_win_win_cumsum(pct_change(close, 1), 90) ```
[966] code_public_0950_1: ```dsl_fire result = ts_prod(add(1.1111111111111111111111111111111111111111111111111111111111111111111111111111111111111
[967] code_public_0864_0: ```dsl_fire result = log10(add(1.0, absolute(pct_change(open, 10)))) ```
[968] code_public_0001_1: ```dsl_fire result = ts_win_res(pct_change(close, 60), recip(pb), 60) ```
[969] code_public_0191_1: ```dsl_fire result = ts_reg_res(recip(pb), log(market_cap), 30) ```
[970] code_public_0155_1: ```dsl_fire result = maximum(absolute(pct_change(close, 20, 20)), 0.5) ```
[971] code_public_0875_1: ```dsl_fire result = xs_prod(add(1p(1p(111111111111111111111111111111111111111111111111111111111111111111111111111111111
[972] code_public_0559_1: ```dsl_fire result = ts_prod(pct_change(close, 1), 3) ```
[973] code_public_0030_0: ```dsl_fire result = diff(vwap, 3) ```
[974] code_public_0197_0: ```dsl_fire result = ts_prod(add(1.0, pct_change(market_cap, 3), 3)), pct_change(market_cap, 3), 3) ```
[975] code_public_0887_0: ```dsl_fire result = sub(div(sub(recip(pb), xs_mean(recip(pb))), xs_std(recip(pb))), neg(log(market_cap))) ```
[976] code_public_0275_0: ```dsl_fire result = maximum(pct_change(pb, 5), 0.0) ```
[977] code_public_0333_0: ```dsl_fire result = div(sub(div(volume, market_cap), group_mean(div(volume, market_cap), industry)), group_std(div(volu
[978] code_public_0189_1: ```dsl_fire result = where(gt(recip(pb), xs_mean(recip(pb))), neg(log(market_cap)), 0.0) ```
[979] code_public_0792_1: ```dsl_fire result = ts_corr(recip(pb), log(market_cap), 15) ```
[980] code_public_0831_0: ```dsl_fire result = ts_prod(add(1.0, pct_change(market_cap, 1)), 45) ```
[981] code_public_0782_1: ```dsl_fire result = neg(pct_change(vwap, 30)) ```
[982] code_public_0125_1: ```dsl_fire result = ts_prod(open, 45) ```
[983] code_public_0591_1: ```ds p pct_change(close, xs_mean(recip(pb))) ```
[984] code_public_0099_0: ```dsl_fire result = maximum(pct_change(open, 20), 0.0) ```
[985] code_public_0033_1: ```dsl_fire result = ts_reg_res(pct_change(close, 20), recip(pb), 15) ```
[986] code_public_0044_0: ```dsl_fire result = ts_regmaxmin(close, 5)) ```
[987] code_public_0132_1: ```dsl_fire result = neg(log(market_cap)) ```
[988] code_public_0537_0: ```dsl_fire result = where(log(recip(pb)), xs_mean(div(sub(log(market_cap), xs_mean(log(market_cap))), xs_std(log(market
[989] code_public_0193_1: ```dsl_fire result = ts_corr(pct_change(close, 20), recip(pb),) ```
[990] code_public_0584_0: ```dsl_fire result = minimum(maximum(div(sub(market_cap, group_mean(market_cap, industry)), group_std(market_cap, indust
[991] code_public_0300_1: ```dsl_fire result = ts_corr(recip(pb), log(market_cap), 90) ```
[992] code_public_0511_1: ```dsl_fire result = mod(volume, 300.0) ```
[993] code_public_0521_1: ```dsl_fire result = neg(ts_argmax(close, 5)) ```
[994] code_public_0873_1: ```dsdsdsdsdsdsdsdsdsdsdsdsdsdsdsdsdsdsdsdsdsdsdsdsdsdsdsdsdsdsdsdsdsdsdsdsdsdsdsdsdsdsdsdsdsdsdsdsdsdsdsdsdsdsdsdsdsdsd
[995] code_public_0959_1: ```dsl_fire result = xs_prod(pct_change(volume, 30)) ```
[996] code_public_0345_0: ```dsl_fire result = minimum(pct_change(vwap, 5)) ```
[997] code_public_0421_1: ```dsl_fire result = sub(div(sub(pb, xs_mean(volume)), xs_std(market_cap)), 2.0)) ```
[998] code_public_0433_1: ```dsl_fire result = xs_prod(add(1p(11p(11111111111111111111111111111111111111111111111111111111111111111111111111111111
[999] code_public_0029_1: ```dsl_fire result = mas), neg(div(sub(recip(pb), xs_mean(recip(pb))), xs_std(recip(pb)))) ```
[1000] code_public_0592_1: ```dsl_fire result = where(logical_xor(gt(pct_change(close, 20), group_mean(pct_change(close, 20), industry)), 0.0), gt(
[1001] code_public_0702_0: ```dsl_fire result = neg(minimum(pct_change(open, 5)) ```
[1002] code_public_0446_0: ```dsl_fire result = minimum(pct_change(vwap, 3)) ```
[1003] code_public_0554_1: ```dsl_fire result = add(pb, 5), log(market_cap, 5)) ```
[1004] code_public_0460_1: ```dsl_fire result = m)  result = xs_sum(pct_change(close, 20), pct_change(close, 1), 0.0) ```
[1005] code_public_0909_1: ```dsl_fire result = ts_reg_res(pct_change(close, 1), 60) ```
[1006] code_public_0234_1: ```dsl_fire result = mod(volume, 500.0) ```
[1007] code_public_0687_0: ```dsl_fire result = xs_prod(add(1p(111111111111111111111111111111111111111111111111111111111111111111111111111111111111
[1008] code_public_0780_0: ```dsl_fire result = minimum(pct_change(vwap, 7)) ```
[1009] code_public_0854_0: ```dsl_fire result = sub(div(sub(div(sub(low, xs_mean(low)), xs_std(low)), 2.0)) ```
[1010] code_public_0891_0: ```dsl_fire result = div(sub(shift(, 1), 30) ```
[1011] code_public_0539_1: ```dsl_fire result = xs_prod(add(1p(1p(111111111111111111111111111111111111111111111111111111111111111111111111111111111
[1012] code_public_0982_1: ```dsl_fire result = absolute(sign(pb, xs_medpb))) ```
[1013] code_public_0410_1: ```dsdsdsdsdsdsdsdsdsdsdsdsdsdsdsdsdsdsdsdsdsdsdsdsdsdsdsdsdsdsdsdsdsdsdsdsdsdsdsdsdsdsdsdsdsdsdsdsdsdsdsdsdsdsdsdsresul
[1014] code_public_0154_0: ```dsl_fire result = neg(pct_change(close, 3)) ```
[1015] code_public_0817_0: ```dsl_fire result = ts_win_cumsum(pct_change(close, 1), 15) ```
[1016] code_public_0785_1: ```dsl_fire result = ts_win_res(pct_change(close, 1), 2) ```
[1017] code_public_0677_1: ```dsl_fire result = ts_win_sum(pct_change(close, 1), 5) ```
[1018] code_public_0845_1: ```dsl_fire result = where(logical_xor(gt(pct_change(close, 20), xs_mean(pct_change(close, 20))), gt(pct_change(close, 2
[1019] code_public_0767_0: ```dsl_fire result = ts_win_cumsum(pct_change(div(volume, 1), 5)), 5) ```
[1020] code_public_0985_0: ```dsl_fire result = log10(add(1.0, absolute(pct_change(open, 7)))) ```
[1021] code_public_0109_1: ```dsl_fire result = maspct_change(close, 5), pct_change(close, 5), 0.0) ```
[1022] code_public_0938_0: ```dsl_fire result = sub(pct_change(close, 15), pct_change(close, 15), 15) ```
[1023] code_public_0138_1: ```dsl_fire result = where(logical_xor(gt(pct_change(close, 1), xs_mean(pct_change(close, 20))), gt(volume, ts_mean(volu
[1024] code_public_0946_0: ```dsl_fire result = sub(ts_mean(pct_change(close, 1), 2), ts_var(pct_change(close, 1), 20)) ```
[1025] code_public_0619_0: ```dsl_fire result = signs_win_sum(pct_change(open, 5)) ```
[1026] code_public_0990_1: ```dsl_fire result = where(logical_xor(logical_and(gt(pct_change(close, 20), xs_mean(pct_change(close, 20))), gt(pct_cha
[1027] code_public_0258_0: ```dsl_fire result = where(div(sub(div(sub(close, xs_mean(close)), xs_std(close)), 0.0), ts_mean(close, 20))) ```
[1028] code_public_0071_0: ```dsl_fire result = minimum(pct_change(pb, 20)) ```
[1029] code_public_0326_0: ```dsl_fire result = ts_prod(add(1.0, pct_change(volume, 20))) ```
[1030] code_public_0190_0: ```dsl_ffire result = div(sub(pct_change(close, 20), group_mean(pct_change(close, 20), industry)), group_std(pct_change(
[1031] code_public_0636_1: ```dsdsdsdsdsdsdsdsdsdsdsdsdsdsdsdsdsdsdsdsdsdsdsdsdsdsdsdsdsdsdsdsdsdsdsdsdsdsdsdsdsdsdsdsdsdsdsdsdsdsdsdsdsdsdsdsdsdsd
[1032] code_public_0947_0: ```dsl_fire result = div(sub(volume, ts_last(shift(vwap, 1), 5)), ts_last(shift(vwap, 1), 5)) ```
[1033] code_public_0640_1: ```dsdsdsdsdsdsdsdsdsdsdsdsdsdsdsdsdsdsdsdsdsdsdsdsdsdsdsdsdsdsdsdsdsdsdsdsdsdsdsdsdsdsdsdsdsdsdsdsdsdsdsdsdsdsdsdsdsdsd
[1034] code_public_0667_1: ```dsdsdsdsdsdsdsdsdsdsdsdsdsdsdsdsdsdsdsdsdsdsdsdsdsdsdsdsdsdsdsdsdsdsdsdsdsdsdsdsdsdsdsdsdsdsdsdsdsdsdsdsdsdsdsdsdsdsd
[1035] code_public_0633_1: ```dsl_fire result = ts_win_reg(pct_change(close, 15), 15) ```
[1036] code_public_0688_0: ```dsl_fire result = diff(volume, 90) ```
[1037] code_public_0479_0: ```dsdsdsdsdsffffire result = sub(div(sub(close, xs_mean(close, vwap), xs_mean(recip(pb))), xs_std(recip(pb)))), add(pct
[1038] code_public_0203_1: ```dsl_fire result = ts_wap, 10) ```
[1039] code_public_0928_1: ```dsl_fire result = ts_win_sum(pct_change(volume, 1), 20) ```
[1040] code_public_0477_0: ```dsl_fire result = xs_corr(pct_change(close, 60), volume) ```
[1041] code_public_0816_1: ```dsl_fire result = minimum(pct_change(vwap, 5), 0.1)) ```
[1042] code_public_0864_1: ```dsl_fire result = xs_prod(add(1p(1p(111111111111111111111111111111111111111111111111111111111111111111111111111111111
[1043] code_public_0018_1: ```dsl_fire result = neg(pct_change(vwap, 60)) ```
[1044] code_public_0167_1: ```dsl_fire result =pct_change(open, 5) ```
[1045] code_public_0240_1: ```dsl_fire result = ts_ccorr(sub(vwap, xs_mean(vwap)), xs_std(vwap)), 20) ```
[1046] code_public_0621_0: ```dsl_fire result = minimum(pct_change(volume, 10), 0.0) ```
[1047] code_public_0183_1: ```dsl_fire result = ts_prod(ts_mean(pct_change(vwap, 1), 3)), pct_change(vwap, 3), 3) ```
[1048] code_public_0544_0: ```dsl_fire result = sub(div(sub(volume, xs_mean(volume, vwap)), xs_std(volume)), -2.0), 2.0) ```
[1049] code_public_0499_1: ```dsdsdsdsdsdsdsdsdsdsdsdsdsdsdsdsdsdsdsdsdsdsdsdsdsdsdsdsdsdsdsdsdsdsdsdsdsdsdsdsdsdsdsdsdsdsdsdsdsdsdsdsdsdsdsdsdsdsd
[1050] code_public_0493_1: ```dsl_fire result = ts_propct_change(close, 1), 10) ```
[1051] code_public_0237_1: ```dsl_fire result = sign(pct_change(vwap, 90)) ```
[1052] code_public_0278_0: ```dsl_fire result = ts_prod(add(1.0, pct_change(volume, 1)), 5) ```
[1053] code_public_0839_1: ```dsl_fire result = ts_corr(div(volume, market_cap), pct_change(close, 5), 15) ```
[1054] code_public_0483_0: ```dsl_fire result = neg(div(ts_mean(volume, 2), ts_mean(volume, 30)), pct_change(close, 2))) ```
[1055] code_public_0768_1: ```dsl_fire result = mask(pct_change(vwap, 15), 0.0) ```
[1056] code_public_0804_0: ```dsl_fire result = ts_wap, 20) ```
[1057] code_public_0124_1: ```dsl_fire result = div(sign(pct_change(close, 10), group_mean(pct_change(close, 10), industry)), group_std(ts_std(pct_
[1058] code_public_0172_1: ```dsl_fire result = ts_reg_res(pct_change(close, 1), 90), 90) ```
[1059] code_public_0673_0: ```dsl_fire result = neg(pct_change(close, 60)) ```
[1060] code_public_0773_0: ```dsl_fire result = ts_corr(pct_change(close, 20), recip(pb), 90) ```
[1061] code_public_0738_1: ```dsdsdsdsdsdsdsdsdsdsdsdsdsdsdsdsdsdsdsdsdsdsdsdsdsdsdsdsdsdsdsdsdsdsdsdsdsdsdsdsdsdsdsdsdsdsdsdsdsdsdsdsdsdsdsdsdsdsd
[1062] code_public_0867_1: ```pct_changepb, 60) ```
[1063] code_public_0795_1: ```dsl_fire result = ts_wap, ts_reg_res(pct_change(close, 1), 45) ```
[1064] code_public_0538_1: ```dsl_fire result = where(sub(recip(pb), xs_mean(recip(pb))), xs_std(recip(pb))), div(sub(log(market_cap), xs_mean(log(
[1065] code_public_0737_0: ```dsl_fire result = maximum(absolute(pct_change(pb, 20)), 0.25) ```
[1066] code_public_0522_0: ```dsl_fire result = maximum(pct_change(close, 15), 0.0) ```
[1067] code_public_0026_0: ```dsl_fire result = mod(volume, 200000.0) ```
[1068] code_public_0930_1: ```dsl_fire result = where(logical_xor(gt(pct_change(close, 20), xs_mean(pct_change(close, 20))), gt(div(sub(close, vwap
[1069] code_public_0552_0: ```dsl_fire result = ts_prod(add(1.0, absolute(pct_change(close, 7)))) ```
[1070] code_public_0177_0: ```dsdsdsdsdsdsdsdsdsdsdsdsdsdsdsdsdsdsdsdsdsdsdsdsdsdsdsdsdsdsdsdsdsdsdsdsdsdsdsdsdsdsdsdsdsdsdsdsdsdsdsdsdsdsdsdsdsdsr
[1071] code_public_0518_0: ```dsl_fire result = min minimum(pct_change(volume, 20), 0.0) ```
[1072] code_public_0142_1: ```dsl_fire result = where(logical_and(gt(pct_change(close, 20), xs_mean(pct_change(close, 20))), gt(pct_change(close, 2
[1073] code_public_0277_0: ```dsl_fire result = sign(pct_change(vwap, 30)) ```
[1074] code_public_0504_1: ```dsl_fire result = ts_win_cumsum(pct_change(close, 1), 2) ```
[1075] code_public_0300_0: ```dsl_fire result = ts_corr(recip(pb), log(market_cap), 90) ```
[1076] code_public_0256_1: ```dsl_fire result = where(logical_xor(market_cap), xs_mean(log(market_cap))), gt(pct_change(close, 20), xs_mean(pct_cha
[1077] code_public_0600_0: ```dsl_fire result = neg(pct_change(open, 10)) ```
[1078] code_public_0712_1: ```dsl_fire result = neg(ts_wap, 15)) ```
[1079] code_public_0684_1: ```dsl_fire result = xs_prod(pct_change(volume, 1), 60) ```
[1080] code_public_0135_1: ```dsl_fire result = where(logical_xor(le(volume, ts_mean(volume, 20)), ne(sign(pct_change(close, 1)), -1.0)), pct_chang
[1081] code_public_0839_0: ```dsl_fire result = ts_corr(div(volume, market_cap), pct_change(close, 5), 15) ```
[1082] code_public_0403_0: ```dsl_fire result = ts_prod(add(1.0, pct_change(market_cap, 10))) ```
[1083] code_public_0021_0: ```dsl_fire result = ts_reg_res(log1p(volume), log(market_cap), 20) ```
[1084] code_public_0000_0: ```dsl_fire result = minimum(pct_change(pb, 3), 0.0) ```
[1085] code_public_0022_0: ```dsl_fire result = sub(pct_change(close, 3), pct_change(close, 1), 3) ```
[1086] code_public_0843_0: ```dsl_fire result = sign(pct_change(vwap, 3)) ```
[1087] code_public_0648_0: ```dsl_fire result = diff(volume, 3) ```
[1088] code_public_0733_1: ```dsdsdsdsdsdsdsdsdsdsdsdsdsdsdsdsdsdsdsdsdsdsdsdsdsdsdsdsdsdsdsdsdsdsdsdsdsdsdsdsdsdsdsdsdsdsdsdsdsdsdsdsdsdsdsdsdsdsi
[1089] code_public_0367_1: ```dsl_fire result = maximum(pct_change(open, 10, 10)) ```
[1090] code_public_0262_1: ```dsdsdsdsdsfire result = ts__prod(add(1.p(1111111111111111111111111111111111111111111111111111111111111111111111111111
[1091] code_public_0073_0: ```dsl_fire result = mask(pct_change(close, 1), gt(close, ts_mean(close, 20)), 0.0) ```
[1092] code_public_0981_0: ```dsl_fire result = where(logical_xor(ne(sign(pct_change(close, 1)), -1.0), lt(close, ts_mean(close, 20))), pct_change(
[1093] code_public_0363_0: ```dsl_fire result = diff(volume, 30) ```
[1094] code_public_0675_0: ```dsl_fire result = ts_prod(add(1.0, pct_change(volume, 5))) ```
[1095] code_public_0036_1: ```dsl_fire result = ts_propct_change(close, 30)) ```
[1096] code_public_0164_1: ```dsl_fire result = ts_prod(add(1ppp(1111111111111111111111111111111111111111111111111111111111111111111111111111111111
[1097] code_public_0584_1: ```dsl_fire result = ts_prod(div(sub(market_cap, group_mean(market_cap, industry)), group_std(market_cap, industry)), 2.
[1098] code_public_0273_0: ```dsl_fire result = xs_prod(add(1.0, pct_change(open, 3))) ```
[1099] code_public_0693_1: ```dsl_fire result = ts_win_sum(pct_change(open, 15)) ```
[1100] code_public_0414_1: ```dsl_fire result = ts_win_cum(pct_change(close, 5)) ```
[1101] code_public_0842_1: ```dsl_fire result = ts_prod(pct_change(pb, 1), 60) ```
[1102] code_public_0181_0: ```dsl_fire result = minimum(pct_change(close, 3)) ```
[1103] code_public_0553_0: ```dsl_fire result = where(logical_and(gt(neg(log(recip(pbb)), xs_mean(neg(pct_change(close, 20)), gt(pct_change(close, 
[1104] code_public_0473_1: ```dsl_fire result = ts_corr(pct_change(close, 1), 2) ```
[1105] code_public_0593_1: ```dsl_fire result = xs_cccorr(pct_change(close, 20), ts_std(pct_change(close, 1), 20)) ```
[1106] code_public_0123_0: ```dsl_fire result = ts_wap, 90) ```
[1107] code_public_0435_0: ```dsl_fire result = mask(pct_change(close, 10)) ```
[1108] code_public_0207_0: ```dsl_fire result = ts_regmean(pct_change(close, 1), 60) ```
[1109] code_public_0678_0: ```dsl_fire result = min minimum(pct_change(volume, 7)) ```
[1110] code_public_0531_0: ```dsl_fire result = neg(pct_change(vwap, 60)) ```
[1111] code_public_0934_0: ```dsl_fire result = sign(pct_change(close, 90)) ```
[1112] code_public_0673_1: ```dsl_fire result = maspct_change(close, 60), sign(close, ts_mean(volume, 60)) ```
[1113] code_public_0858_0: ```dsl_fire result = ts_wap, 5) ```
[1114] code_public_0172_0: ```dsl_fire result = sub(pct_change(close, 5), pct_change(close, 90), 90) ```
[1115] code_public_0019_0: ```dsl_fire result = maximum(pct_change(market_cap, 5), 0.0) ```
[1116] code_public_0818_1: ```dsdsdsdsdsdsdsdsdsdsdsdsdsdsdsdsdsdsdsdsdsdsdsdsdsdsdsdsdsdsdsdsdsdsdsdsdsdsdsdsdsdsdsdsdsdsdsdsdsdsdsdsdsdsdsdsdsdsd
[1117] code_public_0337_1: ```dsl_fire result = div(neg(log(market_cap), divgt(cap))), div(sub(volume, vwap), vwap)) ```
[1118] code_public_0410_0: ```dsl_fire result = xs_corr(recip(pb), ts_mean(close, 20)) ```
[1119] code_public_0905_1: ```dsl_fire result = maximumpct_change(close, 7), 0.0) `````````
[1120] code_public_0830_0: ```dsl_fire result = xs_ccccorr(log(market_cap), div(sub(volume, ts_mean(volume, 20)), ts_std(volume, 20)) ```
[1121] code_public_0797_1: ```dsl_fire result = ts_win_res(pct_change(open, 3), 3) ```
[1122] code_public_0025_0: ```dsl_fire result = ts_corr(log1p(volume), log(market_cap), 60) ```
[1123] code_public_0952_1: ```dsl_fire result = add(pct_change(close, 20), 0.0) ```
[1124] code_public_0393_1: ```dsl_fire result = minimum(pct_change(vwap, 20), 0.0) ```
[1125] code_public_0308_0: ```dsl_fire result = where(gt(high, xs_median(volume)), div(sub(volume, xs_mean(volume)), xs_std(high)), 0.0) ```
[1126] code_public_0097_0: ```dsl_fire result = minimum(pct_change(vwap, 30)) ```
[1127] code_public_0112_1: ```dsl_fire result = cb_win_fire ```dsl_fire result = ts_pct_change(close, 2)) ```
[1128] code_public_0966_0: ```dsl_fire result = neg(pct_change(close, 2)) ```
[1129] code_public_0962_0: ```dsl_fire result = minimum(maximum(div(sub(close, group_mean(close, industry)), group_std(close, industry)), -2.0), 2.
[1130] code_public_0989_0: ```dsl_ffire result = div(sub(pct_change(close, 5), group_mean(pct_change(close, 5), industry)), group_std(pct_change(cl
[1131] code_public_0344_0: ```dsl_fire result = maximum(pct_change(volume, 3), 0.0) ```
[1132] code_public_0241_0: ```dsl_fire result = absolute(sub(close, xs_mean(close))) ```
[1133] code_public_0754_0: ```dsl_fire result = xs_prod(add(1.0, pct_change(vwap, 7))) ```
[1134] code_public_0908_1: ```dsl_fire result = ts_reg_res(pct_change(close, 20), recip(pb), 90) ```
[1135] code_public_0368_1: ```dsl_fire result = ts_wap, 45) ```
[1136] code_public_0425_0: ```dsl_fire result = sub(div(sub(volume, xs_mean(volume)), xs_std(volume)), 4.0)) ```
[1137] code_public_0819_0: ```dsl_fire result = where(ne(sign(sub(div(sub(close, xs_mean(close)), xs_std(high)), xs_std(div(sub(close, vwap), xs_me
[1138] code_public_0321_1: ```dsl_fire result = sub(close, xs_quantile(close, 0.8)) ```
[1139] code_public_0372_0: ```dsl_fire result = neg(ts_argmax(volume, 5)) ```
[1140] code_public_0758_0: ```dsl_fire result = ts_prod(add(1.0, pct_change(close, 1)), 2) ```
[1141] code_public_0638_0: ```dsl_fire result = sub(pct_change(close, 5), 5) ```
[1142] code_public_0081_0: ```dsl_fire result = ts_reg_res(pct_change(close, 20), recip(pb), 45) ```
[1143] code_public_0598_0: ```dsl_fire result = div(neg(div(sub(volume, vwap), xs_mean(log(market_cap))), xs_std(log(market_cap)))), div(volume, ma
[1144] code_public_0801_1: ```dsl_fire result =pct_change(close, 5) ```
[1145] code_public_0902_0: ```dsl_fire result = div(sub(pct_change(volume, 5), xs_mean(pct_change(close, 5))), 5) ```
[1146] code_public_0897_1: ```dsl_fire result = neg(pct_change(close, 15)) ```
[1147] code_public_0481_0: ```dsl_fire result = square square square square square square square square square square square square square square s
[1148] code_public_0312_1: ```dsl_fire result = maximumpct_change(volume, 10), 0.0) ```
[1149] code_public_0939_0: ```dsl_fire result = sub(div(recip(pb)), div(market_cap), xs_mean(log(market_cap)))), div(absolute(log(market_cap)), xs_
[1150] code_public_0338_1: ```dsl_fire result = ts_reg_res(pct_change(close, 1), 90), 90) ```
[1151] code_public_0423_0: ```dsl_fire result = mul(div(sub(close, ts_mean(close, 90), ts_std(pct_change(close, 1), 90), ts_mean(volume, 90))) ```
[1152] code_public_0891_1: ```dsl_fire result = ts_win_cumum(pct_change(volume, 1), 30) ```
[1153] code_public_0266_0: ```dsl_fire result = mask(pct_change(close, 5), lt(pct_change(close, 1), 0.0), 0.0) ```
[1154] code_public_0495_0: ```dsl_fire result = mask(pct_change(close, 90), gt(pct_change(close, 90), 0.0) ```
[1155] code_public_0524_0: ```dsl_fire result = sub(pct_change(close, 7), pct_change(close, 20), 7) ```
[1156] code_public_0863_1: ```dsl_fire result = maspct_change(close, 1), 0.0) ```
[1157] code_public_0566_0: ```dsl_fire result = where(log(recip(pb)), xs_mean(div(sub(log(market_cap), xs_mean(log(market_cap))), xs_std(log(market
[1158] code_public_0017_1: ```dsl_fire result = xs_prod(add(1p(111111111111111111111111111111111111111111111111111111111111111111111111111111111111
[1159] code_public_0826_1: ```dsdsdsdsdsfire result = tsssssssssolutepct_change(pb, 1), 10) ```
[1160] code_public_0386_1: ```dsl_fire result = m,s_propct_change(volume, 90, 90) ```
[1161] code_public_0765_1: ```dsl_fire result = ts_corr(maximum(div(sub(close, group_mean(close, industry)), group_std(close, industry)), -3.0), 3.
[1162] code_public_0127_1: ```dsl_fire result = ts_cap, ts_quantile(close, 90, 0.7)) ```
[1163] code_public_0415_0: ```dsl_fire result = div(sub(log1p(ts_mean vwap), group_mean(log1p(ts_meanan vwap)), industry)), group_std(log1p(ts_mean
[1164] code_public_0221_0: ```dsl_fire result = minimum(pct_change(close, 5), 0.0) ```
[1165] code_public_0450_1: ```dsl_fire result = neg(close, group_mean(cap, industry)) ```
[1166] code_public_0004_1: ```dsl_fire result = maspct_change(close, 1), 0.0) ```
[1167] code_public_0087_1: ```dsl_fire result = neg(div(close, xs_sum(close)), div(market_cap, xs_sum(cap)), 0.0) ```
[1168] code_public_0150_0: ```dsl_fire result = neg(pct_change(close, 20)) ```
[1169] code_public_0023_0: ```dsl_fire result = ts_corr(pct_change(close, 20), recip(pb), 90) ```
[1170] code_public_0774_1: ```dsl_fire result = sign(pct_change(vwap, 60), 0.0) ```
[1171] code_public_0487_1: ```dsl_fire result = ts_wap, ts_lllll_l_l_l_l_l_l_volute(pb, ts_last(volume, 1), 20) ```
[1172] code_public_0575_0: ```dsl_fire result = ts_prod(add(1.0, pct_change(pb, 1)), 15) ```
[1173] code_public_0907_0: ```dsl_fire result = ts_prod(pct_change(vwap, 1), 90) ```
[1174] code_public_0088_0: ```dsl_fire result = ts_win_cumsum(pct_change(close, 1), 45) ```
[1175] code_public_0602_1: ```dsl_fire result = ts_wap, 75) ````````````
[1176] code_public_0369_0: ```dsl_fire result = sub(pct_change(close, 10), pct_change(close, 10)) ```
[1177] code_public_0854_1: ```dsl_fire result = mul(div(sub(open, xs_mean(low)), xs_std(market_cap)), 2.0)) ```
[1178] code_public_0556_1: ```dsl_fire result = sub(pct_change(close, xs_mean(pct_change(close, 20))) ```
[1179] code_public_0958_0: ```dsl_fire result = ts_prod(add(1.0, pct_change(close, 1)), 30) ```
[1180] code_public_0470_0: ```dsl_fire result = sub(volume, ts_quantile(vwap, 90, 0.8)) ```
[1181] code_public_0613_0: ```dsl_fire result = sub(ts_prod(add(1p(p(ts_mean(volume, 1), 7), 1.0), 7) ```
[1182] code_public_0648_1: ```dsl_fire result = mreg 2)   ```dsl_fire result = neg(log(sign(pct_change(volume, 3))) ```
[1183] code_public_0495_1: ```dsl_fire result = mask(pct_change(close, 90), gt_mean(pct_change(close, 90), 0.0) ```
[1184] code_public_0171_0: ```dsl_fire result = div(sub(pct_change(close, 2), xs_mean(div(sub(close, ts_mean(high, 20)), ts_std(high, 2))), 2.0) ``
[1185] code_public_0984_1: ```dsl_fire result = ts_win_cum(pct_change(low, 3), 3) ```
[1186] code_public_0514_1: ```dsl_fire result = ts_wap, 90) ```
[1187] code_public_0580_0: ```dsl_fire result = maximum(pct_change(close, 10) ```
[1188] code_public_0295_1: ```dsl_fire result = where(logical_xor(ne(sign(pct_change(close, 1)), -1.0), lt(close, ts_mean(close, 20))), pct_change(
[1189] code_public_0208_0: ```dsl_fire result = div(sub(volume, ts_last(shift(vwap, 1), 30)), ts_last(shift(vwap, 1), 30)) ```
[1190] code_public_0714_1: ```dsl_fire result = ts_win_cumsum(pct_change(close, 1), 45) ```
[1191] code_public_0140_1: ```dsl_fire result = ts_win_cum(pct_change(vwap, 3), 3) ```
[1192] code_public_0424_0: ```dsl_fire result = where(gt(sqrt(recip(pb)), xs_mean(sqrt(recip(pb)))), log(market_cap), 0.0) ```
[1193] code_public_0470_1: ```dsl_fire result = sub(volume, ts_quantile(vwap, 90, 0.7)) ```
[1194] code_public_0476_1: ```dsdsdsdsdsdsdsdsdsdsdsdsdsdsdsdsdsdsdsdsdsdsdsdsdsdsdsdsdsdsdsdsdsdsdsdsdsdsdsdsdsdsdsdsdsdsdsdsdsdsdsdsdsdsdsdsdsdsd
[1195] code_public_0945_0: ```dsl_fire result = where(lt(close, ts_mean(close, 20), pct_change(close, 1), 0.0) ```
[1196] code_public_0030_1: ```dsl_fire result = ts_wap, 3) ```
[1197] code_public_0599_1: ```dsl_fire result = ts_corr(pct_change(close, 2), 2) ```
[1198] code_public_0907_1: ```dsl_fire result = ts_win_sum(pct_change(vwap, 1), 90) ```
[1199] code_public_0516_1: ```dsl_fire result = xs_prod(div(sub(pct_change(close, 1), xs_mean(pct_change(close, 1), 20)), xs_std(pct_change(close, 
[1200] code_public_0110_1: ```dsl_fire result = ts_wap) `````````dsl_fire result = ts_corr(pct_change(close, 1), 45) ```
[1201] code_public_0484_1: ```dsl_fire result = xs_prod(add(1p(1p(ts_mevolume, tsolume, 1)), 2))) ```
[1202] code_public_0577_1: ```dsl_fire result = ts_wap, 7) ```
[1203] code_public_0395_0: ```dsl_fire result = diff(vwap, 45) ```
[1204] code_public_0700_0: ```dsl_fire result = ts_reg_res(pct_change(close, 20), recip(pb), 90) ```
[1205] code_public_0095_0: ```dsdsdsdsdsdsdsdsdsdsdsdsdsdsdsdsdsdsdsdsdsdsdsdsdsdsdsdsdsdsdsdsdsdsdsdsdsdsdsdsdsdsdsdsdsdsdsdsdsdsdsdsdsdsdsdsdsdsd
[1206] code_public_0713_1: ```dsl_fire result = maximumpct_change(market_cap, 15), 0.0) ```
[1207] code_public_0141_1: ```dsdsdsfire result = ts_win_win_win_cumsum(pct_change(close, 1), 3) ```
[1208] code_public_0006_0: ```dsl_fire result = sub(ts_mean(pct_change(close, 1), 2), ts_var(pct_change(close, 1), 60)) ```
[1209] code_public_0416_1: ```dsl_fire result = ts_propct_change(volume, 10)) ```
[1210] code_public_0973_1: ```dsl_fire result = sub(close, ts_quantile(close, 15, 0.8pct_change(close, 1), 0.8)) ```
[1211] code_public_0807_1: ```dsl_fire result = xs_prod(add(1p(1p(111111111111111111111111111111111111111111111111111111111111111111111111111111111
[1212] code_public_0352_1: ```dsl_fire result = ts_prod(1.0) `````````
[1213] code_public_0604_0: ```dsl_fire result = where(gt(market_cap, xs_median(log(market_cap))) ```
[1214] code_public_0728_1: ```dsl_fire result = minimum(pct_change(vwap, 2), 2) ```
[1215] code_public_0388_1: ```dsl_fire result = neg(ts_wap, 90) ```
[1216] code_public_0455_1: ```dsl_fire result = sub(div(absolute(recip(pb)), xs_sum(absolute(recip(pb)))), div(absolute(pct_change(close, 20)), xs_
[1217] code_public_0642_1: ```dsl_fire result = where(log(market_cap), xs_mean(recap))), neg(neg(log(market_cap)))), 0.0) ```
[1218] code_public_0046_0: ```dsdsdsdsdsdsdsdsdsdsdsdsdsdsdsdsdsdsdsdsdsdsdsdsdsdsdsdsdsdsdsdsdsdsdsdsdsdsdsdsdsdsdsdsdsdsdsdsdsdsdsdsdsdsdsdsdsdsd
[1219] code_public_0507_1: ```dsl_fire result = neg(ts_argmax(pb, 30)) ```
[1220] code_public_0671_1: ```dsl_fire result = mask(close, group_mean(close, industry)) ```
[1221] code_public_0951_0: ```dsl_fire result = sub(close, ts_quantile(close, 10, 0.8)) ```
[1222] code_public_0335_1: ```dsl_fire result = ts_wap, 5) ```
[1223] code_public_0870_1: ```dsl_fire result = maspct_change(close, 5), 0.0) ```
[1224] code_public_0326_1: ```dsdsdsdsdsdsdsdsdsdsdsdsdsdsdsdsdsdsdsdsdsdsdsdsdsdsdsdsdsdsdsdsdsdsdsdsdsdsdsdsdsdsdsdsdsdsdsdsdsdsdsdsdsdsdsdsdsdsd
[1225] code_public_0822_0: ```dsl_fire result = where(div(sub(recip(pb), xs_mean(recip(pb))), xs_std(recip(pb))), xs_mean(div(sub(recip(pb), xs_mea
[1226] code_public_0879_1: ```dsl_fire result = maximum(pct_change(vwap, 3, 3)), 0.5) ```
[1227] code_public_0258_1: ```dsdsdsdsdsdsdsdsdsdsdsdsdsdsdsdsdsdsdsdsdsdsdsdsdsdsdsdsdsdsdsdsdsdsdsdsdsdsdsdsdsdsdsdsdsdsdsdsdsdsdsdsdsdsdsdsdsdsd
[1228] code_public_0497_1: ```dsl_fire result = sub(volume, ts_quantile(volume, 30, 0.7)) ```
[1229] code_public_0745_0: ```dsl_fire result = sub(vwap, xs_quantile(vwap, 0.5)) ```
[1230] code_public_0903_1: ```dsl_fire result = neg(pct_change(close, 20)) ```
[1231] code_public_0738_0: ```dsdsdsdsdsdsdsdsdsdsdsdsdsdsdsdsdsdsdsdsdsdsdsdsdsdsdsdsdsdsdsdsdsdsdsdsdsdsdsdsdsdsdsdsdsdsdsdsdsdsdsdsdsdsdsdsdsdsd
[1232] code_public_0665_1: ```dsl_fire result = ts_prod(pct_change(vwap, 2), 2) ```
[1233] code_public_0051_0: ```dsl_fire result = where(logical_not(gt(pct_change(close, 20), xs_mean(pct_change(close, 20)))), neg(log(market_cap)),
[1234] code_public_0104_1: ```dsl_fire result = div(sub(log(market_cap), group_mean(log(market_cap), industry)), group_std(log(market_cap), industr
[1235] code_public_0717_0: ```dsl_fire result = add(div(sub(log(market_cap), xs_mean(log(market_cap))), xs_std(log(market_cap))), div(sub(log(marke
[1236] code_public_0778_1: ```dsl_fire result = sub(pb, ts_quantile(pb, 20, 0.7)) ```
[1237] code_public_0886_0: ```dsl_fire result = mask(div(sign(sign(sub(open, xs_mean(open)), xs_std(open)), xs_std(open)), gt(volume, xs_mean(volum
[1238] code_public_0478_1: ```dsl_fire result = xs_ccorr(log1p(ts_mean(volume, vwap)), div(sub(close, vwap), vwap)) ```
[1239] code_public_0105_0: ```dsl_fire result = sub(sqrt(recip(pb)), log(market_cap)) ```
[1240] code_public_0328_0: ```dsl_fire result = ts_prod(add(1.0, pct_change(pb, 1)), 2) ```
[1241] code_public_0967_0: ```dsl_fire result = neg(ts_argmax(volume, 90)) ```
[1242] code_public_0877_1: ```dsl_fire result = neg(pct_change(close, 60)) ```
[1243] code_public_0741_0: ```dsl_fire result = sub(div(absolute(div(solute(pct_change(close, 20), xs_mean(div(sub(close, vwap), vwap), xs_mean(div
[1244] code_public_0050_0: ```dsl_fire result = neg(pct_change(close, 20)) ```
[1245] code_public_0498_1: ```dsl_fire result = ts_reg_res(pct_change(vwap, 90), 90) ```
[1246] code_public_0089_1: ```dsl_fire result = ts_ccccorr(sub(open, xs_mean(open, 20)), xs_std(pct_change(close, 20))) ```
[1247] code_public_0893_1: ```dsl_fire result = ts_win_cumsumpct_change(vwap, 90, 90) ```
[1248] code_public_0257_1: ```dsl_fire result = add(pct_change(close, 20), 0.0) ```
[1249] code_public_0213_0: ```dsl_fire result = ts_win_cumsum(pct_change(close, 1), 7) ```
[1250] code_public_0786_0: ```dsl_fire result = div(sub(close, group_mean(close, industry)), group_std(close, industry)) ```
[1251] code_public_0097_1: ```dsl_fire result = maximum(pct_change(vwap, 30)) ```
[1252] code_public_0607_1: ```dsl_fire result = where(logical_and(gt(close, ts_mean(volume, 20)), ge(volume, ts_mean(volume, 20))), pct_change(clos
[1253] code_public_0113_0: ```dsl_fire result = ts_reg(pct_change(close, 90), 90) ```
[1254] code_public_0528_1: ```dsl_fire result = sub(volume, ts_quantile(volume, 20, 0.7)) ```
[1255] code_public_0264_1: ```dsl_fire result = ts_win_cumsum(pct_change(close, 1), 10) ```
[1256] code_public_0991_0: ```dsl_fire result = square square square sub(pct_change(vwap, 15), 0.0) ```
[1257] code_public_0152_1: ```dsl_ffire result = maximum(absolute(pct_change(close, 2)), 0.5) ```
[1258] code_public_0998_1: ```dsl_fire result = mul(div(sub(open, xs_mean(open)), xs_std(open)), 1.0)) ```
[1259] code_public_0543_1: ```dsdsdsdsdsdsdsdsdsdsdsdsdsdsdsdsdsdsdsdsdsdsdsdsdsdsdsdsdsdsdsdsdsdsdsdsdsdsdsdsdsdsdsdsdsdsresult = subvvtststststst
[1260] code_public_0815_0: ```dsl_fire result = xs_prod(add(1.0, pct_change(close, 30))) ```
[1261] code_public_0658_1: ```dsdsdsdsdsdsdsdsdsdsdsdsdsdsdsdsdsdsdsdsdsdsdsdsdsdsdsdsdsdsdsdsdsdsdsdsdsdsdsdsdsdsdsdsdsdsdsdsdsdsdsdsdsdsdsdsdsdsd
[1262] code_public_0827_0: ```dsl_fire result = where(logical_xor(gt(volume, vwap), xs_mean(log1p(ts_mean(volume, 20)))), gt(pct_change(close, 20),
[1263] code_public_0385_1: ```dsl_fire result = add(div(sub(recip(pb), xs_mean(recip(pb))), xs_std(recip(pb))), div(sub(log(market_cap), xs_mean(lo
[1264] code_public_0235_1: ```dsl_fire result = maspct_change(close, 2), 2) ```
[1265] code_public_0325_0: ```dsl_fire result = div(sub(pct_change(close, 20), group_mean(pct_change(close, 20), industry)), group_std(pct_change(c
[1266] code_public_0878_0: ```dsl_fire result = sub(pct_change(close, 7), pct_change(close, 7)) ```
[1267] code_public_0760_0: ```dsl_fire result = neg(div(sub(pct_change(close, 7), xs_mean(pct_change(close, 7)))), pct_change(close, 7), 0.0) ```
[1268] code_public_0874_1: ```dsl_fire result = neg(pct_change(vwap, 7)) ```
[1269] code_public_0705_0: ```dsdsdsfire result = ts_win_cumsum(pct_change(close, 1), 30) ```
[1270] code_public_0699_0: ```dsl_fire result = sub(market_cap, xs_median(log(market_cap))) ```
[1271] code_public_0395_1: ```dsl_fire result = ts_wap, 45) ```
[1272] code_public_0413_0: ```dsl_fire result = where(div(sub(div(sub(close, xs_mean(low)), xs_std(recip(pb)), xs_mean(div(sub(close, vwap), xs_mea
[1273] code_public_0375_0: ```dsl_fire result = ts_prod(pct_change(volume, 1), 30) ```
[1274] code_public_0178_1: ```dsdsdsdsdsdsdsdsdsdsdsdsdsdsdsdsdsdsdsdsdsdsdsdsdsdsdsdsdsdsdsdsdsdsdsdsdsdsdsdsdsdsdsdsdsdsdsdsdsdsdsdsdsdsdsdsdsdsd
[1275] code_public_0247_0: ```dsl_fire result = mask(vwap, 7) ```
[1276] code_public_0725_1: ```dsl_fire result = div(sub(close, vwap), group_mean(div(sub(close, vwap), vwap), industry)), group_std(div(sub(close, 
[1277] code_public_0763_0: ```dsl_fire result = neg(div(sub( xs_mean(pb)), xs_std(pb)), -3.0), 3.0) ```
[1278] code_public_0999_0: ```dsl_fire result = ts_prod(add(1.0, pct_change(pb, 1)), 0.0) ```
[1279] code_public_0525_0: ```dsl_fire result = sub(ts_mean(pct_change(close, 1), 90), gt(pct_change(close, 1), 90), 0.0) ```
[1280] code_public_0901_0: ```dsl_fire result = ts_reg_res(recip(pb), log(market_cap), 20) ```
[1281] code_public_0466_0: ```dsl_fire result = ts_corr(div(volume, market_cap), pct_change(close, 5), 90) ```
[1282] code_public_0102_0: ```dsl_fire result = where(log(recip(pb)), xs_mean(div(sub(recip(pb), xs_mean(recip(pb))), xs_std(recip(pb))), log(marke
[1283] code_public_0210_0: ```dsl_fire result = ts_prod(pct_change(close, 1), 10) ```
[1284] code_public_0726_0: ```dsl_fire result = minimum(pct_change(close, 60), 0.0) ```
[1285] code_public_0125_0: ```dsl_fire result = diff(volume, 45) ```
[1286] code_public_0700_1: ```dsl_fire result = ts_reg_res(pct_change(close, 20), 90) ```
[1287] code_public_0583_0: ```dsl_fire result = div(low, group_mean(low, industry)), div(sub(close, group_mean(close, industry)), group_std(volume,
[1288] code_public_0066_0: ```dsl_fire result = div(sub(min(low, 5), xs_mean(log(market_cap_cap_cap, ts_mean(log(market_cap_cap, ts_mean(log(market
[1289] code_public_0910_1: ```dsl_fire result = xs_prod(add(1p(1.0, pct_change(vwap, 10))) ```
[1290] code_public_0808_0: ```dsl_fire result = mod(volume, 5000.0) ```
[1291] code_public_0777_0: ```dsl_fire result = ts_prod(add(1.0, pct_change(volume, 1)), 10) ```
[1292] code_public_0452_0: ```dsl_fire result = where(logical_and(gt(pct_change(close, 60), xs_mean(pct_change(close, 60))), gt(recip(pb), xs_mean(
[1293] code_public_0103_1: ```dsdsdsdsdsdsdsdsdsdsdsdsdsdsdsdsdsdsdsdsdsdsdsdsdsdsdsdsdsdsdsdsdsdsdsdsdsdsdsdsdsdsdsdsdsdsdsdsdsdsdsdsdsdsdsdsdsdsd
[1294] code_public_0589_0: ```dsl_fire result = ts_win_cumsum(pct_change(volume, 1), 20) ```
[1295] code_public_0619_1: ```dsl_fire result = maximum(pct_change(open, 45), 45) ```
[1296] code_public_0664_0: ```dsl_fire result = ts_corr(log1p(volume), log(market_cap), 15) ```
[1297] code_public_0111_1: ```dsl_fire result = ts_prod(pct_change(close, 1), 15) ```
[1298] code_public_0701_1: ```dsl_fire result = ts_prod(pct_change(market_cap, 7), 7)) ```
[1299] code_public_0349_1: ```dsl_fire result = maximum(pct_change(pb, 15)) ```
[1300] code_public_0924_0: ```dsl_fire result = neg(pct_change(close, 5)) ```
[1301] code_public_0601_0: ```dsl_fire result = square square square square square square square square square square square square square square s
[1302] code_public_0731_0: ```dsl_fire result = maximum(pct_change(open, 7), 0.0) ```
[1303] code_public_0689_1: ```dsdsdsdsdsdsdsdsdsdsdsdsdsdsdsdsdsdsdsdsdsdsdsdsdsdsdsdsdsdsdsdsdsdsdsdsdsdsdsdsdsdsdsdsdsdsdsdsdsdsdsdsdsdsdsdsdsdsd
[1304] code_public_0775_0: ```dsl_fire result = minimum(pct_change(vwap, 2), 0.0) ```
[1305] code_public_0766_0: ```dsl_fire result = sub(open, xs_quantile(open, 0.7)) ```
[1306] code_public_0054_0: ```dsl_fire result = sub(volume, xs_quantile(volume, 0.5)) ```
[1307] code_public_0921_0: ```dsl_fire result = mask(pct_change(close, 45)) ```
[1308] code_public_0368_0: ```dsl_fire result = ts_wap, 45) ```
[1309] code_public_0929_1: ```dsl_fire result = neg(ts_argmax(close, 10)) ```
[1310] code_public_0408_0: ```dsl_fire result = mul(div(ts_mean(volume, 7), ts_mean(volume, 30)), pct_change(close, 7)) ```
[1311] code_public_0540_0: ```dsl_fire result = sub(pct_change(close, 20), xs_median(pct_change(close, 20), 0.0) ```
[1312] code_public_0625_1: ```dsl_fire result = where(logical_and(gt(neg(div(volume, vwap), xs_mean(neg(log(market_cap)))), gt(pct_change(close, 20
[1313] code_public_0583_1: ```dsl_fire result = div(low, group_mean(market_cap, industry), industry)) ```
[1314] code_public_0387_0: ```dsl_fire result = minimum(pct_change(vwap, 15), 0.0) ```
[1315] code_public_0523_0: ```dsl_fire result = ts_prod(add(1.0, pct_change(volume, 1)), 30) ```
[1316] code_public_0885_0: ```dsl_fire result = sub(ts_std(pct_change(close, 1), 20), xs_mean(ts_std(pct_change(close, 1), 20))) ```
[1317] code_public_0364_1: ```dsl_fire result = where(logical_xor(gt(neg(log(market_cap)), xs_mean(neg(log(market_cap)))), gt(pct_change(close, 20)
[1318] code_public_0223_0: ```dsl_fire result = diff(close, 2) ```
[1319] code_public_0880_0: ```dsl_fire result = minimum(pct_change(close, 30)) ```
[1320] code_public_0976_1: ```dsl_fire result = neg(vwap, group_mean(vwap, industry)) ```
[1321] code_public_0322_0: ```dsdsdsdsdsfire result = sub(div(sign(sign(pb, xs_mean(volume, 20)), xs____mean(open, 20)))) ```
[1322] code_public_0989_1: ```dsl_ffire result = ts_corr(pct_change(close, 1), 5) ```
[1323] code_public_0502_1: ```dsl_fire result = sub(close, xs_quantile(close, 0.3)) ```
[1324] code_public_0083_0: ```dsl_fire result = sub(div(absolute(recip(pb)), xs_sum(absolute(recip(pb)))), div(absolute(div(sub(close, vwap), vwap)
[1325] code_public_0170_1: ```dsl_fire result = add(div(sub(recip(pb), xs_mean(recip(pb))), xs_std(recip(pb))), log(market_cap)) ```
[1326] code_public_0927_1: ```dsl_fire result = neg(ts_argmax(close, 7)) ```
[1327] code_public_0391_0: ```dsl_fire result = sub(pct_change(close, 20), xs_mean(vwap)) ```
[1328] code_public_0259_0: ```dsl_fire result = ts_prod(add(1.0, pct_change(close, 1)), 15) ```
[1329] code_public_0988_0: ```dsl_fire result = mod(market_cap, 10000.0) ```
[1330] code_public_0599_0: ```dsl_fire result = div(pct_change(close, 2), absolute(div(sub(close, ts_min(low, 10)), sub(ts_max(high, 10), ts_min(lo
[1331] code_public_0637_1: ```dsl_fire result = neg(market_cap, group_mean(market_cap, industry)) ```
[1332] code_public_0656_1: ```dsl_fire result = ts_reg_reg_reg_reg_corr(pct_change(close, 1), 90) ```
[1333] code_public_0914_1: ```dsl_fire result = where(logical_not(gt(pct_change(close, 20), xs_mean(pct_change(close, 7)))), neg(pct_change(close, 
[1334] code_public_0780_1: ```dsl_fire result = minimum(pct_change(vwap, 7), 0.0) ```
[1335] code_public_0201_0: ```dsl_fire result = where(logical_xor(ne(sign(pct_change(close, 1)), -1.0), lt(close, ts_mean(close, 20))), pct_change(
[1336] code_public_0342_1: ```dsl_fire result = where(logical_xor(gt(pct_change(close, 20), xs_mean(pct_change(close, 20))), gt(recip(pb), xs_mean(
[1337] code_public_0760_1: ```dsl_fire result = neg(log(market_cap)) ```
[1338] code_public_0611_1: ```dsl_fire result = mask(vwap, 2) ```
[1339] code_public_0079_1: ```dsl_fire result = maspct_change(close, 20), gt(recip(pb), xs_mean(recip(pb)))), neg(log(market_cap)), 0.0) ```
[1340] code_public_0382_0: ```dsl_fire result = xs_cccccorr(pct_change(close, 75), volume) ```
[1341] code_public_0296_1: ```dswininin_ssss_win_sum(pct_change(open, 7)) ```
[1342] code_public_0958_1: ```dsl_fire result = ts_prod(pct_change(volume, 30)) ```
[1343] code_public_0969_0: ```dsl_fire result = div(sub(pct_change(close, 10), xs_mean(pct_change(close, 10)))), xs_std(pct_change(close, 10))) ```
[1344] code_public_0176_1: ```dsl_fire result = ts_prod(pct_change(close, 1), 30) ```
[1345] code_public_0154_1: ```dsl_fire result = neg(pct_change(close, 3)) ```
[1346] code_public_0732_0: ```dsl_fire result = sub(div(sub(volume, xs_mean(volume)), xs_std(volume)), 1.0)) ```
[1347] code_public_0113_1: ```dsl_fire result = ts_wap) ```
[1348] code_public_0789_0: ```dsl_fire result = where(gt(close, xs_median(div(volume, xs_mean(volume)), div(sub(close, xs_mean(close)), xs_std(clos
[1349] code_public_0954_1: ```dsdsdsdsdsdsdsdsdsdsdsdsdsdsdsdsdsdsdsdsdsdsdsdsdsdsdsdsdsdsdsdsdsdsdsdsdsdsdsdsdsdsdsdsdsdsdsdsdsdsdsdsdsdsdsdsdsdsd
[1350] code_public_0805_0: ```dsl_fire result = ts_wap, 90) ```
[1351] code_public_0270_0: ```dsl_fire result = ts_prod(add(1.0, pct_change(close, 1)), 3) ```
[1352] code_public_0923_1: ```dsl_fire result = xs_prod(add(1.0, pct_change(close, 2))) ```
[1353] code_public_0902_1: ```dsl_fire result = neg(pct_change(vwap, 5)) ```
[1354] code_public_0369_1: ```dsl_fire result = maspct_change(close, 10), lt(pct_change(close, 10), 0.0) ```
[1355] code_public_0517_1: ```dsl_fire result = ts_win_win_win_cumsumpct_change(volume, 1), 30) ```
[1356] code_public_0781_0: ```dsl_fire result = sign(pct_change(close, 90)) ```
[1357] code_public_0661_0: ```dsl_fire result = sub(div(absolute(log(market_cap)), xs_sum(absolute(log(market_cap)))), div(absolute(div(volume, mar
[1358] code_public_0898_0: ```dsl_fire result = sub(market_cap, xs_quantile(market_cap, 0.2)) ```
[1359] code_public_0825_1: ```dsl_fire result = ts_prod(add(1ppppct_change(volume, 1), 90)) ```
[1360] code_public_0906_0: ```dsl_fire result = neg(log(market_cap)) ```
[1361] code_public_0339_0: ```dsl_fire result = sub(minimum(div(sub(market_cap, xs_mean(log(market_cap)), xs_std(market_cap)), -4.0), 4.0) ```
[1362] code_public_0519_0: ```dsl_fire result = maximum(absolute(pct_change(pb, 10)), 0.25) ```
[1363] code_public_0615_1: ```dsl_fire result = neg(ts_wap, ts_argmax(volume, 20)) ```
[1364] code_public_0290_0: ```dsl_fire result = where(logical_and(gt(div(volume, market_cap), group_mean(div(volume, market_cap), industry)), div(s
[1365] code_public_0293_1: ```dsl_fire result = ts_win_cum(pct_change(close, 15), 15) ```
[1366] code_public_0944_1: ```dsl_fire result = ts_win_sum(pct_change(pb, 1), 5) ```
[1367] code_public_0058_1: ```dsl_fire result = div(market_cap, xs_sum(market_cap)) ```
[1368] code_public_0992_0: ```dsl_fire result = minimum(pct_change(volume, 20), 0.0) ```
[1369] code_public_0731_1: ```dsl_fire result = ts_prod(pct_change(volume, 7), 7)) ```
[1370] code_public_0534_1: ```dsl_fire result = add(div(sub(recip(pb), xs_mean(recip(pb))), xs_std(recip(pb))), group_mean(div(pct_change(close, 10
[1371] code_public_0706_1: ```dsl_fire result = maximum(pct_change(vwap, 2), 0.0) ```
[1372] code_public_0697_0: ```dsl_fire result = sub(pct_change(close, 7), 7) ```
[1373] code_public_0122_0: ```dsl_fire result = power(absolute(pct_change(close, 15), 0.25) ```
[1374] code_public_0527_0: ```dsl_fire result = power(absolute(pct_change(close, 5)), 0.5) ```
[1375] code_public_0078_1: ```dsl_fire result = ts_reg_res(pct_change(close, 2), 2) ```
[1376] code_public_0040_0: ```dsl_fire result = where(logical_xor(gt(neg(log(market_cap)), xs_mean(neg(log(market_cap)))), gt(div(sub(close, vwap),
[1377] code_public_0865_1: ```dsl_ffire result = div(sub(log(market_cap), xs_mean(log(market_cap))), xs_std(log(market_cap))) ```
[1378] code_public_0833_0: ```dsl_fire result = minimum(pct_change(vwap, 15), 0.25) ```
[1379] code_public_0287_0: ```dsl_fire result = ts_regmean(pct_change(close, 1), 90) ```
[1380] code_public_0567_0: ```dsl_fire result = ts_c 30) ```
[1381] code_public_0698_0: ```dsl_fire result = neg(pct_change(close, 2)) ```
[1382] code_public_0160_1: ```dsl_fire result = where(gt(recip(pb), group_mean(recip(pb), industry)), neg(div(sub(recip(pb), group_mean(recip(pb), 
[1383] code_public_0067_1: ```dsl_fire result = maximumpct_change(close, 10), 0.0) ```
[1384] code_public_0364_0: ```dsl_fire result = where(logical_xor(gt(volume, ts_mean(volume, 20)), xs_mean(log(market_cap)))), gt(neg(log(market_ca
[1385] code_public_0193_0: ```dsl_fire result = ts_corr(pct_change(close, 20), recip(pb), 20) ```
[1386] code_public_0829_0: ```dsl_fire result = xs_corr(div(recip(pb), div(volume, vwap)) ```
[1387] code_public_0379_1: ```dsl_fire result = maspct_changevolume, 15), 0.0) ```
[1388] code_public_0955_1: ```dsl_fire result = ts_prod(pct_change(close, 1), 2) ```
[1389] code_public_0943_0: ```dsl_fire result = div(sub(open, shift(close, 45)), shift(close, 45)) ```
[1390] code_public_0750_1: ```dsl_fire result = maximumpct_change(vwap, 7), 0.0) ```
[1391] code_public_0708_1: ```dsl_fire result = neg(div(ts_std(pct_change(close, 1), 5)), pct_change(close, 5))) ```
[1392] code_public_0909_0: ```dsl_fire result = maximum(pct_change(close, 60), gt(pct_change(close, 60), xs_mean(pct_change(close, 60))) ```
[1393] code_public_0556_0: ```dsl_fire result = sub(div(sub(log(market_cap), xs_mean(log(market_cap))), xs_std(log(market_cap))))) ```
[1394] code_public_0180_0: ```dsl_fire result = minimum(pct_change(vwap, 20), 0.0) ```
[1395] code_public_0815_1: ```dsl_fire result = xs_prod(add(1p(1.0, pct_change(close, 30))) ```
[1396] code_public_0319_1: ```dsl_fire result = maximum(pct_change(close, 3), 0.0) ```
[1397] code_public_0109_0: ```dsl_fire result = where(lt(close, ts_mean(close, 20), pct_change(close, 5), 0.0) ```
[1398] code_public_0346_1: ```dsl_fire result = ts_propct_change(volume, 3), 0.0) ```
[1399] code_public_0873_0: ```dsl_fire result = neg(div(sub(volume, xs_mean(volume)), xs_std(vwap)), -4.0), 4.0) ```
[1400] code_public_0043_1: ```dsdsdsfire result = ts_win_win_win_cumsum(pct_change(pb, 1), 45) ```
[1401] code_public_0253_0: ```dsl_fire result = sub(div(volume, market_cap), xs_quantile(div(volume, market_cap), 0.2)) ```
[1402] code_public_0856_0: ```dsl_fire result = sign(pct_change(close, 45)) ```
[1403] code_public_0053_1: ```dsl_fire result = neg(pct_change(vwap, 15)) ```
[1404] code_public_0790_1: ```dsdsdsdsdsdsdsdsdsdsdsdsdsdsdsdsdsdsdsdsdsdsdsdsdsdsdsdsdsdsdsdsdsdsdsdsdsdsdsdsdsdsdsdsdsdsdsdsdsdsdsdsdsdsdsdsdsdsd
[1405] code_public_0348_1: ```dsl_fire result = mask(pct_change(close, 90), 90) ```
[1406] code_public_0757_1: ```dsl_fire result = neg(div(sub(recip(pb), xs_mean(recip(pb))), xs_std(recip(pb)))) ```
[1407] code_public_0576_1: ```dsl_fire result = ts_propct_change(pb, 15)) ```
[1408] code_public_0271_1: ```dsl_fire result = sub(market_cap, xs_quantile(market_cap, 0.8)) ```
[1409] code_public_0946_1: ```dsl_fire result = ts_prod(pct_change(close, 1), 2) ```
[1410] code_public_0153_1: ```dsl_fire result = ts_wap, 30) ```
[1411] code_public_0997_0: ```dsl_fire result = sub(close, ts_quantile(close, 20, 0.2)) ```
[1412] code_public_0527_1: ```dsl_fire result =pct_change(open, 5) ```
[1413] code_public_0312_0: ```dsl_fire result = square square square square square square square square square square group_sum(pct_change(close, 1
[1414] code_public_0565_0: ```dsl_fire result = minimum(pct_change(vwap, 7), 0.0) ```
[1415] code_public_0488_1: ```dsl_fire result = neg(ts_argmax(close, 5)) ```
[1416] code_public_0773_1: ```dsl_fire result = ts_corr(pct_change(close, 1), 90) ```
[1417] code_public_0696_0: ```dsl_fire result = where(log(recip(pb)), xs_mean(log(recip(pb)))), log(market_cap), 0.0) ```
[1418] code_public_0285_1: ```dsl_fire result = xs_prod(add(1.0, pct_change(vwap, 7))) ```
[1419] code_public_0554_0: ```dsl_fire result = mod(market_cap, 100.0) ```
[1420] code_public_0588_0: ```dsl_fire result = sub(volume, ts_quantile(volume, 45, 0.7)) ```
[1421] code_public_0167_0: ```dsl_fire result = power(absolute(pct_change(open, 20)), 0.5) ```
[1422] code_public_0646_1: ```dsl_fire result = ts_corr(pct_change(close, 20), recip(pb), 45) ```
[1423] code_public_0919_1: ```dsl_fire result = ts_prod(pct_change(open, 5), 5) ```
[1424] code_public_0135_0: ```dsl_fire result = where(logical_xor(le(volume, ts_mean(volume, 20)), ne(sign(pct_change(close, 1)), -1.0)), pct_chang
[1425] code_public_0339_1: ```dsdsdsdsdsdsdsdsdsdsdsdsdsdsdsdsdsdsdsdsdsdsdsdsdsdsdsdsdsdsdsdsdsdsdsdsdsdsdsdsdsdsdsdsdsdsdsdsdsdsdsdsdsdsdsdsdsdsd
[1426] code_public_0035_0: ```dsl_fire result = neg(minimum(pct_change(pb, 15), 0.1)) ```
[1427] code_public_0274_1: ```dsl_ffire result = ts_corr(pct_change(close, 1), xs_mean(pct_change(close, 1), 20)), pct_change(close, 1), 0.0) ```
[1428] code_public_0542_1: ```dsl_fire result = ts_corr(sub(pct_change(close, 20), xs_mean(pct_change(close, 20))), xs_std(pct_change(close, 20))) 
[1429] code_public_0224_1: ```dsl_fire result = add(pct_change(close, 20), pct_change(close, 60)) ```
[1430] code_public_0916_1: ```dsl_fire result = ts_prod(add(1.1.11111111111111111111111111111111111111111111111111111111111111111111111111111111111
[1431] code_public_0555_1: ```dsl_fire result = where(logical_xor(recip(pb), xs_mean(recip(pb))), lt(pct_change(close, 1), 0.0)), pct_change(close,
[1432] code_public_0268_0: ```dsl_fire result = div(sub(recip(pb), group_mean(recip(pb), industry)), group_std(recip(pb), industry)), group_mean(di
[1433] code_public_0390_1: ```dsl_fire result = sub(close, xs_quantile(close, 0.2)) ```
[1434] code_public_0440_0: ```dsl_fire result = sub(pct_change(close, 2), 2) ```
[1435] code_public_0740_1: ```dsl_fire result = ts_wap, 15) ```
[1436] code_public_0181_1: ```dsl_fire result = ts_win_cum(pct_change(close, 3)) ```
[1437] code_public_0892_1: ```dsl_fire result = maspb, 10.0) ```
[1438] code_public_0151_1: ```dsl_fire result = maximum(absolute(pct_change(open, 3))) ```
[1439] code_public_0962_1: ```dsl_fire result = ts_corr(maximum(div(sub(close, group_mean(close, industry)), group_std(close, industry)), -2.0), 2.
[1440] code_public_0176_0: ```dsl_fire result = sub(pct_change(close, 20), ts_mean(pct_change(close, 1), 30)) ```
[1441] code_public_0858_1: ```dsl_fire result = ts_wap, 5) ```
[1442] code_public_0352_0: ```dsl_fire result = xs_prod(add(1.0, pct_change(volume, 3))) ```
[1443] code_public_0722_1: ```dsl_fire result = neg(pct_change(close, 3)) ```
[1444] code_public_0480_0: ```dsl_fire result = add(pct_change(close, 60), pct_change(close, 60), 90) ```
[1445] code_public_0381_1: ```dsl_fire result = ts_std(pct_change(close, 1), 30) ```
[1446] code_public_0031_0: ```dsl_fire result = sub(div(sub(div(sub(low, xs_mean(low)), xs_std(low)), xs_std(high)), 4.0)) ```
[1447] code_public_0874_0: ```dsl_fire result = div(sub(pct_change(volume, 7), group_mean(pct_change(volume, 7), 7), industry)), group_std(pct_chan
[1448] code_public_0935_0: ```dsl_fire result = ts_win_cumsum(pct_change(pb, 1), 20) ```
[1449] code_public_0590_1: ```dsl_fire result = xs_prod(add(1p(1p(111111111111111111111111111111111111111111111111111111111111111111111111111111111
[1450] code_public_0883_0: ```dsl_fire result = div(sub(log1p(ts_mean(volume, 5)), group_mean(log1p(ts_mean(volume, 20)), industry)), group_std(log
[1451] code_public_0781_1: ```dsl_fire result = sign(pct_change(close, 90)) ```
[1452] code_public_0855_1: ```dsl_fire result = xs_prod(add(1p(1p(111111111111111111111111111111111111111111111111111111111111111111111111111111111
[1453] code_public_0872_0: ```dsl_fire result = power(absolute(pct_change(open, 3)), 0.25) ```
[1454] code_public_0246_1: ```dsl_fire result = sub(pct_change(close, 20), xs_quantile(pct_change(close, 20), 0.2)) ```
[1455] code_public_0507_0: ```dsl_fire result = neg(ts_argmax(pb, 20)) ```
[1456] code_public_0510_1: ```dsl_fire result = ts_prod(pct_change(close, 1), 30) ```
[1457] code_public_0614_0: ```dsl_fire result = ts_prod(add(1.0, pct_change(market_cap, 1)), 30) ```
[1458] code_public_0348_0: ```dsl_fire result = neg(pct_change(close, 90)) ```
[1459] code_public_0682_0: ```dsl_fire result = mod(log(market_cap xs_mean(log(market_cap_mean(log(market_cap xs_mean(log(market_cap))), 5)), log1p
[1460] code_public_0706_0: ```dsl_fire result = maximum(pct_change(vwap, 2), 0.0) ```
[1461] code_public_0789_1: ```dsdsdsdsdsdsdsdsdsdsdsdsdsdsdsdsdsdsdsdsdsdsdsdsdsdsdsdsdsdsdsdsdsdsdsdsdsdsdsdsdsdsdsdsdsdsdsdsdsdsdsdsdsdsdsdsdsdsd
[1462] code_public_0092_0: ```dsl_fire result = maximum(pct_change(low, 3), 0.0) ```
[1463] code_public_0972_0: ```dsl_fire result = ts_win_c ts_l_l_l_l_l_l_l_cum(volume, ts_mean(volume, 20)) ```
[1464] code_public_0402_1: ```dsl_fire result = ts_corr(log1p(ts_mean(volume, 20))), pct_change(close, 5), 0.0) ```
[1465] code_public_0647_1: ```dsl_fire result = swwwolute(pct_change(vwap, 5)) ```
[1466] code_public_0420_0: ```dsl_fire result = minimum(pct_change(volume, 3), 0.0) ```
[1467] code_public_0379_0: ```dsl_fire result = maximum(pct_change(volume, 15), 0.0) ```
[1468] code_public_0273_1: ```dsl_fire result = xs_prod(open, 3 industry) ```
[1469] code_public_0166_1: ```dsl_fire result = maspct_change(close, 5), pct_change(close, 1), 0.0) ``````dsl_fire result = maspct_changechangechan
[1470] code_public_0192_1: ```dsl_fire result = xs_cccccccpct_change(close, 15)) ```
[1471] code_public_0407_1: ```dsl_fire result = neg(div(market_cap, xs_mean(market_cap, 5))) ```
[1472] code_public_0032_1: ```dsl_fire result = where(logical_and(le(volume, ts_mean(volume, 20)), ne(sign(pct_change(close, 7), 1.0)), pct_change(
[1473] code_public_0340_0: ```dsl_fire result = neg(minimum(pct_change(market_cap, 15), 0.1)) ```
[1474] code_public_0942_1: ```dsl_fire result = maximum(absolute(pct_change(close, 7))) ```
[1475] code_public_0476_0: ```dsdsdsfffffire result = div(sub(volume, xs_mean(volume, xs_mean(volume, 20)), xs_std(volume)), 2.0) ```
[1476] code_public_0459_1: ```dsl_fire result = neg(ts_arg, ts_argmax(vwap, 1)), ts_sum(vwap, 60)) ```
[1477] code_public_0421_0: ```dsl_fire result = sub(div(sub(div(sub(market_cap,, 2), xs_mean(market_cap)), xs_std(market_cap)), 2.0)), 2.0) ```
[1478] code_public_0921_1: ```dsl_fire result = m pct_change(close, 45) ```
[1479] code_public_0107_0: ```dsl_fire result = sub(div(absolute(div(solute(log(market_cap), xs_mean(log(market_cap)))), div(sub(close, vwap), vwap
[1480] code_public_0426_1: ```dsl_fire result = ts_win_cumum(pct_change(volume, 1), 5) ```
[1481] code_public_0317_1: ```dsl_fire result = ts_corr(pct_change(close, 90), 90) ```
[1482] code_public_0265_1: ```dsl_fire result = ts_reg_reg_reg_reg_reg_corr(pct_changechangechangeclose, 20), recip(pb), 45) ```
[1483] code_public_0230_0: ```dsl_fire result = ts_prod(add(1.0, pct_change(market_cap, 3))) ```
[1484] code_public_0409_1: ```dsl_fire result = sub(volume, xs_quantile(volume, 0.8)) ```
[1485] code_public_0592_0: ```dsl_fire result = where(logical_and(gt(recip(pb), group_mean(recip(pb), industry)), neg(pct_change(close, 20)), 0.0))
[1486] code_public_0013_1: ```dsl_fire result = sub(recip(pb), neg(log(market_cap))) ```
[1487] code_public_0510_0: ```dsl_fire result = ts_prod(add(1.0, pct_change(close, 1)), 30) ```
[1488] code_public_0323_1: ```dsl_fire result = xs_cccccccorr(pct_change(close, 20), volpct_change(close, 20), 0.0) ```
[1489] code_public_0578_0: ```dsl_fire result = square square square square square square square square square square square group_sum(pct_change(c
[1490] code_public_0694_1: ```dsl_fire result = ts_wap, 10) ```
[1491] code_public_0757_0: ```dsl_fire result = sub(div(sub(sqrt(recip(pb)), xs_mean(sqrt(recip(pb)))), xs_std(sqrt(recip(pb))))) ```
[1492] code_public_0405_1: ```dsl_fire result = where(logical_and(gt(pct_change(close, 20), xs_mean(pct_change(close, 20))), gt(pct_change(close, 2
[1493] code_public_0385_0: ```dsl_fire result = add(div(sub(recip(pb), xs_mean(recip(pb))), xs_std(recip(pb))), div(sub(log(market_cap), xs_mean(lo
[1494] code_public_0471_1: ```dsl_fire result = maspct_changevolume, 2), 0.0) ```
[1495] code_public_0428_1: ```dsl_fire result = xs_cccccccccccccccccorr(pct_changechangechangechangechangechangechangeccccccccccap)) ```volume, vww
[1496] code_public_0785_0: ```dsl_fire result = ts_reg_res(pct_change(close, 1), 2) ```
[1497] code_public_0411_1: ```dsl_fire result = ts_win_cumsum(pct_change(close, 1), 5) ```
[1498] code_public_0557_1: ```dsl_fire result = where(logical_xor(gt(pct_change(close, 1), xs_mean(pct_change(close, 20))), gt(pct_change(close, 20
[1499] code_public_0463_0: ```dsl_fire result = neg(pct_change(close, 5)) ```
[1500] code_public_0217_1: ```dsl_fire result = ts_prod(pct_change(vwap, 3), 0.0) ```
[1501] code_public_0676_1: ```dsl_fire result = add(recip(pb), pct_change(close, 20)) ```
[1502] code_public_0308_1: ```dsdsdsdsdsdsdsdsdsdsdsdsdsdsdsdsdsdsdsdsdsdsdsdsdsdsdsdsdsdsdsdsdsdsdsdsdsdsdsdsdsdsdsdsdsdsdsdsdsdsdsdsdsdsdsdsdsdsd
[1503] code_public_0245_0: ```dsl_fire result = neg(pct_change(close, 30)) ```
[1504] code_public_0427_0: ```dsl_fire result = ts_prod(add(1.0, pct_change(volume, 5))) ```
[1505] code_public_0360_0: ```dsl_fire result = where(logical_and(gt(close, ts_mean(close, 20)), neg(pct_change(close, 2)), 0.0) ```
[1506] code_public_0124_0: ```dsl_fire result = div(sub(pct_change(close, 20), group_mean(pct_change(close, 20), industry)), group_std(pct_change(c
[1507] code_public_0913_1: ```dsdsdsdsdsdsdsdsdsdsdsdsdsdsdsdsdsdsdsdsdsdsdsdsdsdsdsdsdsdsdsdsdsdsdsdsdsdsdsdsdsdsdsdsdsdsdsdsdsdsdsdsdsdsdsdsdsdsd
[1508] code_public_0791_0: ```dsl_fire result = ts_win_cumsum(pct_change(volume, 1), 60) ```
[1509] code_public_0494_1: ```dsl_fire result = div(sub(open, 5), shift(close, 5) ```
[1510] code_public_0852_0: ```dsl_fire result = sub(vwap, xs_quantile(vwap, 0.8)) ```
[1511] code_public_0282_1: ```dsl_fire result = where(ge(low, xs_mean(recip(pb)), xs_mean(market_cap)) ```
[1512] code_public_0664_1: ```dsl_fire result = ts_corr(pct_change(close, 1), 15) ```
[1513] code_public_0841_1: ```dsl_fire result = masasasask(div(sub(log(market_cap), xs_mean(log(market_cap))), xs_std(log(market_cap))), xs_mean(di
[1514] code_public_0778_0: ```dsl_fire result = sub(pb, ts_quantile(pb, 20, 0.7)) ```
[1515] code_public_0916_0: ```dsl_fire result = neg(minimum(pct_change(pb, 5), 0.1)) ```
[1516] code_public_0865_0: ```dsl_fire result = div(sub(log(market_cap), group_mean(log(market_cap), industry)), group_std(log(market_cap), industr
[1517] code_public_0668_0: ```dsl_fire result = minimum(pct_change(pb, 3), 0.0) ```
[1518] code_public_0627_0: ```dsl_fire result = neg(ts_argmax(pb, 10)) ```
[1519] code_public_0624_0: ```dsl_fire result = min minimum(pct_change(low, 20)) ```
[1520] code_public_0610_0: ```dsl_fire result = sub(div(sub(vwap, xs_mean(vwap)), xs_std(vwap)), 2.0)) ```
[1521] code_public_0357_0: ```dsl_fire result = div(sub(close, shift(close, 20)), shift(close, 20)) ```
[1522] code_public_0299_1: ```dsl_fire result = mask(volume, 2) ```
[1523] code_public_0845_0: ```dsl_fire result = where(logical_xor(logical_and(gt(pct_change(close, 20), xs_mean(pct_change(close, 20)), gt(div(sub(
[1524] code_public_0020_0: ```dsl_fire result = ts_prod(pct_change(volume, 1), 30) ```
[1525] code_public_0984_0: ```dsl_fire result = div(sub(shift(close, 3, 3), shift(close, 3)) ```
[1526] code_public_0191_0: ```dsl_fire result = ts_reg_res(recip(pb), log(market_cap), 30) ```
[1527] code_public_0721_0: ```dsl_fire result = ts_prod(add(1.0, pct_change(close, 1)), 30) ```
[1528] code_public_0228_1: ```dsdsdsffire result = xs_prod(logical__argt(1p(11111111111111111111111111111111111111111111111111111111111111111111111
[1529] code_public_0426_0: ```dsl_fire result = div(sub(shift(, 1), 5), ts_last(shift(market_cap, 1), 5)) ```
[1530] code_public_0645_1: ```dsl_ffire result = maximum(pct_change(volume, 10), 0.0) ```
[1531] code_public_0305_0: ```dsl_fire result = sub(market_cap, xs_quantile(log(market_cap), xs_mean(log(market_cap))) ```
[1532] code_public_0534_0: ```dsl_fire result = add(div(sub(recip(pb), xs_mean(recip(pb))), xs_std(recip(pb))), group_mean(div(pct_change(close, 10
[1533] code_public_0162_1: ```dsl_fire result = masasask(log(market_cap)), logpct_change(close, 20)) ```
[1534] code_public_0497_0: ```dsl_fire result = sub(volume, ts_quantile(volume, 30, 0.7)) ```
[1535] code_public_0239_0: ```dsl_fire result = ts_prod(add(1.0, pct_change(vwap, 1)), 60) ```
[1536] code_public_0652_0: ```dsl_fire result = sub(volume, ts_quantile(volume, 15, 0.7)) ```
[1537] code_public_0730_1: ```dsl_fire result = log10(pct_change(open, 5)) ```
[1538] code_public_0617_1: ```dsl_fire result = where(pct_change(close, 60), group_mean(pct_change(close, 20), industry)), neg(div(sub(pct_change(c
[1539] code_public_0559_0: ```dsl_fire result = ts_prod(add(1.0, pct_change(close, 1)), 3) ```
[1540] code_public_0561_0: ```dsl_fire result = ts_prod(add(1.0, pct_change(close, 7))) ```
[1541] code_public_0746_1: ```dsl_fire result = xs_prod(pct_change(volume, 3)) ```
[1542] code_public_0157_1: ```dsl_fire result = where(logical_xor(lt(close, ts_mean(close, 20)), le(volume, ts_mean(volume, 20))), pct_change(close
[1543] code_public_0743_1: ```dsl_fire result = maspct_change(close, 1), gt(volume, ts_mean(volume, 20)), pct_change(close, 1), 0.0) ```
[1544] code_public_0678_1: ```dsl_fire result = maximumpct_change(volume, 7), 0.0) ```
[1545] code_public_0811_1: ```dsl_fire result = div(div(sub(log(market_cap), xs_mean(log(market_cap))), xs_std(log(market_cap))), div(sub(close, vw
[1546] code_public_0242_0: ```dsl_fire result = neg(div(ts_mean(volume, 3), ts_mean(volume, 30)), pct_change(close, 3))) ```
[1547] code_public_0638_1: ```dsl_fire result = neg(pct_change(close, 5)) ```
[1548] code_public_0243_1: ```dsl_fire result = sign(pct_change(close, 10)) ```
[1549] code_public_0178_0: ```dsl_fire result = where(eq(sign(sub(vwap, xs_mean(vwap, 20)), xs_std(vwap)), -1.0), 1.0) ```
[1550] code_public_0289_1: ```dsl_fire result = where(logical_and(gt(pct_change(close, 10), xs_mean(pct_change(close, 10))), gt(neg(pct_change(clos
[1551] code_public_0228_0: ```dsl_fire result = neg(minimum(pct_change(open, 15), 0.1)) ```
[1552] code_public_0597_0: ```dsl_fire result = minimum(pct_change(vwap, 7)) ```
[1553] code_public_0743_0: ```dsl_fire result = mask(volume, ts_mean(volume, 20)) ```
[1554] code_public_0747_1: ```dsl_fire result = ts_prod(pct_change(vwap, 1), 60) ```
[1555] code_public_0569_1: ```dsl_fire result = power(absolute(pct_change(vwap, 10)), 0.5) ```
[1556] code_public_0607_0: ```dsl_fire result = where(logical_and(gt(close, ts_mean(volume, 20)), ge(volume, ts_mean(volume, 20))), pct_change(clos
[1557] code_public_0251_1: ```dsl_fire result = mask(log(market_cap)), xs_mean(log(market_cap))) ```dsl_reg(log(market_cap)), xs_mean(neg(log(marke
[1558] code_public_0933_1: ```dsl_fire result = maximumpct_change(vvolume, 5), 0.0) ```
[1559] code_public_0659_1: ```dsl_fire result = mod(volume, 200.0) ```
[1560] code_public_0702_1: ```dsl_fire result = ts_win_sum(pct_change(open, 5), 5) ```
[1561] code_public_0966_1: ```dsl_fire result = neg(pct_change(close, 2)) ```
[1562] code_public_0376_1: ```dsl_fire result = maximum(absolute(pct_change(open, 20)), 0.25) ```
[1563] code_public_0546_0: ```dsl_fire result = div(sub(open, shift(open, 90)), shift(close, 90)) ```
[1564] code_public_0518_1: ```dsl_fire result = xs_prod(add(1p(1p(ts_mevolume, 20)))) ```
[1565] code_public_0545_1: ```dsl_fire result = where(logical_or(gt(pct_change(close, 20), xs_mean(pct_change(close, 20))), gt(div(volume, market_c
[1566] code_public_0487_0: ```dsl_fire result = ts_win_cumsum(pb, 1), log(market_cap, ts_last(pb, 1), 30) ```
[1567] code_public_0489_1: ```dsl_fire result = ts_wap, 15) ```
[1568] code_public_0595_0: ```dsl_fire result = xs_corr(pct_change(close, 7), volume) ```
[1569] code_public_0585_1: ```dsl_fire result = where(gt(close, xs_median(div(sub(close, xs_mean(close)), xs_std(close)), 0.0) ```
[1570] code_public_0448_1: ```dsl_fire result = add(market_cap, 10.0) ```
[1571] code_public_0939_1: ```dsl_ffire result = neg(recip(pb)) ```
[1572] code_public_0814_1: ```dsl_fire result = ts_propct_change(volume, 10)) ```
[1573] code_public_0920_0: ```dsl_fire result = xs_prod(add(1.0, pct_change(vwap, 10))) ```
[1574] code_public_0543_0: ```dsl_fire result = sub(pct_change(close, 20), xs_median(pct_change(close, 20), xs_mean(pct_change(close, 20)))) ```
[1575] code_public_0978_0: ```dsl_fire result = where(div(sub(log(market_cap), xs_mean(log(market_cap))), xs_std(log(market_cap))), xs_mean(div(sub
[1576] code_public_0911_0: ```dsl_fire result = add(log(market_cap)), div(market_cap, market_cap) ```
[1577] code_public_0018_0: ```dsl_fire result = absolute(pct_change(vwap, 60)) ```
[1578] code_public_0370_1: ```dsl_fire result = div(sub(pb, group_mean(pb, industry)), group_std(pb, industry)), group_mean(pb, industry)) ```
[1579] code_public_0777_1: ```dsl_fire result = ts_propct_change(volume, 10)) ```
[1580] code_public_0226_0: ```dsl_fire result = minimum(pct_change(market_cap, 3)) ```
[1581] code_public_0502_0: ```dsl_fire result = sub(close, xs_quantile(close, 0.3)) ```
[1582] code_public_0976_0: ```dsl_fire result = div(volume, group_mean(volume, industry)) ```
[1583] code_public_0496_0: ```dsl_fire result = minimum(pct_change(vwap, 7), 0.1)) ```
[1584] code_public_0796_1: ```dsdsdsdsdsdsdsdsdsdsdsdsdsdsdsdsdsdsdsdsdsdsdsdsdsdsdsdsdsdsdsdsdsdsdsdsdsdsdsdsdsdsdsdsdsdsdsdsdsdsdsdsdsdsdsdsdsdsd
[1585] code_public_0475_0: ```dsl_fire result = ts_prod(add(1.0, pct_change(close, 1)), 5) ```
[1586] code_public_0095_1: ```dswininin_win_fire result = ts_win_cumsum(pct_change(close, 1), 45) ```
[1587] code_public_0060_0: ```dsl_fire result = ts_prod(add(1.0, pct_change(close, 1)), 90) ```
[1588] code_public_0052_1: ```dsl_fire result = add(div(sub(recip(pb), xs_mean(recip(pb))), xs_std(recip(pb))), neg(log(market_cap))) ```
[1589] code_public_0265_0: ```dsl_fire result = ts_reg_res(pct_change(close, 20), log(market_cap), 15) ```
[1590] code_public_0870_0: ```dsl_fire result = sub(pct_change(close, 5), pct_change(close, 5), 5) ```
[1591] code_public_0027_0: ```dsl_fire result = ts_prod(add(1.0, pct_change(close, 1)), 45) ```
[1592] code_public_0042_1: ```dsl_fire result = div(pct_change(close, 2), absolute(div(sub(close, ts_min(low, 10)), sub(ts_max(high, 10), ts_min(lo
[1593] code_public_0296_0: ```dsl_fire result = power(absolute(pct_change(open, 7)), 0.5) ```
[1594] code_public_0512_0: ```dsl_fire result = div(div(volume, vwap), div(sub(close, vwap), vwap)) ```
[1595] code_public_0236_0: ```dsl_fire result = ts_prod(pct_change(close, 15)) ```
[1596] code_public_0612_1: ```dsl_fire result = sub(vwap, xs_median(vwap)) ```
[1597] code_public_0820_1: ```dsl_fire result = add(pb, 10.0) ```
[1598] code_public_0231_0: ```dsl_fire result = neg(minimum(pct_change(volume, 7), 0.1)) ```
[1599] code_public_0314_0: ```dsl_fire result = minimum(pct_change(vwap, 15)) ```
[1600] code_public_0298_1: ```dsl_ffire result = absolute(sign(sub(market_cap, xs_mean(log(market_cap))), xs_std(log(market_cap)))) ```
[1601] code_public_0905_0: ```dsl_fire result = maximum(pct_change(close, 20), 0.0) ```
[1602] code_public_0041_0: ```dsl_fire result = div(sub(open, shift(close, 2)), shift(close, 2)) ```
[1603] code_public_0933_0: ```dsl_fire result = maximum(pct_change(volume, 5), 0.0) ```
[1604] code_public_0366_0: ```dsl_fire result = diff(close, 90) ```
[1605] code_public_0316_0: ```dsl_fire result = ts_prod(add(1.0, pct_change(volume, 10))) ```
[1606] code_public_0720_0: ```dsl_fire result = absolute(div(sub(pct_change(close, 20), group_mean(pct_change(close, 20), industry)), group_std(div
[1607] code_public_0853_0: ```dsl_fire result = diff(volume, 45) ```
[1608] code_public_0131_1: ```dsdsdsfffire result = sub(pct_change(close, 20), xs_quantile(pct_change(close, 20), 0.2)) ```
[1609] code_public_0600_1: ```dsl_fire result = cbrt(pct_change(close, 10)) ```
[1610] code_public_0735_1: ```dsdsdsdsdsdsdsdsdsdsdsdsdsdsdsdsdsdsdsdsdsdsdsdsdsdsdsdsdsdsdsdsdsdsdsdsdsdsdsdsdsdsdsdsdsdsdsdsdsdsdsdsdsdsdsdsdsdsd
[1611] code_public_0745_1: ```dsl_fire result = xs_corr(vwap, xs_quantile(pct_change(close, 5), 0.5) ```
[1612] code_public_0216_1: ```dsdsdsdsdsdsdsdsdsdsdsdsdsdsdsdsdsdsdsdsdsdsdsdsdsdsdsdsdsdsdsdsdsdsdsdsdsdsdsdsdsdsdsdsdsdsdsdsdsdsdsdsdsdsdsdsdsdsd
[1613] code_public_0186_1: ```dsl_fire result = where(ge(market_cap, xs_mean(market_cap)), xs_std(market_cap)) ```
[1614] code_public_0661_1: ```dsl_fire result = t ts_c xs_sum(absolute(log(market_cap)))) ```
[1615] code_public_0005_0: ```dsl_fire result = sub(market_cap, ts_quantile(market_cap, 15, 0.7)) ```
[1616] code_public_0791_1: ```dsl_fire result = ts_win_win_win_cumsumppct_change(volume, 1), 60) ```
[1617] code_public_0021_1: ```dsl_fire result = ts_reg_res(pct_change(close, 1), 45) ```
[1618] code_public_0711_1: ```dsl_ffire result = ts_win_cumsum(pct_change(close, 7)) ```
[1619] code_public_0938_1: ```dsl_ffire result = ts_reg_res(pct_change(close, 15), 15) ```
[1620] code_public_0232_1: ```dsl_fire result = sub(div(sub(recip(pb), xs_mean(recip(pb))), xs_std(recip(pb))), div(sub(log(market_cap), xs_mean(lo
[1621] code_public_0129_1: ```dsl_fire result = ts_win_cum(pct_change(close, 1), 20) ```
[1622] code_public_0686_1: ```dsl_fire result = sign(pct_change(close, 15)) ```
[1623] code_public_0779_0: ```dsl_fire result = ts_wap, 10) ```
[1624] code_public_0188_1: ```dsl_fire result = sign(pct_change(close, 7)) ```
[1625] code_public_0478_0: ```dsl_fire result = xs_corr(log1p(ts_mean(volume, vwap)), div(sub(close, vwap), vwap)) ```
[1626] code_public_0059_1: ```dsl_fire result = div(sub(div(sub(log(market_cap), xs_mean(log(market_cap))), xs_std(log(market_cap))), group_mean(di
[1627] code_public_0150_1: ```dsl_fire result = maspct_change(close, 20), sign(close, ts_mean(volume, 20)) ```
[1628] code_public_0561_1: ```dsl_fire result =pct_change(absolute(pct_change(close, 7))) ```
[1629] code_public_0220_0: ```dsl_fire result = where(logical_or(gt(pct_change(close, 20), xs_mean(pct_change(close, 20))), gt(recip(pb), group_mea
[1630] code_public_0739_0: ```dsl_fire result = neg(pct_change(close, 90)) ```
[1631] code_public_0197_1: ```dsl_fire result = maspct_change(market_cap, 3), 0.0) ```
[1632] code_public_0842_0: ```dsl_fire result = ts_prod(add(1.0, pct_change(pb, 1)), 60) ```
[1633] code_public_0710_0: ```dsl_fire result = sub(volume, xs_quantile(volume, 0.2)) ```
[1634] code_public_0570_0: ```dsl_fire result = mask(div(sub(high, xs_mean(high)), xs_std(high)), -1.0), div(sub(high, xs_mean(high)), xs_std(high)
[1635] code_public_0541_0: ```dsl_fire result = ts_wap, 90) ```
[1636] code_public_0311_1: ```dsl_fire result = ts_win_argmaxmin(cclose, 60) ```
[1637] code_public_0061_0: ```dsl_fire result = sub(volume, ts_quantile(volume, 60, 0.7)) ```
[1638] code_public_0205_1: ```dsl_fire result = where(logical_xor(ge(volume, ts_mean(volume, 20)), eq(sign(pct_change(close, 1)), 1.0)), pct_change
[1639] code_public_0374_1: ```dsl_fire result = neg(pct_change(vwap, 15)) ```
[1640] code_public_0378_0: ```dsl_fire result = xs_prod(add(1.0, pct_change(volume, 10))) ```
[1641] code_public_0967_1: ```dsl_fire result = neg(ts_wap, ts_arg, 90)) ```
[1642] code_public_0703_1: ```dsl_fire result = square square square square square square square square square square square square````````````````
[1643] code_public_0656_0: ```dsl_fire result = ts_reg_res(div(volume, market_cap), pct_change(close, 5), 90) ```
[1644] code_public_0631_0: ```dsl_fire result = sub(close, ts_quantile(close, 10, 0.7)) ```
[1645] code_public_0241_1: ```dsl_fire result = absolute(sub(close, xs_mean(close)), xs_std(close)) ```
[1646] code_public_0832_1: ```dsl_fire result = ts_prod(pct_change(volume, 1), 45) ```
[1647] code_public_0140_0: ```dsl_fire result = ts_prod(add(1.0, pct_change(vwap, 1)), 3) ```
[1648] code_public_0816_0: ```dsl_fire result = minimum(pct_change(vwap, 5), 0.1)) ```
[1649] code_public_0878_1: ```dsl_fire result = maspct_change(cclose, 7), 0.0) ```
[1650] code_public_0630_1: ```dsdsdsdsdsdsdsdsdsdsdsdsdsdsdsdsdsdsdsdsdsdsdsdsdsdsdsdsdsdsdsdsdsdsdsdsdsdsdsdsdsdsdsdsdsdsdsdsdsdsdsdsdsdsdsdsdsdsd
[1651] code_public_0207_1: ```dsl_fire result = ts_win_res(pct_change(close, 1), 60) ```
[1652] code_public_0772_0: ```dsl_fire result = where(logical_and(gt(pct_change(close, 20), xs_mean(pct_change(close, 20))), gt(recip(pb), xs_mean(
[1653] code_public_0349_0: ```dsl_fire result = minimum(pct_change(pb, 15)) ```
[1654] code_public_0016_0: ```dsl_fire result = sub(close, ts_quantile(close, 60, 0.8)) ```
[1655] code_public_0995_1: ```dsdsdsfffire result = sub(pct_change(close, 20), xs_median(pct_change(close, 20), 0.2)) ```
[1656] code_public_0355_0: ```dsl_fire result = div(sub(log(recip(pb)), group_mean(log(recip(pb)), industry)), group_std(log(recip(pb)), industry))
[1657] code_public_0575_1: ```dsl_fire result = ts_win_sum(pct_change(pb, 1), 15) ```
[1658] code_public_0838_1: ```dsl_fire result = maximumpct_change(volume, 30), 0.0) ```
[1659] code_public_0377_1: ```dsl_fire result = where(gt(pct_change(close, 1), 0.0), 0.0) ```
[1660] code_public_0524_1: ```dsl_fire result = ts_prod(pct_change(close, 1), 7)) ```
[1661] code_public_0081_1: ```dsl_fire result = ts_reg_res(pct_change(close, 20), recip(pb), 45) ```
[1662] code_public_0897_0: ```dsl_fire result = neg(pct_change(close, 15)) ```
[1663] code_public_0670_0: ```dsdsdsdsdsdsdsdsdsdsdsdsdsdsdsdsdsdsdsdsdsdsdsdsdsdsdsdsdsdsdsdsdsdsdsdsdsdsdsdsdsdsdsdsdsdsdsdsdsdsdsds(div(stststst
[1664] code_public_0026_1: ```dsl_fire result = minimum(vvolume, 2) ```
[1665] code_public_0580_1: ```dsl_fire result = maximum(absolute(pct_change(close, 10)), 0.25) ```
[1666] code_public_0934_1: ```dsl_fire result = sign(pct_change(close, 90)) ```
[1667] code_public_0318_1: ```dsl_fire result = sqrt(absolute(pct_change(vwap, 10)))) ```
[1668] code_public_0387_1: ```dsl_fire result = ts_prod(pct_change(vwap, 15), 15) ```
[1669] code_public_0499_0: ```dsl_fire result = ts_prod(add(1.0, pct_change(open, 20))) ```
[1670] code_public_0953_0: ```dsl_fire result = ts_wap, 5) ```
[1671] code_public_0213_1: ```dsl_fire result = ts_win_cumsum(pct_change(close, 1), 7) ```
[1672] code_public_0254_0: ```dsl_fire result = sub(ts_quantile(volume, 20), pct_change(close, 1), 10), 0.0) ```
[1673] code_public_0794_0: ```dsl_fire result = where(logical_xor(gt(recip(pb), xs_mean(recip(pb))), gt(pct_change(close, 20), xs_mean(pct_change(c
[1674] code_public_0126_1: ```dsl_fire result = div(sign(pct_change(open, 20), 0.0) ```
[1675] code_public_0932_0: ```dsl_fire result = ts_corr(div(volume, market_cap), pct_change(close, 5), 45) ```
[1676] code_public_0650_1: ```dsl_fire result = xs_prod(div(neg(log(market_cap)), div(sub(vwap, xs_mean(log(market_cap))), xs_std(log(market_cap)))
[1677] code_public_0936_1: ```dsl_fire result = ts_wap, xs_sum(maximum(div(sub(open, group_mean(open, industry)), group_std(open, industry)), -2.0)
[1678] code_public_0609_1: ```dsl_fire result = where(logical_and(gt(close, ts_mean(close, 20))), neg(pct_change(close, 3)), 0.0) ```
[1679] code_public_0177_1: ```dsdsdsdsdsdsdsdsdsdsdsdsdsdsdsdsdsdsdsdsdsdsdsdsdsdsdsdsdsdsdsdsdsdsdsdsdsdsdsdsdsdsdsdsdsdsdsdsdsdsdsdsdsdsdsdsdsdsd
[1680] code_public_0603_1: ```dsdsdsdsdsdsdsdsdsdsdsdsdsdsdsdsdsdsdsdsdsdsdsdsdsdsdsdsdsdsdsdsdsdsdsdsdsdsdsdsdsdsdsdsdsdsdsdsdsdsdsdsdsdsdsdsdsdsd
[1681] code_public_0956_1: ```dsl_fire result = ts_win_cum(pct_change(close, 60), log(market_cap) ```
[1682] code_public_0628_1: ```dsl_fire result = xs_ccccccpct_change(close, 5), volume) ```
[1683] code_public_0763_1: ```dsdsdsdsdsdsdsdsdsdsdsdsdsdsdsdsdsdsdsdsdsdsdsdsdsdsdsdsdsdsdsdsdsdsdsdsdsdsdsdsdsdsdsdsdsdsdsdsdsdsdsdsdsdsdsdsdsdsd
[1684] code_public_0829_1: ```dsl_fire result = xs_ccccccorr(pct_change(close, 20), div(sub(close, vwap), vwap)) ```
[1685] code_public_0756_0: ```dsl_fire result = ts_wap, 5) ```
[1686] code_public_0687_1: ```dsl_fire result = ts_prod(pct_change(pb, 5), 5), 0.0) ```
[1687] code_public_0980_1: ```dsl_fire result = where(gt(neg(log(market_cap)), group_mean(neg(log(market_cap)), industry)), div(sub(volume, group_m
[1688] code_public_0691_0: ```dsl_fire result = sub(div(sub(vwap, xs_mean(vwap)), xs_std(volume)), 4.0), 3.0) ```
[1689] code_public_0676_0: ```dsl_fire result = add(log(recip(pb)), pct_change(close, 20)) ```
[1690] code_public_0164_0: ```dsl_fire result = ts_prod(add(1.0, pct_change(market_cap, 1), 10)) ```
[1691] code_public_0970_1: ```dsl_fire result = ts_reg_res(pct_change(close, 1), 2) ```
[1692] code_public_0560_1: ```dsl_fire result = ts_win_res(pct_change(close, 1), 5) ```
[1693] code_public_0771_0: ```dsl_fire result = neg(div(ts_mean(volume, 5), ts_mean(volume, 20)), pct_change(close, 5))) ```
[1694] code_public_0399_1: ```dsl_fire result = maximum(pct_change(volume, 10,pct_change(volume, 5), 0.0) ```
[1695] code_public_0289_0: ```dsl_fire result = where(logical_and(gt(pct_change(close, 10), xs_mean(pct_change(close, 10)))), neg(pct_change(close,
[1696] code_public_0417_0: ```dsl_fire result = where(logical_and(gt(close, ts_mean(close, 20)), ge(volume, ts_mean(volume, 20))), pct_change(close
[1697] code_public_0014_0: ```dsl_fire result = mul(div(sub(pb, xs_mean(pb)), xs_std(pb)), 2.0)) ```
[1698] code_public_0060_1: ```dsl_fire result = ts_reg_res(pct_change(close, 90), 90) ```
[1699] code_public_0557_0: ```dsl_fire result = where(logical_xor(gt(pct_change(close, 20), xs_mean(pct_change(close, 20))), gt(recip(pb), group_me
[1700] code_public_0447_1: ```dsl_ffire result = ts_reg_res(pct_change(close, 90), 90) ```
[1701] code_public_0844_0: ```dsl_fire result = neg(minimum(pct_change(open, 10)) ```
[1702] code_public_0850_0: ```dsl_fire result = where(logical_xor(gt(pct_change(close, 20), xs_mean(pct_change(close, 20))), gt(div(sub(recip(pb), 
[1703] code_public_0690_0: ```dsl_fire result = minimum(maximum(div(sub(high, group_mean(high, industry)), group_std(high, industry)), -1.0), 1.0) 
[1704] code_public_0078_0: ```dsl_fire result = div(pct_change(close, 2), absolute(div(sub(close, ts_min(low, 20)), sub(ts_max(high, 20), ts_min(lo
[1705] code_public_0764_0: ```dsl_fire result = ts_reg_res(pct_change(close, 1), 45) ```
[1706] code_public_0284_0: ```dsl_fire result = div(sub(ts_mean(pct_change(close, 1), 20), xs_mean(log(market_cap))), log(market_cap, 20)), 0.0) ``
[1707] code_public_0882_1: ```dsl_fire result = ts_prod(pct_change(volume, 1), 10) ```
[1708] code_public_0006_1: ```dsl_fire result = ts_prod(pct_change(close, 1), 2) ```
[1709] code_public_0744_1: ```dsl_fire result = ts_win_res(pct_change(close, 30)) ```
[1710] code_public_0549_0: ```dsl_fire result = square square square square square square square square group_sum(pct_change(volume, 1), industry) 
[1711] code_public_0563_0: ```dsl_fire result = where(logical_xor(gt(close, ts_mean(close, 20)), ge(volume, ts_mean(volume, 20))), pct_change(close
[1712] code_public_0980_0: ```dsl_fire result = where(gt(neg(log(market_cap)), group_mean(neg(log(market_cap)), industry)), div(sub(neg(log(market_
[1713] code_public_0672_1: ```dsl_fire result = neg(ts_wap, 5)) ```
[1714] code_public_0734_0: ```dsl_fire result = power(absolute(pct_change(market_cap, 2)), 0.25) ```
[1715] code_public_0508_0: ```dsl_fire result = mask(div(sub(open, xs_mean(open)), xs_std(open)), le(open, xs_mean(open)), 0.0) ```
[1716] code_public_0465_0: ```dsl_fire result = neg(pct_change(close, 30)) ```
[1717] code_public_0622_0: ```dsl_fire result = ts_prod(add(1.0, pct_change(volume, 1)), 20) ```
[1718] code_public_0019_1: ```dsl_fire result = maspct_change(market_cap, 5), 0.0) ```
[1719] code_public_0293_0: ```dsl_fire result = ts_win_cum(pct_change(close, 15), 15) ```
[1720] code_public_0944_0: ```dsl_fire result = ts_prod(add(1.0, pct_change(pb, 1)), 5) ```
[1721] code_public_0194_1: ```dsl_fire result = ts_win_cumsum(pct_change(close, 1), 90) ```
[1722] code_public_0392_0: ```dsl_fire result = ts_win_cum(pct_change(close, 5)) ```
[1723] code_public_0119_1: ```dsl_fire result = neg(maximum(div(sub(volume, group_mean(volume, industry)), group_std(volume, industry)), -2.0) ```
[1724] code_public_0509_1: ```dsl_fire result = sign(pct_change(close, 60)) ```
[1725] code_public_0799_1: ```dsl_fire result = ts_prod(pct_change(volume, 1), 60) ```
[1726] code_public_0715_1: ```dsl_fire result = log10(add(1p(ts__volume, tsolute(pct_change(close, 1), 10)) ```
[1727] code_public_0205_0: ```dsl_fire result = where(logical_xor(ge(volume, ts_mean(volume, 20)), ne(sign(pct_change(close, 1)), -1.0)), pct_chang
[1728] code_public_0143_1: ```dsl_fire result = ts_win_res(pct_change(close, 30)) ```
[1729] code_public_0215_0: ```dsl_fire result = minimum(pct_change(vwap, 20), 0.25) ```
[1730] code_public_0098_1: ```dsl_fire result = sub(low, xs_median(pb)) ```
[1731] code_public_0133_1: ```dsl_fire result = div(sub(open, xs_mean(open, 30)), shift(open, 30)) ```
[1732] code_public_0960_0: ```dsl_fire result = ts_win_cumsum(pct_change(close, 1), 10) ```
[1733] code_public_0014_1: ```dsl_fire result = mul(div(sub(pb, xs_mean(pb)), xs_std(pb)), 2.0)) ```
[1734] code_public_0354_0: ```dsl_fire result = minimum(pct_change(vwap, 3), 0.0) ```
[1735] code_public_0024_1: ```dsl_fire result = square square square square square square square square square square square square````````````````
[1736] code_public_0893_0: ```dsl_fire result = ts_win_cumsum(pct_change(volume, 1), 90) ```
[1737] code_public_0384_0: ```dsl_fire result = where(logical_or(gt(div(sub(log(market_cap), xs_mean(log(market_cap))), xs_std(log(market_cap))), x
[1738] code_public_0568_1: ```dsl_fire result = maximumpct_change(vvolume, 2), 0.0) ```
[1739] code_public_0380_0: ```dsl_fire result = ts_reg_res(pct_change(close, 1), 20) ```
[1740] code_public_0301_1: ```dsl_fire result = ts_win_cumsumppct_change(pb, 1), 60) ```
[1741] code_public_0393_0: ```dsl_fire result = minimum(pct_change(vwap, 20), 0.0) ```
[1742] code_public_0493_0: ```dsl_fire result = sub(ts_prod(add(1.0, pct_change(cclose, 1), 10), 1.0) ```
[1743] code_public_0513_1: ```dsdsdsdsdsdsdsdsdsdsdsdsdsdsdsdsdsdsdsdsdsdsdsdsdsdsdsdsdsdsdsdsdsdsdsdsdsdsdsdsdsdsdsdsdsdsdsdsdsdsdsdsdsdsdsdsdsdsd
[1744] code_public_0682_1: ```dsl_fire result = ts_prod(market_cap, 5 5 5 5 5)) ```
[1745] code_public_0394_1: ```dsl_fire result = power(absolute(pct_change(vwap, 2)), 0.25) ```
[1746] code_public_0221_1: ```dsl_fire result = xs_prod(add(1.0, pct_change(close, 5))) ```
[1747] code_public_0073_1: ```dsl_fire result = maspct_change(close, 1), 0.0) ``````
[1748] code_public_0998_0: ```dsl_fire result = sub(div(sub(div(sub(open, xs_mean(open)), xs_std(open)), 1.0), 1.0)), 1.0) ```
[1749] code_public_0174_1: ```dsl_fire result = ts_win_cumsum(pct_change(vwap, 1), 45) ```
[1750] code_public_0145_0: ```dsl_fire result = sub(pct_change(close, 2), pct_change(close, 30)) ```
[1751] code_public_0116_1: ```dsl_fire result = add(pb, 100000.0) ```
[1752] code_public_0004_0: ```dsl_fire result = mask(pct_change(close, 1), gt(pct_change(close, 1), 0.0), 0.0) ```
[1753] code_public_0832_0: ```dsl_fire result = ts_prod(add(1.0, pct_change(close, 1)), 45) ```
[1754] code_public_0054_1: ```dsl_fire result = sub(volume, xs_quantile(volume, 0.5)) ```
[1755] code_public_0988_1: ```dsl_fire result = ts_prod(market_cap, 900.0) ```
[1756] code_public_0151_0: ```dsl_fire result = power(absolute(pct_change(open, 3)), 0.5) ```
[1757] code_public_0637_0: ```dsl_fire result = sub(market_cap, group_mean(market_cap, industry)) ```
[1758] code_public_0949_1: ```dsl_fire result = ts_win_cumsum(pct_change(pb, 1), 10) ```
[1759] code_public_0569_0: ```dsl_fire result = power(absolute(pct_change(vwap, 10)), 0.5) ```
[1760] code_public_0577_0: ```dsl_fire result = ts_corr(close, 7) ```
[1761] code_public_0490_0: ```dsl_fire result = xs_corr(div(sub(close, vwap), vwap), xs_mean(div(sub(close, vwap), vwap))) ```
[1762] code_public_0844_1: ```dsdsdsffire result = ts_win_sum(pct_change(open, 10), 45) ```
[1763] code_public_0835_0: ```dsl_fire result = where(logical_and(eq(sign(pct_change(close, 1)), 1.0)), neg(pct_change(close, 10)), 0.0) ```
[1764] code_public_0686_0: ```dsl_fire result = sign(pct_change(close, 15)) ```
[1765] code_public_0287_1: ```dsl_fire result = ts_win_res(pct_change(close, 1), 90) ```
[1766] code_public_0340_1: ```dsl_fire result = ts_prod(add(1.1.11111111111111111111111111111111111111111111111111111111111111111111111111111111111
[1767] code_public_0143_0: ```dsl_fire result = ts_prod(add(1.0, pct_change(close, 1)), 30) ```
[1768] code_public_0591_0: ```dsl_fire result = where(e(recip(pb), xs_mean(recip(pb))), add(pct_change(close, 20), 0.0) ```
[1769] code_public_0841_0: ```dsl_fire result = sub(div(sub(log(market_cap), xs_mean(log(market_cap))), xs_std(log(market_cap))), xs_mean(div(sub(l
[1770] code_public_0688_1: ```dsl_fire result = mask(pct_change(close, 90), 90) ```
[1771] code_public_0740_0: ```dsl_fire result = ts_regmin(close, 15) ```
[1772] code_public_0168_0: ```dsl_fire result = div(sub(vwap, 5), shift(vwap, 5)), shift(vwap, 5)) ```
[1773] code_public_0020_1: ```dsl_fire result = ts_prod(pct_change(vwap, 1), 30) ```
[1774] code_public_0639_0: ```dsl_fire result = div(sub(close, ts_mean(close, 15)), shift(close, 15)) ```
[1775] code_public_0311_0: ```dsl_fire result = ts_wap, 60) ```
[1776] code_public_0769_1: ```dsl_fire result = ts_win_cumumum(pct_change(volume, 1), 30) ```
[1777] code_public_0926_1: ```dsl_fire result = ts_reg_res(recip(pb), log(market_cap), 60) ```
[1778] code_public_0129_0: ```dsl_fire result = neg(pct_change(close, 20)) ```
[1779] code_public_0400_1: ```dsl_fire result = where(logical_and(gt(pct_change(close, 1), xs_mean(pct_change(close, 5))), add(recip(pb), pct_chang
[1780] code_public_0086_1: ```dsl_fire result = div(sub(close, group_mean(low, industry)), group_std(pct_change(close, 20), industry)) ```
[1781] code_public_0555_0: ```dsl_fire result = where(logical_xor(ne(sign(pct_change(close, 1)), -1.0), lt(close, ts_mean(close, 20))), pct_change(
[1782] code_public_0770_1: ```dsl_fire result = mask(pct_change(close, 7), 7) ```
[1783] code_public_0180_1: ```dsdsdsdsdsfire result = maximum(pct_change(vwap, 10), 0.0) ```
[1784] code_public_0825_0: ```dsl_fire result = ts_prod(add(1.0, pct_change(market_cap, 1)), 90) ```
[1785] code_public_0227_1: ```dsl_fire result = maximum(absolute(pct_change(open, 2)), 0.25) ```
[1786] code_public_0358_1: ```dsl_fire result = ts_reg_res(pct_change(close, 1), 5) ```
[1787] code_public_0419_0: ```dsl_fire result = ts_prod(add(1.0, pct_change(close, 1)), 60) ```
[1788] code_public_0223_1: ```dsl_fire result = ts_prod(close, 2) ```
[1789] code_public_0261_1: ```dsl_fire result = where(logical_xor(gt(neg(div(sub(log(market_cap), xs_mean(log(market_cap))), xs_std(log(market_cap)
[1790] code_public_0161_1: ```dsl_fire result = ts_wap, 90) ```
[1791] code_public_0635_1: ```dsl_fire result = neg(mul(div(sub(pct_change(close, 5), xs_mean(pct_change(close, 5)))), xs_std(pct_change(close, 5))
[1792] code_public_0625_0: ```dsl_fire result = where(logical_and(gt(volume, vwap), xs_mean(div(sub(log(market_cap), xs_mean(log(market_cap))), xs_
[1793] code_public_0779_1: ```dsl_fire result = ts_wap, 10) ```
[1794] code_public_0212_1: ```dsl_fire result = sub(close, ts_quantile(close, 45, 0.2)) ```
[1795] code_public_0443_1: ```dsdsdsfffire result = ts_sum(recip(pb)), div(volume, market_cap),) ```
[1796] code_public_0373_1: ```dsl_fire result = sub(low, xs_quantile(low, xs_med 120)) ```
[1797] code_public_0329_0: ```dsl_fire result = where(logical_xor(eq(sign(pct_change(close, 1)), 1.0), gt(neg(log(market_cap)), xs_mean(neg(log(mar
[1798] code_public_0467_0: ```dsl_fire result = ts_prod(add(1.0, pct_change(close, 1)), 15) ```
[1799] code_public_0521_0: ```dsl_fire result = neg(ts_argmax(close, 45)) ```
[1800] code_public_0868_1: ```dsl_fire result = maximum(absolute(pct_change(close, 2)), 0.25) ```
[1801] code_public_0252_0: ```dsl_fire result = div(sub(log(market_cap), xs_mean(log(market_cap))), xs_std(log(market_cap)))), xs_mean(div(sub(log(
[1802] code_public_0084_1: ```dsl_fire result =pct_change(absolute(pct_change(close, 3)), 0.5) ```
[1803] code_public_0544_1: ```dsl_fire result = sub(sub(volume, xs_median(volume, xs_mean(volume, 20)), xs_std(pct_change(close, 20))) ```
[1804] code_public_0690_1: ```dsdsdsdsdsdsdsdsdsdsdsdsdsdsdsdsdsdsdsdsdsdsdsdsdsdsdsdsdsdsdsdsdsdsdsdsdsdsdsdsdsdsdsdsdsdsdsdsdsdsdsdsdsdsdsdsdsdsd
[1805] code_public_0479_1: ```dsdsdsdsdsdsdsdsdsdsdsdsdsdsdsdsdsdsdsdsdsdsdsdsdsdsdsdsdsdsdsdsdsdsdsdsdsdsdsdsdsdsdsdsresult = sub group group grou
[1806] code_public_0732_1: ```dsl_fire result = mul(div(sub(volume, xs_mean(volume)), xs_std(volume)), 1.0)) ```
[1807] code_public_0458_1: ```dsl_fire result = cbrt(pct_change(vwap, 2)) ```
[1808] code_public_0701_0: ```dsl_fire result = maximum(pct_change(market_cap, 7), 0.0) ```
[1809] code_public_0991_1: ```dsl_fire result = square square square square square square square square square square square square square`````````
[1810] code_public_0986_1: ```dsl_fire result = maspct_change(close, 30), 0.0) ```
[1811] code_public_0675_1: ```dsl_fire result = xs_prod(add(1p(111111111111111111111111111111111111111111111111111111111111111111111111111111111111
[1812] code_public_0692_0: ```dsl_fire result = sqrt(absolute(pct_change(vwap, 5))) ```
[1813] code_public_0677_0: ```dsl_fire result = power(absolute(pct_change(low, 5)), 0.5) ```
[1814] code_public_0520_0: ```dsl_fire result = add(div(sub(log(recip(pb)), group_mean(log(recip(pb)), industry)), group_std(log(recip(pb)), indust
[1815] code_public_0209_0: ```dsl_fire result = xs_cc market market market market market market market market market market market market market ma
[1816] code_public_0093_0: ```dsl_fire result = sub(div(sub(neg(log(market_cap), xs_mean(log(market_cap)), xs_std(div(sub(log(market_cap), xs_mean(
[1817] code_public_0983_0: ```dsl_fire result = mod(market_cap, 1), neg(log(market_cap)) ```
[1818] code_public_0849_0: ```dsl_fire result = div(sub(vwap, ts_mean(volume, 10)), ts_last(volume, ts_mean(volume, 10))) ```
[1819] code_public_0598_1: ```dsl_fire result = ts_corr(div(volume, market_cap), div(volume, market_cap))) ```
[1820] code_public_0515_1: ```dsl_fire result = where(div(sub(log(market_cap), xs_mean(log(market_cap))), xs_std(log(market_cap))), xs_mean(div(sub
[1821] code_public_0179_0: ```dsl_fire result = sub(close, ts_quantile(close, 15, 0.7)) ```
[1822] code_public_0653_0: ```dsl_fire result = minimum(pct_change(volume, 3), 0.0) ```
[1823] code_public_0539_0: ```dsl_fire result = min minimum(pct_change(low, 15)) ```
[1824] code_public_0212_0: ```dsl_fire result = sub(close, ts_quantile(close, 45, 0.2)) ```
[1825] code_public_0503_1: ```dsl_fire result = maximum(pct_change(vwap, 10), 0.0) ```
[1826] code_public_0800_0: ```dsl_fire result = sub(ts_prod(add(1p(ts_memean(volume, 1), xs_mean(pct_change(close, 1), 2)), 1.0)), 1.0) ```
[1827] code_public_0206_0: ```dsl_fire result = mask(pct_change(close, 5), 0.0) ```
[1828] code_public_0632_1: ```dsl_fire result = neg(pct_change(close, 20)) ```
[1829] code_public_0417_1: ```dsl_fire result = where(logical_and(gt(close, ts_mean(volume, 20)), ge(pct_change(close, 2), 0.0) ```
[1830] code_public_0003_0: ```dsl_fire result = ts_prod(pct_change(close, 7)) ```
[1831] code_public_0665_0: ```dsl_fire result = ts_prod(pct_change(volume, 2) ```
[1832] code_public_0764_1: ```dsl_fire result = ts_win_res(pct_change(close, 1), 45) ```
[1833] code_public_0860_0: ```dsl_fire result = mask(pct_change(close, 20), 0.0) ```
[1834] code_public_0065_0: ```dsl_fire result = maximum(absolute(pct_change(close, 3)), 0.25) ```
[1835] code_public_0413_1: ```dsdsdsdsdsdsdsdsdsdsdsdsdsdsdsdsdsdsdsdsdsdsdsdsdsdsdsdsdsdsdsdsdsdsdsdsdsdsdsdsdsdsdsdsdsdsdsdsdsdsdsdsdsdsdsdsdsdsd
[1836] code_public_0809_1: ```dsl_fire result = mask(pct_change(close, 2), 2) ```
[1837] code_public_0226_1: ```dsl_fire result = xs_prod(add(1p(1p(111111111111111111111111111111111111111111111111111111111111111111111111111111111
[1838] code_public_0957_1: ```dsl_fire result = neg(pct_change(close, 7)) ```
[1839] code_public_0429_1: ```dsl_fire result = ts_win_cumumum(pct_change(volume, 1), 5) ```
[1840] code_public_0660_1: ```dsl_fire result = where(gt(log(market_cap), xs_mean(log(market_cap))), neg(div(sub(close, xs_mean(log(market_cap))), 
[1841] code_public_0324_1: ```dsl_fire result = ts_reg_res(pct_change(close, 1), 90), pct_change(close, 1), 0.0) `````````dsl_fire result = ts_reg_
[1842] code_public_0533_0: ```dsl_fire result = ts_win_cumsum(pct_change(volume, 1), 15) ```
[1843] code_public_0505_0: ```dsl_fire result = minimum(pct_change(vwap, 2), 0.0) ```
[1844] code_public_0919_0: ```dsl_fire result = minimum(pct_change(open, 5), 0.0) ```
[1845] code_public_0821_1: ```dsl_fire result = neg(pct_change(close, 10)) ```
[1846] code_public_0896_1: ```dsl_fire result = minimum(vvolume, 5), sign(volume, ts_mean(volume, 5))) ```
[1847] code_public_0134_0: ```dsl_fire result = ts_wap, ts_argmin(vwap, 90) ```
[1848] code_public_0422_0: ```dsl_fire result = where(logical_xor(gt(recip(pb), xs_mean(recip(pb))), gt(div(volume, market_cap), xs_mean(div(volume
[1849] code_public_0611_0: ```dsl_fire result = diff(vwap, 2) ```
[1850] code_public_0641_0: ```dsl_fire result = mask(pct_change(market_cap, 10), 0.0) ```
[1851] code_public_0589_1: ```dsl_fire result = ts_win_cumsumppct_change(vwap, 1), 20) ```
[1852] code_public_0941_1: ```dsl_fire result = xs_cccccccpct_change(close, 5), volume) ```
[1853] code_public_0332_1: ```dsl_fire result = neg(pct_change(close, 3)) ```
[1854] code_public_0628_0: ```dsl_fire result = xs_ccccorr(pct_change(close, 20), volume) ```
[1855] code_public_0074_0: ```dsl_fire result = where(logical_xor(ne(sign(pct_change(close, 1)), -1.0), lt(close, ts_mean(close, 20))), pct_change(
[1856] code_public_0032_0: ```dsl_fire result = where(logical_xor(ge(volume, ts_mean(volume, 20)), ne(sign(pct_change(close, 7), -1.0)), pct_change
[1857] code_public_0161_0: ```dsl_fire result = ts_wap, 30) ```
[1858] code_public_0317_0: ```dsl_fire result = ts_corr(log1p(ts_mean(volume, 20)), 0.0) ```
[1859] code_public_0784_0: ```dsl_fire result = xs_prod(add(1.0, pct_change(volume, 5))) ```
[1860] code_public_0889_0: ```dsl_fire result = where(logical_and(market_cap), xs_mean(log(market_cap))), le(volume, ts_mean(volume, 20))), pct_cha
[1861] code_public_0351_0: ```dsl_fire result = neg(ts_argmax(vwap, 90)) ```
[1862] code_public_0327_0: ```dsl_fire result = add(log(recip(pb)), log(market_cap)) ```
[1863] code_public_0189_0: ```dsl_fire result = where(gt(log(market_cap), xs_mean(log(market_cap)))), neg(log(market_cap)), 0.0) ```
[1864] code_public_0458_0: ```dsl_fire result = minimum(pct_change(vwap, 2), 2) ```
[1865] code_public_0985_1: ```dsl_fire result = log10(pct_change(open, 7)) ```
[1866] code_public_0139_0: ```dsl_fire result = mod(volume, 1000.0) ```
[1867] code_public_0783_0: ```dsl_fire result = ts_argmin(pb, 90) ```
[1868] code_public_0354_1: ```dsl_fire result = minimum(pct_change(vwap, 3), 0.0) ```
[1869] code_public_0088_1: ```dsl_fire result = ts_win_cumsum(pct_change(close, 1), 45) ```
[1870] code_public_0895_0: ```dsl_fire result = ts_prod(pct_change(volume, 1), 10) ```
[1871] code_public_0824_1: ```dsl_fire result = sub(close, ts_quantile(close, 15, 0.2)) ```
[1872] code_public_0711_0: ```dsl_fire result = power(absolute(pct_change(close, 7)), 0.25) ```
[1873] code_public_0681_1: ```dsl_fire result = ts_prod(pct_change(pb, 1), 15)) ```
[1874] code_public_0924_1: ```dsl_fire result = neg(pct_change(close, 5)) ```
[1875] code_public_0969_1: ```dsl_fire result = ts_win_corr(pct_change(close, 10), 15) ```
[1876] code_public_0063_1: ```dsl_fire result = mul(div(sub(vwap, xs_mean(vwap)), xs_std(vwap)), 1.0)) ```
[1877] code_public_0249_0: ```dsl_fire result = maximum(pct_change(close, 7), 0.0) ```
[1878] code_public_0435_1: ```dsl_fire result = neg(pct_change(close, 10)) ```
[1879] code_public_0508_1: ```dsdsdsdsdsdsdsdsdsdsdsdsdsdsdsdsdsdsdsdsdsdsdsdsdsdsdsdsdsdsdsdsdsdsdsdsdsdsdsdsdsdsdsdsdsdsdsdsdsdsdsdsdsdsdsdsdsdsd
[1880] code_public_0698_1: ```dsl_fire result = neg(pct_change(close, 2)) ```
[1881] code_public_0722_0: ```dsl_fire result = neg(pct_change(close, 3)) ```
[1882] code_public_0915_0: ```dsl_fire result = xs_prod(add(1.0, pct_change(vwap, 30))) ```
[1883] code_public_0596_1: ```dsl_fire result = ts_prod(pct_change(close, 1), 60) ```
[1884] code_public_0453_1: ```dsl_fire result = xs_prod(add(1p(111111111111111111111111111111111111111111111111111111111111111111111111111111111111
[1885] code_public_0357_1: ```dsl_fire result = div(sub(pct_change(close, 20), xs_mean(pct_change(close, 20 20))), xs_std(pct_change(close, 20))) `
[1886] code_public_0506_1: ```dsl_fire result = sub(pb, xs_quantile(pb, 0.5)) ```
[1887] code_public_0517_0: ```dsl_fire result = ts_win_cumsum(pct_change(volume, 1), 30) ```
[1888] code_public_0211_0: ```dsl_fire result = sub(volume, xs_quantile(volume, 0.5)) ```
[1889] code_public_0562_0: ```dsl_fire result = ts_prod(add(1.0, pct_change(pb, 1)), 20) ```
[1890] code_public_0571_1: ```dsdsdsdsdsdsdsdsdsdsdsdsdsdsdsdsdsdsdsdsdsdsdsdsdsdsdsdsdsdsdsdsdsdsdsdsdsdsdsdsdsdsdsdsdsdsdsdsdsdsdsdsdsdsdsdsdsdsd
[1891] code_public_0142_0: ```dsl_fire result = where(logical_and(gt(recip(pb), xs_mean(recip(pb))), gt(pct_change(close, 20), xs_mean(pct_change(c
[1892] code_public_0925_1: ```dsl_fire result = ts_prod(pct_change(close, 1), 20) ```
[1893] code_public_0031_1: ```dsl_fire result = mul(div(sub(open, xs_mean(volume)), xs_std(volume)), 4.0)) ```
[1894] code_public_0596_0: ```dsl_fire result = diff(volume, 60) ```
[1895] code_public_0336_0: ```dsl_fire result = minimum(pct_change(close, 30), 0.0) ```
[1896] code_public_0729_0: ```dsl_fire result = power(absolute(pct_change(open, 5)), 0.25) ```
[1897] code_public_0920_1: ```dsl_fire result = xs_prod(add(1p(ts_mean(volume, 20))) ```
[1898] code_public_0505_1: ```dsl_fire result = minimum(pct_change(vwap, 2), 0.1)) ```
[1899] code_public_0866_0: ```dsl_fire result = sub(div(sub(volume, xs_mean(volume)), xs_std(volume)), 2.0)) ```
[1900] code_public_0461_1: ```dsl_fire result = ts_win_sum(pct_change(close, 2) ```
[1901] code_public_0052_0: ```dsl_fire result = div(sub(log(market_cap), xs_mean(log(market_cap))), xs_std(log(market_cap)))) ```
[1902] code_public_0406_1: ```dsl_fire result = ts_prod(div(sub(pb, group_mean(pb, industry)), group_std(pb, industry)), -2.0), 2.0) ```
[1903] code_public_0040_1: ```dsl_fire result = mask(div(sub(close, vwap), vwap), xs_mean(div(sub(close, vwap), vwap))), add(neg(log(market_cap)), 
[1904] code_public_0876_1: ```dsl_fire result = xs_cststststd(div(sub(pb, xs_mean(volume)), xs_std(volume)), 3.0)) ```
[1905] code_public_0302_1: ```dsl_fire result = where(logical_and(gt(pct_change(volume, 20), xs_mean(pct_change(close, 20))), gt(div(volume, market
[1906] code_public_0755_0: ```dsl_fire result = ts_std(pct_change(close, 1), 10), pct_change(close, 1), 10) ```
[1907] code_public_0945_1: ```dsl_fire result = maspct_change(close, 1), lt(close, ts_mean(close, 1), 20)), p pct_change(close, 5), 0.0) ```
[1908] code_public_0196_1: ```dsdsdsdsdsfire result = tsssssssssolutepct_change(pb, 15)) ```
[1909] code_public_0961_1: ```dsl_fire result = mask(pct_change(open, 60), gt(pct_change(close, 60), 0.0) ```
[1910] code_public_0530_1: ```dsl_fire result = minimum(pct_change(volume, 2), 0.0) ```
[1911] code_public_0929_0: ```dsl_fire result = neg(ts_argmax(close, 10)) ```
[1912] code_public_0875_0: ```dsl_fire result = min minimum(pct_change(low, 5)) ```
[1913] code_public_0710_1: ```dsl_fire result = sub(volume, xs_quantile(volume, 0.2)) ```
[1914] code_public_0217_0: ```dsl_fire result = minimum(pct_change(vwap, 3), 0.0) ```
[1915] code_public_0431_1: ```dsl_fire result = maximum(absolute(pct_change(close, 15))) ```
[1916] code_public_0046_1: ```dsdsdsdsdsdsdsdsdsdsdsdsdsdsdsdsdsdsdsdsdsdsdsdsdsdsdsdsdsdsdsdsdsdsdsdsdsdsdsdsdsdsdsdsdsdsdsdsdsdsdsdsdsdsdsdsdsdsd
[1917] code_public_0768_0: ```dsl_fire result = div(sub(vwap, ts_mean(volume, 15)), shift(vwap, 15)) ```
[1918] code_public_0594_1: ```dsl_fire result = neg(market_cap, xs_mean(market_cap, xs_mean(market_cap))) ```
[1919] code_public_0145_1: ```dsl_fire result = neg(pct_change(close, 2)) ```
[1920] code_public_0474_1: ```dsl_fire result = square square square square square square square square square square square square square square s
[1921] code_public_0130_1: ```dsl_fire result = neg(div(close, xs_sum(close)), div(volume, xs_sum(volume))) ```
[1922] code_public_0446_1: ```dsl_fire result = sqrt(absolute(pct_change(vwap, 3)))) ```
[1923] code_public_0606_0: ```dsl_fire result = ts_prod(add(1.0, pct_change(volume, 1)), 2) ```
[1924] code_public_0571_0: ```dsl_fire result = div(absolute(log(market_cap)), xs_sum(absolute(log(market_cap))))) ```
[1925] code_public_0149_0: ```dsl_fire result = where(gt(div(sub(volume, xs_mean(volume)), xs_std(volume)), -1.0), div(sub(volume, xs_mean(volume))
[1926] code_public_0436_1: ```dsl_fire result = where(logical_or(gt(neg(log(market_cap)), xs_mean(neg(log(market_cap)))), gt(log(market_cap), xs_me
[1927] code_public_0337_0: ```dsl_fire result = div(neg(log(market_cap)), div(sub(close, vwap), vwap)) ```
[1928] code_public_0728_0: ```dsl_fire result = minimum(pct_change(vwap, 2), 2) ```
[1929] code_public_0096_0: ```dsl_fire result = neg(pct_change(close, 45)) ```
[1930] code_public_0294_0: ```dsdsdsdsdsdsdsdsdsdsdsdsdsdsdsdsdsdsdsdsdsdsdsdsdsdsdsdsdsdsdsdsdsdsdsdsdsdsdsdsdsdsdsdsdsdsdsdsdsdsdsdsdsdsdsdsdsdsd
[1931] code_public_0433_0: ```dsl_fire result = min minimum(pct_change(low, 3)) ```
[1932] code_public_0423_1: ```dsl_fire result = mul(div(sub(pct_change(close, 5), xs_mean(pct_change(close, 5))), xs_std(pct_change(close, 5))) ```
[1933] code_public_0039_1: ```dsl_fire result = sub(volume, ts_quantile(vwap, 5, 0.7)) ```
[1934] code_public_0963_0: ```dsl_fire result = sub(pb, xs_quantile(pb, 0.7)) ```
[1935] code_public_0468_1: ```dsl_fire result = where(logical_xor(gt(pct_change(close, 1), xs_mean(pct_change(close, 1)), 1.0), 0.0) ```
[1936] code_public_0096_1: ```dsl_fire result = ts_reg_arg_reg_argmax(close, 45) ```
[1937] code_public_0813_0: ```dsl_fire result = mod(volume, 500.0) ```
[1938] code_public_0532_0: ```dsl_fire result = neg(pct_change(close, 60)) ```
[1939] code_public_0550_0: ```dsl_fire result = mask(div(sub(market_cap, xs_mean(market_cap)), xs_std(market_cap)), le(market_cap, xs_mean(market_c
[1940] code_public_0062_1: ```dsl_fire result = xs_corr(div(sub(close, vwap), vwap), xs_mean(div(sub(close, vwap), vwap))) ```
[1941] code_public_0009_0: ```dsl_fire result = div(sub(open, shift(open, 3)), shift(close, 3)) ```
[1942] code_public_0959_0: ```dsl_fire result = xs_prod(add(1.0, pct_change(volume, 30))) ```
[1943] code_public_0219_1: ```dsl_fire result = maspct_change(close, 90), 90) ```
[1944] code_public_0793_1: ```dsdsdsdsdsdsdsdsdsdsdsdsdsdsdsdsdsdsdsdsdsdsdsdsdsdsdsdsdsdsdsdsdsdsdsdsdsdsdsdsdsdsdsdsdsdsdsdsdsdsdsdsdsdsdsdsdsdsd
[1945] code_public_0315_1: ```dsl_fire result = sub(pct_change(ccclose, 20), xs_quantile(pct_change(close, 20), 0.2)) ```````````````dsl_fire resul
[1946] code_public_0173_0: ```dsl_fire result = minimum(maximum(div(sub(volume, group_mean(volume, industry)), group_std(high, industry)), -3.0), 3
[1947] code_public_0536_1: ```dsl_fire result = ts_win_cumum(pct_change(close, 1), 30) ```
[1948] code_public_0187_0: ```dsl_fire result = where(logical_and(gt(recip(pb), xs_mean(recip(pb))), gt(pct_change(close, 20), xs_mean(pct_change(c
[1949] code_public_0139_1: ```dsl_fire result = minimum(vvolume, 1000pct_change(volume, 1), 0.0) ```
[1950] code_public_0441_0: ```dsl_fire result = maximum(pct_change(pb, 7), 0.0) ```
[1951] code_public_0666_0: ```dsl_fire result = where(logical_and(gt(pct_change(close, 20), xs_mean(pct_change(close, 20))), gt(recip(pb), xs_mean(
[1952] code_public_0159_1: ```dsl_ffire result = maximum(pct_change(volume, 5), 0.0) ```
[1953] code_public_0445_0: ```dsl_fire result = xs_prod(add(11p(11111111111111111111111111111111111111111111111111111111111111111111111111111111111
[1954] code_public_0175_0: ```dsl_fire result = ts_win_cumsum(pct_change(close, 1), 10) ```
[1955] code_public_0278_1: ```dsl_fire result = ts_propct_change(volume, 5), 0.0) ```
[1956] code_public_0535_0: ```dsl_fire result = add(div(sub(log(market_cap), xs_mean(log(market_cap))), xs_std(log(market_cap))), log1p(ts_mean(vol
[1957] code_public_0810_1: ```dsl_fire result = where(logical_not(gt(pct_change(close, 20), group_mean(pct_change(close, 20), industry)), neg(div(s
[1958] code_public_0016_1: ```dsl_fire result = ts_quantile(close, 60, 0.8) ```
[1959] code_public_0067_0: ```dsl_fire result = maximum(pct_change(low, 10), 0.0) ```
[1960] code_public_0053_0: ```dsl_fire result = div(sub(pct_change(volume, 15), xs_mean(pct_change(close, 15)))), -2.0) ```
[1961] code_public_0613_1: ```dsl_fire result = ts_propct_change(close, 7)) ```
[1962] code_public_0896_0: ```dsl_fire result = mod(volume, 100000.0) ```
[1963] code_public_0118_0: ```dsl_fire result = maximum(pct_change(open, 15), 0.0) ```
[1964] code_public_0174_0: ```dsl_fire result = ts_win_cumsum(pct_change(volume, 1), 45) ```
[1965] code_public_0169_0: ```dsl_fire result = power(absolute(pct_change(close, 5)), 0.5) ```
[1966] code_public_0814_0: ```dsl_fire result = mask(pct_change(close, 10), 0.0) ```
[1967] code_public_0612_0: ```dsl_fire result = sub(vwap, xs_median(vwap)) ```
[1968] code_public_0233_0: ```dsl_fire result = where(logical_and(market_cap), xs_mean(log(market_cap))), gt(volume, ts_mean(volume, 20))), pct_cha
[1969] code_public_0382_1: ```dsl_fire result = xs_ccccccpct_change(close, 7)) ```
[1970] code_public_0076_0: ```dsl_fire result = div(sub(shift(close, 1), group_mean(ts_mean(volume, 20), industry)), group_std(div(volume, market_c
[1971] code_public_0928_0: ```dsl_fire result = ts_prod(pct_change(volume, 1), 20) ```
[1972] code_public_0993_0: ```dsl_fire result = ts_prod(add(1.0, pct_change(pb, 1)), 45) ```
[1973] code_public_0244_0: ```dsl_fire result = sub(div(sub(close, xs_mean(div(volume, vwap, vwap, vwap), vwap, vwap, vwap)), vwap, 0.0) ```
[1974] code_public_0974_0: ```dsl_fire result = where(logical_and(gt(neg(log(market_cap)), xs_mean(neg(log(market_cap)))), gt(pct_change(close, 20)
[1975] code_public_0930_0: ```dsl_fire result = where(logical_xor(gt(div(sub(close, vwap), vwap), xs_mean(div(sub(close, vwap), vwap))), gt(neg(log
[1976] code_public_0069_0: ```dsl_fire result = ts_prod(add(1.0, pct_change(vwap, 1)), 30) ```
[1977] code_public_0059_0: ```dsl_fire result = div(sub(div(sub(log(market_cap), xs_mean(log(market_cap))), xs_std(log(market_cap))), group_mean(di
[1978] code_public_0434_1: ```dsl_fire result = square square square square square square square square square square square square square square s
[1979] code_public_0049_1: ```dsdsdsfffffire result = ts_cs_corr(close, volume, vwap), div(sub(close, vwap), vwap)) ```
[1980] code_public_0796_0: ```dsdsdsdsdsdsdsdsdsdsdsdsdsdsdsdsdsdsdsdsdsdsdsdsdsdsdsdsdsdsdsdsdsdsdsdsdsdsdsdsdsdsdsdsdsdsdsdsdsdsdsdsdsdsdsdsdsdsd
[1981] code_public_0960_1: ```dsl_fire result = ts_win_cumumum(pct_change(close, 1), 10) ```
[1982] code_public_0689_0: ```dsl_fire result = xs_prod(add(1.0, pct_change(volume, 30))) ```
[1983] code_public_0753_0: ```dsl_fire result = neg(pct_change(vwap, 7)) ```
[1984] code_public_0615_0: ```dsl_fire result = neg(ts_argmax(volume, 20)) ```
[1985] code_public_0306_0: ```dsl_fire result = ts_prod(add(1.0, pct_change(close, 1)), 5) ```
[1986] code_public_0862_0: ```dsl_fire result = sub(low, xs_quantile(log(market_cap), 0.8)) ```
[1987] code_public_0065_1: ```dsl_fire result = maximum(absolute(pct_change(close, 3)), 0.25) ```
[1988] code_public_0582_1: ```dsl_fire result = neg(pct_change(vwap, 10)) ```
[1989] code_public_0655_0: ```dsl_fire result = add(div(sub(recip(pb), group_mean(recip(pb), industry)), group_std(recip(pb), industry)), pct_chang
[1990] code_public_0734_1: ```dsl_fire result = maximum(absolute(pct_change(market_cap, 2)), 0.5) ```
[1991] code_public_0515_0: ```dsl_fire result = where(div(sub(log(market_cap), xs_mean(log(market_cap))), xs_std(log(market_cap))), xs_mean(div(sub
[1992] code_public_0460_0: ```dsl_fire result = sub(pct_change(close, 20), pct_change(close, 20), 0.0) ```
[1993] code_public_0863_0: ```dsl_fire result = ms_prod(add(1.0, pct_change(close, 1)), 0.0) ```
[1994] code_public_0629_0: ```dsl_fire result = where(logical_and(gt(recip(pb), xs_mean(recip(pb))), gt(pct_change(close, 20), xs_mean(pct_change(c
[1995] code_public_0436_0: ```dsl_fire result = where(logical_or(gt(neg(log(market_cap)), xs_mean(neg(log(market_cap)))), gt(log(market_cap), xs_me
[1996] code_public_0948_0: ```dsl_fire result = power(absolute(pct_change(vwap, 2)), 0.5) ```
[1997] code_public_0094_1: ```dsl_fire result = ts_win_cumsum(pct_change(pb, 1), 45) ```
[1998] code_public_0441_1: ```dswinpct_change(pb, 7), 0.0) ```
[1999] code_public_0680_1: ```dsdsdsdsdsdsdsdsdsdsdsdsdsdsdsdsdsdsdsdsdsdsdsdsdsdsdsdsdsdsdsdsdsdsdsdsdsdsdsdsdsdsdsdsdsdsdsdsdsdsdsdsdsdsdsdsdsdsd
[2000] code_public_0208_1: ```dsl_fire result = ts_wap, ts_lllll_l_l_l_l_l_l_volute(pct_change(close, 1), 30) ```
